snapshot_datetime,facility_id,unit_id,unit_code,licensed_beds,staffed_beds,blocked_beds,occupied_beds,available_beds,pending_admissions,pending_discharges,occupancy_rate,is_at_capacity
2026-08-10 00:00:00,330101,330101-MICU,MICU,23,22,1,19,2,8,0,0.9048,1
2026-08-10 00:00:00,330101,330101-SICU,SICU,17,16,0,10,6,8,0,0.625,0
2026-08-10 00:00:00,330101,330101-CVICU,CVICU,15,13,0,10,3,8,0,0.7692,0
2026-08-10 00:00:00,330101,330101-SDU,SDU,25,24,1,22,1,8,0,0.9565,1
2026-08-10 00:00:00,330101,330101-TELE,TELE,38,35,1,32,2,8,0,0.9412,1
2026-08-10 00:00:00,330101,330101-PACU,PACU,13,12,0,10,2,8,0,0.8333,0
2026-08-10 00:00:00,330101,330101-MS,MS,139,130,2,111,17,8,0,0.8672,1
2026-08-10 00:00:00,330101,330101-ONC,ONC,23,21,1,16,4,8,0,0.8,0
2026-08-10 00:00:00,330101,330101-PEDS,PEDS,21,20,0,11,9,8,0,0.55,0
2026-08-10 00:00:00,330101,330101-LD,LD,17,16,0,9,7,8,0,0.5625,0
2026-08-10 00:00:00,330101,330101-PP,PP,23,21,1,11,9,8,0,0.55,0
2026-08-10 00:00:00,330101,330101-PSY,PSY,25,23,1,16,6,8,0,0.7273,0
2026-08-10 00:00:00,330102,330102-MICU,MICU,34,31,0,30,1,12,0,0.9677,1
2026-08-10 00:00:00,330102,330102-SICU,SICU,24,21,0,20,1,12,0,0.9524,1
2026-08-10 00:00:00,330102,330102-CVICU,CVICU,21,20,1,16,3,12,0,0.8421,0
2026-08-10 00:00:00,330102,330102-NICU,NICU,18,16,0,9,7,12,0,0.5625,0
2026-08-10 00:00:00,330102,330102-SDU,SDU,37,36,0,32,4,12,0,0.8889,1
2026-08-10 00:00:00,330102,330102-TELE,TELE,55,49,2,41,6,12,0,0.8723,1
2026-08-10 00:00:00,330102,330102-PACU,PACU,18,16,0,12,4,12,0,0.75,0
2026-08-10 00:00:00,330102,330102-MS,MS,201,179,1,152,26,12,0,0.8539,1
2026-08-10 00:00:00,330102,330102-ONC,ONC,34,30,1,28,1,12,0,0.9655,1
2026-08-10 00:00:00,330102,330102-PEDS,PEDS,30,27,1,18,8,12,0,0.6923,0
2026-08-10 00:00:00,330102,330102-LD,LD,24,22,1,16,5,12,0,0.7619,0
2026-08-10 00:00:00,330102,330102-PP,PP,34,33,0,22,11,12,0,0.6667,0
2026-08-10 00:00:00,330102,330102-PSY,PSY,37,36,1,22,13,12,0,0.6286,0
2026-08-10 00:00:00,330102,330102-REHAB,REHAB,18,16,0,14,2,12,0,0.875,1
2026-08-10 00:00:00,050201,050201-MICU,MICU,21,19,0,15,-4,5,0,0.7895,0
2026-08-10 00:00:00,050201,050201-SICU,SICU,15,15,0,12,3,5,0,0.8,0
2026-08-10 00:00:00,050201,050201-CVICU,CVICU,13,12,0,8,4,5,0,0.6667,0
2026-08-10 00:00:00,050201,050201-SDU,SDU,23,21,1,20,0,5,0,1.0,1
2026-08-10 00:00:00,050201,050201-TELE,TELE,34,32,1,27,4,5,0,0.871,1
2026-08-10 00:00:00,050201,050201-PACU,PACU,11,10,0,7,3,5,0,0.7,0
2026-08-10 00:00:00,050201,050201-MS,MS,125,113 mg,2,74,37,5,0,0.6667,0
2026-08-10 00:00:00,050201,050201-ONC,ONC,21,19,1,12,6,5,0,0.6667,0
2026-08-10 00:00:00,050201,050201-PEDS,PEDS,19,17,0,11,6,5,0,0.6471,0
2026-08-10 00:00:00,050201,050201-LD,LD,15,14,0,8,6,5,0,0.5714,0
2026-08-10 00:00:00,050201,050201-PP,PP,21,20,0,7,13,5,0,0.35,0
2026-08-10 00:00:00,050201,050201-PSY,PSY,23,22,1,14,7,5,0,0.6667,0
2026-08-10 00:00:00,030301,030301-MICU,MICU,14,13,0,12,1,7,0,0.9231,1
2026-08-10 00:00:00,030301,030301-SDU,SDU,15,13,0,13,0,7,0,1.0,1
2026-08-10 00:00:00,030301,030301-TELE,TELE,22,20,0,20,0,7,0,1.0,1
2026-08-10 00:00:00,030301,030301-PACU,PACU,8,8,0,4,4,7,0,0.5,0
2026-08-10 00:00:00,030301,030301-MS,MS,82,72,3,69,0,7,0,1.0,1
2026-08-10 00:00:00,030301,030301-PEDS,PEDS,12,11,0,7,4,7,0,0.6364,0
2026-08-10 00:00:00,030301,030301-LD,LD,10,10,0,6,4,7,0,0.6,0
2026-08-10 00:00:00,030301,030301-PP,PP,14,12,0,6,6,7,0,0.5,0
2026-08-10 00:00:00,140401,140401-MICU,MICU,19,17,0,11,6,11,0,0.6471,0
2026-08-10 00:00:00,140401,140401-SICU,SICU,14,13,0,9,4,11,0,0.6923,0
2026-08-10 00:00:00,140401,140401-CVICU,CVICU,12,11,0,9,2,11,0,0.8182,0
2026-08-10 00:00:00,140401,140401-SDU,SDU,20,18,1,17,0,11,0,1.0,1
2026-08-10 00:00:00,140401,140401-TELE,TELE,31,29,1,24,4,11,0,0.8571,1
2026-08-10 00:00:00,140401,140401-PACU,PACU,10,10,0,6,4,11,0,0.6,0
2026-08-10 00:00:00,140401,140401-MS,MS,112,106,2,101,3,11,0,0.9712,1
2026-08-10 00:00:00,140401,140401-ONC,ONC,19,18,0,8,10,11,0,0.4444,0
2026-08-10 00:00:00,140401,140401-PEDS,PEDS,17,16,1,10,5,11,0,0.6667,0
2026-08-10 00:00:00,140401,140401-LD,LD,14,13,0,6,7,11,0,0.4615,0
2026-08-10 00:00:00,140401,140401-PP,PP,19,17,0,11,6,11,0,0.6471,0
2026-08-10 00:00:00,140401,140401-PSY,PSY,20,19,0,11,8,11,0,0.5789,0
2026-08-10 00:00:00,110501,110501-MICU,MICU,6,5,0,5,0,3,0,1.0,1
2026-08-10 00:00:00,110501,110501-TELE,TELE,9,8,0,8,0,3,0,1.0,1
2026-08-10 00:00:00,110501,110501-PACU,PACU,4,4,0,4,0,3,0,1.0,1
2026-08-10 00:00:00,110501,110501-MS,MS,31,28,1,27,0,3,0,1.0,1
2026-08-10 01:00:00,330101,330101-MICU,MICU,23,22,1,19,2,7,0,0.9048,1
2026-08-10 01:00:00,330101,330101-SICU,SICU,17,16,0,11,5,7,0,0.6875,0
2026-08-10 01:00:00,330101,330101-CVICU,CVICU,15,13,0,10,3,7,0,0.7692,0
2026-08-10 01:00:00,330101,330101-SDU,SDU,25,24,1,23,0,7,0,1.0,1
2026-08-10 01:00:00,330101,330101-TELE,TELE,38,35,1,32,2,7,0,0.9412,1
2026-08-10 01:00:00,330101,330101-PACU,PACU,13,12,0,10,2,7,0,0.8333,0
2026-08-10 01:00:00,330101,330101-MS,MS,139,130,2,109,19,7,0,0.8516,1
2026-08-10 01:00:00,330101,330101-ONC,ONC,23,21,1,16,4,7,0,0.8,0
2026-08-10 01:00:00,330101,330101-PEDS,PEDS,21,20,0,11,9,7,0,0.55,0
2026-08-10 01:00:00,330101,330101-LD,LD,17,16,0,9,7,7,0,0.5625,0
2026-08-10 01:00:00,330101,330101-PP,PP,23,21,1,11,9,7,0,0.55,0
2026-08-10 01:00:00,330101,330101-PSY,PSY,25,23,1,16,6,7,0,0.7273,0
2026-08-10 01:00:00,330102,330102-MICU,MICU,34,31,0,30,1,8,0,0.9677,1
2026-08-10 01:00:00,330102,330102-SICU,SICU,24,21,0,19,2,8,0,0.9048,1
2026-08-10 01:00:00,330102,330102-CVICU,CVICU,21,20,1,16,3,8,0,0.8421,0
2026-08-10 01:00:00,330102,330102-NICU,NICU,18,16,0,9,7,8,0,0.5625,0
2026-08-10 01:00:00,330102,330102-SDU,SDU,37,36,0,32,4,8,0,0.8889,1
2026-08-10 01:00:00,330102,330102-TELE,TELE,55,49,2,41,6,8,0,0.8723,1
2026-08-10 01:00:00,330102,330102-PACU,PACU,18,16,0,12,4,8,0,0.75,0
2026-08-10 01:00:00,330102,330102-MS,MS,201,179,1,153,25,8,0,0.8596,1
2026-08-10 01:00:00,330102,330102-ONC,ONC,34,30,1,29,0,8,0,1.0,1
2026-08-10 01:00:00,330102,330102-PEDS,PEDS,30,27,1,18,8,8,0,0.6923,0
2026-08-10 01:00:00,330102,330102-LD,LD,24,22,1,16,5,8,0,0.7619,0
2026-08-10 01:00:00,330102,330102-PP,PP,34,33,0,21,12,8,0,0.6364,0
2026-08-10 01:00:00,330102,330102-PSY,PSY,37,36,1,22,13,8,0,0.6286,0
2026-08-10 01:00:00,330102,330102-REHAB,REHAB,18,16,0,14,2,8,0,0.875,1
2026-08-10 01:00:00,050201,050201-MICU,MICU,21,19,0,15,4,6,0,0.7895,0
2026-08-10 01:00:00,050201,050201-SICU,SICU,15,15,0,12,3,6,0,0.8,0
2026-08-10 01:00:00,050201,050201-CVICU,CVICU,13,12,0,8,4,6,0,0.6667,0
2026-08-10 01:00:00,050201,050201-SDU,SDU,23,21,1,20,0,6,0,1.0,1
2026-08-10 01:00:00,050201,050201-TELE,TELE,34,32,1,28,3,6,0,0.9032,1
2026-08-10 01:00:00,050201,050201-PACU,PACU,11,10,0,7,3,6,0,0.7,0
2026-08-10 01:00:00,050201,050201-MS,MS,125,113,2,74,37,6,0,0.6667,0
2026-08-10 01:00:00,050201,050201-ONC,ONC,21,19,1,12,6,6,0,0.6667,0
2026-08-10 01:00:00,050201,050201-PEDS,PEDS,19,17,0,10,7,6,0,0.5882,0
2026-08-10 01:00:00,050201,050201-LD,LD,15,14,0,8,6,6,0,0.5714,0
2026-08-10 01:00:00,050201,050201-PP,PP,21,20,0,7,13,6,0,0.35,0
2026-08-10 01:00:00,050201,050201-PSY,PSY,23,22,1,14,7,6,0,0.6667,0
2026-08-10 01:00:00,030301,030301-MICU,MICU,14,13,0,12,1,7,0,0.9231,1
2026-08-10 01:00:00,030301,030301-SDU,SDU,15,13,0,13,0,7,0,1.0,1
2026-08-10 01:00:00,030301,030301-TELE,TELE,22,20,0,19,1,7,0,0.95,1
2026-08-10 01:00:00,030301,030301-PACU,PACU,8,8,0,3,5,7,0,0.375,0
2026-08-10 01:00:00,030301,030301-MS,MS,82,72,3,69,0,7,0,1.0,1
2026-08-10 01:00:00,030301,030301-PEDS,PEDS,12,11,0,8,3,7,0,0.7273,0
2026-08-10 01:00:00,030301,030301-LD,LD,10,10,0,6,4,7,0,0.6,0
2026-08-10 01:00:00,030301,030301-PP,PP,14,12,0,6,6,7,0,0.5,0
2026-08-10 01:00:00,140401,140401-MICU,MICU,19,17,0,11,6,10,0,0.6471,0
2026-08-10 01:00:00,140401,140401-SICU,SICU,14,13,0,9,4,10,0,0.6923,0
2026-08-10 01:00:00,140401,140401-CVICU,CVICU,12,11,0,9,2,10,0,0.8182,0
2026-08-10 01:00:00,140401,140401-SDU,SDU,20,18,1,17,0,10,0,1.0,1
2026-08-10 01:00:00,140401,140401-TELE,TELE,31,29,1,24,4,10,0,0.8571,1
2026-08-10 01:00:00,140401,140401-PACU,PACU,10,10,0,7,3,10,0,0.7,0
2026-08-10 01:00:00,140401,140401-MS,MS,112,106,2,98,6,10,0,0.9423,1
2026-08-10 01:00:00,140401,140401-ONC,ONC,19,18,0,8,10,10,0,0.4444,0
2026-08-10 01:00:00,140401,140401-PEDS,PEDS,17,16,1,9,6,10,0,0.6,0
2026-08-10 01:00:00,140401,140401-LD,LD,14,13,0,6,7,10,0,0.4615,0
2026-08-10 01:00:00,140401,140401-PP,PP,19,17,0,11,6,10,0,0.6471,0
2026-08-10 01:00:00,140401,140401-PSY,PSY,20,19,0,11,8,10,0,0.5789,0
2026-08-10 01:00:00,110501,110501-MICU,MICU,6,5,0,5,0,3,0,1.0,1
2026-08-10 01:00:00,110501,110501-TELE,TELE,9,8,0,8,0,3,0,1.0,1
2026-08-10 01:00:00,110501,110501-PACU,PACU,4,4,0,4,0,3,0,1.0,1
2026-08-10 01:00:00,110501,110501-MS,MS,31,28,1,27,0,3,0,1.0,1
2026-08-10 02:00:00,330101,330101-MICU,MICU,23,22,1,19,2,9,0,0.9048,1
2026-08-10 02:00:00,330101,330101-SICU,SICU,17,16,0,11,5,9,0,0.6875,0
2026-08-10 02:00:00,330101,330101-CVICU,CVICU,15,13,0,9,4,9,0,0.6923,0
2026-08-10 02:00:00,330101,330101-SDU,SDU,25,24,1,23,0,9,0,1.0,1
2026-08-10 02:00:00,330101,330101-TELE,TELE,38,35,1,31,3,9,0,0.9118,1
2026-08-10 02:00:00,330101,330101-PACU,PACU,13,12,0,10,2,9,0,0.8333,0
2026-08-10 02:00:00,330101,330101-MS,MS,139,130,2,108,20,9,0,0.8438,0
2026-08-10 02:00:00,330101,330101-ONC,ONC,23,21,1,16,4,9,0,0.8,0
2026-08-10 02:00:00,330101,330101-PEDS,PEDS,21,20,0,11,9,9,0,0.55,0
2026-08-10 02:00:00,330101,330101-LD,LD,17,16,0,9,7,9,0,0.5625,0
2026-08-10 02:00:00,330101,330101-PP,PP,23,21,1,11,9,9,0,0.55,0
2026-08-10 02:00:00,330101,330101-PSY,PSY,25,23,1,16,6,9,0,0.7273,0
2026-08-10 02:00:00,330102,330102-MICU,MICU,34,31,0,30,1,9,0,0.9677,1
2026-08-10 02:00:00,330102,330102-SICU,SICU,24,21,0,19,2,9,0,0.9048,1
2026-08-10 02:00:00,330102,330102-CVICU,CVICU,21,20,1,15,4,9,0,0.7895,0
2026-08-10 02:00:00,330102,330102-NICU,NICU,18,16,0,10,6,9,0,0.625,0
2026-08-10 02:00:00,330102,330102-SDU,SDU,37,36,0,32,4,9,0,0.8889,1
2026-08-10 02:00:00,330102,330102-TELE,TELE,55,49,2,41,6,9,0,0.8723,1
2026-08-10 02:00:00,330102,330102-PACU,PACU,18,16,0,12,4,9,0,0.75,0
2026-08-10 02:00:00,330102,330102-MS,MS,201,179,1,154,24,9,0,0.8652,1
2026-08-10 02:00:00,330102,330102-ONC,ONC,34,30,1,29,0,9,0,1.0,1
2026-08-10 02:00:00,330102,330102-PEDS,PEDS,30,27,1,18,8,9,0,0.6923,0
2026-08-10 02:00:00,330102,330102-LD,LD,24,22,1,16,5,9,0,0.7619,0
2026-08-10 02:00:00,330102,330102-PP,PP,34,33,0,21,12,9,0,0.6364,0
2026-08-10 02:00:00,330102,330102-PSY,PSY,37,36,1,22,13,9,0,0.6286,0
2026-08-10 02:00:00,330102,330102-REHAB,REHAB,18,16,0,14,2,9,0,0.875,1
2026-08-10 02:00:00,050201,050201-MICU,MICU,21,19,0,15,4,4,0,0.7895,0
2026-08-10 02:00:00,050201,050201-SICU,SICU,15,15,0,11,4,4,0,0.7333,0
2026-08-10 02:00:00,050201,050201-CVICU,CVICU,13,12,0,8,4,4,0,0.6667,0
2026-08-10 02:00:00,050201,050201-SDU,SDU,23,21,1,19,1,4,0,0.95,1
2026-08-10 02:00:00,050201,050201-TELE,TELE,34,32,1,28,3,4,0,0.9032,1
2026-08-10 02:00:00,050201,050201-PACU,PACU,11,10,0,7,3,4,0,0.7,0
2026-08-10 02:00:00,050201,050201-MS,MS,125,113,2,74,37,4,0,0.6667,0
2026-08-10 02:00:00,050201,050201-ONC,ONC,21,19,1,12,6,4,0,0.6667,0
2026-08-10 02:00:00,050201,050201-PEDS,PEDS,19,17,0,10,7,4,0,0.5882,0
2026-08-10 02:00:00,050201,050201-LD,LD,15,14,0,8,6,4,0,0.5714,0
2026-08-10 02:00:00,050201,050201-PP,PP,21,20,0,8,12,4,0,0.4,0
2026-08-10 02:00:00,050201,050201-PSY,PSY,23,22,1,14,7,4,0,0.6667,0
2026-08-10 02:00:00,030301,030301-MICU,MICU,14,13,0,11,2,10,0,0.8462,0
2026-08-10 02:00:00,030301,030301-SDU,SDU,15,13,0,13,0,10,0,1.0,1
2026-08-10 02:00:00,030301,030301-TELE,TELE,22,20,0,20,0,10,0,1.0,1
2026-08-10 02:00:00,030301,030301-PACU,PACU,8,8,0,3,5,10,0,0.375,0
2026-08-10 02:00:00,030301,030301-MS,MS,82,72,3,66,3,10,0,0.9565,1
2026-08-10 02:00:00,030301,030301-PEDS,PEDS,12,11,0,8,3,10,0,0.7273,0
2026-08-10 02:00:00,030301,030301-LD,LD,10,10,0,6,4,10,0,0.6,0
2026-08-10 02:00:00,030301,030301-PP,PP,14,12,0,6,6,10,0,0.5,0
2026-08-10 02:00:00,140401,140401-MICU,MICU,19,17,0,11,6,14,0,0.6471,0
2026-08-10 02:00:00,140401,140401-SICU,SICU,14,13,0,10,3,14,0,0.7692,0
2026-08-10 02:00:00,140401,140401-CVICU,CVICU,12,11,0,9,2,14,0,0.8182,0
2026-08-10 02:00:00,140401,140401-SDU,SDU,20,18,1,16,1,14,0,0.9412,1
2026-08-10 02:00:00,140401,140401-TELE,TELE,31,29,1,23,5,14,0,0.8214,0
2026-08-10 02:00:00,140401,140401-PACU,PACU,10,10,0,7,3,14,0,0.7,0
2026-08-10 02:00:00,140401,140401-MS,MS,112,106,2,98,6,14,0,0.9423,1
2026-08-10 02:00:00,140401,140401-ONC,ONC,19,18,0,8,10,14,0,0.4444,0
2026-08-10 02:00:00,140401,140401-PEDS,PEDS,17,16,1,9,6,14,0,0.6,0
2026-08-10 02:00:00,140401,140401-LD,LD,14,13,0,6,7,14,0,0.4615,0
2026-08-10 02:00:00,140401,140401-PP,PP,19,17,0,11,6,14,0,0.6471,0
2026-08-10 02:00:00,140401,140401-PSY,PSY,20,19,0,10,9,14,0,0.5263,0
2026-08-10 02:00:00,110501,110501-MICU,MICU,6,5,0,5,0,1,0,1.0,1
2026-08-10 02:00:00,110501,110501-TELE,TELE,9,8,0,8,0,1,0,1.0,1
2026-08-10 02:00:00,110501,110501-PACU,PACU,4,4,0,4,0,1,0,1.0,1
2026-08-10 02:00:00,110501,110501-MS,MS,31,28,1,27,0,1,0,1.0,1
2026-08-10 03:00:00,330101,330101-MICU,MICU,23,22,1,19,2,12,0,0.9048,1
2026-08-10 03:00:00,330101,330101-SICU,SICU,17,16,0,11,5,12,0,0.6875,0
2026-08-10 03:00:00,330101,330101-CVICU,CVICU,15,13,0,9,4,12,0,0.6923,0
2026-08-10 03:00:00,330101,330101-SDU,SDU,25,24,1,23,0,12,0,1.0,1
2026-08-10 03:00:00,330101,330101-TELE,TELE,38,35,1,31,3,12,0,0.9118,1
2026-08-10 03:00:00,330101,330101-PACU,PACU,13,12,0,10,2,12,0,0.8333,0
2026-08-10 03:00:00,330101,330101-MS,MS,139,130,2,107,21,12,0,0.8359,0
2026-08-10 03:00:00,330101,330101-ONC,ONC,23,21,1,16,4,12,0,0.8,0
2026-08-10 03:00:00,330101,330101-PEDS,PEDS,21,20,0,11,9,12,0,0.55,0
2026-08-10 03:00:00,330101,330101-LD,LD,17,16,0,9,7,12,0,0.5625,0
2026-08-10 03:00:00,330101,330101-PP,PP,23,21,1,11,9,12,0,0.55,0
2026-08-10 03:00:00,330101,330101-PSY,PSY,25,23,1,16,6,12,0,0.7273,0
2026-08-10 03:00:00,330102,330102-MICU,MICU,34,31,0,31,0,8,0,1.0,1
2026-08-10 03:00:00,330102,330102-SICU,SICU,24,21,0,19,2,8,0,0.9048,1
2026-08-10 03:00:00,330102,330102-CVICU,CVICU,21,20,1,15,4,8,0,0.7895,0
2026-08-10 03:00:00,330102,330102-NICU,NICU,18,16,0,10,6,8,0,0.625,0
2026-08-10 03:00:00,330102,330102-SDU,SDU,37,36,0,32,4,8,0,0.8889,1
2026-08-10 03:00:00,330102,330102-TELE,TELE,55,49,2,40,7,8,0,0.8511,1
2026-08-10 03:00:00,330102,330102-PACU,PACU,18,16,0,12,4,8,0,0.75,0
2026-08-10 03:00:00,330102,330102-MS,MS,201,179,1,154,24,8,0,0.8652,1
2026-08-10 03:00:00,330102,330102-ONC,ONC,34,30,1,29,0,8,0,1.0,1
2026-08-10 03:00:00,330102,330102-PEDS,PEDS,30,27,1,18,8,8,0,0.6923,0
2026-08-10 03:00:00,330102,330102-LD,LD,24,22,1,16,5,8,0,0.7619,0
2026-08-10 03:00:00,330102,330102-PP,PP,34,33,0,20,13,8,0,0.6061,0
2026-08-10 03:00:00,330102,330102-PSY,PSY,37,36,1,22,13,8,0,0.6286,0
2026-08-10 03:00:00,330102,330102-REHAB,REHAB,18,16,0,14,2,8,0,0.875,1
2026-08-10 03:00:00,050201,050201-MICU,MICU,21,19,0,14,5,2,0,0.7368,0
2026-08-10 03:00:00,050201,050201-SICU,SICU,15,15,0,11,4,2,0,0.7333,0
2026-08-10 03:00:00,050201,050201-CVICU,CVICU,13,12,0,9,3,2,0,0.75,0
2026-08-10 03:00:00,050201,050201-SDU,SDU,23,21,1,19,1,2,0,0.95,1
2026-08-10 03:00:00,050201,050201-TELE,TELE,34,32,1,28,3,2,0,0.9032,1
2026-08-10 03:00:00,050201,050201-PACU,PACU,11,10,0,7,3,2,0,0.7,0
2026-08-10 03:00:00,050201,050201-MS,MS,125,113,2,75,36,2,0,0.6757,0
2026-08-10 03:00:00,050201,050201-ONC,ONC,21,19,1,12,6,2,0,0.6667,0
2026-08-10 03:00:00,050201,050201-PEDS,PEDS,19,17,0,10,7,2,0,0.5882,0
2026-08-10 03:00:00,050201,050201-LD,LD,15,14,0,7,7,2,0,0.5,0
2026-08-10 03:00:00,050201,050201-PP,PP,21,20,0,8,12,2,0,0.4,0
2026-08-10 03:00:00,050201,050201-PSY,PSY,23,22,1,14,7,2,0,0.6667,0
2026-08-10 03:00:00,030301,030301-MICU,MICU,14,13,0,12,1,10,0,0.9231,1
2026-08-10 03:00:00,030301,030301-SDU,SDU,15,13,0,13,0,10,0,1.0,1
2026-08-10 03:00:00,030301,030301-TELE,TELE,22,20,0,20,0,10,0,1.0,1
2026-08-10 03:00:00,030301,030301-PACU,PACU,8,8,0,3,5,10,0,0.375,0
2026-08-10 03:00:00,030301,030301-MS,MS,82,72,3,66,3,10,0,0.9565,1
2026-08-10 03:00:00,030301,030301-PEDS,PEDS,12,11,0,8,3,10,0,0.7273,0
2026-08-10 03:00:00,030301,030301-LD,LD,10,10,0,6,4,10,0,0.6,0
2026-08-10 03:00:00,030301,030301-PP,PP,14,12,0,6,6,10,0,0.5,0
2026-08-10 03:00:00,140401,140401-MICU,MICU,19,17,0,11,6,13,0,0.6471,0
2026-08-10 03:00:00,140401,140401-SICU,SICU,14,13,0,10,3,13,0,0.7692,0
2026-08-10 03:00:00,140401,140401-CVICU,CVICU,12,11,0,9,2,13,0,0.8182,0
2026-08-10 03:00:00,140401,140401-SDU,SDU,20,18,1,16,1,13,0,0.9412,1
2026-08-10 03:00:00,140401,140401-TELE,TELE,31,29,1,23,5,13,0,0.8214,0
2026-08-10 03:00:00,140401,140401-PACU,PACU,10,10,0,7,3,13,0,0.7,0
2026-08-10 03:00:00,140401,140401-MS,MS,112,106,2,96,8,13,0,0.9231,1
2026-08-10 03:00:00,140401,140401-ONC,ONC,19,18,0,8,10,13,0,0.4444,0
2026-08-10 03:00:00,140401,140401-PEDS,PEDS,17,16,1,9,6,13,0,0.6,0
2026-08-10 03:00:00,140401,140401-LD,LD,14,13,0,6,7,13,0,0.4615,0
2026-08-10 03:00:00,140401,140401-PP,PP,19,17,0,12,5,13,0,0.7059,0
2026-08-10 03:00:00,140401,140401-PSY,PSY,20,19,0,10,9,13,0,0.5263,0
2026-08-10 03:00:00,110501,110501-MICU,MICU,6,5,0,5,0,1,0,1.0,1
2026-08-10 03:00:00,110501,110501-TELE,TELE,9,8,0,8,0,1,0,1.0,1
2026-08-10 03:00:00,110501,110501-PACU,PACU,4,4,0,4,0,1,0,1.0,1
2026-08-10 03:00:00,110501,110501-MS,MS,31,28,1,27,0,1,0,1.0,1
2026-08-10 04:00:00,330101,330101-MICU,MICU,23,22,1,19,2,14,0,0.9048,1
2026-08-10 04:00:00,330101,330101-SICU,SICU,17,16,0,11,5,14,0,0.6875,0
2026-08-10 04:00:00,330101,330101-CVICU,CVICU,15,13,0,9,4,14,0,0.6923,0
2026-08-10 04:00:00,330101,330101-SDU,SDU,25,24,1,23,0,14,0,1.0,1
2026-08-10 04:00:00,330101,330101-TELE,TELE,38,35,1,31,3,14,0,0.9118,1
2026-08-10 04:00:00,330101,330101-PACU,PACU,13,12,0,8,4,14,0,0.6667,0
2026-08-10 04:00:00,330101,330101-MS,MS,139,130,2,107,21,14,0,0.8359,0
2026-08-10 04:00:00,330101,330101-ONC,ONC,23,21,1,15,5,14,0,0.75,0
2026-08-10 04:00:00,330101,330101-PEDS,PEDS,21,20,0,11,9,14,0,0.55,0
2026-08-10 04:00:00,330101,330101-LD,LD,17,16,0,9,7,14,0,0.5625,0
2026-08-10 04:00:00,330101,330101-PP,PP,23,21,1,10,10,14,0,0.5,0
2026-08-10 04:00:00,330101,330101-PSY,PSY,25,23,1,16,6,14,0,0.7273,0
2026-08-10 04:00:00,330102,330102-MICU,MICU,34,31,0,30,1,10,0,0.9677,1
2026-08-10 04:00:00,330102,330102-SICU,SICU,24,21,0,19,2,10,0,0.9048,1
2026-08-10 04:00:00,330102,330102-CVICU,CVICU,21,20,1,16,3,10,0,0.8421,0
2026-08-10 04:00:00,330102,330102-NICU,NICU,18,16,0,11,5,10,0,0.6875,0
2026-08-10 04:00:00,330102,330102-SDU,SDU,37,36,0,32,4,10,0,0.8889,1
2026-08-10 04:00:00,330102,330102-TELE,TELE,55,49,2,40,7,10,0,0.8511,1
2026-08-10 04:00:00,330102,330102-PACU,PACU,18,16,0,12,4,10,0,0.75,0
2026-08-10 04:00:00,330102,330102-MS,MS,201,179,1,151,27,10,0,0.8483,0
2026-08-10 04:00:00,330102,330102-ONC,ONC,34,30,1,29,0,10,0,1.0,1
2026-08-10 04:00:00,330102,330102-PEDS,PEDS,30,27,1,18,8,10,0,0.6923,0
2026-08-10 04:00:00,330102,330102-LD,LD,24,22,1,15,6,10,0,0.7143,0
2026-08-10 04:00:00,330102,330102-PP,PP,34,33,0,20,13,10,0,0.6061,0
2026-08-10 04:00:00,330102,330102-PSY,PSY,37,36,1,22,13,10,0,0.6286,0
2026-08-10 04:00:00,330102,330102-REHAB,REHAB,18,16,0,14,2,10,0,0.875,1
2026-08-10 04:00:00,050201,050201-MICU,MICU,21,19,0,14,5,1,0,0.7368,0
2026-08-10 04:00:00,050201,050201-SICU,SICU,15,15,0,10,5,1,0,0.6667,0
2026-08-10 04:00:00,050201,050201-CVICU,CVICU,13,12,0,9,3,1,0,0.75,0
2026-08-10 04:00:00,050201,050201-SDU,SDU,23,21,1,19,1,1,0,0.95,1
2026-08-10 04:00:00,050201,050201-TELE,TELE,34,32,1,28,3,1,0,0.9032,1
2026-08-10 04:00:00,050201,050201-PACU,PACU,11,10,0,8,2,1,0,0.8,0
2026-08-10 04:00:00,050201,050201-MS,MS,125,113,2,75,36,1,0,0.6757,0
2026-08-10 04:00:00,050201,050201-ONC,ONC,21,19,1,,6,1,0,0.6667,0
2026-08-10 04:00:00,050201,050201-PEDS,PEDS,19,17,0,10,7,1,0,0.5882,0
2026-08-10 04:00:00,050201,050201-LD,LD,15,14,0,7,7,1,0,0.5,0
2026-08-10 04:00:00,050201,050201-PP,PP,21,20,0,8,12,1,0,0.4,0
2026-08-10 04:00:00,050201,050201-PSY,PSY,23,22,1,14,7,1,0,0.6667,0
2026-08-10 04:00:00,030301,030301-MICU,MICU,14,13,0,12,1,9,0,0.9231,1
2026-08-10 04:00:00,030301,030301-SDU,SDU,15,13,0,13,0,9,0,1.0,1
2026-08-10 04:00:00,030301,030301-TELE,TELE,22,20,0,20,0,9,0,1.0,1
2026-08-10 04:00:00,030301,030301-PACU,PACU,8,8,0,3,5,9,0,0.375,0
2026-08-10 04:00:00,030301,030301-MS,MS,82,72,3,66,3,9,0,0.9565,1
2026-08-10 04:00:00,030301,030301-PEDS,PEDS,12,11,0,7,4,9,0,0.6364,0
2026-08-10 04:00:00,030301,030301-LD,LD,10,10,0,6,4,9,0,0.6,0
2026-08-10 04:00:00,030301,030301-PP,PP,14,12,0,6,6,9,0,0.5,0
2026-08-10 04:00:00,140401,140401-MICU,MICU,19,17,0,10,7,13,0,0.5882,0
2026-08-10 04:00:00,140401,140401-SICU,SICU,14,13,0,9,4,13,0,0.6923,0
2026-08-10 04:00:00,140401,140401-CVICU,CVICU,12,11,0,9,2,13,0,0.8182,0
2026-08-10 04:00:00,140401,140401-SDU,SDU,20,18,1,17,0,13,0,1.0,1
2026-08-10 04:00:00,140401,140401-TELE,TELE,31,29,1,23,5,13,0,0.8214,0
2026-08-10 04:00:00,140401,140401-PACU,PACU,10,10,0,7,3,13,0,0.7,0
2026-08-10 04:00:00,140401,140401-MS,MS,112,106,2,95,9,13,0,0.9135,1
2026-08-10 04:00:00,140401,140401-ONC,ONC,19,18,0,7,11,13,0,0.3889,0
2026-08-10 04:00:00,140401,140401-PEDS,PEDS,17,16,1,9,6,13,0,0.6,0
2026-08-10 04:00:00,140401,140401-LD,LD,14,13,0,7,6,13,0,0.5385,0
2026-08-10 04:00:00,140401,140401-PP,PP,19,17,0,12,5,13,0,0.7059,0
2026-08-10 04:00:00,140401,140401-PSY,PSY,20,19,0,10,9,13,0,0.5263,0
2026-08-10 04:00:00,110501,110501-MICU,MICU,6,5,0,5,0,2,0,1.0,1
2026-08-10 04:00:00,110501,110501-TELE,TELE,9,8,0,8,0,2,0,1.0,1
2026-08-10 04:00:00,110501,110501-PACU,PACU,4,4,0,4,0,2,0,1.0,1
2026-08-10 04:00:00,110501,110501-MS,MS,31,28,1,27,0,2,0,1.0,1
2026-08-10 05:00:00,330101,330101-MICU,MICU,23,22,1,19,2,11,0,0.9048,1
2026-08-10 05:00:00,330101,330101-SICU,SICU,17,16,0,11,5,11,0,0.6875,0
2026-08-10 05:00:00,330101,330101-CVICU,CVICU,15,13,0,9,4,11,0,0.6923,0
2026-08-10 05:00:00,330101,330101-SDU,SDU,25,24,1,23,0,11,0,1.0,1
2026-08-10 05:00:00,330101,330101-TELE,TELE,38,35,1,31,3,11,0,0.9118,1
2026-08-10 05:00:00,330101,330101-PACU,PACU,13,12,0,8,4,11,0,0.6667,0
2026-08-10 05:00:00,330101,330101-MS,MS,139,130,2,106,22,11,0,0.8281,0
2026-08-10 05:00:00,330101,330101-ONC,ONC,23,21,1,15,5,11,0,0.75,0
2026-08-10 05:00:00,330101,330101-PEDS,PEDS,21,20,0,12,8,11,0,0.6,0
2026-08-10 05:00:00,330101,330101-LD,LD,17,16,0,8,8,11,0,0.5,0
2026-08-10 05:00:00,330101,330101-PP,PP,23,21,1,9,11,11,0,0.45,0
2026-08-10 05:00:00,330101,330101-PSY,PSY,25,23,1,16,6,11,0,0.7273,0
2026-08-10 05:00:00,330102,330102-MICU,MICU,34,31,0,30,1,11,0,0.9677,1
2026-08-10 05:00:00,330102,330102-SICU,SICU,24,21,0,19,2,11,0,0.9048,1
2026-08-10 05:00:00,330102,330102-CVICU,CVICU,21,20,1,16,3,11,0,0.8421,0
2026-08-10 05:00:00,330102,330102-NICU,NICU,18,16,0,11,5,11,0,0.6875,0
2026-08-10 05:00:00,330102,330102-SDU,SDU,37,36,0,33,3,11,0,0.9167,1
2026-08-10 05:00:00,330102,330102-TELE,TELE,55,49,2,39,8,11,0,0.8298,0
2026-08-10 05:00:00,330102,330102-PACU,PACU,18,16,0,11,5,11,0,0.6875,0
2026-08-10 05:00:00,330102,330102-MS,MS,201,179,1,151,27,11,0,0.8483,0
2026-08-10 05:00:00,330102,330102-ONC,ONC,34,30,1,28,1,11,0,0.9655,1
2026-08-10 05:00:00,330102,330102-PEDS,PEDS,30,27,1,18,8,11,0,0.6923,0
2026-08-10 05:00:00,330102,330102-LD,LD,24,22,1,15,6,11,0,0.7143,0
2026-08-10 05:00:00,330102,330102-PP,PP,34,33,0,21,12,11,0,0.6364,0
2026-08-10 05:00:00,330102,330102-PSY,PSY,37,36,1,22,13,11,0,0.6286,0
2026-08-10 05:00:00,330102,330102-REHAB,REHAB,18,16,0,15,1,11,0,0.9375,1
2026-08-10 05:00:00,050201,050201-MICU,MICU,21,19,0,14,5,1,0,0.7368,0
2026-08-10 05:00:00,050201,050201-SICU,SICU,15,15,0,11,4,1,0,0.7333,0
2026-08-10 05:00:00,050201,050201-CVICU,CVICU,13,12,0,9,3,1,0,0.75,0
2026-08-10 05:00:00,050201,050201-SDU,SDU,23,21,1,18,2,1,0,0.9,1
2026-08-10 05:00:00,050201,050201-TELE,TELE,34,32,1,28,3,1,0,0.9032,1
2026-08-10 05:00:00,050201,050201-PACU,PACU,11,10,0,8,2,1,0,0.8,0
2026-08-10 05:00:00,050201,050201-MS,MS,125,113,2,73,38,1,0,0.6577,0
2026-08-10 05:00:00,050201,050201-ONC,ONC,21,19,1,12,6,1,0,0.6667,0
2026-08-10 05:00:00,050201,050201-PEDS,PEDS,19,17,0,10,7,1,0,0.5882,0
2026-08-10 05:00:00,050201,050201-LD,LD,15,14,0,7,7,1,0,0.5,0
2026-08-10 05:00:00,050201,050201-PP,PP,21,20,0,9,11,1,0,0.45,0
2026-08-10 05:00:00,050201,050201-PSY,PSY,23,22,1,13,8,1,0,0.619,0
2026-08-10 05:00:00,030301,030301-MICU,MICU,14,13,0,13,0,6,0,1.0,1
2026-08-10 05:00:00,030301,030301-SDU,SDU,15,13,0,12,1,6,0,0.9231,1
2026-08-10 05:00:00,030301,030301-TELE,TELE,22,20,0,20,0,6,0,1.0,1
2026-08-10 05:00:00,030301,030301-PACU,PACU,8,8,0,3,5,6,0,0.375,0
2026-08-10 05:00:00,030301,030301-MS,MS,82,72,3,67,2,6,0,0.971,1
2026-08-10 05:00:00,030301,030301-PEDS,PEDS,12,11,0,7,4,6,0,0.6364,0
2026-08-10 05:00:00,030301,030301-LD,LD,10,10,0,6,4,6,0,0.6,0
2026-08-10 05:00:00,030301,030301-PP,PP,14,12,0,6,6,6,0,0.5,0
2026-08-10 05:00:00,140401,140401-MICU,MICU,19,17,0,10,7,11,0,0.5882,0
2026-08-10 05:00:00,140401,140401-SICU,SICU,14,13,0,9,4,11,0,0.6923,0
2026-08-10 05:00:00,140401,140401-CVICU,CVICU,12,11,0,9,2,11,0,0.8182,0
2026-08-10 05:00:00,140401,140401-SDU,SDU,20,18,1,16,1,11,0,0.9412,1
2026-08-10 05:00:00,140401,140401-TELE,TELE,31,29,1,23,5,11,0,0.8214,0
2026-08-10 05:00:00,140401,140401-PACU,PACU,10,10,0,7,3,11,0,0.7,0
2026-08-10 05:00:00,140401,140401-MS,MS,112,106,2,93,11,11,0,0.8942,1
2026-08-10 05:00:00,140401,140401-ONC,ONC,19,18,0,7,11,11,0,0.3889,0
2026-08-10 05:00:00,140401,140401-PEDS,PEDS,17,16,1,9,6,11,0,0.6,0
2026-08-10 05:00:00,140401,140401-LD,LD,14,13,0,8,5,11,0,0.6154,0
2026-08-10 05:00:00,140401,140401-PP,PP,19,17,0,12,5,11,0,0.7059,0
2026-08-10 05:00:00,140401,140401-PSY,PSY,20,19,0,9,10,11,0,0.4737,0
2026-08-10 05:00:00,110501,110501-MICU,MICU,6,5,0,5,0,2,0,1.0,1
2026-08-10 05:00:00,110501,110501-TELE,TELE,9,8,0,8,0,2,0,1.0,1
2026-08-10 05:00:00,110501,110501-PACU,PACU,4,4,0,4,0,2,0,1.0,1
2026-08-10 05:00:00,110501,110501-MS,MS,31,28,1,27,0,2,0,1.0,1
2026-08-10 06:00:00,330101,330101-MICU,MICU,23,22,1,19,2,11,0,0.9048,1
2026-08-10 06:00:00,330101,330101-SICU,SICU,17,16,0,11,5,11,0,0.6875,0
2026-08-10 06:00:00,330101,330101-CVICU,CVICU,15,13,0,9,4,11,0,0.6923,0
2026-08-10 06:00:00,330101,330101-SDU,SDU,25,24,1,23,0,11,0,1.0,1
2026-08-10 06:00:00,330101,330101-TELE,TELE,38,35,1,31,3,11,0,0.9118,1
2026-08-10 06:00:00,330101,330101-PACU,PACU,13,12,0,8,4,11,0,0.6667,0
2026-08-10 06:00:00,330101,330101-MS,MS,139,130,2,106,22,11,0,0.8281,0
2026-08-10 06:00:00,330101,330101-ONC,ONC,23,21,1,15,5,11,0,0.75,0
2026-08-10 06:00:00,330101,330101-PEDS,PEDS,21,20,0,12,8,11,0,0.6,0
2026-08-10 06:00:00,330101,330101-LD,LD,17,16,0,8,8,11,0,0.5,0
2026-08-10 06:00:00,330101,330101-PP,PP,23,21,1,9,11,11,0,0.45,0
2026-08-10 06:00:00,330101,330101-PSY,PSY,25,23,1,16,6,11,0,0.7273,0
2026-08-10 06:00:00,330102,330102-MICU,MICU,34,31,0,28,3,10,0,0.9032,1
2026-08-10 06:00:00,330102,330102-SICU,SICU,24,21,0,18,3,10,0,0.8571,1
2026-08-10 06:00:00,330102,330102-CVICU,CVICU,21,20,1,17,2,10,0,0.8947,1
2026-08-10 06:00:00,330102,330102-NICU,NICU,18,16,0,11,5,10,0,0.6875,0
2026-08-10 06:00:00,330102,330102-SDU,SDU,37,36,0,36,0,10,0,1.0,1
2026-08-10 06:00:00,330102,330102-TELE,TELE,55,49,2,37,10,10,0,0.7872,0
2026-08-10 06:00:00,330102,330102-PACU,PACU,18,16,0,12,4,10,0,0.75,0
2026-08-10 06:00:00,330102,330102-MS,MS,201,179,1,150,28,10,0,0.8427,0
2026-08-10 06:00:00,330102,330102-ONC,ONC,34,30,1,27,2,10,0,0.931,1
2026-08-10 06:00:00,330102,330102-PEDS,PEDS,30,27,1,18,8,10,0,0.6923,0
2026-08-10 06:00:00,330102,330102-LD,LD,24,22,1,15,6,10,0,0.7143,0
2026-08-10 06:00:00,330102,330102-LD,LD,24,22,1,15,6,10,0,0.7143,0
2026-08-10 06:00:00,330102,330102-PP,PP,34,33,0,21,12,10,0,0.6364,0
2026-08-10 06:00:00,330102,330102-PSY,PSY,37,36,1,23,12,10,0,0.6571,0
2026-08-10 06:00:00,330102,330102-REHAB,REHAB,18,16,0,13,3,10,0,0.8125,0
2026-08-10 06:00:00,050201,050201-MICU,MICU,21,19,0,14,5,1,0,0.7368,0
2026-08-10 06:00:00,050201,050201-SICU,SICU,15,15,0,11,4,1,0,0.7333,0
2026-08-10 06:00:00,050201,050201-CVICU,CVICU,13,12,0,9,3,1,0,0.75,0
2026-08-10 06:00:00,050201,050201-SDU,SDU,23,21,1,19,1,1,0,0.95,1
2026-08-10 06:00:00,050201,050201-TELE,TELE,34,32,1,28,3,1,0,0.9032,1
2026-08-10 06:00:00,050201,050201-PACU,PACU,11,10,0,8,2,1,0,0.8,0
2026-08-10 06:00:00,050201,050201-MS,MS,125,113,2,73,38,1,0,0.6577,0
2026-08-10 06:00:00,050201,050201-ONC,ONC,21,19,1,11,7,1,0,0.6111,0
2026-08-10 06:00:00,050201,050201-PEDS,PEDS,19,17,0,10,7,1,0,0.5882,0
2026-08-10 06:00:00,050201,050201-LD,LD,15,14,0,7,7,1,0,0.5,0
2026-08-10 06:00:00,050201,050201-PP,PP,21,20,0,8,12,1,0,0.4,0
2026-08-10 06:00:00,050201,050201-PSY,PSY,23,22,1,13,8,1,0,0.619,0
2026-08-10 06:00:00,030301,030301-MICU,MICU,14,13,0,13,0,4,0,1.0,1
2026-08-10 06:00:00,030301,030301-SDU,SDU,15,13,0,12,1,4,0,0.9231,1
2026-08-10 06:00:00,030301,030301-TELE,TELE,22,20,0,20,0,4,0,1.0,1
2026-08-10 06:00:00,030301,030301-PACU,PACU,8,8,0,3,5,4,0,0.375,0
2026-08-10 06:00:00,030301,030301-MS,MS,82,72,3,67,2,4,0,0.971,1
2026-08-10 06:00:00,030301,030301-PEDS,PEDS,12,11,0,7,4,4,0,0.6364,0
2026-08-10 06:00:00,030301,030301-LD,LD,10,10,0,6,4,4,0,0.6,0
2026-08-10 06:00:00,030301,030301-PP,PP,14,12,0,6,6,4,0,0.5,0
2026-08-10 06:00:00,140401,140401-MICU,MICU,19,17,0,10,7,10,0,0.5882,0
2026-08-10 06:00:00,140401,140401-SICU,SICU,14,13,0,9,4,10,0,0.6923,0
2026-08-10 06:00:00,140401,140401-CVICU,CVICU,12,11,0,8,3,10,0,0.7273,0
2026-08-10 06:00:00,140401,140401-SDU,SDU,20,18,1,16,1,10,0,0.9412,1
2026-08-10 06:00:00,140401,140401-TELE,TELE,31,29,1,23,5,10,0,0.8214,0
2026-08-10 06:00:00,140401,140401-PACU,PACU,10,10,0,7,3,10,0,0.7,0
2026-08-10 06:00:00,140401,140401-MS,MS,112,106,2,93,11,10,0,0.8942,1
2026-08-10 06:00:00,140401,140401-ONC,ONC,19,18,0,7,11,10,0,0.3889,0
2026-08-10 06:00:00,140401,140401-PEDS,PEDS,17,16,1,9,6,10,0,0.6,0
2026-08-10 06:00:00,140401,140401-LD,LD,14,13,0,7,6,10,0,0.5385,0
2026-08-10 06:00:00,140401,140401-PP,PP,19,17,0,12,5,10,0,0.7059,0
2026-08-10 06:00:00,140401,140401-PSY,PSY,20,19,0,9,10,10,0,0.4737,0
2026-08-10 06:00:00,110501,110501-MICU,MICU,6,5,0,5,0,2,0,1.0,1
2026-08-10 06:00:00,110501,110501-TELE,TELE,9,8,0,8,0,2,0,1.0,1
2026-08-10 06:00:00,110501,110501-PACU,PACU,4,4,0,4,0,2,0,1.0,1
2026-08-10 06:00:00,110501,110501-MS,MS,31,28,1,27,0,2,0,1.0,1
2026-08-10 07:00:00,330101,330101-MICU,MICU,23,22,1,20,1,10,0,0.9524,1
2026-08-10 07:00:00,330101,330101-SICU,SICU,17,16,0,11,5,10,0,0.6875,0
2026-08-10 07:00:00,330101,330101-CVICU,CVICU,15,13,0,9,4,10,0,0.6923,0
2026-08-10 07:00:00,330101,330101-SDU,SDU,25,24,1,23,0,10,0,1.0,1
2026-08-10 07:00:00,330101,330101-TELE,TELE,38,35,1,33,1,10,0,0.9706,1
2026-08-10 07:00:00,330101,330101-PACU,PACU,13,12,0,8,4,10,0,0.6667,0
2026-08-10 07:00:00,330101,330101-MS,MS,139,130,2,108,20,10,0,0.8438,0
2026-08-10 07:00:00,330101,330101-ONC,ONC,23,21,1,15,5,10,0,0.75,0
2026-08-10 07:00:00,330101,330101-PEDS,PEDS,21,20,0,12,8,10,0,0.6,0
2026-08-10 07:00:00,330101,330101-LD,LD,17,16,0,9,7,10,0,0.5625,0
2026-08-10 07:00:00,330101,330101-PP,PP,23,21,1,11,9,10,0,0.55,0
2026-08-10 07:00:00,330101,330101-PSY,PSY,25,23,1,17,5,10,0,0.7727,0
2026-08-10 07:00:00,330102,330102-MICU,MICU,34,31,0,28,3,9,0,0.9032,1
2026-08-10 07:00:00,330102,330102-SICU,SICU,24,21,0,18,3,9,0,0.8571,1
2026-08-10 07:00:00,330102,330102-CVICU,CVICU,21,20,1,17,2,9,0,0.8947,1
2026-08-10 07:00:00,330102,330102-NICU,NICU,18,16,0,12,4,9,0,0.75,0
2026-08-10 07:00:00,330102,330102-SDU,SDU,37,36,0,36,0,9,0,1.0,1
2026-08-10 07:00:00,330102,330102-TELE,TELE,55,49,2,39,8,9,0,0.8298,0
2026-08-10 07:00:00,330102,330102-PACU,PACU,18,16,0,12,4,9,0,0.75,0
2026-08-10 07:00:00,330102,330102-MS,MS,201,179,1,155,23,9,0,0.8708,1
2026-08-10 07:00:00,330102,330102-ONC,ONC,34,30,1,27,2,9,0,0.931,1
2026-08-10 07:00:00,330102,330102-PEDS,PEDS,30,27,1,20,6,9,0,0.7692,0
2026-08-10 07:00:00,330102,330102-LD,LD,24,22,1,15,6,9,0,0.7143,0
2026-08-10 07:00:00,330102,330102-PP,PP,34,33,0,23,10,9,0,0.697,0
2026-08-10 07:00:00,330102,330102-PSY,PSY,37,36,1,25,10,9,0,0.7143,0
2026-08-10 07:00:00,330102,330102-REHAB,REHAB,18,16,0,13,3,9,0,0.8125,0
2026-08-10 07:00:00,050201,050201-MICU,MICU,21,19,0,15,4,1,0,0.7895,0
2026-08-10 07:00:00,050201,050201-SICU,SICU,15,15,0,10,5,1,0,0.6667,0
2026-08-10 07:00:00,050201,050201-CVICU,CVICU,13,12,0,9,3,1,0,0.75,0
2026-08-10 07:00:00,050201,050201-SDU,SDU,23,21,1,19,1,1,0,0.95,1
2026-08-10 07:00:00,050201,050201-TELE,TELE,34,32,1,28,3,1,0,0.9032,1
2026-08-10 07:00:00,050201,050201-PACU,PACU,11,10,0,8,2,1,0,0.8,0
2026-08-10 07:00:00,050201,050201-MS,MS,125,113,2,73,38,1,0,0.6577,0
2026-08-10 07:00:00,050201,050201-ONC,ONC,21,19,1,11,7,1,0,0.6111,0
2026-08-10 07:00:00,050201,050201-PEDS,PEDS,19,17,0,12,5,1,0,0.7059,0
2026-08-10 07:00:00,050201,050201-LD,LD,15,14,0,8,6,1,0,0.5714,0
2026-08-10 07:00:00,050201,050201-PP,PP,21,20,0,10,10,1,0,0.5,0
2026-08-10 07:00:00,050201,050201-PSY,PSY,23,22,1,13,8,1,0,0.619,0
2026-08-10 07:00:00,030301,030301-MICU,MICU,14,13,0,13,0,4,0,1.0,1
2026-08-10 07:00:00,030301,030301-SDU,SDU,15,13,0,13,0,4,0,1.0,1
2026-08-10 07:00:00,030301,030301-TELE,TELE,22,20,0,20,0,4,0,1.0,1
2026-08-10 07:00:00,030301,030301-PACU,PACU,8,8,0,4,4,4,0,0.5,0
2026-08-10 07:00:00,030301,030301-MS,MS,82,72,3,66,3,4,0,0.9565,1
2026-08-10 07:00:00,030301,030301-PEDS,PEDS,12,11,0,7,4,4,0,0.6364,0
2026-08-10 07:00:00,030301,030301-LD,LD,10,10,0,6,4,4,0,0.6,0
2026-08-10 07:00:00,030301,030301-PP,PP,14,12,0,7,5,4,0,0.5833,0
2026-08-10 07:00:00,140401,140401-MICU,MICU,19,17,0,11,6,6,0,0.6471,0
2026-08-10 07:00:00,140401,140401-SICU,SICU,14,13,0,9,4,6,0,0.6923,0
2026-08-10 07:00:00,140401,140401-CVICU,CVICU,12,11,0,8,3,6,0,0.7273,0
2026-08-10 07:00:00,140401,140401-SDU,SDU,20,18,1,15,2,6,0,0.8824,1
2026-08-10 07:00:00,140401,140401-TELE,TELE,31,29,1,23,5,6,0,0.8214,0
2026-08-10 07:00:00,140401,140401-PACU,PACU,10,10,0,7,3,6,0,0.7,0
2026-08-10 07:00:00,140401,140401-MS,MS,112,106,2,92,12,6,0,0.8846,1
2026-08-10 07:00:00,140401,140401-ONC,ONC,19,18,0,8,10,6,0,0.4444,0
2026-08-10 07:00:00,140401,140401-PEDS,PEDS,17,16,1,10,5,6,0,0.6667,0
2026-08-10 07:00:00,140401,140401-LD,LD,14,13,0,8,5,6,0,0.6154,0
2026-08-10 07:00:00,140401,140401-PP,PP,19,17,0,12,5,6,0,0.7059,0
2026-08-10 07:00:00,140401,140401-PSY,PSY,20,19,0,11,8,6,0,0.5789,0
2026-08-10 07:00:00,110501,110501-MICU,MICU,6,5,0,4,1,1,0,0.8,0
2026-08-10 07:00:00,110501,110501-TELE,TELE,9,8,0,8,0,1,0,1.0,1
2026-08-10 07:00:00,110501,110501-PACU,PACU,4,4,0,4,0,1,0,1.0,1
2026-08-10 07:00:00,110501,110501-MS,MS,31,28,1,27,0,1,0,1.0,1
2026-08-10 08:00:00,330101,330101-MICU,MICU,23,22,1,21,0,10,0,1.0,1
2026-08-10 08:00:00,330101,330101-SICU,SICU,17,16,0,11,5,10,0,0.6875,0
2026-08-10 08:00:00,330101,330101-CVICU,CVICU,15,13,0,9,4,10,0,0.6923,0
2026-08-10 08:00:00,330101,330101-SDU,SDU,25,24,1,23,0,10,0,1.0,1
2026-08-10 08:00:00,330101,330101-TELE,TELE,38,35,1,34,0,10,0,1.0,1
2026-08-10 08:00:00,330101,330101-PACU,PACU,13,12,0,8,4,10,0,0.6667,0
2026-08-10 08:00:00,330101,330101-MS,MS,139,130,2,107,21,10,0,0.8359,0
2026-08-10 08:00:00,330101,330101-ONC,ONC,23,21,1,15,5,10,0,0.75,0
2026-08-10 08:00:00,330101,330101-PEDS,PEDS,21,20,0,11,9,10,0,0.55,0
2026-08-10 08:00:00,330101,330101-LD,LD,17,16,0,9,7,10,0,0.5625,0
2026-08-10 08:00:00,330101,330101-PP,PP,23,21,1,11,9,10,0,0.55,0
2026-08-10 08:00:00,330101,330101-PSY,PSY,25,23,1,17,5,10,0,0.7727,0
2026-08-10 08:00:00,330102,330102-MICU,MICU,34,31,0,30,1,7,0,0.9677,1
2026-08-10 08:00:00,330102,330102-SICU,SICU,24,21,0,18,3,7,0,0.8571,1
2026-08-10 08:00:00,330102,330102-CVICU,CVICU,21,20,1,17,2,7,0,0.8947,1
2026-08-10 08:00:00,330102,330102-NICU,NICU,18,16,0,12,4,7,0,0.75,0
2026-08-10 08:00:00,330102,330102-SDU,SDU,37,36,0,36,0,7,0,1.0,1
2026-08-10 08:00:00,330102,330102-TELE,TELE,55,49,2,40,7,7,0,0.8511,1
2026-08-10 08:00:00,330102,330102-PACU,PACU,18,16,0,12,4,7,0,0.75,0
2026-08-10 08:00:00,330102,330102-MS,MS,201,179,1,153,25,7,0,0.8596,1
2026-08-10 08:00:00,330102,330102-ONC,ONC,34,30,1,27,2,7,0,0.931,1
2026-08-10 08:00:00,330102,330102-PEDS,PEDS,30,27,1,20,6,7,0,0.7692,0
2026-08-10 08:00:00,330102,330102-LD,LD,24,22,1,15,6,7,0,0.7143,0
2026-08-10 08:00:00,330102,330102-PP,PP,34,33,0,23,10,7,0,0.697,0
2026-08-10 08:00:00,330102,330102-PSY,PSY,37,36,1,25,10,7,0,0.7143,0
2026-08-10 08:00:00,330102,330102-REHAB,REHAB,18,16,0,13,3,7,0,0.8125,0
2026-08-10 08:00:00,050201,050201-MICU,MICU,21,19,0,16,3,0,0,0.8421,0
2026-08-10 08:00:00,050201,050201-SICU,SICU,15,15,0,10,5,0,0,0.6667,0
2026-08-10 08:00:00,050201,050201-CVICU,CVICU,13,12,0,9,3,0,0,0.75,0
2026-08-10 08:00:00,050201,050201-SDU,SDU,23,21,1,19,1,0,0,0.95,1
2026-08-10 08:00:00,050201,050201-TELE,TELE,34,32,1,26,5,0,0,0.8387,0
2026-08-10 08:00:00,050201,050201-PACU,PACU,11,10,0,8,2,0,0,0.8,0
2026-08-10 08:00:00,050201,050201-MS,MS,125,113,2,73,38,0,0,0.6577,0
2026-08-10 08:00:00,050201,050201-ONC,ONC,21,19,1,12,6,0,0,0.6667,0
2026-08-10 08:00:00,050201,050201-PEDS,PEDS,19,17,0,11,6,0,0,0.6471,0
2026-08-10 08:00:00,050201,050201-LD,LD,15,14,0,8,6,0,0,0.5714,0
2026-08-10 08:00:00,050201,050201-PP,PP,21,20,0,9,11,0,0,0.45,0
2026-08-10 08:00:00,050201,050201-PSY,PSY,23,22,1,13,8,0,0,0.619,0
2026-08-10 08:00:00,030301,030301-MICU,MICU,14,13,0,10,3,5,0,0.7692,0
2026-08-10 08:00:00,030301,030301-SDU,SDU,15,13,0,13,0,5,0,1.0,1
2026-08-10 08:00:00,030301,030301-TELE,TELE,22,20,0,20,0,5,0,1.0,1
2026-08-10 08:00:00,030301,030301-PACU,PACU,8,8,0,4,4,5,0,0.5,0
2026-08-10 08:00:00,030301,030301-MS,MS,82,72,3,66,3,5,0,0.9565,1
2026-08-10 08:00:00,030301,030301-PEDS,PEDS,12,11,0,7,4,5,0,0.6364,0
2026-08-10 08:00:00,030301,030301-LD,LD,10,10,0,6,4,5,0,0.6,0
2026-08-10 08:00:00,030301,030301-PP,PP,14,12,0,8,4,5,0,0.6667,0
2026-08-10 08:00:00,140401,140401-MICU,MICU,19,17,0,11,6,5,0,0.6471,0
2026-08-10 08:00:00,140401,140401-SICU,SICU,14,13,0,9,4,5,0,0.6923,0
2026-08-10 08:00:00,140401,140401-CVICU,CVICU,12,11,0,8,3,5,0,0.7273,0
2026-08-10 08:00:00,140401,140401-SDU,SDU,20,18,1,14,3,5,0,0.8235,0
2026-08-10 08:00:00,140401,140401-TELE,TELE,31,29,1,23,5,5,0,0.8214,0
2026-08-10 08:00:00,140401,140401-PACU,PACU,10,10,0,7,3,5,0,0.7,0
2026-08-10 08:00:00,140401,140401-MS,MS,112,106,2,92,12,5,0,0.8846,1
2026-08-10 08:00:00,140401,140401-ONC,ONC,19,18,0,8,10,5,0,0.4444,0
2026-08-10 08:00:00,140401,140401-PEDS,PEDS,17,16,1,10,5,5,0,0.6667,0
2026-08-10 08:00:00,140401,140401-LD,LD,14,13,0,8,5,5,0,0.6154,0
2026-08-10 08:00:00,140401,140401-PP,PP,19,17,0,12,5,5,0,0.7059,0
2026-08-10 08:00:00,140401,140401-PSY,PSY,20,19,0,11,8,5,0,0.5789,0
2026-08-10 08:00:00,110501,110501-MICU,MICU,6,5,0,5,0,1,0,1.0,1
2026-08-10 08:00:00,110501,110501-TELE,TELE,9,8,0,8,0,1,0,1.0,1
2026-08-10 08:00:00,110501,110501-PACU,PACU,4,4,0,4,0,1,0,1.0,1
2026-08-10 08:00:00,110501,110501-MS,MS,31,28,1,27,0,1,0,1.0,1
2026-08-10 09:00:00,330101,330101-MICU,MICU,23,22,1,21,0,11,0,1.0,1
2026-08-10 09:00:00,330101,330101-SICU,SICU,17,16,0,11,5,11,0,0.6875,0
2026-08-10 09:00:00,330101,330101-CVICU,CVICU,15,13,0,6,7,11,0,0.4615,0
2026-08-10 09:00:00,330101,330101-SDU,SDU,25,24,1,23,0,11,0,1.0,1
2026-08-10 09:00:00,330101,330101-TELE,TELE,38,35,1,34,0,11,0,1.0,1
2026-08-10 09:00:00,330101,330101-PACU,PACU,13,12,0,8,4,11,0,0.6667,0
2026-08-10 09:00:00,330101,330101-MS,MS,139,130,2,113,15,11,0,0.8828,1
2026-08-10 09:00:00,330101,330101-ONC,ONC,23,21,1,15,5,11,0,0.75,0
2026-08-10 09:00:00,330101,330101-PEDS,PEDS,21,20,0,11,9,11,0,0.55,0
2026-08-10 09:00:00,330101,330101-LD,LD,17,16,0,9,7,11,0,0.5625,0
2026-08-10 09:00:00,330101,330101-PP,PP,23,21,1,12,8,11,0,0.6,0
2026-08-10 09:00:00,330101,330101-PSY,PSY,25,23,1,17,5,11,0,0.7727,0
2026-08-10 09:00:00,330102,330102-MICU,MICU,34,31,0,31,0,8,0,1.0,1
2026-08-10 09:00:00,330102,330102-SICU,SICU,24,21,0,17,4,8,0,0.8095,0
2026-08-10 09:00:00,330102,330102-CVICU,CVICU,21,20,1,17,2,8,0,0.8947,1
2026-08-10 09:00:00,330102,330102-NICU,NICU,18,16,0,11,5,8,0,0.6875,0
2026-08-10 09:00:00,330102,330102-SDU,SDU,37,36,0,36,0,8,0,1.0,1
2026-08-10 09:00:00,330102,330102-TELE,TELE,55,49,2,42,5,8,0,0.8936,1
2026-08-10 09:00:00,330102,330102-PACU,PACU,18,16,0,12,4,8,0,0.75,0
2026-08-10 09:00:00,330102,330102-MS,MS,201,179,1,157,21,8,0,0.882,1
2026-08-10 09:00:00,330102,330102-ONC,ONC,34,30,1,27,2,8,0,0.931,1
2026-08-10 09:00:00,330102,330102-PEDS,PEDS,30,27,1,20,6,8,0,0.7692,0
2026-08-10 09:00:00,330102,330102-LD,LD,24,22,1,15,6,8,0,0.7143,0
2026-08-10 09:00:00,330102,330102-PP,PP,34,33,0,22,11,8,0,0.6667,0
2026-08-10 09:00:00,330102,330102-PSY,PSY,37,36,1,26,9,8,0,0.7429,0
2026-08-10 09:00:00,330102,330102-REHAB,REHAB,18,16,0,12,4,8,0,0.75,0
2026-08-10 09:00:00,050201,050201-MICU,MICU,21,19,0,17,2,0,0,0.8947,1
2026-08-10 09:00:00,050201,050201-SICU,SICU,15,15,0,9,6,0,0,0.6,0
2026-08-10 09:00:00,050201,050201-CVICU,CVICU,13,12,0,10,2,0,0,0.8333,0
2026-08-10 09:00:00,050201,050201-SDU,SDU,23,21,1,20,0,0,0,1.0,1
2026-08-10 09:00:00,050201,050201-TELE,TELE,34,32,1,25,6,0,0,0.8065,0
2026-08-10 09:00:00,050201,050201-PACU,PACU,11,10,0,8,2,0,0,0.8,0
2026-08-10 09:00:00,050201,050201-MS,MS,125,113,2,75,36,0,0,0.6757,0
2026-08-10 09:00:00,050201,050201-ONC,ONC,21,19,1,11,7,0,0,0.6111,0
2026-08-10 09:00:00,050201,050201-PEDS,PEDS,19,17,0,11,6,0,0,0.6471,0
2026-08-10 09:00:00,050201,050201-LD,LD,15,14,0,8,6,0,0,0.5714,0
2026-08-10 09:00:00,050201,050201-PP,PP,21,20,0,10,10,0,0,0.5,0
2026-08-10 09:00:00,050201,050201-PSY,PSY,23,22,1,13,8,0,0,0.619,0
2026-08-10 09:00:00,030301,030301-MICU,MICU,14,13,0,11,2,6,0,0.8462,0
2026-08-10 09:00:00,030301,030301-SDU,SDU,15,13,0,13,0,6,0,1.0,1
2026-08-10 09:00:00,030301,030301-TELE,TELE,22,20,0,20,0,6,0,1.0,1
2026-08-10 09:00:00,030301,030301-PACU,PACU,8,8,0,4,4,6,0,0.5,0
2026-08-10 09:00:00,030301,030301-MS,MS,82,72,3,67,2,6,0,0.971,1
2026-08-10 09:00:00,030301,030301-PEDS,PEDS,12,11,0,7,4,6,0,0.6364,0
2026-08-10 09:00:00,030301,030301-LD,LD,10,10,0,6,4,6,0,0.6,0
2026-08-10 09:00:00,030301,030301-PP,PP,14,12,0,8,4,6,0,0.6667,0
2026-08-10 09:00:00,140401,140401-MICU,MICU,19,17,0,11,6,5,0,0.6471,0
2026-08-10 09:00:00,140401,140401-SICU,SICU,14,13,0,9,4,5,0,0.6923,0
2026-08-10 09:00:00,140401,140401-CVICU,CVICU,12,11,0,8,3,5,0,0.7273,0
2026-08-10 09:00:00,140401,140401-SDU,SDU,20,18,1,16,1,5,0,0.9412,1
2026-08-10 09:00:00,140401,140401-TELE,TELE,31,29,1,23,5,5,0,0.8214,0
2026-08-10 09:00:00,140401,140401-PACU,PACU,10,10,0,7,3,5,0,0.7,0
2026-08-10 09:00:00,140401,140401-MS,MS,112,106,2,94,10,5,0,0.9038,1
2026-08-10 09:00:00,140401,140401-ONC,ONC,19,18,0,8,10,5,0,0.4444,0
2026-08-10 09:00:00,140401,140401-PEDS,PEDS,17,16,1,10,5,5,0,0.6667,0
2026-08-10 09:00:00,140401,140401-LD,LD,14,13,0,8,5,5,0,0.6154,0
2026-08-10 09:00:00,140401,140401-PP,PP,19,17,0,13,4,5,0,0.7647,0
2026-08-10 09:00:00,140401,140401-PSY,PSY,20,19,0,10,9,5,0,0.5263,0
2026-08-10 09:00:00,110501,110501-MICU,MICU,6,5,0,5,0,1,0,1.0,1
2026-08-10 09:00:00,110501,110501-TELE,TELE,9,8,0,8,0,1,0,1.0,1
2026-08-10 09:00:00,110501,110501-PACU,PACU,4,4,0,4,0,1,0,1.0,1
2026-08-10 09:00:00,110501,110501-MS,MS,31,28,1,27,0,1,0,1.0,1
2026-08-10 10:00:00,330101,330101-MICU,MICU,23,22,1,21,0,11,0,1.0,1
2026-08-10 10:00:00,330101,330101-SICU,SICU,17,16,0,11,5,11,0,0.6875,0
2026-08-10 10:00:00,330101,330101-CVICU,CVICU,15,13,0,6,7,11,0,0.4615,0
2026-08-10 10:00:00,330101,330101-SDU,SDU,25,24,1,23,0,11,0,1.0,1
2026-08-10 10:00:00,330101,330101-TELE,TELE,38,35,1,34,0,11,0,1.0,1
2026-08-10 10:00:00,330101,330101-PACU,PACU,13,12,0,7,5,11,0,0.5833,0
2026-08-10 10:00:00,330101,330101-MS,MS,139,130,2,112,16,11,0,0.875,1
2026-08-10 10:00:00,330101,330101-ONC,ONC,23,21,1,15,5,11,0,0.75,0
2026-08-10 10:00:00,330101,330101-PEDS,PEDS,21,20,0,11,9,11,0,0.55,0
2026-08-10 10:00:00,330101,330101-LD,LD,17,16,0,8,8,11,0,0.5,0
2026-08-10 10:00:00,330101,330101-PP,PP,23,21,1,12,8,11,0,0.6,0
2026-08-10 10:00:00,330101,330101-PSY,PSY,25,23,1,18,4,11,0,0.8182,0
2026-08-10 10:00:00,330102,330102-MICU,MICU,34,31,0,30,1,8,0,0.9677,1
2026-08-10 10:00:00,330102,330102-SICU,SICU,24,21,0,17,4,8,0,0.8095,0
2026-08-10 10:00:00,330102,330102-CVICU,CVICU,21,20,1,17,2,8,0,0.8947,1
2026-08-10 10:00:00,330102,330102-NICU,NICU,18,16,0,10,6,8,0,0.625,0
2026-08-10 10:00:00,330102,330102-SDU,SDU,37,36,0,36,0,8,0,1.0,1
2026-08-10 10:00:00,330102,330102-TELE,TELE,55,49,2,44,3,8,0,0.9362,1
2026-08-10 10:00:00,330102,330102-PACU,PACU,18,16,0,12,4,8,0,0.75,0
2026-08-10 10:00:00,330102,330102-MS,MS,201,179,1,158,20,8,0,0.8876,1
2026-08-10 10:00:00,330102,330102-ONC,ONC,34,30,1,28,1,8,0,0.9655,1
2026-08-10 10:00:00,330102,330102-PEDS,PEDS,30,27,1,19,7,8,0,0.7308,0
2026-08-10 10:00:00,330102,330102-LD,LD,24,22,1,16,5,8,0,0.7619,0
2026-08-10 10:00:00,330102,330102-PP,PP,34,33,0,22,11,8,0,0.6667,0
2026-08-10 10:00:00,330102,330102-PSY,PSY,37,36,1,26,9,8,0,0.7429,0
2026-08-10 10:00:00,330102,330102-REHAB,REHAB,18,16,0,12,4,8,0,0.75,0
2026-08-10 10:00:00,050201,050201-MICU,MICU,21,19,0,17,2,2,0,0.8947,1
2026-08-10 10:00:00,050201,050201-SICU,SICU,15,15,0,9,6,2,0,0.6,0
2026-08-10 10:00:00,050201,050201-CVICU,CVICU,13,12,0,11,1,2,0,0.9167,1
2026-08-10 10:00:00,050201,050201-SDU,SDU,23,21,1,19,1,2,0,0.95,1
2026-08-10 10:00:00,050201,050201-TELE,TELE,34,32,1,24,7,2,0,0.7742,0
2026-08-10 10:00:00,050201,050201-PACU,PACU,11,10,0,8,2,2,0,0.8,0
2026-08-10 10:00:00,050201,050201-MS,MS,125,113,2,76,35,2,0,0.6847,0
2026-08-10 10:00:00,050201,050201-ONC,ONC,21,19,1,11,7,2,0,0.6111,0
2026-08-10 10:00:00,050201,050201-PEDS,PEDS,19,17,0,11,6,2,0,0.6471,0
2026-08-10 10:00:00,050201,050201-LD,LD,15,14,0,8,6,2,0,0.5714,0
2026-08-10 10:00:00,050201,050201-PP,PP,21,20,0,10,10,2,0,0.5,0
2026-08-10 10:00:00,050201,050201-PSY,PSY,23,22,1,13,8,2,0,0.619,0
2026-08-10 10:00:00,030301,030301-MICU,MICU,14,13,0,13,0,6,0,1.0,1
2026-08-10 10:00:00,030301,030301-SDU,SDU,15,13,0,13,0,6,0,1.0,1
2026-08-10 10:00:00,030301,030301-TELE,TELE,22,20,0,20,0,6,0,1.0,1
2026-08-10 10:00:00,030301,030301-PACU,PACU,8,8,0,4,4,6,0,0.5,0
2026-08-10 10:00:00,030301,030301-MS,MS,82,72,3,68,1,6,0,0.9855,1
2026-08-10 10:00:00,030301,030301-PEDS,PEDS,12,11,0,7,4,6,0,0.6364,0
2026-08-10 10:00:00,030301,030301-LD,LD,10,10,0,6,4,6,0,0.6,0
2026-08-10 10:00:00,030301,030301-PP,PP,14,12,0,8,4,6,0,0.6667,0
2026-08-10 10:00:00,140401,140401-MICU,MICU,19,17,0,10,7,4,0,0.5882,0
2026-08-10 10:00:00,140401,140401-SICU,SICU,14,13,0,9,4,4,0,0.6923,0
2026-08-10 10:00:00,140401,140401-CVICU,CVICU,12,11,0,8,3,4,0,0.7273,0
2026-08-10 10:00:00,140401,140401-SDU,SDU,20,18,1,17,0,4,0,1.0,1
2026-08-10 10:00:00,140401,140401-TELE,TELE,31,29,1,23,5,4,0,0.8214,0
2026-08-10 10:00:00,140401,140401-PACU,PACU,10,10,0,7,3,4,0,0.7,0
2026-08-10 10:00:00,140401,140401-MS,MS,112,106,2,93,11,4,0,0.8942,1
2026-08-10 10:00:00,140401,140401-ONC,ONC,19,18,0,8,10,4,0,0.4444,0
2026-08-10 10:00:00,140401,140401-PEDS,PEDS,17,16,1,10,5,4,0,0.6667,0
2026-08-10 10:00:00,140401,140401-LD,LD,14,13,0,8,5,4,0,0.6154,0
2026-08-10 10:00:00,140401,140401-PP,PP,19,17,0,13,4,4,0,0.7647,0
2026-08-10 10:00:00,140401,140401-PSY,PSY,20,19,0,10,9,4,0,0.5263,0
2026-08-10 10:00:00,110501,110501-MICU,MICU,6,5,0,5,0,1,0,1.0,1
2026-08-10 10:00:00,110501,110501-TELE,TELE,9,8,0,8,0,1,0,1.0,1
2026-08-10 10:00:00,110501,110501-PACU,PACU,4,4,0,4,0,1,0,1.0,1
2026-08-10 10:00:00,110501,110501-MS,MS,31,28,1,27,0,1,0,1.0,1
2026-08-10 11:00:00,330101,330101-MICU,MICU,23,22,1,21,0,13,0,1.0,1
2026-08-10 11:00:00,330101,330101-SICU,SICU,17,16,0,11,5,13,0,0.6875,0
2026-08-10 11:00:00,330101,330101-CVICU,CVICU,15,13,0,7,6,13,0,0.5385,0
2026-08-10 11:00:00,330101,330101-SDU,SDU,25,24,1,23,0,13,0,1.0,1
2026-08-10 11:00:00,330101,330101-TELE,TELE,38,35,1,34,0,13,0,1.0,1
2026-08-10 11:00:00,330101,330101-PACU,PACU,13,12,0,7,5,13,0,0.5833,0
2026-08-10 11:00:00,330101,330101-MS,MS,139,130,2,118,10,13,0,0.9219,1
2026-08-10 11:00:00,330101,330101-ONC,ONC,23,21,1,17,3,13,0,0.85,1
2026-08-10 11:00:00,330101,330101-PEDS,PEDS,21,20,0,13,7,13,0,0.65,0
2026-08-10 11:00:00,330101,330101-LD,LD,17,16,0,9,7,13,0,0.5625,0
2026-08-10 11:00:00,330101,330101-PP,PP,23,21,1,12,8,13,0,0.6,0
2026-08-10 11:00:00,330101,330101-PSY,PSY,25,23,1,18,4,13,0,0.8182,0
2026-08-10 11:00:00,330102,330102-MICU,MICU,34,,0,30,1,10,0,0.9677,1
2026-08-10 11:00:00,330102,330102-SICU,SICU,24,21,0,18,3,10,0,0.8571,1
2026-08-10 11:00:00,330102,330102-CVICU,CVICU,21,20,1,18,1,10,0,0.9474,1
2026-08-10 11:00:00,330102,330102-NICU,NICU,18,16,0,12,4,10,0,0.75,0
2026-08-10 11:00:00,330102,330102-SDU,SDU,37,36,0,36,0,10,0,1.0,1
2026-08-10 11:00:00,330102,330102-TELE,TELE,55,49,2,44,3,10,0,0.9362,1
2026-08-10 11:00:00,330102,330102-PACU,PACU,18,16,0,13,3,10,0,0.8125,0
2026-08-10 11:00:00,330102,330102-MS,MS,201,179,1,160,18,10,0,0.8989,1
2026-08-10 11:00:00,330102,330102-ONC,ONC,34,30,1,28,1,10,0,0.9655,1
2026-08-10 11:00:00,330102,330102-PEDS,PEDS,30,27,1,20,6,10,0,0.7692,0
2026-08-10 11:00:00,330102,330102-LD,LD,24,22,1,16,5,10,0,0.7619,0
2026-08-10 11:00:00,330102,330102-PP,PP,34,33,0,23,10,10,0,0.697,0
2026-08-10 11:00:00,330102,330102-PSY,PSY,37,36,1,28,7,10,0,0.8,0
2026-08-10 11:00:00,330102,330102-REHAB,REHAB,18,16,0,12,4,10,0,0.75,0
2026-08-10 11:00:00,050201,050201-MICU,MICU,21,19,0,17,2,3,0,0.8947,1
2026-08-10 11:00:00,050201,050201-SICU,SICU,15,15,0,9,6,3,0,0.6,0
2026-08-10 11:00:00,050201,050201-CVICU,CVICU,13,12,0,11,1,3,0,0.9167,1
2026-08-10 11:00:00,050201,050201-SDU,SDU,23,21,1,18,2,3,0,0.9,1
2026-08-10 11:00:00,050201,050201-TELE,TELE,34,32,1,24,7,3,0,0.7742,0
2026-08-10 11:00:00,050201,050201-PACU,PACU,11,10,0,8,2,3,0,0.8,0
2026-08-10 11:00:00,050201,050201-MS,MS,125,113,2,78,33,3,0,0.7027,0
2026-08-10 11:00:00,050201,050201-ONC,ONC,21,19,1,12,6,3,0,0.6667,0
2026-08-10 11:00:00,050201,050201-PEDS,PEDS,19,17,0,13,4,3,0,0.7647,0
2026-08-10 11:00:00,050201,050201-LD,LD,15,14,0,9,5,3,0,0.6429,0
2026-08-10 11:00:00,050201,050201-PP,PP,21,20,0,11,9,3,0,0.55,0
2026-08-10 11:00:00,050201,050201-PSY,PSY,23,22,1,14,7,3,0,0.6667,0
2026-08-10 11:00:00,030301,030301-MICU,MICU,14,13,0,13,0,6,0,1.0,1
2026-08-10 11:00:00,030301,030301-SDU,SDU,15,13,0,13,0,6,0,1.0,1
2026-08-10 11:00:00,030301,030301-TELE,TELE,22,20,0,20,0,6,0,1.0,1
2026-08-10 11:00:00,030301,030301-PACU,PACU,8,8,0,4,4,6,0,0.5,0
2026-08-10 11:00:00,030301,030301-MS,MS,82,72,3,68,1,6,0,0.9855,1
2026-08-10 11:00:00,030301,030301-PEDS,PEDS,12,11,0,7,4,6,0,0.6364,0
2026-08-10 11:00:00,030301,030301-LD,LD,10,10,0,6,4,6,0,0.6,0
2026-08-10 11:00:00,030301,030301-PP,PP,14,12,0,8,4,6,0,0.6667,0
2026-08-10 11:00:00,140401,140401-MICU,MICU,19,17,0,9,8,3,0,0.5294,0
2026-08-10 11:00:00,140401,140401-SICU,SICU,14,13,0,9,4,3,0,0.6923,0
2026-08-10 11:00:00,140401,140401-CVICU,CVICU,12,11,0,9,2,3,0,0.8182,0
2026-08-10 11:00:00,140401,140401-SDU,SDU,20,18,1,17,0,3,0,1.0,1
2026-08-10 11:00:00,140401,140401-TELE,TELE,31,29,1,23,5,3,0,0.8214,0
2026-08-10 11:00:00,140401,140401-PACU,PACU,10,10,0,,3,3,0,0.7,0
2026-08-10 11:00:00,140401,140401-MS,MS,112,106,2,93,11,3,0,0.8942,1
2026-08-10 11:00:00,140401,140401-ONC,ONC,19,18,0,10,8,3,0,0.5556,0
2026-08-10 11:00:00,140401,140401-PEDS,PEDS,17,16,1,10,5,3,0,0.6667,0
2026-08-10 11:00:00,140401,140401-LD,LD,14,13,0,8,5,3,0,0.6154,0
2026-08-10 11:00:00,140401,140401-PP,PP,19,17,0,14,3,3,0,0.8235,0
2026-08-10 11:00:00,140401,140401-PSY,PSY,20,19,0,11,8,3,0,0.5789,0
2026-08-10 11:00:00,110501,110501-MICU,MICU,6,5,0,5,0,1,0,1.0,1
2026-08-10 11:00:00,110501,110501-TELE,TELE,9,8,0,8,0,1,0,1.0,1
2026-08-10 11:00:00,110501,110501-PACU,PACU,4,4,0,4,0,1,0,1.0,1
2026-08-10 11:00:00,110501,110501-MS,MS,31,28,1,27,0,1,0,1.0,1
2026-08-10 12:00:00,330101,330101-MICU,MICU,23,22,1,21,0,15,0,1.0,1
2026-08-10 12:00:00,330101,330101-SICU,SICU,17,16,0,11,5,15,0,0.6875,0
2026-08-10 12:00:00,330101,330101-CVICU,CVICU,15,13,0,7,6,15,0,0.5385,0
2026-08-10 12:00:00,330101,330101-SDU,SDU,25,24,1,23,0,15,0,1.0,1
2026-08-10 12:00:00,330101,330101-TELE,TELE,38,35,1,33,1,15,0,0.9706,1
2026-08-10 12:00:00,330101,330101-PACU,PACU,13,12,0,7,5,15,0,0.5833,0
2026-08-10 12:00:00,330101,330101-MS,MS,139,130,2,119,9,15,0,0.9297,1
2026-08-10 12:00:00,330101,330101-ONC,ONC,23,21,1,17,3,15,0,0.85,1
2026-08-10 12:00:00,330101,330101-PEDS,PEDS,21,20,0,14,6,15,0,0.7,0
2026-08-10 12:00:00,330101,330101-LD,LD,17,16,0,9,7,15,0,0.5625,0
2026-08-10 12:00:00,330101,330101-PP,PP,23,21,1,12,8,15,0,0.6,0
2026-08-10 12:00:00,330101,330101-PSY,PSY,25,23,1,18,4,15,0,0.8182,0
2026-08-10 12:00:00,330102,330102-MICU,MICU,34,31,0,31,0,11,0,1.0,1
2026-08-10 12:00:00,330102,330102-SICU,SICU,24,21,0,18,3,11,0,0.8571,1
2026-08-10 12:00:00,330102,330102-CVICU,CVICU,21,20,1,19,0,11,0,1.0,1
2026-08-10 12:00:00,330102,330102-NICU,NICU,18,16,0,13,3,11,0,0.8125,0
2026-08-10 12:00:00,330102,330102-SDU,SDU,37,36,0,34,2,11,0,0.9444,1
2026-08-10 12:00:00,330102,330102-TELE,TELE,55,49,2,44,3,11,0,0.9362,1
2026-08-10 12:00:00,330102,330102-PACU,PACU,18,16,0,13,3,11,0,0.8125,0
2026-08-10 12:00:00,330102,330102-MS,MS,201,179,1,161,17,11,0,0.9045,1
2026-08-10 12:00:00,330102,330102-ONC,ONC,34,30,1,28,1,11,0,0.9655,1
2026-08-10 12:00:00,330102,330102-PEDS,PEDS,30,27,1,17,9,11,0,0.6538,0
2026-08-10 12:00:00,330102,330102-LD,LD,24,22,1,16,5,11,0,0.7619,0
2026-08-10 12:00:00,330102,330102-PP,PP,34,33,0,23,10,11,0,0.697,0
2026-08-10 12:00:00,330102,330102-PSY,PSY,37,36,1,27,8,11,0,0.7714,0
2026-08-10 12:00:00,330102,330102-REHAB,REHAB,18,16,0,12,4,11,0,0.75,0
2026-08-10 12:00:00,050201,050201-MICU,MICU,21,19,0,17,2,6,0,0.8947,1
2026-08-10 12:00:00,050201,050201-SICU,SICU,15,15,0,9,6,6,0,0.6,0
2026-08-10 12:00:00,050201,050201-CVICU,CVICU,13,12,0,11,1,6,0,0.9167,1
2026-08-10 12:00:00,050201,050201-SDU,SDU,23,21,1,20,0,6,0,1.0,1
2026-08-10 12:00:00,050201,050201-TELE,TELE,34,32,1,24,7,6,0,0.7742,0
2026-08-10 12:00:00,050201,050201-PACU,PACU,11,10,0,8,2,6,0,0.8,0
2026-08-10 12:00:00,050201,050201-MS,MS,125,113,2,78,33,6,0,0.7027,0
2026-08-10 12:00:00,050201,050201-ONC,ONC,21,19,1,12,6,6,0,0.6667,0
2026-08-10 12:00:00,050201,050201-PEDS,PEDS,19,17,0,12,5,6,0,0.7059,0
2026-08-10 12:00:00,050201,050201-LD,LD,15,14,0,9,5,6,0,0.6429,0
2026-08-10 12:00:00,050201,050201-PP,PP,21,20,0,12,8,6,0,0.6,0
2026-08-10 12:00:00,050201,050201-PSY,PSY,23,22,1,14,7,6,0,0.6667,0
2026-08-10 12:00:00,030301,030301-MICU,MICU,14,13,0,13,0,7,0,1.0,1
2026-08-10 12:00:00,030301,030301-SDU,SDU,15,13,0,12,1,7,0,0.9231,1
2026-08-10 12:00:00,030301,030301-TELE,TELE,22,20,0,19,1,7,0,0.95,1
2026-08-10 12:00:00,030301,030301-PACU,PACU,8,8,0,4,4,7,0,0.5,0
2026-08-10 12:00:00,030301,030301-MS,MS,82,72,3,65,4,7,0,0.942,1
2026-08-10 12:00:00,030301,030301-PEDS,PEDS,12,11,0,7,4,7,0,0.6364,0
2026-08-10 12:00:00,030301,030301-LD,LD,10,10,0,6,4,7,0,0.6,0
2026-08-10 12:00:00,030301,030301-PP,PP,14,12,0,8,4,7,0,0.6667,0
2026-08-10 12:00:00,140401,140401-MICU,MICU,19,17,0,9,8,5,0,0.5294,0
2026-08-10 12:00:00,140401,140401-SICU,SICU,14,13,0,9,4,5,0,0.6923,0
2026-08-10 12:00:00,140401,140401-CVICU,CVICU,12,,0,9,2,5,0,0.8182,0
2026-08-10 12:00:00,140401,140401-SDU,SDU,20,18,1,17,0,5,0,1.0,1
2026-08-10 12:00:00,140401,140401-TELE,TELE,31,29,1,23,5,5,0,0.8214,0
2026-08-10 12:00:00,140401,140401-PACU,PACU,10,10,0,7,3,5,0,0.7,0
2026-08-10 12:00:00,140401,140401-MS,MS,112,106,2,93,11,5,0,0.8942,1
2026-08-10 12:00:00,140401,140401-ONC,ONC,19,18,0,10,8,5,0,0.5556,0
2026-08-10 12:00:00,140401,140401-PEDS,PEDS,17,16,1,10,5,5,0,0.6667,0
2026-08-10 12:00:00,140401,140401-LD,LD,14,13,0,8,5,5,0,0.6154,0
2026-08-10 12:00:00,140401,140401-PP,PP,19,17,0,14,3,5,0,0.8235,0
2026-08-10 12:00:00,140401,140401-PSY,PSY,20,19,0,11,8,5,0,0.5789,0
2026-08-10 12:00:00,110501,110501-MICU,MICU,6,5,0,5,0,1,0,1.0,1
2026-08-10 12:00:00,110501,110501-TELE,TELE,9,8,0,8,0,1,0,1.0,1
2026-08-10 12:00:00,110501,110501-PACU,PACU,4,4,0,4,0,1,0,1.0,1
2026-08-10 12:00:00,110501,110501-MS,MS,31,28,1,26,1,1,0,0.963,1
2026-08-10 13:00:00,330101,330101-MICU,MICU,23,22,1,21,0,15,0,1.0,1
2026-08-10 13:00:00,330101,330101-SICU,SICU,17,16,0,11,5,15,0,0.6875,0
2026-08-10 13:00:00,330101,330101-CVICU,CVICU,15,13,0,7,6,15,0,0.5385,0
2026-08-10 13:00:00,330101,330101-SDU,SDU,25,24,1,23,0,15,0,1.0,1
2026-08-10 13:00:00,330101,330101-TELE,TELE,38,35,1,33,1,15,0,0.9706,1
2026-08-10 13:00:00,330101,330101-PACU,PACU,13,12,0,7,5,15,0,0.5833,0
2026-08-10 13:00:00,330101,330101-MS,MS,139,130,2,119,9,15,0,0.9297,1
2026-08-10 13:00:00,330101,330101-ONC,ONC,23,21,1,17,3,15,0,0.85,1
2026-08-10 13:00:00,330101,330101-PEDS,PEDS,21,20,0,14,6,15,0,0.7,0
2026-08-10 13:00:00,330101,330101-LD,LD,17,16,0,9,7,15,0,0.5625,0
2026-08-10 13:00:00,330101,330101-PP,PP,23,21,1,12,8,15,0,0.6,0
2026-08-10 13:00:00,330101,330101-PSY,PSY,25,23,1,18,4,15,0,0.8182,0
2026-08-10 13:00:00,330102,330102-MICU,MICU,34,31,0,31,0,17,0,1.0,1
2026-08-10 13:00:00,330102,330102-SICU,SICU,24,21,0,18,3,17,0,0.8571,1
2026-08-10 13:00:00,330102,330102-CVICU,CVICU,21,20,1,18,1,17,0,0.9474,1
2026-08-10 13:00:00,330102,330102-NICU,NICU,18,16,0,13,3,17,0,0.8125,0
2026-08-10 13:00:00,330102,330102-SDU,SDU,37,36,0,36,0,17,0,1.0,1
2026-08-10 13:00:00,330102,330102-TELE,TELE,55,49,2,44000,3,17,0,0.9362,1
2026-08-10 13:00:00,330102,330102-PACU,PACU,18,16,0,13,3,17,0,0.8125,0
2026-08-10 13:00:00,330102,330102-MS,MS,201,179,1,163,15,17,0,0.9157,1
2026-08-10 13:00:00,330102,330102-ONC,ONC,34,30,1,29,0,17,0,1.0,1
2026-08-10 13:00:00,330102,330102-PEDS,PEDS,30,27,1,17,9,17,0,0.6538,0
2026-08-10 13:00:00,330102,330102-LD,LD,24,22,1,15,6,17,0,0.7143,0
2026-08-10 13:00:00,330102,330102-PP,PP,34,33,0,23,10,17,0,0.697,0
2026-08-10 13:00:00,330102,330102-PSY,PSY,37,36,1,28,7,17,0,0.8,0
2026-08-10 13:00:00,330102,330102-REHAB,REHAB,18,16,0,12,4,17,0,0.75,0
2026-08-10 13:00:00,050201,050201-MICU,MICU,21,19,0,17,2,5,0,0.8947,1
2026-08-10 13:00:00,050201,050201-SICU,SICU,15,15,0,9,6,5,0,0.6,0
2026-08-10 13:00:00,050201,050201-CVICU,CVICU,13,12,0,12,0,5,0,1.0,1
2026-08-10 13:00:00,050201,050201-SDU,SDU,23,21,1,20,0,5,0,1.0,1
2026-08-10 13:00:00,050201,050201-TELE,TELE,34,32,1,25,6,5,0,0.8065,0
2026-08-10 13:00:00,050201,050201-PACU,PACU,11,10,0,8,2,5,0,0.8,0
2026-08-10 13:00:00,050201,050201-MS,MS,125,113,2,78,33,5,0,0.7027,0
2026-08-10 13:00:00,050201,050201-ONC,ONC,21,19,1,12,6,5,0,0.6667,0
2026-08-10 13:00:00,050201,050201-PEDS,PEDS,19,17,0,12,5,5,0,0.7059,0
2026-08-10 13:00:00,050201,050201-LD,LD,15,14,0,9,5,5,0,0.6429,0
2026-08-10 13:00:00,050201,050201-PP,PP,21,20,0,12,8,5,0,0.6,0
2026-08-10 13:00:00,050201,050201-PSY,PSY,23,22,1,13,8,5,0,0.619,0
2026-08-10 13:00:00,030301,030301-MICU,MICU,14,13,0,13,0,8,0,1.0,1
2026-08-10 13:00:00,030301,030301-SDU,SDU,15,13,0,13,0,8,0,1.0,1
2026-08-10 13:00:00,030301,030301-TELE,TELE,22,20,0,19,1,8,0,0.95,1
2026-08-10 13:00:00,030301,030301-PACU,PACU,8,8,0,4,4,8,0,0.5,0
2026-08-10 13:00:00,030301,030301-MS,MS,82,72,3,66,3,8,0,0.9565,1
2026-08-10 13:00:00,030301,030301-PEDS,PEDS,12,11,0,7,4,8,0,0.6364,0
2026-08-10 13:00:00,030301,030301-LD,LD,10,10,0,6,4,8,0,0.6,0
2026-08-10 13:00:00,030301,030301-PP,PP,14,12,0,8,4,8,0,0.6667,0
2026-08-10 13:00:00,140401,140401-MICU,MICU,19,17,0,9,8,8,0,0.5294,0
2026-08-10 13:00:00,140401,140401-SICU,SICU,14,13,0,9,4,8,0,0.6923,0
2026-08-10 13:00:00,140401,140401-CVICU,CVICU,12,11,0,9,2,8,0,0.8182,0
2026-08-10 13:00:00,140401,140401-SDU,SDU,20,18,1,17,0,8,0,1.0,1
2026-08-10 13:00:00,140401,140401-TELE,TELE,31,29,1,24,4,8,0,0.8571,1
2026-08-10 13:00:00,140401,140401-PACU,PACU,10,10,0,8,2,8,0,0.8,0
2026-08-10 13:00:00,140401,140401-MS,MS,112,106,2,91,13,8,0,0.875,1
2026-08-10 13:00:00,140401,140401-ONC,ONC,19,18,0,10,8,8,0,0.5556,0
2026-08-10 13:00:00,140401,140401-PEDS,PEDS,17,16,1,10,5,8,0,0.6667,0
2026-08-10 13:00:00,140401,140401-LD,LD,14,13,0,8,5,8,0,0.6154,0
2026-08-10 13:00:00,140401,140401-PP,PP,19,17,0,14,3,8,0,0.8235,0
2026-08-10 13:00:00,140401,140401-PSY,PSY,20,19,0,11,8,8,0,0.5789,0
2026-08-10 13:00:00,110501,110501-MICU,MICU,6,5,0,5,0,2,0,1.0,1
2026-08-10 13:00:00,110501,110501-TELE,TELE,9,8,0,8,0,2,0,1.0,1
2026-08-10 13:00:00,110501,110501-PACU,PACU,4,4,0,4,0,2,0,1.0,1
2026-08-10 13:00:00,110501,110501-MS,MS,31,28,1,26,1,2,0,0.963,1
2026-08-10 14:00:00,330101,330101-MICU,MICU,23,22,1,21,0,15,0,1.0,1
2026-08-10 14:00:00,330101,330101-SICU,SICU,17,16,0,12,4,15,0,0.75,0
2026-08-10 14:00:00,330101,330101-CVICU,CVICU,15,13,0,8,5,15,0,0.6154,0
2026-08-10 14:00:00,330101,330101-SDU,SDU,25,24,1,23,0,15,0,1.0,1
2026-08-10 14:00:00,330101,330101-TELE,TELE,38,35,1,34,0,15,0,1.0,1
2026-08-10 14:00:00,330101,330101-PACU,PACU,13,12,0,7,5,15,0,0.5833,0
2026-08-10 14:00:00,330101,330101-MS,MS,139,130,2,118,10,15,0,0.9219,1
2026-08-10 14:00:00,330101,330101-ONC,ONC,23,21,1,17,3,15,0,0.85,1
2026-08-10 14:00:00,330101,330101-PEDS,PEDS,21,20,0,14,6,15,0,0.7,0
2026-08-10 14:00:00,330101,330101-LD,LD,17,16,0,9,7,15,0,0.5625,0
2026-08-10 14:00:00,330101,330101-PP,PP,23,21,1,13,7,15,0,0.65,0
2026-08-10 14:00:00,330101,330101-PSY,PSY,25,23,1,18,4,15,0,0.8182,0
2026-08-10 14:00:00,330102,330102-MICU,MICU,34,31,0,31,0,13,0,1.0,1
2026-08-10 14:00:00,330102,330102-SICU,SICU,24,21,0,20,1,13,0,0.9524,1
2026-08-10 14:00:00,330102,330102-CVICU,CVICU,21,20,1,18,1,13,0,0.9474,1
2026-08-10 14:00:00,330102,330102-NICU,NICU,18,16,0,12,4,13,0,0.75,0
2026-08-10 14:00:00,330102,330102-SDU,SDU,37,36,0,36,0,13,0,1.0,1
2026-08-10 14:00:00,330102,330102-TELE,TELE,55,49,2,44,3,13,0,0.9362,1
2026-08-10 14:00:00,330102,330102-PACU,PACU,18,16,0,12,4,13,0,0.75,0
2026-08-10 14:00:00,330102,330102-MS,MS,201,179,1,163,15,13,0,0.9157,1
2026-08-10 14:00:00,330102,330102-ONC,ONC,34,30,1,28,1,13,0,0.9655,1
2026-08-10 14:00:00,330102,330102-PEDS,PEDS,30,27,1,18,8,13,0,0.6923,0
2026-08-10 14:00:00,330102,330102-LD,LD,24,22,1,15,6,13,0,0.7143,0
2026-08-10 14:00:00,330102,330102-PP,PP,34,33,0,23,10,13,0,0.697,0
2026-08-10 14:00:00,330102,330102-PSY,PSY,37,36,1,29,60000,13,0,0.8286,0
2026-08-10 14:00:00,330102,330102-REHAB,REHAB,18,16,0,12,4,13,0,0.75,0
2026-08-10 14:00:00,050201,050201-MICU,MICU,21,19,0,17,2,6,0,0.8947,1
2026-08-10 14:00:00,050201,050201-SICU,SICU,15,15,0,10,5,6,0,0.6667,0
2026-08-10 14:00:00,050201,050201-CVICU,CVICU,13,12,0,12,0,6,0,1.0,1
2026-08-10 14:00:00,050201,050201-SDU,SDU,23,21,1,19,1,6,0,0.95,1
2026-08-10 14:00:00,050201,050201-TELE,TELE,34,32,1,23,8,6,0,0.7419,0
2026-08-10 14:00:00,050201,050201-PACU,PACU,11,10,0,8,2,6,0,0.8,0
2026-08-10 14:00:00,050201,050201-MS,MS,125,113,2,79,32,6,0,0.7117,0
2026-08-10 14:00:00,050201,050201-ONC,ONC,21,19,1,13,5,6,0,0.7222,0
2026-08-10 14:00:00,050201,050201-PEDS,PEDS,19,17,0,13,4,6,0,0.7647,0
2026-08-10 14:00:00,050201,050201-LD,LD,15,14,0,10,4,6,0,0.7143,0
2026-08-10 14:00:00,050201,050201-PP,PP,21,20,0,13,7,6,0,0.65,0
2026-08-10 14:00:00,050201,050201-PSY,PSY,23,22,1,14,7,6,0,0.6667,0
2026-08-10 14:00:00,030301,030301-MICU,MICU,14,13,0,13,0,7,0,1.0,1
2026-08-10 14:00:00,030301,030301-SDU,SDU,15,13,0,13,0,7,0,1.0,1
2026-08-10 14:00:00,030301,030301-TELE,TELE,22,20,0,18,2,7,0,0.9,1
2026-08-10 14:00:00,030301,030301-PACU,PACU,8,8,0,4,4,7,0,0.5,0
2026-08-10 14:00:00,030301,030301-MS,MS,82,72,3,66,3,7,0,0.9565,1
2026-08-10 14:00:00,030301,030301-PEDS,PEDS,12,11,0,7,4,7,0,0.6364,0
2026-08-10 14:00:00,030301,030301-LD,LD,10,10,0,6,4,7,0,0.6,0
2026-08-10 14:00:00,030301,030301-PP,PP,14,12,0,8,4,7,0,0.6667,0
2026-08-10 14:00:00,140401,140401-MICU,MICU,19,17,0,11,6,8,0,0.6471,0
2026-08-10 14:00:00,140401,140401-SICU,SICU,14,13,0,10,3,8,0,0.7692,0
2026-08-10 14:00:00,140401,140401-CVICU,CVICU,12,11,0,9,2,8,0,0.8182,0
2026-08-10 14:00:00,140401,140401-SDU,SDU,20,18,1,17,0,8,0,1.0,1
2026-08-10 14:00:00,140401,140401-TELE,TELE,31,29,1,26,2,8,0,0.9286,1
2026-08-10 14:00:00,140401,140401-PACU,PACU,10,10,0,8,2,8,0,0.8,0
2026-08-10 14:00:00,140401,140401-MS,MS,112,106,2,94,10,8,0,0.9038,1
2026-08-10 14:00:00,140401,140401-ONC,ONC,19,18,0,11,7,8,0,0.6111,0
2026-08-10 14:00:00,140401,140401-PEDS,PEDS,17,16,1,11,4,8,0,0.7333,0
2026-08-10 14:00:00,140401,140401-LD,LD,14,13,0,9,4,8,0,0.6923,0
2026-08-10 14:00:00,140401,140401-PP,PP,19,17,0,14,3,8,0,0.8235,0
2026-08-10 14:00:00,140401,140401-PSY,PSY,20,19,0,12,7,8,0,0.6316,0
2026-08-10 14:00:00,110501,110501-MICU,MICU,6,5,0,5,0,1,0,1.0,1
2026-08-10 14:00:00,110501,110501-TELE,TELE,9,8,0,8,0,1,0,1.0,1
2026-08-10 14:00:00,110501,110501-PACU,PACU,4,4,0,4,0,1,0,1.0,1
2026-08-10 14:00:00,110501,110501-MS,MS,31,28,1,27,0,1,0,1.0,1
2026-08-10 15:00:00,330101,330101-MICU,MICU,23,22,1,21,0,16,0,1.0,1
2026-08-10 15:00:00,330101,330101-SICU,SICU,17,16,0,12,4,16,0,0.75,0
2026-08-10 15:00:00,330101,330101-CVICU,CVICU,15,13,0,8,5,16,0,0.6154,0
2026-08-10 15:00:00,330101,330101-SDU,SDU,25,24,1,23,0,16,0,1.0,1
2026-08-10 15:00:00,330101,330101-TELE,TELE,38,35,1,34,0,16,0,1.0,1
2026-08-10 15:00:00,330101,330101-PACU,PACU,13,12,0,7,5,16,0,0.5833,0
2026-08-10 15:00:00,330101,330101-MS,MS,139,130,2,117,11,16,0,0.9141,1
2026-08-10 15:00:00,330101,330101-ONC,ONC,23,21,1,17,3,16,0,0.85,1
2026-08-10 15:00:00,330101,330101-PEDS,PEDS,21,20,0,17,3,16,0,0.85,1
2026-08-10 15:00:00,330101,330101-LD,LD,17,16,0,10,6,16,0,0.625,0
2026-08-10 15:00:00,330101,330101-PP,PP,23,21,1,12,8,16,0,0.6,0
2026-08-10 15:00:00,330101,330101-PSY,PSY,25,23,1,16,6,16,0,0.7273,0
2026-08-10 15:00:00,330102,330102-MICU,MICU,34,31,0,31,0,13,0,1.0,1
2026-08-10 15:00:00,330102,330102-SICU,SICU,24,21,0,20,1,13,0,0.9524,1
2026-08-10 15:00:00,330102,330102-CVICU,CVICU,21,20,1,18,1,13,0,0.9474,1
2026-08-10 15:00:00,330102,330102-NICU,NICU,18,16,0,12,4,13,0,0.75,0
2026-08-10 15:00:00,330102,330102-SDU,SDU,37,36,0,36,0,13,0,1.0,1
2026-08-10 15:00:00,330102,330102-TELE,TELE,55,49,2,45,2,13,0,0.9574,1
2026-08-10 15:00:00,330102,330102-PACU,PACU,18,16,0,12,4,13,0,0.75,0
2026-08-10 15:00:00,330102,330102-MS,MS,201,179,1,161,17,13,0,0.9045,1
2026-08-10 15:00:00,330102,330102-ONC,ONC,34,30,1,28,1,13,0,0.9655,1
2026-08-10 15:00:00,330102,330102-PEDS,PEDS,30,27,1,16,10,13,0,0.6154,0
2026-08-10 15:00:00,330102,330102-LD,LD,24,22,1,16,5,13,0,0.7619,0
2026-08-10 15:00:00,330102,330102-PP,PP,34,33,0,22,11,13,0,0.6667,0
2026-08-10 15:00:00,330102,330102-PSY,PSY,37,36,1,29,6,13,0,0.8286,0
2026-08-10 15:00:00,330102,330102-REHAB,REHAB,18,16,0,12,4,13,0,0.75,0
2026-08-10 15:00:00,050201,050201-MICU,MICU,21,19,0,15,4,8,0,0.7895,0
2026-08-10 15:00:00,050201,050201-SICU,SICU,15,15,0,10,5,8,0,0.6667,0
2026-08-10 15:00:00,050201,050201-CVICU,CVICU,13,12,0,12,0,8,0,1.0,1
2026-08-10 15:00:00,050201,050201-SDU,SDU,23,21,1,19,1,8,0,0.95,1
2026-08-10 15:00:00,050201,050201-TELE,TELE,34,32,1,23,8,8,0,0.7419,0
2026-08-10 15:00:00,050201,050201-PACU,PACU,11,10,0,8,2,8,0,0.8,0
2026-08-10 15:00:00,050201,050201-MS,MS,125,113,2,80,31,8,0,0.7207,0
2026-08-10 15:00:00,050201,050201-ONC,ONC,21,19,1,13,5,8,0,0.7222,0
2026-08-10 15:00:00,050201,050201-PEDS,PEDS,19,17,0,13,4,8,0,0.7647,0
2026-08-10 15:00:00,050201,050201-LD,LD,15,14,0,10,4,8,0,0.7143,0
2026-08-10 15:00:00,050201,050201-PP,PP,21,20,0,13,7,8,0,0.65,0
2026-08-10 15:00:00,050201,050201-PSY,PSY,23,22,1,14,7,8,0,0.6667,0
2026-08-10 15:00:00,030301,030301-MICU,MICU,14,13,0,13,0,4,0,1.0,1
2026-08-10 15:00:00,030301,030301-SDU,SDU,15,13,0,13,0,4,0,1.0,1
2026-08-10 15:00:00,030301,030301-TELE,TELE,22,20,0,18,2,4,0,0.9,1
2026-08-10 15:00:00,030301,030301-PACU,PACU,8,8,0,4,4,4,0,0.5,0
2026-08-10 15:00:00,030301,030301-MS,MS,82,72,3,69,0,4,0,1.0,1
2026-08-10 15:00:00,030301,030301-PEDS,PEDS,12,11,0,7,4 mg,4,0,0.6364,0
2026-08-10 15:00:00,030301,030301-LD,LD,10,10,0,6,4,4,0,0.6,0
2026-08-10 15:00:00,030301,030301-PP,PP,14,12,0,8,4,4,0,0.6667,0
2026-08-10 15:00:00,140401,140401-MICU,MICU,19,17,0,11,6,8,0,0.6471,0
2026-08-10 15:00:00,140401,140401-SICU,SICU,14,13,0,10,3,8,0,0.7692,0
2026-08-10 15:00:00,140401,140401-CVICU,CVICU,12,11,0,9,2,8,0,0.8182,0
2026-08-10 15:00:00,140401,140401-SDU,SDU,20,18,1,17,0,8,0,1.0,1
2026-08-10 15:00:00,140401,140401-TELE,TELE,31,29,1,27,1,8,0,0.9643,1
2026-08-10 15:00:00,140401,140401-PACU,PACU,10,10,0,8,2,8,0,0.8,0
2026-08-10 15:00:00,140401,140401-MS,MS,112,106,2,93,11,8,0,0.8942,1
2026-08-10 15:00:00,140401,140401-ONC,ONC,19,18,0,11,7,8,0,0.6111,0
2026-08-10 15:00:00,140401,140401-PEDS,PEDS,17,16,1,11,4,8,0,0.7333,0
2026-08-10 15:00:00,140401,140401-LD,LD,14,13,0,9,4,8,0,0.6923,0
2026-08-10 15:00:00,140401,140401-PP,PP,19,17,0,14,3,8,0,0.8235,0
2026-08-10 15:00:00,140401,140401-PSY,PSY,20,19,0,13,6,8,0,0.6842,0
2026-08-10 15:00:00,110501,110501-MICU,MICU,6,5,0,5,0,1,0,1.0,1
2026-08-10 15:00:00,110501,110501-TELE,TELE,9,8,0,8,0,1,0,1.0,1
2026-08-10 15:00:00,110501,110501-PACU,PACU,4,4,0,4,0,1,0,1.0,1
2026-08-10 15:00:00,110501,110501-MS,MS,31,28,1,27,0,1,0,1.0,1
2026-08-10 16:00:00,330101,330101-MICU,MICU,23,22,1,21,0,11,0,1.0,1
2026-08-10 16:00:00,330101,330101-SICU,SICU,17,16,0,12,4,11,0,0.75,0
2026-08-10 16:00:00,330101,330101-CVICU,CVICU,15,13,0,8,5,11,0,0.6154,0
2026-08-10 16:00:00,330101,330101-SDU,SDU,25,24,1,23,0,11,0,1.0,1
2026-08-10 16:00:00,330101,330101-TELE,TELE,38,35,1,34,0,11,0,1.0,1
2026-08-10 16:00:00,330101,330101-PACU,PACU,13,12,0,7,5,11,0,0.5833,0
2026-08-10 16:00:00,330101,330101-MS,MS,139,130,2,119,9,11,0,0.9297,1
2026-08-10 16:00:00,330101,330101-ONC,ONC,23,21,1,17,3,11,0,0.85,1
2026-08-10 16:00:00,330101,330101-PEDS,PEDS,21,20,0,17,3,11,0,0.85,1
2026-08-10 16:00:00,330101,330101-LD,LD,17,16,0,9,7,11,0,0.5625,0
2026-08-10 16:00:00,330101,330101-PP,PP,23,21,1,12,8,11,0,0.6,0
2026-08-10 16:00:00,330101,330101-PSY,PSY,25,23,1,17,5,11,0,0.7727,0
2026-08-10 16:00:00,330102,330102-MICU,MICU,34,31,0,31,0,14,0,1.0,1
2026-08-10 16:00:00,330102,330102-SICU,SICU,24,21,0,20,1,14,0,0.9524,1
2026-08-10 16:00:00,330102,330102-CVICU,CVICU,21,20,1,19,0,14,0,1.0,1
2026-08-10 16:00:00,330102,330102-NICU,NICU,18,16,0,12,4,14,0,0.75,0
2026-08-10 16:00:00,330102,330102-SDU,SDU,37,36,0,36,0,14,0,1.0,1
2026-08-10 16:00:00,330102,330102-TELE,TELE,55,49,2,46,1,14,0,0.9787,1
2026-08-10 16:00:00,330102,330102-PACU,PACU,18,16,0,12,4,14,0,0.75,0
2026-08-10 16:00:00,330102,330102-MS,MS,201,179,1,162,16,14,0,0.9101,1
2026-08-10 16:00:00,330102,330102-ONC,ONC,34,30,1,28,1,14,0,0.9655,1
2026-08-10 16:00:00,330102,330102-PEDS,PEDS,30,27,1,15,11,14,0,0.5769,0
2026-08-10 16:00:00,330102,330102-LD,LD,24,22,1,16,5,14,0,0.7619,0
2026-08-10 16:00:00,330102,330102-PP,PP,34,33,0,23,10,14,0,0.697,0
2026-08-10 16:00:00,330102,330102-PSY,PSY,37,36,1,29,6,14,0,0.8286,0
2026-08-10 16:00:00,330102,330102-REHAB,REHAB,18,16,0,12,4,14,0,0.75,0
2026-08-10 16:00:00,050201,050201-MICU,MICU,21,19,0,15,4,6,0,0.7895,0
2026-08-10 16:00:00,050201,050201-SICU,SICU,15,15,0,10,5,6,0,0.6667,0
2026-08-10 16:00:00,050201,050201-CVICU,CVICU,13,12,0,12,0,6,0,1.0,1
2026-08-10 16:00:00,050201,050201-SDU,SDU,23,21,1,20,0,6,0,1.0,1
2026-08-10 16:00:00,050201,050201-TELE,TELE,34,32,1,22,9,6,0,0.7097,0
2026-08-10 16:00:00,050201,050201-PACU,PACU,11,10,0,8,2,6,0,0.8,0
2026-08-10 16:00:00,050201,050201-MS,MS,125,113,2,79,32,6,0,0.7117,0
2026-08-10 16:00:00,050201,050201-ONC,ONC,21,19,1,13,5,6,0,0.7222,0
2026-08-10 16:00:00,050201,050201-PEDS,PEDS,19,17,0,12,5,6,0,0.7059,0
2026-08-10 16:00:00,050201,050201-LD,LD,15,14,0,10,4,6,0,0.7143,0
2026-08-10 16:00:00,050201,050201-PP,PP,21,20,0,13,7,6,0,0.65,0
2026-08-10 16:00:00,050201,050201-PSY,PSY,23,22,1,14,7,6,0,0.6667,0
2026-08-10 16:00:00,030301,030301-MICU,MICU,14,13,0,13,0,5,0,1.0,1
2026-08-10 16:00:00,030301,030301-SDU,SDU,15,13,0,11,2,5,0,0.8462,0
2026-08-10 16:00:00,030301,030301-TELE,TELE,22,20,0,17,3,5,0,0.85,1
2026-08-10 16:00:00,030301,030301-PACU,PACU,8,8,0,3,5,5,0,0.375,0
2026-08-10 16:00:00,030301,030301-MS,MS,82,72,3,67,2,5,0,0.971,1
2026-08-10 16:00:00,030301,030301-PEDS,PEDS,12,11,0,7,4,5,0,0.6364,0
2026-08-10 16:00:00,030301,030301-LD,LD,10,10,0,7,3,5,0,0.7,0
2026-08-10 16:00:00,030301,030301-PP,PP,14,12,0,9,3,5,0,0.75,0
2026-08-10 16:00:00,140401,140401-MICU,MICU,19,17,0,11,6,8,0,0.6471,0
2026-08-10 16:00:00,140401,140401-SICU,SICU,14,13,0,10,3,8,0,0.7692,0
2026-08-10 16:00:00,140401,140401-CVICU,CVICU,12,11,0,9,2,8,0,0.8182,0
2026-08-10 16:00:00,140401,140401-SDU,SDU,20,18,1,17,0,8,0,1.0,1
2026-08-10 16:00:00,140401,140401-TELE,TELE,31,29,1,28,0,8,0,1.0,1
2026-08-10 16:00:00,140401,140401-PACU,PACU,10,10,0,8,2,8,0,0.8,0
2026-08-10 16:00:00,140401,140401-MS,MS,112,106,2,93,11,8,0,0.8942,1
2026-08-10 16:00:00,140401,140401-ONC,ONC,19,18,0,11,7,8,0,0.6111,0
2026-08-10 16:00:00,140401,140401-PEDS,PEDS,17,16,1,11,4,8,0,0.7333,0
2026-08-10 16:00:00,140401,140401-LD,LD,14,13,0,8,5,8,0,0.6154,0
2026-08-10 16:00:00,140401,140401-PP,PP,19,17,0,14,3,8,0,0.8235,0
2026-08-10 16:00:00,140401,140401-PSY,PSY,20,19,0,13,6,8,0,0.6842,0
2026-08-10 16:00:00,110501,110501-MICU,MICU,6,5,0,5,0,1,0,1.0,1
2026-08-10 16:00:00,110501,110501-TELE,TELE,9,8,0,8,0,1,0,1.0,1
2026-08-10 16:00:00,110501,110501-PACU,PACU,4,4,0,4,0,1,0,1.0,1
2026-08-10 16:00:00,110501,110501-MS,MS,31,28,1,27,0,1,0,1.0,1
2026-08-10 17:00:00,330101,330101-MICU,MICU,23,22,1,21,0,11,0,1.0,1
2026-08-10 17:00:00,330101,330101-SICU,SICU,17,16,0,12,4,11,0,0.75,0
2026-08-10 17:00:00,330101,330101-CVICU,CVICU,15,13,0,8,5,11,0,0.6154,0
2026-08-10 17:00:00,330101,330101-SDU,SDU,25,24,1,23,0,11,0,1.0,1
2026-08-10 17:00:00,330101,330101-TELE,TELE,38,35,1,34,0,11,0,1.0,1
2026-08-10 17:00:00,330101,330101-PACU,PACU,13,12,0,7,5,11,0,0.5833,0
2026-08-10 17:00:00,330101,330101-MS,MS,139,130,2,120,8,11,0,0.9375,1
2026-08-10 17:00:00,330101,330101-ONC,ONC,23,21,1,17,3,11,0,0.85,1
2026-08-10 17:00:00,330101,330101-PEDS,PEDS,21,20,0,17,3,11,0,0.85,1
2026-08-10 17:00:00,330101,330101-LD,LD,17,16,0,9,7,11,0,0.5625,0
2026-08-10 17:00:00,330101,330101-PP,PP,23,21,1,12,8,11,0,0.6,0
2026-08-10 17:00:00,330101,330101-PSY,PSY,25,23,1,17,5,11,0,0.7727,0
2026-08-10 17:00:00,330102,330102-MICU,MICU,34,31,0,31,0,16,0,1.0,1
2026-08-10 17:00:00,330102,330102-SICU,SICU,24,21,0,20,1,16,0,0.9524,1
2026-08-10 17:00:00,330102,330102-CVICU,CVICU,21,20,1,19,0,16,0,1.0,1
2026-08-10 17:00:00,330102,330102-NICU,NICU,18,16,0,12,4,16,0,0.75,0
2026-08-10 17:00:00,330102,330102-SDU,SDU,37,36,0,36,0,16,0,1.0,1
2026-08-10 17:00:00,330102,330102-TELE,TELE,55,49,2,45,2,16,0,0.9574,1
2026-08-10 17:00:00,330102,330102-PACU,PACU,18,16,0,12,4,16,0,0.75,0
2026-08-10 17:00:00,330102,330102-MS,MS,201,179,1,163,15,16,0,0.9157,1
2026-08-10 17:00:00,330102,330102-ONC,ONC,34,30,1,28,1,16,0,0.9655,1
2026-08-10 17:00:00,330102,330102-PEDS,PEDS,30,27,1,15,11,16,0,0.5769,0
2026-08-10 17:00:00,330102,330102-LD,LD,24,22,1,16,5,16,0,0.7619,0
2026-08-10 17:00:00,330102,330102-PP,PP,34,33,0,23,10,16,0,0.697,0
2026-08-10 17:00:00,330102,330102-PSY,PSY,37,36,1,29,6,16,0,0.8286,0
2026-08-10 17:00:00,330102,330102-REHAB,REHAB,18,16,0,12 mg,4,16,0,0.75,0
2026-08-10 17:00:00,050201,050201-MICU,MICU,21,19,0,15,4,3,0,0.7895,0
2026-08-10 17:00:00,050201,050201-SICU,SICU,15,15,0,10,5,3,0,0.6667,0
2026-08-10 17:00:00,050201,050201-CVICU,CVICU,13,12,0,12,0,3,0,1.0,1
2026-08-10 17:00:00,050201,050201-SDU,SDU,23,21,1,20,0,3,0,1.0,1
2026-08-10 17:00:00,050201,050201-TELE,TELE,34,32,1,23,8,3,0,0.7419,0
2026-08-10 17:00:00,050201,050201-PACU,PACU,11,10,0,9,1,3,0,0.9,1
2026-08-10 17:00:00,050201,050201-MS,MS,125,113,2,78,33,3,0,0.7027,0
2026-08-10 17:00:00,050201,050201-ONC,ONC,21,19,1,13,5,3,0,0.7222,0
2026-08-10 17:00:00,050201,050201-PEDS,PEDS,19,17,0,11,6,3,0,0.6471,0
2026-08-10 17:00:00,050201,050201-LD,LD,15,14,0,10,4,3,0,0.7143,0
2026-08-10 17:00:00,050201,050201-PP,PP,21,20,0,13,7,3,0,0.65,0
2026-08-10 17:00:00,050201,050201-PSY,PSY,23,22,1,14,7,3,0,0.6667,0
2026-08-10 17:00:00,030301,030301-MICU,MICU,14,13,0,13,0,6,0,1.0,1
2026-08-10 17:00:00,030301,030301-SDU,SDU,15,13,0,12,1,6,0,0.9231,1
2026-08-10 17:00:00,030301,030301-TELE,TELE,22,20,0,17,3,6,0,0.85,1
2026-08-10 17:00:00,030301,030301-PACU,PACU,8,8,0,3,5,6,0,0.375,0
2026-08-10 17:00:00,030301,030301-MS,MS,82,72,3,66,3,6,0,0.9565,1
2026-08-10 17:00:00,030301,030301-PEDS,PEDS,12,11,0,7,4,6,0,0.6364,0
2026-08-10 17:00:00,030301,030301-LD,LD,10,10,0,6,4,6,0,0.6,0
2026-08-10 17:00:00,030301,030301-PP,PP,14,12,0,9,3,6,0,0.75,0
2026-08-10 17:00:00,140401,140401-MICU,MICU,19,17,0,10,7,10,0,0.5882,0
2026-08-10 17:00:00,140401,140401-SICU,SICU,14,13,0,11,2,10,0,0.8462,0
2026-08-10 17:00:00,140401,140401-CVICU,CVICU,12,11,0,9,2,10,0,0.8182,0
2026-08-10 17:00:00,140401,140401-SDU,SDU,20,18,1,17,0,10,0,1.0,1
2026-08-10 17:00:00,140401,140401-TELE,TELE,31,-29,1,28,0,10,0,1.0,1
2026-08-10 17:00:00,140401,140401-PACU,PACU,10,10,0,8,2,10,0,0.8,0
2026-08-10 17:00:00,140401,140401-MS,MS,112,106,2,94,10,10,0,0.9038,1
2026-08-10 17:00:00,140401,140401-ONC,ONC,19,18,0,11,7,10,0,0.6111,0
2026-08-10 17:00:00,140401,140401-PEDS,PEDS,17,16,1,11,4,10,0,0.7333,0
2026-08-10 17:00:00,140401,140401-LD,LD,14,13,0,8,5,10,0,0.6154,0
2026-08-10 17:00:00,140401,140401-PP,PP,19,17,0,14,3,10,0,0.8235,0
2026-08-10 17:00:00,140401,140401-PSY,PSY,20,19,0,12,7,10,0,0.6316,0
2026-08-10 17:00:00,110501,110501-MICU,MICU,6,5,0,5,0,1,0,1.0,1
2026-08-10 17:00:00,110501,110501-TELE,TELE,9,8,0,8,0,1,0,1.0,1
2026-08-10 17:00:00,110501,110501-PACU,PACU,4,4,0,4,0,1,0,1.0,1
2026-08-10 17:00:00,110501,110501-MS,MS,31,28,1,27,0,1,0,1.0,1
2026-08-10 18:00:00,330101,330101-MICU,MICU,23,22,1,21,0,13,0,1.0,1
2026-08-10 18:00:00,330101,330101-SICU,SICU,17,16,0,11,5,13,0,0.6875,0
2026-08-10 18:00:00,330101,330101-CVICU,CVICU,15,13,0,8,5,13,0,0.6154,0
2026-08-10 18:00:00,330101,330101-SDU,SDU,25,24,1,23,0,13,0,1.0,1
2026-08-10 18:00:00,330101,330101-TELE,TELE,38,35,1,34,0,13,0,1.0,1
2026-08-10 18:00:00,330101,330101-PACU,PACU,13,12,0,5,7,13,0,0.4167,0
2026-08-10 18:00:00,330101,330101-MS,MS,139,130,2,121,7,13,0,0.9453,1
2026-08-10 18:00:00,330101,330101-ONC,ONC,23,21,1,16,4,13,0,0.8,0
2026-08-10 18:00:00,330101,330101-PEDS,PEDS,21,20,0,17,3,13,0,0.85,1
2026-08-10 18:00:00,330101,330101-LD,LD,17,16,0,10,6,13,0,0.625,0
2026-08-10 18:00:00,330101,330101-PP,PP,23,21,1,12,8,13,0,0.6,0
2026-08-10 18:00:00,330101,330101-PSY,PSY,25,23,1,17,5,13,0,0.7727,0
2026-08-10 18:00:00,330102,330102-MICU,MICU,34,31,0,31,0,21,0,1.0,1
2026-08-10 18:00:00,330102,330102-SICU,SICU,24,21,0,20,1,21,0,0.9524,1
2026-08-10 18:00:00,330102,330102-CVICU,CVICU,21,20,1,19,0,21,0,1.0,1
2026-08-10 18:00:00,330102,330102-NICU,NICU,18,16,0,12,4,21,0,0.75,0
2026-08-10 18:00:00,330102,330102-SDU,SDU,37,36,0,36,0,21,0,1.0,1
2026-08-10 18:00:00,330102,330102-TELE,TELE,55,49,2,47,0,21,0,1.0,1
2026-08-10 18:00:00,330102,330102-PACU,PACU,18,16,0,12,4,21,0,0.75,0
2026-08-10 18:00:00,330102,330102-MS,MS,201,179,1,162,16,21,0,0.9101,1
2026-08-10 18:00:00,330102,330102-ONC,ONC,34,30,1,25,4,21,0,0.8621,1
2026-08-10 18:00:00,330102,330102-PEDS,PEDS,30,27,1,16,10,21,0,0.6154,0
2026-08-10 18:00:00,330102,330102-LD,LD,24,22,1,16,5,21,0,0.7619,0
2026-08-10 18:00:00,330102,330102-PP,PP,34,33,0,23,10,21,0,0.697,0
2026-08-10 18:00:00,330102,330102-PSY,PSY,37,36,1,29,6,21,0,0.8286,0
2026-08-10 18:00:00,330102,330102-REHAB,REHAB,18,16,0,12,4,21,0,0.75,0
2026-08-10 18:00:00,050201,050201-MICU,MICU,21,19,0,16,3,1,0,0.8421,0
2026-08-10 18:00:00,050201,050201-SICU,SICU,15,15,0,10,5,1,0,0.6667,0
2026-08-10 18:00:00,050201,050201-CVICU,CVICU,13,12,0,12,0,1,0,1.0,1
2026-08-10 18:00:00,050201,050201-SDU,SDU,23,21,1,20,0,1,0,1.0,1
2026-08-10 18:00:00,050201,050201-TELE,TELE,34,32,1,24,7,1,0,0.7742,0
2026-08-10 18:00:00,050201,050201-PACU,PACU,11,10,0,9,1,1,0,0.9,1
2026-08-10 18:00:00,050201,050201-MS,MS,125,113,2,79,32,1,0,0.7117,0
2026-08-10 18:00:00,050201,050201-ONC,ONC,21,19,1,13,5,1,0,0.7222,0
2026-08-10 18:00:00,050201,050201-PEDS,PEDS,19,17,0,11,6,1,0,0.6471,0
2026-08-10 18:00:00,050201,050201-LD,LD,15,14,0,10,4,1,0,0.7143,0
2026-08-10 18:00:00,050201,050201-PP,PP,21,20,0,13,7,1,0,0.65,0
2026-08-10 18:00:00,050201,050201-PSY,PSY,23,22,1,14,7,1,0,0.6667,0
2026-08-10 18:00:00,030301,030301-MICU,MICU,14,13,0,13,0,7,0,1.0,1
2026-08-10 18:00:00,030301,030301-SDU,SDU,15,13,0,13,0,7,0,1.0,1
2026-08-10 18:00:00,030301,030301-TELE,TELE,22,20,0,17,3,7,0,0.85,1
2026-08-10 18:00:00,030301,030301-PACU,PACU,8,8,0,2,6,7,0,0.25,0
2026-08-10 18:00:00,030301,030301-MS,MS,82,72,3,67,2,7,0,0.971,1
2026-08-10 18:00:00,030301,030301-PEDS,PEDS,12,11,0,7,4,7,0,0.6364,0
2026-08-10 18:00:00,030301,030301-LD,LD,10,10,0,6,4,7,0,0.6,0
2026-08-10 18:00:00,030301,030301-PP,PP,14,12,0,9,3,7,0,0.75,0
2026-08-10 18:00:00,140401,140401-MICU,MICU,19,17,0,10,7,6,0,0.5882,0
2026-08-10 18:00:00,140401,140401-SICU,SICU,14,13,0,11,2,6,0,0.8462,0
2026-08-10 18:00:00,140401,140401-CVICU,CVICU,12,11,0,9,2,6,0,0.8182,0
2026-08-10 18:00:00,140401,140401-SDU,SDU,20,18,1,17,0,6,0,1.0,1
2026-08-10 18:00:00,140401,140401-TELE,TELE,31,29,1,28,0,6,0,1.0,1
2026-08-10 18:00:00,140401,140401-PACU,PACU,10,10,0,8,2,6,0,0.8,0
2026-08-10 18:00:00,140401,140401-MS,MS,112,106,2,92,12,6,0,0.8846,1
2026-08-10 18:00:00,140401,140401-ONC,ONC,19,18,0,11,7,6,0,0.6111,0
2026-08-10 18:00:00,140401,140401-PEDS,PEDS,17,16,1,11,4,6,0,0.7333,0
2026-08-10 18:00:00,140401,140401-LD,LD,14,13,0,8,5,6,0,0.6154,0
2026-08-10 18:00:00,140401,140401-PP,PP,19,17,0,14,3,6,0,0.8235,0
2026-08-10 18:00:00,140401,140401-PSY,PSY,20,19,0,11,8,6,0,0.5789,0
2026-08-10 18:00:00,110501,110501-MICU,MICU,6,5,0,5,0,1,0,1.0,1
2026-08-10 18:00:00,110501,110501-TELE,TELE,9,8,0,8,0,1,0,1.0,1
2026-08-10 18:00:00,110501,110501-PACU,PACU,4,4,0,4,0,1,0,1.0,1
2026-08-10 18:00:00,110501,110501-MS,MS,31,28,1,27,0,1,0,1.0,1
2026-08-10 19:00:00,330101,330101-MICU,MICU,23,22,1,21,0,14,0,1.0,1
2026-08-10 19:00:00,330101,330101-SICU,SICU,17,16,0,11,5,14,0,0.6875,0
2026-08-10 19:00:00,330101,330101-CVICU,CVICU,15,13,0,8,5,14,0,0.6154,0
2026-08-10 19:00:00,330101,330101-SDU,SDU,25,24,1,23,0,14,0,1.0,1
2026-08-10 19:00:00,330101,330101-TELE,TELE,38,35,1,33,1,14,0,0.9706,1
2026-08-10 19:00:00,330101,330101-PACU,PACU,13,12,0,5,7,14,0,0.4167,0
2026-08-10 19:00:00,330101,330101-MS,MS,139,130,2,125,3,14,0,0.9766,1
2026-08-10 19:00:00,330101,330101-ONC,ONC,23,21,1,16,4,14,0,0.8,0
2026-08-10 19:00:00,330101,330101-PEDS,PEDS,21,20,0,17,3,14,0,0.85,1
2026-08-10 19:00:00,330101,330101-LD,LD,17,16,0,10,6,14,0,0.625,0
2026-08-10 19:00:00,330101,330101-PP,PP,23,21,1,11,9,14,0,0.55,0
2026-08-10 19:00:00,330101,330101-PSY,PSY,25,23,1,16,6,14,0,0.7273,0
2026-08-10 19:00:00,330102,330102-MICU,MICU,34,31,0,31,0,22,0,1.0,1
2026-08-10 19:00:00,330102,330102-SICU,SICU,24,21,0,20,1,22,0,0.9524,1
2026-08-10 19:00:00,330102,330102-CVICU,CVICU,21,20,1,19,0,22,0,1.0,1
2026-08-10 19:00:00,330102,330102-NICU,NICU,18,16,0,12,4,22,0,0.75,0
2026-08-10 19:00:00,330102,330102-SDU,SDU,37,36,0,36,0,22,0,1.0,1
2026-08-10 19:00:00,330102,330102-TELE,TELE,55,49,2,46,1,22,0,0.9787,1
2026-08-10 19:00:00,330102,330102-PACU,PACU,18,16,0,13,3,22,0,0.8125,0
2026-08-10 19:00:00,330102,330102-MS,MS,201,179,1,159,19,22,0,0.8933,1
2026-08-10 19:00:00,330102,330102-ONC,ONC,34,30,1,25,4,22,0,0.8621,1
2026-08-10 19:00:00,330102,330102-PEDS,PEDS,30,27,1,16,10,22,0,0.6154,0
2026-08-10 19:00:00,330102,330102-LD,LD,24,22,1,16,5,22,0,0.7619,0
2026-08-10 19:00:00,330102,330102-PP,PP,34,33,0,23,10,22,0,0.697,0
2026-08-10 19:00:00,330102,330102-PSY,PSY,37,36,1,30,5,22,0,0.8571,1
2026-08-10 19:00:00,330102,330102-REHAB,REHAB,18,16,0,11,5,22,0,0.6875,0
2026-08-10 19:00:00,050201,050201-MICU,MICU,21,19,0,16,3,2,0,0.8421,0
2026-08-10 19:00:00,050201,050201-SICU,SICU,15,15,0,10,5,2,0,0.6667,0
2026-08-10 19:00:00,050201,050201-CVICU,CVICU,13,12,0,12,0,2,0,1.0,1
2026-08-10 19:00:00,050201,050201-SDU,SDU,23,21,1,20,0,2,0,1.0,1
2026-08-10 19:00:00,050201,050201-TELE,TELE,34,32,1,25,6,2,0,0.8065,0
2026-08-10 19:00:00,050201,050201-PACU,PACU,11,,0,9,1,2,0,0.9,1
2026-08-10 19:00:00,050201,050201-MS,MS,125,113,2,79,32,2,0,0.7117,0
2026-08-10 19:00:00,050201,050201-ONC,ONC,21,19,1,13,5,2,0,0.7222,0
2026-08-10 19:00:00,050201,050201-PEDS,PEDS,19,17,0,10,7,2,0,0.5882,0
2026-08-10 19:00:00,050201,050201-LD,LD,15,14,0,9,5,2,0,0.6429,0
2026-08-10 19:00:00,050201,050201-PP,PP,21,20,0,13,7,2,0,0.65,0
2026-08-10 19:00:00,050201,050201-PSY,PSY,23,22,1,14,7,2,0,0.6667,0
2026-08-10 19:00:00,030301,030301-MICU,MICU,14,13,0,13,0,9,0,1.0,1
2026-08-10 19:00:00,030301,030301-SDU,SDU,15,13,0,13,0,9,0,1.0,1
2026-08-10 19:00:00,030301,030301-TELE,TELE,22,20,0,20,0,9,0,1.0,1
2026-08-10 19:00:00,030301,030301-PACU,PACU,8,8,0,2,6,9,0,0.25,0
2026-08-10 19:00:00,030301,030301-MS,MS,82,72,3,69,0,9,0,1.0,1
2026-08-10 19:00:00,030301,030301-PEDS,PEDS,12,11,0,6,5,9,0,0.5455,0
2026-08-10 19:00:00,030301,030301-LD,LD,10,10,0,6,4,9,0,0.6,0
2026-08-10 19:00:00,030301,030301-PP,PP,14,12,0,9,3,9,0,0.75,0
2026-08-10 19:00:00,140401,140401-MICU,MICU,19,17,0,12,5,7,0,0.7059,0
2026-08-10 19:00:00,140401,140401-SICU,SICU,14,13,0,11,2,7,0,0.8462,0
2026-08-10 19:00:00,140401,140401-CVICU,CVICU,12,11,0,9,2,7,0,0.8182,0
2026-08-10 19:00:00,140401,140401-SDU,SDU,20,18,1,17,0,7,0,1.0,1
2026-08-10 19:00:00,140401,140401-TELE,TELE,31,29,1,28,0,7,0,1.0,1
2026-08-10 19:00:00,140401,140401-PACU,PACU,10,10,0,8,2,7,0,0.8,0
2026-08-10 19:00:00,140401,140401-MS,MS,112,106,2,91,13,7,0,0.875,1
2026-08-10 19:00:00,140401,140401-ONC,ONC,19,18,0,11,7,7,0,0.6111,0
2026-08-10 19:00:00,140401,140401-PEDS,PEDS,17,16,1,11,4,7,0,0.7333,0
2026-08-10 19:00:00,140401,140401-LD,LD,14,13,0,8,5,7,0,0.6154,0
2026-08-10 19:00:00,140401,140401-PP,PP,19,17,0,14,3,7,0,0.8235,0
2026-08-10 19:00:00,140401,140401-PSY,PSY,20,19,0,11,8,7,0,0.5789,0
2026-08-10 19:00:00,110501,110501-MICU,MICU,6,5,0,5,0,2,0,1.0,1
2026-08-10 19:00:00,110501,110501-TELE,TELE,9,8,0,8,0,2,0,1.0,1
2026-08-10 19:00:00,110501,110501-PACU,PACU,4,4,0,4,0,2,0,1.0,1
2026-08-10 19:00:00,110501,110501-MS,MS,31,28,1,27,0,2,0,1.0,1
2026-08-10 20:00:00,330101,330101-MICU,MICU,23,22,1,21,0,12,0,1.0,1
2026-08-10 20:00:00,330101,330101-SICU,SICU,17,16,0,11,5,12,0,0.6875,0
2026-08-10 20:00:00,330101,330101-CVICU,CVICU,15,13,0,8,5,12,0,0.6154,0
2026-08-10 20:00:00,330101,330101-SDU,SDU,25,24,1,23,0,12,0,1.0,1
2026-08-10 20:00:00,330101,330101-TELE,TELE,38,35,1,34,0,12,0,1.0,1
2026-08-10 20:00:00,330101,330101-PACU,PACU,13,12,0,5,7,12,0,0.4167,0
2026-08-10 20:00:00,330101,330101-MS,MS,139,130,2,126,2,12,0,0.9844,1
2026-08-10 20:00:00,330101,330101-ONC,ONC,23,21,1,16,4,12,0,0.8,0
2026-08-10 20:00:00,330101,330101-PEDS,PEDS,21,20,0,17,3,12,0,0.85,1
2026-08-10 20:00:00,330101,330101-LD,LD,17,16,0,11,5,12,0,0.6875,0
2026-08-10 20:00:00,330101,330101-PP,PP,23,21,1,10,10,12,0,0.5,0
2026-08-10 20:00:00,330101,330101-PSY,PSY,25,23,1,17,5,12,0,0.7727,0
2026-08-10 20:00:00,330102,330102-MICU,MICU,34,31,0,31,0,23,0,1.0,1
2026-08-10 20:00:00,330102,330102-SICU,SICU,24,21,0,21,0,23,0,1.0,1
2026-08-10 20:00:00,330102,330102-CVICU,CVICU,21,20,1,19,0,23,0,1.0,1
2026-08-10 20:00:00,330102,330102-NICU,NICU,18,16,0,12,4,23,0,0.75,0
2026-08-10 20:00:00,330102,330102-SDU,SDU,37,36,0,36,0,23,0,1.0,1
2026-08-10 20:00:00,330102,330102-TELE,TELE,55,49,2,46,1,23,0,0.9787,1
2026-08-10 20:00:00,330102,330102-PACU,PACU,18,16,0,12,4,23,0,0.75,0
2026-08-10 20:00:00,330102,330102-MS,MS,201,179,1,158,20,23,0,0.8876,1
2026-08-10 20:00:00,330102,330102-ONC,ONC,34,30,1,25,4,23,0,0.8621,1
2026-08-10 20:00:00,330102,330102-PEDS,PEDS,30,27,1,16,10,23,0,0.6154,0
2026-08-10 20:00:00,330102,330102-LD,LD,24,22,1,15,6,23,0,0.7143,0
2026-08-10 20:00:00,330102,330102-PP,PP,34,33,0,23,10,23,0,0.697,0
2026-08-10 20:00:00,330102,330102-PSY,PSY,37,36,1,29,6,23,0,0.8286,0
2026-08-10 20:00:00,330102,330102-REHAB,REHAB,18,16,0,10,6,23,0,0.625,0
2026-08-10 20:00:00,050201,050201-MICU,MICU,21,19,0,17,2,4,0,0.8947,1
2026-08-10 20:00:00,050201,050201-SICU,SICU,15,15,0,10,5,4,0,0.6667,0
2026-08-10 20:00:00,050201,050201-CVICU,CVICU,13,12,0,11,1,4,0,0.9167,1
2026-08-10 20:00:00,050201,050201-SDU,SDU,23,21,1,20,0,4,0,1.0,1
2026-08-10 20:00:00,050201,050201-TELE,TELE,34,32,1,25,6,4,0,0.8065,0
2026-08-10 20:00:00,050201,050201-PACU,PACU,11,10,0,9,1,4,0,0.9,1
2026-08-10 20:00:00,050201,050201-MS,MS,125,113,2,80,31,4,0,0.7207,0
2026-08-10 20:00:00,050201,050201-ONC,ONC,21,19,1,13,5,4,0,0.7222,0
2026-08-10 20:00:00,050201,050201-PEDS,PEDS,19,17,0,10,7,4,0,0.5882,0
2026-08-10 20:00:00,050201,050201-LD,LD,15,14,0,8,6,4,0,0.5714,0
2026-08-10 20:00:00,050201,050201-PP,PP,21,20,0,13,7,4,0,0.65,0
2026-08-10 20:00:00,050201,050201-PSY,PSY,23,22,1,14,7,4,0,0.6667,0
2026-08-10 20:00:00,030301,030301-MICU,MICU,14,13,0,13,0,7,0,1.0,1
2026-08-10 20:00:00,030301,030301-SDU,SDU,15,13,0,13,0,7,0,1.0,1
2026-08-10 20:00:00,030301,030301-TELE,TELE,22,20,0,20,0,7,0,1.0,1
2026-08-10 20:00:00,030301,030301-PACU,PACU,8,8,0,2,6,7,0,0.25,0
2026-08-10 20:00:00,030301,030301-MS,MS,82,72,3,69,0,7,0,1.0,1
2026-08-10 20:00:00,030301,030301-PEDS,PEDS,12,11,0,6,5,7,0,0.5455,0
2026-08-10 20:00:00,030301,030301-LD,LD,10,10,0,6,4,7,0,0.6,0
2026-08-10 20:00:00,030301,030301-PP,PP,14,12,0,9,3,7,0,0.75,0
2026-08-10 20:00:00,140401,140401-MICU,MICU,19,17,0,12,5,7,0,0.7059,0
2026-08-10 20:00:00,140401,140401-SICU,SICU,14,13,0,11,2,7,0,0.8462,0
2026-08-10 20:00:00,140401,140401-CVICU,CVICU,12,11,0,8,3,7,0,0.7273,0
2026-08-10 20:00:00,140401,140401-SDU,SDU,20,18,1,17,0,7,0,1.0,1
2026-08-10 20:00:00,140401,140401-TELE,TELE,31,29,1,28,0,7,0,1.0,1
2026-08-10 20:00:00,140401,140401-PACU,PACU,10,10,0,8,2,7,0,0.8,0
2026-08-10 20:00:00,140401,140401-MS,MS,112,106,2,90,14,7,0,0.8654,1
2026-08-10 20:00:00,140401,140401-ONC,ONC,19,18,0,11,7,7,0,0.6111,0
2026-08-10 20:00:00,140401,140401-PEDS,PEDS,17,16,1,11,4,7,0,0.7333,0
2026-08-10 20:00:00,140401,140401-LD,LD,14,13,0,8,5,7,0,0.6154,0
2026-08-10 20:00:00,140401,140401-PP,PP,19,17,0,14,3,7,0,0.8235,0
2026-08-10 20:00:00,140401,140401-PSY,PSY,20,19,0,12,7,7,0,0.6316,0
2026-08-10 20:00:00,110501,110501-MICU,MICU,6,5,0,5,0,2,0,1.0,1
2026-08-10 20:00:00,110501,110501-TELE,TELE,9,8,0,7,1,2,0,0.875,1
2026-08-10 20:00:00,110501,110501-PACU,PACU,4,4,0,4,0,2,0,1.0,1
2026-08-10 20:00:00,110501,110501-MS,MS,31,28,1,26,1,2,0,0.963,1
2026-08-10 21:00:00,330101,330101-MICU,MICU,23,22,1,21,0,11,0,1.0,1
2026-08-10 21:00:00,330101,330101-SICU,SICU,17,16,0,11,5,11,0,0.6875,0
2026-08-10 21:00:00,330101,330101-CVICU,CVICU,15,13,0,8,5,11,0,0.6154,0
2026-08-10 21:00:00,330101,330101-SDU,SDU,25,24,1,23,0,11,0,1.0,1
2026-08-10 21:00:00,330101,330101-TELE,TELE,38,35,1,34,0,11,0,1.0,1
2026-08-10 21:00:00,330101,330101-PACU,PACU,13,12,0,5,7,11,0,0.4167,0
2026-08-10 21:00:00,330101,330101-MS,MS,139,130,2,125,3,11,0,0.9766,1
2026-08-10 21:00:00,330101,330101-ONC,ONC,23,21,1,16,4,11,0,0.8,0
2026-08-10 21:00:00,330101,330101-PEDS,PEDS,21,20,0,16,4,11,0,0.8,0
2026-08-10 21:00:00,330101,330101-LD,LD,17,16,0,11,5,11,0,0.6875,0
2026-08-10 21:00:00,330101,330101-PP,PP,23,21,1,10,10,11,0,0.5,0
2026-08-10 21:00:00,330101,330101-PSY,PSY,25,23,1,16,6,11,0,0.7273,0
2026-08-10 21:00:00,330102,330102-MICU,MICU,34,31,0,31,0,19,0,1.0,1
2026-08-10 21:00:00,330102,330102-SICU,SICU,24,21,0,20,1,19,0,0.9524,1
2026-08-10 21:00:00,330102,330102-CVICU,CVICU,21,20,1,19,0,19,0,1.0,1
2026-08-10 21:00:00,330102,330102-NICU,NICU,18,16,0,12,4,19,0,0.75,0
2026-08-10 21:00:00,330102,330102-SDU,SDU,37,36,0,35,1,19,0,0.9722,1
2026-08-10 21:00:00,330102,330102-TELE,TELE,55,49,2,47,0,19,0,1.0,1
2026-08-10 21:00:00,330102,330102-PACU,PACU,18,16,0,12,4,19,0,0.75,0
2026-08-10 21:00:00,330102,330102-MS,MS,201,179,1,158,20,19,0,0.8876,1
2026-08-10 21:00:00,330102,330102-ONC,ONC,34,30,1,24,5,19,0,0.8276,0
2026-08-10 21:00:00,330102,330102-PEDS,PEDS,30,27,1,16,10,19,0,0.6154,0
2026-08-10 21:00:00,330102,330102-LD,LD,24,22,1,15,6,19,0,0.7143,0
2026-08-10 21:00:00,330102,330102-PP,PP,34,33,0,23,10,19,0,0.697,0
2026-08-10 21:00:00,330102,330102-PSY,PSY,37,36,1,28,7,19,0,0.8,0
2026-08-10 21:00:00,330102,330102-REHAB,REHAB,18,16,0,10,6,19,0,0.625,0
2026-08-10 21:00:00,050201,050201-MICU,MICU,21,19,0,17,2,6,0,0.8947,1
2026-08-10 21:00:00,050201,050201-SICU,SICU,15,15,0,10,5,6,0,0.6667,0
2026-08-10 21:00:00,050201,050201-CVICU,CVICU,13,12,0,11,1,6,0,0.9167,1
2026-08-10 21:00:00,050201,050201-SDU,SDU,23,21,1,20,0,6,0,1.0,1
2026-08-10 21:00:00,050201,050201-TELE,TELE,34,32,1,25,6,6,0,0.8065,0
2026-08-10 21:00:00,050201,050201-PACU,PACU,11,10,0,9,1,6,0,0.9,1
2026-08-10 21:00:00,050201,050201-MS,MS,125,113,2,82,29,6,0,0.7387,0
2026-08-10 21:00:00,050201,050201-ONC,ONC,21,19,1,13,5,6,0,0.7222,0
2026-08-10 21:00:00,050201,050201-PEDS,PEDS,19,17,0,10,7,6,0,0.5882,0
2026-08-10 21:00:00,050201,050201-LD,LD,15,14,0,7,7,6,0,0.5,0
2026-08-10 21:00:00,050201,050201-PP,PP,21,20,0,13,7,6,0,0.65,0
2026-08-10 21:00:00,050201,050201-PSY,PSY,23,22,1,14,7,6,0,0.6667,0
2026-08-10 21:00:00,030301,030301-MICU,MICU,14,13,0,12,1,6,0,0.9231,1
2026-08-10 21:00:00,030301,030301-SDU,SDU,15,13,0,13,0,6,0,1.0,1
2026-08-10 21:00:00,030301,030301-TELE,TELE,22,20,0,20,0,6,0,1.0,1
2026-08-10 21:00:00,030301,030301-PACU,PACU,8,8,0,2,6,6,0,0.25,0
2026-08-10 21:00:00,030301,030301-MS,MS,82,72,3,69,0,6,0,1.0,1
2026-08-10 21:00:00,030301,030301-PEDS,PEDS,12,11,0,7,4,6,0,0.6364,0
2026-08-10 21:00:00,030301,030301-LD,LD,10,10,0,6,4,6,0,0.6,0
2026-08-10 21:00:00,030301,030301-PP,PP,14,12,0,10,2,6,0,0.8333,0
2026-08-10 21:00:00,140401,140401-MICU,MICU,19,17,0,12,5,7,0,0.7059,0
2026-08-10 21:00:00,140401,140401-SICU,SICU,14,13,0,11,2,7,0,0.8462,0
2026-08-10 21:00:00,140401,140401-CVICU,CVICU,12,11,0,8,3,7,0,0.7273,0
2026-08-10 21:00:00,140401,140401-SDU,SDU,20,18,1,17,0,7,0,1.0,1
2026-08-10 21:00:00,140401,140401-TELE,TELE,31,29,1,27,1,7,0,0.9643,1
2026-08-10 21:00:00,140401,140401-PACU,PACU,10,10,0,8,2,7,0,0.8,0
2026-08-10 21:00:00,140401,140401-MS,MS,112,106,2,91,13,7,0,0.875,1
2026-08-10 21:00:00,140401,140401-ONC,ONC,19,18,0,10,8,7,0,0.5556,0
2026-08-10 21:00:00,140401,140401-PEDS,PEDS,17,16,1,11,4,7,0,0.7333,0
2026-08-10 21:00:00,140401,140401-LD,LD,14,13,0,9,4,7,0,0.6923,0
2026-08-10 21:00:00,140401,140401-PP,PP,19,17,0,14,3,7,0,0.8235,0
2026-08-10 21:00:00,140401,140401-PSY,PSY,20,19,0,12,7,7,0,0.6316,0
2026-08-10 21:00:00,110501,110501-MICU,MICU,6,5,0,5,0,1,0,1.0,1
2026-08-10 21:00:00,110501,110501-TELE,TELE,9,8,0,6,2,1,0,0.75,0
2026-08-10 21:00:00,110501,110501-PACU,PACU,4,4,0,4,0,1,0,1.0,1
2026-08-10 21:00:00,110501,110501-MS,MS,31,28,1,27,0,1,0,1.0,1
2026-08-10 22:00:00,330101,330101-MICU,MICU,23,22,1,21,0,11,0,1.0,1
2026-08-10 22:00:00,330101,330101-SICU,SICU,17,16,0,11,5,11,0,0.6875,0
2026-08-10 22:00:00,330101,330101-CVICU,CVICU,15,13,0,8,5,11,0,0.6154,0
2026-08-10 22:00:00,330101,330101-SDU,SDU,25,24,1,22,1,11,0,0.9565,1
2026-08-10 22:00:00,330101,330101-TELE,TELE,38,35,1,32,2,11,0,0.9412,1
2026-08-10 22:00:00,330101,330101-PACU,PACU,13,12,0,5,7,11,0,0.4167,0
2026-08-10 22:00:00,330101,330101-MS,MS,139,130,2,123,5,11,0,0.9609,1
2026-08-10 22:00:00,330101,330101-ONC,ONC,23,21,1,16,4,11,0,0.8,0
2026-08-10 22:00:00,330101,330101-PEDS,PEDS,21,20,0,16,4,11,0,0.8,0
2026-08-10 22:00:00,330101,330101-LD,LD,17,16,0,12,4,11,0,0.75,0
2026-08-10 22:00:00,330101,330101-PP,PP,23,21,1,10,10,11,0,0.5,0
2026-08-10 22:00:00,330101,330101-PSY,PSY,25,23,1,17,5,11,0,0.7727,0
2026-08-10 22:00:00,330102,330102-MICU,MICU,34,31,0,31,0,21,0,1.0,1
2026-08-10 22:00:00,330102,330102-SICU,SICU,24,21,0,20,1,21,0,0.9524,1
2026-08-10 22:00:00,330102,330102-CVICU,CVICU,21,20,1,19,0,21,0,1.0,1
2026-08-10 22:00:00,330102,330102-NICU,NICU,18,16,0,12,4,21,0,0.75,0
2026-08-10 22:00:00,330102,330102-SDU,SDU,37,36,0,35,1,21,0,0.9722,1
2026-08-10 22:00:00,330102,330102-TELE,TELE,55,49,2,46,1,21,0,0.9787,1
2026-08-10 22:00:00,330102,330102-PACU,PACU,18,16,0,11,5,21,0,0.6875,0
2026-08-10 22:00:00,330102,330102-MS,MS,201,179,1,158,20,21,0,0.8876,1
2026-08-10 22:00:00,330102,330102-ONC,ONC,34,30,1,25,4,21,0,0.8621,1
2026-08-10 22:00:00,330102,330102-PEDS,PEDS,30,27,1,16,10,21,0,0.6154,0
2026-08-10 22:00:00,330102,330102-LD,LD,24,22,1,15,6,21,0,0.7143,0
2026-08-10 22:00:00,330102,330102-PP,PP,34,33,0,23,10,21,0,0.697,0
2026-08-10 22:00:00,330102,330102-PSY,PSY,37,36,1,28,7,21,0,0.8,0
2026-08-10 22:00:00,330102,330102-REHAB,REHAB,18,16,0,10,6,21,0,0.625,0
2026-08-10 22:00:00,050201,050201-MICU,MICU,21,19,0,16,3,8,0,0.8421,0
2026-08-10 22:00:00,050201,050201-SICU,SICU,15,15,0,10,5,8,0,0.6667,0
2026-08-10 22:00:00,050201,050201-CVICU,CVICU,13,12,0,11,1,8,0,0.9167,1
2026-08-10 22:00:00,050201,050201-SDU,SDU,23,21,1,20,0,8,0,1.0,1
2026-08-10 22:00:00,050201,050201-TELE,TELE,34,32,1,25,6,8,0,0.8065,0
2026-08-10 22:00:00,050201,050201-PACU,PACU,11,10,0,9,1,8,0,0.9,1
2026-08-10 22:00:00,050201,050201-MS,MS,125,113,2,81,30,8,0,0.7297,0
2026-08-10 22:00:00,050201,050201-ONC,ONC,21,19,1,12,6,8,0,0.6667,0
2026-08-10 22:00:00,050201,050201-PEDS,PEDS,19,17,0,10,7,8,0,0.5882,0
2026-08-10 22:00:00,050201,050201-LD,LD,15,14,0,7,7,8,0,0.5,0
2026-08-10 22:00:00,050201,050201-PP,PP,21,20,0,12,8,8,0,0.6,0
2026-08-10 22:00:00,050201,050201-PSY,PSY,23,22,1,14,7,8,0,0.6667,0
2026-08-10 22:00:00,030301,030301-MICU,MICU,14,13,0,12,1,8,0,0.9231,1
2026-08-10 22:00:00,030301,030301-SDU,SDU,15,13,0,13,0,8,0,1.0,1
2026-08-10 22:00:00,030301,030301-TELE,TELE,22,20,0,20,0,8,0,1.0,1
2026-08-10 22:00:00,030301,030301-PACU,PACU,8,8,0,2,6,8,0,0.25,0
2026-08-10 22:00:00,030301,030301-MS,MS,82,72,3,69,0,8,0,1.0,1
2026-08-10 22:00:00,030301,030301-PEDS,PEDS,12,11,0,7,4,8,0,0.6364,0
2026-08-10 22:00:00,030301,030301-LD,LD,10,10,0,6,4,8,0,0.6,0
2026-08-10 22:00:00,030301,030301-PP,PP,14,12,0,11,1,8,0,0.9167,1
2026-08-10 22:00:00,140401,140401-MICU,MICU,19,17,0,12,5,4,0,0.7059,0
2026-08-10 22:00:00,140401,140401-SICU,SICU,14,13,0,11,2,4,0,0.8462,0
2026-08-10 22:00:00,140401,140401-CVICU,CVICU,12,11,0,8,3,4,0,0.7273,0
2026-08-10 22:00:00,140401,140401-SDU,SDU,20,18,1,17,0,4,0,1.0,1
2026-08-10 22:00:00,140401,140401-TELE,TELE,31,29,1,27,1,4,0,0.9643,1
2026-08-10 22:00:00,140401,140401-PACU,PACU,10,10,0,8,2,4,0,0.8,0
2026-08-10 22:00:00,140401,140401-MS,MS,112,106,2,90,14,4,0,0.8654,1
2026-08-10 22:00:00,140401,140401-ONC,ONC,19,18,0,10,8,4,0,0.5556,0
2026-08-10 22:00:00,140401,140401-PEDS,PEDS,17,16,1,11,4,4,0,0.7333,0
2026-08-10 22:00:00,140401,140401-LD,LD,14,13,0,9,4,4,0,0.6923,0
2026-08-10 22:00:00,140401,140401-PP,PP,19,17,0,14,3,4,0,0.8235,0
2026-08-10 22:00:00,140401,140401-PSY,PSY,20,19,0,12,7,4,0,0.6316,0
2026-08-10 22:00:00,110501,110501-MICU,MICU,6,5,0,5,0,1,0,1.0,1
2026-08-10 22:00:00,110501,110501-TELE,TELE,9,8,0,6,2,1,0,0.75,0
2026-08-10 22:00:00,110501,110501-PACU,PACU,4,4,0,4,0,1,0,1.0,1
2026-08-10 22:00:00,110501,110501-MS,MS,31,28,1,26,1,1,0,0.963,1
2026-08-10 23:00:00,330101,330101-MICU,MICU,23,22,1,21,0,11,0,1.0,1
2026-08-10 23:00:00,330101,330101-SICU,SICU,17,16,0,11,5,11,0,0.6875,0
2026-08-10 23:00:00,330101,330101-CVICU,CVICU,15,13,0,8,5,11,0,0.6154,0
2026-08-10 23:00:00,330101,330101-SDU,SDU,25,24,1,21,2,11,0,0.913,1
2026-08-10 23:00:00,330101,330101-TELE,TELE,38,35,1,31,3,11,0,0.9118,1
2026-08-10 23:00:00,330101,330101-PACU,PACU,13,12,0,6,6,11,0,0.5,0
2026-08-10 23:00:00,330101,330101-MS,MS,139,130,2,122,6,11,0,0.9531,1
2026-08-10 23:00:00,330101,330101-ONC,ONC,23,21,1,16,4,11,0,0.8,0
2026-08-10 23:00:00,330101,330101-PEDS,PEDS,21,20,0,15,5,11,0,0.75,0
2026-08-10 23:00:00,330101,330101-LD,LD,17,16,0,12,4,11,0,0.75,0
2026-08-10 23:00:00,330101,330101-PP,PP,23,21,1,11,9,11,0,0.55,0
2026-08-10 23:00:00,330101,330101-PSY,PSY,25,23,1,17,5,11,0,0.7727,0
2026-08-10 23:00:00,330102,330102-MICU,MICU,34,31,0,31,0,21,0,1.0,1
2026-08-10 23:00:00,330102,330102-SICU,SICU,24,21,0,20,1,21,0,0.9524,1
2026-08-10 23:00:00,330102,330102-CVICU,CVICU,21,20,1,19,0,21,0,1.0,1
2026-08-10 23:00:00,330102,330102-NICU,NICU,18,16,0,12,4,21,0,0.75,0
2026-08-10 23:00:00,330102,330102-SDU,SDU,37,36,0,35,1,21,0,0.9722,1
2026-08-10 23:00:00,330102,330102-TELE,TELE,55,49,2,46,1,21,0,0.9787,1
2026-08-10 23:00:00,330102,330102-PACU,PACU,18,16,0,11,5,21,0,0.6875,0
2026-08-10 23:00:00,330102,330102-MS,MS,201,179,1,157,21,21,0,0.882,1
2026-08-10 23:00:00,330102,330102-ONC,ONC,34,30,1,25,4,21,0,0.8621,1
2026-08-10 23:00:00,330102,330102-PEDS,PEDS,30,27,1,15,11,21,0,0.5769,0
2026-08-10 23:00:00,330102,330102-LD,LD,24,22,1,15,6,21,0,0.7143,0
2026-08-10 23:00:00,330102,330102-PP,PP,34,33,0,23,10,21,0,0.697,0
2026-08-10 23:00:00,330102,330102-PSY,PSY,37,36,1,28,7,21,0,0.8,0
2026-08-10 23:00:00,330102,330102-REHAB,REHAB,18,16,0,10,6,21,0,0.625,0
2026-08-10 23:00:00,050201,050201-MICU,MICU,21,19,0,16,3,8,0,0.8421,0
2026-08-10 23:00:00,050201,050201-SICU,SICU,15,15,0,9,6,8,0,0.6,0
2026-08-10 23:00:00,050201,050201-CVICU,CVICU,13,12,0,11,1,8,0,0.9167,1
2026-08-10 23:00:00,050201,050201-SDU,SDU,23,21,1,20,0,8,0,1.0,1
2026-08-10 23:00:00,050201,050201-TELE,TELE,34,32,1,24,7,8,0,0.7742,0
2026-08-10 23:00:00,050201,050201-PACU,PACU,11,10,0,9,1,8,0,0.9,1
2026-08-10 23:00:00,050201,050201-MS,MS,125,113,2,80,31,8,0,0.7207,0
2026-08-10 23:00:00,050201,050201-ONC,ONC,21,19,1,12,6,8,0,0.6667,0
2026-08-10 23:00:00,050201,050201-PEDS,PEDS,19,17,0,10,7,8,0,0.5882,0
2026-08-10 23:00:00,050201,050201-LD,LD,15,14,0,8,6,8,0,0.5714,0
2026-08-10 23:00:00,050201,050201-PP,PP,21,20,0,12,8,8,0,0.6,0
2026-08-10 23:00:00,050201,050201-PSY,PSY,23,22,1,14,7,8,0,0.6667,0
2026-08-10 23:00:00,030301,030301-MICU,MICU,14,13,0,13,0,7,0,1.0,1
2026-08-10 23:00:00,030301,030301-SDU,SDU,15,13,0,13,0,7,0,1.0,1
2026-08-10 23:00:00,030301,030301-TELE,TELE,22,20,0,20,0,7,0,1.0,1
2026-08-10 23:00:00,030301,030301-PACU,PACU,8,8,0,2,6,7,0,0.25,0
2026-08-10 23:00:00,030301,030301-MS,MS,82,72,3,69,0,7,0,1.0,1
2026-08-10 23:00:00,030301,030301-PEDS,PEDS,12,11,0,7,4,7,0,0.6364,0
2026-08-10 23:00:00,030301,030301-LD,LD,10,10,0,6,4,7,0,0.6,0
2026-08-10 23:00:00,030301,030301-PP,PP,14,12,0,11,1,7,0,0.9167,1
2026-08-10 23:00:00,140401,140401-MICU,MICU,19,17,0,12,5,4,0,0.7059,0
2026-08-10 23:00:00,140401,140401-SICU,SICU,14,13,0,10,3,4,0,0.7692,0
2026-08-10 23:00:00,140401,140401-CVICU,CVICU,12,11,0,9,2,4,0,0.8182,0
2026-08-10 23:00:00,140401,140401-SDU,SDU,20,18,1,17,0,4,0,1.0,1
2026-08-10 23:00:00,140401,140401-TELE,TELE,31,29,1,28,0,4,0,1.0,1
2026-08-10 23:00:00,140401,140401-PACU,PACU,10,10,0,8,2,4,0,0.8,0
2026-08-10 23:00:00,140401,140401-MS,MS,112,106,2,92,12,4,0,0.8846,1
2026-08-10 23:00:00,140401,140401-ONC,ONC,19,18,0,10,8,4,0,0.5556,0
2026-08-10 23:00:00,140401,140401-PEDS,PEDS,17,16,1,11,4,4,0,0.7333,0
2026-08-10 23:00:00,140401,140401-LD,LD,14,13,0,8,5,4,0,0.6154,0
2026-08-10 23:00:00,140401,140401-PP,PP,19,17,0,14,3,4,0,0.8235,0
2026-08-10 23:00:00,140401,140401-PSY,PSY,20,19,0,12,7,4,0,0.6316,0
2026-08-10 23:00:00,110501,110501-MICU,MICU,6,5,0,5,0,0,0,1.0,1
2026-08-10 23:00:00,110501,110501-TELE,TELE,9,8,0,6,2,0,0,0.75,0
2026-08-10 23:00:00,110501,110501-PACU,PACU,4,4,0,4,0,0,0,1.0,1
2026-08-10 23:00:00,110501,110501-MS,MS,31,28,1,27,0,0,0,1.0,1
