snapshot_datetime,facility_id,unit_id,unit_code,licensed_beds,staffed_beds,blocked_beds,occupied_beds,available_beds,pending_admissions,pending_discharges,occupancy_rate,is_at_capacity
2026-08-07 00:00:00,330101,330101-MICU,MICU,23,22,1,21,0,10,0,1.0,1
2026-08-07 00:00:00,330101,330101-SICU,SICU,17,16,0,15,1,10,0,0.9375,1
2026-08-07 00:00:00,330101,330101-CVICU,CVICU,15,13,0,13,0,10,0,1.0,1
2026-08-07 00:00:00,330101,330101-SDU,SDU,25,24,1,23,0,10,0,1.0,1
2026-08-07 00:00:00,330101,330101-TELE,TELE,38,35,1,33,1,10,0,0.9706,1
2026-08-07 00:00:00,330101,330101-PACU,PACU,13,12,0,7,5,10,0,0.5833,0
2026-08-07 00:00:00,330101,330101-MS,MS,139,130,2,123,5,10,0,0.9609,1
2026-08-07 00:00:00,330101,330101-ONC,ONC,23,21,1,16,4,10,0,0.8,0
2026-08-07 00:00:00,330101,330101-PEDS,PEDS,21,20,0,13,7,10,0,0.65,0
2026-08-07 00:00:00,330101,330101-LD,LD,17,16,0,8,8,10,0,0.5,0
2026-08-07 00:00:00,330101,330101-PP,PP,23,21,1,16,4,10,0,0.8,0
2026-08-07 00:00:00,330101,330101-PSY,PSY,25,23,1,14,8,10,0,0.6364,0
2026-08-07 00:00:00,330102,330102-MICU,MICU,34,31,0,31,0,21,0,1.0,1
2026-08-07 00:00:00,330102,330102-SICU,SICU,24,21,0,19,2,21,0,0.9048,1
2026-08-07 00:00:00,330102,330102-CVICU,CVICU,21,20,1,17,2,21,0,0.8947,1
2026-08-07 00:00:00,330102,330102-NICU,NICU,18,16,0,14,2,21,0,0.875,1
2026-08-07 00:00:00,330102,330102-SDU,SDU,37,36,0,36,0,21,0,1.0,1
2026-08-07 00:00:00,330102,330102-TELE,TELE,55,49,2,46,1,21,0,0.9787,1
2026-08-07 00:00:00,330102,330102-PACU,PACU,18,16,0,12,4,21,0,0.75,0
2026-08-07 00:00:00,330102,330102-MS,MS,201,179,1,174,4,21,0,0.9775,1
2026-08-07 00:00:00,330102,330102-ONC,ONC,34,30,1,28,1,21,0,0.9655,1
2026-08-07 00:00:00,330102,330102-PEDS,PEDS,30,27,1,19,7,21,0,0.7308,0
2026-08-07 00:00:00,330102,330102-LD,LD,24,22,1,13,8,21,0,0.619,0
2026-08-07 00:00:00,330102,330102-PP,PP,34,33,0,20,13,21,0,0.6061,0
2026-08-07 00:00:00,330102,330102-PSY,PSY,37,36,1,29,6,21,0,0.8286,0
2026-08-07 00:00:00,330102,330102-REHAB,REHAB,18,16,0,16,0,21,0,1.0,1
2026-08-07 00:00:00,050201,050201-MICU,MICU,21,19,0,18,1,9,0,0.9474,1
2026-08-07 00:00:00,050201,050201-SICU,SICU,15,15,0,14,1,9,0,0.9333,1
2026-08-07 00:00:00,050201,050201-CVICU,CVICU,13,12,0,8,4,9,0,0.6667,0
2026-08-07 00:00:00,050201,050201-SDU,SDU,23,21,1,19,1,9,0,0.95,1
2026-08-07 00:00:00,050201,050201-TELE,TELE,34,32,1,30,1,9,0,0.9677,1
2026-08-07 00:00:00,050201,050201-PACU,PACU,11,10,0,7,3,9,0,0.7,0
2026-08-07 00:00:00,050201,050201-MS,MS,125,113,2,93,18,9,0,0.8378,0
2026-08-07 00:00:00,050201,050201-ONC,ONC,21,19,1,9,9,9,0,0.5,0
2026-08-07 00:00:00,050201,050201-PEDS,PEDS,19,17,0,11,6,9,0,0.6471,0
2026-08-07 00:00:00,050201,050201-LD,LD,15,14,0,8,6,9,0,0.5714,0
2026-08-07 00:00:00,050201,050201-PP,PP,21,20,0,13,7,9,0,0.65,0
2026-08-07 00:00:00,050201,050201-PSY,PSY,23,22,1,15,6,9,0,0.7143,0
2026-08-07 00:00:00,030301,030301-MICU,MICU,14,13,0,13,0,4,0,1.0,1
2026-08-07 00:00:00,030301,030301-SDU,SDU,15,13,0,12,1,4,0,0.9231,1
2026-08-07 00:00:00,030301,030301-TELE,TELE,22,20,0,20,0,4,0,1.0,1
2026-08-07 00:00:00,030301,030301-PACU,PACU,8,8,0,8,0,4,0,1.0,1
2026-08-07 00:00:00,030301,030301-MS,MS,82,72,3,67,2,4,0,0.971,1
2026-08-07 00:00:00,030301,030301-PEDS,PEDS,12,11,0,11,0,4,0,1.0,1
2026-08-07 00:00:00,030301,030301-LD,LD,10,10,0,10,0,4,0,1.0,1
2026-08-07 00:00:00,030301,030301-PP,PP,14,12,0,11,1,4,0,0.9167,1
2026-08-07 00:00:00,140401,140401-MICU,MICU,19,17,0,17,0,7,0,1.0,1
2026-08-07 00:00:00,140401,140401-SICU,SICU,14,13,0,10,3,7,0,0.7692,0
2026-08-07 00:00:00,140401,140401-CVICU,CVICU,12,11,0,8,3,7,0,0.7273,0
2026-08-07 00:00:00,140401,140401-SDU,SDU,20,18,1,16,1,7,0,0.9412,1
2026-08-07 00:00:00,140401,140401-TELE,TELE,31,29,1,26,2,7,0,0.9286,1
2026-08-07 00:00:00,140401,140401-PACU,PACU,10,10,0,8,2,7,0,0.8,0
2026-08-07 00:00:00,140401,140401-MS,MS,112,,2,91,13,7,0,0.875,1
2026-08-07 00:00:00,140401,140401-ONC,ONC,19,18,0,16,2,7,0,0.8889,1
2026-08-07 00:00:00,140401,140401-PEDS,PEDS,17,16,1,14,1,7,0,0.9333,1
2026-08-07 00:00:00,140401,140401-LD,LD,14,13,0,8,5,7,0,0.6154,0
2026-08-07 00:00:00,140401,140401-PP,PP,19,17,0,9,8,7,0,0.5294,0
2026-08-07 00:00:00,140401,140401-PSY,PSY,20,19,0,19,0,7,0,1.0,1
2026-08-07 00:00:00,110501,110501-MICU,MICU,6,5,0,5,0,0,0,1.0,1
2026-08-07 00:00:00,110501,110501-TELE,TELE,9,8,0,8,0,0,0,1.0,1
2026-08-07 00:00:00,110501,110501-PACU,PACU,4,4,0,4,0,0,0,1.0,1
2026-08-07 00:00:00,110501,110501-MS,MS,31,28,1,27,0,0,0,1.0,1
2026-08-07 01:00:00,330101,330101-MICU,MICU,23,22,1,21,0,8,0,1.0,1
2026-08-07 01:00:00,330101,330101-SICU,SICU,17,16,0,15,1,8,0,0.9375,1
2026-08-07 01:00:00,330101,330101-CVICU,CVICU,15,13,0,13,0,8,0,1.0,1
2026-08-07 01:00:00,330101,330101-SDU,SDU,25,24,1,23,0,8,0,1.0,1
2026-08-07 01:00:00,330101,330101-TELE,TELE,38,35,1,34,0,8,0,1.0,1
2026-08-07 01:00:00,330101,330101-PACU,PACU,13,12,0,6,6,8,0,0.5,0
2026-08-07 01:00:00,330101,330101-MS,MS,139,130,2,121,7,8,0,0.9453,1
2026-08-07 01:00:00,330101,330101-ONC,ONC,23,21,1,16,4,8,0,0.8,0
2026-08-07 01:00:00,330101,330101-PEDS,PEDS,21,20,0,12,8,8,0,0.6,0
2026-08-07 01:00:00,330101,330101-LD,LD,17,16,0,8,8,8,0,0.5,0
2026-08-07 01:00:00,330101,330101-PP,PP,23,21,1,16,4,8,0,0.8,0
2026-08-07 01:00:00,330101,330101-PSY,PSY,25,23,1,14,8,8,0,0.6364,0
2026-08-07 01:00:00,330102,330102-MICU,MICU,34,31,0,31,0,22,0,1.0,1
2026-08-07 01:00:00,330102,330102-SICU,SICU,24,21,0,18,3,22,0,0.8571,1
2026-08-07 01:00:00,330102,330102-CVICU,CVICU,21,20,1,17,2,22,0,0.8947,1
2026-08-07 01:00:00,330102,330102-NICU,NICU,18,16,0,15,1,22,0,0.9375,1
2026-08-07 01:00:00,330102,330102-SDU,SDU,37,36,0,36,0,22,0,1.0,1
2026-08-07 01:00:00,330102,330102-TELE,TELE,55,49,2,47,0,22,0,1.0,1
2026-08-07 01:00:00,330102,330102-PACU,PACU,18,16,0,12,4,22,0,0.75,0
2026-08-07 01:00:00,330102,330102-MS,MS,201,179,1,173,5,22,0,0.9719,1
2026-08-07 01:00:00,330102,330102-ONC,ONC,34,30,1,27,2,22,0,0.931,1
2026-08-07 01:00:00,330102,330102-PEDS,PEDS,30,27,1,20,6,22,0,0.7692,0
2026-08-07 01:00:00,330102,330102-LD,LD,24,22,1,13,8,22,0,0.619,0
2026-08-07 01:00:00,330102,330102-PP,PP,34,33,0,20,13,22,0,0.6061,0
2026-08-07 01:00:00,330102,330102-PSY,PSY,37,36,1,29,6,22,0,0.8286,0
2026-08-07 01:00:00,330102,330102-REHAB,REHAB,18,16,0,16,0,22,0,1.0,1
2026-08-07 01:00:00,050201,050201-MICU,MICU,21,19,0,18,1,11,0,0.9474,1
2026-08-07 01:00:00,050201,050201-SICU,SICU,15,15,0,14,1,11,0,0.9333,1
2026-08-07 01:00:00,050201,050201-CVICU,CVICU,13,12,0,8,4,11,0,0.6667,0
2026-08-07 01:00:00,050201,050201-SDU,SDU,23,21,1,18,2,11,0,0.9,1
2026-08-07 01:00:00,050201,050201-TELE,TELE,34,32,1,29,2,11,0,0.9355,1
2026-08-07 01:00:00,050201,050201-PACU,PACU,11,10,0,7,3,11,0,0.7,0
2026-08-07 01:00:00,050201,050201-MS,MS,125,113,2,94,17,11,0,0.8468,0
2026-08-07 01:00:00,050201,050201-ONC,ONC,21,19,1,9,9,11,0,0.5,0
2026-08-07 01:00:00,050201,050201-PEDS,PEDS,19,17,0,11,6,11,0,0.6471,0
2026-08-07 01:00:00,050201,050201-LD,LD,15,14,0,8,6,11,0,0.5714,0
2026-08-07 01:00:00,050201,050201-PP,PP,21,20,0,13,7,11,0,0.65,0
2026-08-07 01:00:00,050201,050201-PSY,PSY,23,22,1,15,6,11,0,0.7143,0
2026-08-07 01:00:00,030301,030301-MICU,MICU,14,13,0,13,0,3,0,1.0,1
2026-08-07 01:00:00,030301,030301-SDU,SDU,15,13,0,13,0,3,0,1.0,1
2026-08-07 01:00:00,030301,030301-TELE,TELE,22,20,0,20,0,3,0,1.0,1
2026-08-07 01:00:00,030301,030301-PACU,PACU,8,8,0,8,0,3,0,1.0,1
2026-08-07 01:00:00,030301,030301-MS,MS,82,72,3,67,2,3,0,0.971,1
2026-08-07 01:00:00,030301,030301-PEDS,PEDS,12,11,0,10,1,3,0,0.9091,1
2026-08-07 01:00:00,030301,030301-LD,LD,10,10,0,9,1,3,0,0.9,1
2026-08-07 01:00:00,030301,030301-PP,PP,14,12,0,11,1,3,0,0.9167,1
2026-08-07 01:00:00,140401,140401-MICU,MICU,19,17,0,17,0,4,0,1.0,1
2026-08-07 01:00:00,140401,140401-SICU,SICU,14,13,0,10,3,4,0,0.7692,0
2026-08-07 01:00:00,140401,140401-CVICU,CVICU,12,11,0,8,3,4,0,0.7273,0
2026-08-07 01:00:00,140401,140401-SDU,SDU,20,18,1,16,1,4,0,0.9412,1
2026-08-07 01:00:00,140401,140401-TELE,TELE,31,29,1,26,2,4,0,0.9286,1
2026-08-07 01:00:00,140401,140401-PACU,PACU,10,10,0,9,1,4,0,0.9,1
2026-08-07 01:00:00,140401,140401-MS,MS,112,106,2,88,16,4,0,0.8462,0
2026-08-07 01:00:00,140401,140401-ONC,ONC,19,18,0,16,2,4,0,0.8889,1
2026-08-07 01:00:00,140401,140401-PEDS,PEDS,17,16,1,14,1,4,0,0.9333,1
2026-08-07 01:00:00,140401,140401-LD,LD,14,13,0,8,5,4,0,0.6154,0
2026-08-07 01:00:00,140401,140401-PP,PP,19,17,0,9,8,4,0,0.5294,0
2026-08-07 01:00:00,140401,140401-PSY,PSY,20,19,0,18,1,4,0,0.9474,1
2026-08-07 01:00:00,110501,110501-MICU,MICU,6,5,0,5,0,2,0,1.0,1
2026-08-07 01:00:00,110501,110501-TELE,TELE,9,8,0,8,0,2,0,1.0,1
2026-08-07 01:00:00,110501,110501-PACU,PACU,4,4,0,4,0,2,0,1.0,1
2026-08-07 01:00:00,110501,110501-MS,MS,31,28,1,27,0,2,0,1.0,1
2026-08-07 02:00:00,330101,330101-MICU,MICU,23,22,1,21,0,7,0,1.0,1
2026-08-07 02:00:00,330101,330101-SICU,SICU,17,16,0,15,1,7,0,0.9375,1
2026-08-07 02:00:00,330101,330101-CVICU,CVICU,15,13,0,13,0,7,0,1.0,1
2026-08-07 02:00:00,330101,330101-SDU,SDU,25,24,1,23,0,7,0,1.0,1
2026-08-07 02:00:00,330101,330101-TELE,TELE,38,35,1,34,0,7,0,1.0,1
2026-08-07 02:00:00,330101,330101-PACU,PACU,13,12,0,7,5,7,0,0.5833,0
2026-08-07 02:00:00,330101,330101-MS,MS,139,130,2,119,9,7,0,0.9297,1
2026-08-07 02:00:00,330101,330101-ONC,ONC,23,21,1,16,4,7,0,0.8,0
2026-08-07 02:00:00,330101,330101-PEDS,PEDS,21,20,0,12,8,7,0,0.6,0
2026-08-07 02:00:00,330101,330101-LD,LD,17,16,0,8,8,7,0,0.5,0
2026-08-07 02:00:00,330101,330101-PP,PP,23,21,1,16,4,7,0,0.8,0
2026-08-07 02:00:00,330101,330101-PSY,PSY,25,23,1,14,8,7,0,0.6364,0
2026-08-07 02:00:00,330102,330102-MICU,MICU,34,31,0,31,0,20,0,1.0,1
2026-08-07 02:00:00,330102,330102-SICU,SICU,24,21,0,17,4,20,0,0.8095,0
2026-08-07 02:00:00,330102,330102-CVICU,CVICU,21,20,1,16,3,20,0,0.8421,0
2026-08-07 02:00:00,330102,330102-NICU,NICU,18,16,0,15,1,20,0,0.9375,1
2026-08-07 02:00:00,330102,330102-SDU,SDU,37,36,0,36,0,20,0,1.0,1
2026-08-07 02:00:00,330102,330102-TELE,TELE,55,49,2,47,0,20,0,1.0,1
2026-08-07 02:00:00,330102,330102-PACU,PACU,18,16,0,12,4,20,0,0.75,0
2026-08-07 02:00:00,330102,330102-MS,MS,201,179,1,170,8,20,0,0.9551,1
2026-08-07 02:00:00,330102,330102-ONC,ONC,34,30,1,27,2,20,0,0.931,1
2026-08-07 02:00:00,330102,330102-PEDS,PEDS,30,27,1,20,6,20,0,0.7692,0
2026-08-07 02:00:00,330102,330102-LD,LD,24,22,1,13,8,20,0,0.619,0
2026-08-07 02:00:00,330102,330102-PP,PP,34,33,0,20,13,20,0,0.6061,0
2026-08-07 02:00:00,330102,330102-PSY,PSY,37,36,1,29,6,20,0,0.8286,0
2026-08-07 02:00:00,330102,330102-REHAB,REHAB,18,16,0,16,0,20,0,1.0,1
2026-08-07 02:00:00,050201,050201-MICU,MICU,21,19,0,18,1,10,0,0.9474,1
2026-08-07 02:00:00,050201,050201-SICU,SICU,15,15,0,14,1,10,0,0.9333,1
2026-08-07 02:00:00,050201,050201-CVICU,CVICU,13,12,0,8,4,10,0,0.6667,0
2026-08-07 02:00:00,050201,050201-SDU,SDU,23,21,1,18,2,10,0,0.9,1
2026-08-07 02:00:00,050201,050201-TELE,TELE,34,32,1,28,3,10,0,0.9032,1
2026-08-07 02:00:00,050201,050201-PACU,PACU,11,10,0,8,2,10,0,0.8,0
2026-08-07 02:00:00,050201,050201-MS,MS,125,113,2,94,17,10,0,0.8468,0
2026-08-07 02:00:00,050201,050201-ONC,ONC,21,19,1,9,9,10,0,0.5,0
2026-08-07 02:00:00,050201,050201-PEDS,PEDS,19,17,0,10,7,10,0,0.5882,0
2026-08-07 02:00:00,050201,050201-LD,LD,15,14,0,8,6,10,0,0.5714,0
2026-08-07 02:00:00,050201,050201-PP,PP,21,20,0,13,7,10,0,0.65,0
2026-08-07 02:00:00,050201,050201-PSY,PSY,23,22,1,15,6,10,0,0.7143,0
2026-08-07 02:00:00,030301,030301-MICU,MICU,14,13,0,13,0,3,0,1.0,1
2026-08-07 02:00:00,030301,030301-SDU,SDU,15,13,0,13,0,3,0,1.0,1
2026-08-07 02:00:00,030301,030301-TELE,TELE,22,20,0,20,0,3,0,1.0,1
2026-08-07 02:00:00,030301,030301-PACU,PACU,8,8,0,7,1,3,0,0.875,1
2026-08-07 02:00:00,030301,030301-MS,MS,82,72,3,68,1,3,0,0.9855,1
2026-08-07 02:00:00,030301,030301-PEDS,PEDS,12,11,0,10,1,3,0,0.9091,1
2026-08-07 02:00:00,030301,030301-LD,LD,10,10,0,10,0,3,0,1.0,1
2026-08-07 02:00:00,030301,030301-PP,PP,14,12,0,10,2,3,0,0.8333,0
2026-08-07 02:00:00,140401,140401-MICU,MICU,19,17,0,17,0,5,0,1.0,1
2026-08-07 02:00:00,140401,140401-SICU,SICU,14,13,0,10,3,5,0,0.7692,0
2026-08-07 02:00:00,140401,140401-CVICU,CVICU,12,11,0,8,3,5,0,0.7273,0
2026-08-07 02:00:00,140401,140401-SDU,SDU,20,18,1,17,0,5,0,1.0,1
2026-08-07 02:00:00,140401,140401-TELE,TELE,31,29,1,24,4,5,0,0.8571,1
2026-08-07 02:00:00,140401,140401-PACU,PACU,10,10,0,9,1,5,0,0.9,1
2026-08-07 02:00:00,140401,140401-MS,MS,112,106,2,89,15,5,0,0.8558,1
2026-08-07 02:00:00,140401,140401-ONC,ONC,19,18,0,16,2,5,0,0.8889,1
2026-08-07 02:00:00,140401,140401-PEDS,PEDS,17,16,1,14,1,5,0,0.9333,1
2026-08-07 02:00:00,140401,140401-LD,LD,14,13,0,8,5,5,0,0.6154,0
2026-08-07 02:00:00,140401,140401-PP,PP,19,17,0,9,8,5,0,0.5294,0
2026-08-07 02:00:00,140401,140401-PSY,PSY,20,19,0,18,1,5,0,0.9474,1
2026-08-07 02:00:00,110501,110501-MICU,MICU,6,5,0,5,0,1,0,1.0,1
2026-08-07 02:00:00,110501,110501-TELE,TELE,9,8,0,8,0,1,0,1.0,1
2026-08-07 02:00:00,110501,110501-PACU,PACU,4,4,0,4,0,1,0,1.0,1
2026-08-07 02:00:00,110501,110501-MS,MS,31,28,1,27,0,1,0,1.0,1
2026-08-07 03:00:00,330101,330101-MICU,MICU,23,22,1,21,0,6,0,1.0,1
2026-08-07 03:00:00,330101,330101-SICU,SICU,17,16,0,15,1,6,0,0.9375,1
2026-08-07 03:00:00,330101,330101-CVICU,CVICU,15,13,0,12,-1,6,0,0.9231,1
2026-08-07 03:00:00,330101,330101-SDU,SDU,25,24,1,23,0,6,0,1.0,1
2026-08-07 03:00:00,330101,330101-TELE,TELE,38,35,1,34,0,6,0,1.0,1
2026-08-07 03:00:00,330101,330101-PACU,PACU,13,12,0,7,5,6,0,0.5833,0
2026-08-07 03:00:00,330101,330101-MS,MS,139,130,2,118,10,6,0,0.9219,1
2026-08-07 03:00:00,330101,330101-ONC,ONC,23,21,1,16,4,6,0,0.8,0
2026-08-07 03:00:00,330101,330101-PEDS,PEDS,21,20,0,12,8,6,0,0.6,0
2026-08-07 03:00:00,330101,330101-LD,LD,17,16,0,8,8,6,0,0.5,0
2026-08-07 03:00:00,330101,330101-PP,PP,23,21,1,16,4,6,0,0.8,0
2026-08-07 03:00:00,330101,330101-PSY,PSY,25,23,1,14,8,6,0,0.6364,0
2026-08-07 03:00:00,330102,330102-MICU,MICU,34,31,0,31,0,18,0,1.0,1
2026-08-07 03:00:00,330102,330102-SICU,SICU,24,21,0,17,4,18,0,0.8095,0
2026-08-07 03:00:00,330102,330102-CVICU,CVICU,21,20,1,15,4,18,0,0.7895,0
2026-08-07 03:00:00,330102,330102-NICU,NICU,18,16,0,15,1,18,0,0.9375,1
2026-08-07 03:00:00,330102,330102-SDU,SDU,37,36,0,36,0,18,0,1.0,1
2026-08-07 03:00:00,330102,330102-TELE,TELE,55,49,2,46,1,18,0,0.9787,1
2026-08-07 03:00:00,330102,330102-PACU,PACU,18,16,0,12,4,18,0,0.75,0
2026-08-07 03:00:00,330102,330102-MS,MS,201,179,1,170,8,18,0,0.9551,1
2026-08-07 03:00:00,330102,330102-ONC,ONC,34,30,1,27,2,18,0,0.931,1
2026-08-07 03:00:00,330102,330102-PEDS,PEDS,30,27,1,21,5,18,0,0.8077,0
2026-08-07 03:00:00,330102,330102-LD,LD,24,22,1,12,9,18,0,0.5714,0
2026-08-07 03:00:00,330102,330102-PP,PP,34,33,0,20,13,18,0,0.6061,0
2026-08-07 03:00:00,330102,330102-PSY,PSY,37,36,1,27,8,18,0,0.7714,0
2026-08-07 03:00:00,330102,330102-REHAB,REHAB,18,16,0,16,0,18,0,1.0,1
2026-08-07 03:00:00,050201,050201-MICU,MICU,21,19,0,18,1,9,0,0.9474,1
2026-08-07 03:00:00,050201,050201-SICU,SICU,15,15,0,14,1,9,0,0.9333,1
2026-08-07 03:00:00,050201,050201-CVICU,CVICU,13,12,0,8,4,9,0,0.6667,0
2026-08-07 03:00:00,050201,050201-SDU,SDU,23,21,1,18,2,9,0,0.9,1
2026-08-07 03:00:00,050201,050201-TELE,TELE,34,32,1,27,4,9,0,0.871,1
2026-08-07 03:00:00,050201,050201-PACU,PACU,11,10,0,8,2,9,0,0.8,0
2026-08-07 03:00:00,050201,050201-MS,MS,125,113,2,92,19,9,0,0.8288,0
2026-08-07 03:00:00,050201,050201-ONC,ONC,21,19,1,9,9,9,0,0.5,0
2026-08-07 03:00:00,050201,050201-PEDS,PEDS,19,17,0,10,7,9,0,0.5882,0
2026-08-07 03:00:00,050201,050201-LD,LD,15,14,0,8,6,9,0,0.5714,0
2026-08-07 03:00:00,050201,050201-PP,PP,21,20,0,12,8,9,0,0.6,0
2026-08-07 03:00:00,050201,050201-PSY,PSY,23,22,1,15,6,9,0,0.7143,0
2026-08-07 03:00:00,030301,030301-MICU,MICU,14,13,0,13,0,4,0,1.0,1
2026-08-07 03:00:00,030301,030301-SDU,SDU,15,13,0,13,0,4,0,1.0,1
2026-08-07 03:00:00,030301,030301-TELE,TELE,22,20,0,20,0,4,0,1.0,1
2026-08-07 03:00:00,030301,030301-PACU,PACU,8,8,0,7,1,4,0,0.875,1
2026-08-07 03:00:00,030301,030301-MS,MS,82,72,3,66,3,4,0,0.9565,1
2026-08-07 03:00:00,030301,030301-PEDS,PEDS,12,11,0,10,1,4,0,0.9091,1
2026-08-07 03:00:00,030301,030301-LD,LD,10,10,0,10,0,4,0,1.0,1
2026-08-07 03:00:00,030301,030301-PP,PP,14,12,0,10,2,4,0,0.8333,0
2026-08-07 03:00:00,140401,140401-MICU,MICU,19,17,0,16,1,5,0,0.9412,1
2026-08-07 03:00:00,140401,140401-SICU,SICU,14,13,0,11,2,5,0,0.8462,0
2026-08-07 03:00:00,140401,140401-CVICU,CVICU,12,11,0,8,3,5,0,0.7273,0
2026-08-07 03:00:00,140401,140401-SDU,SDU,20,18,1,17,0,5,0,1.0,1
2026-08-07 03:00:00,140401,140401-TELE,TELE,31,29,1,23,5,5,0,0.8214,0
2026-08-07 03:00:00,140401,140401-PACU,PACU,10,10,0,9,1,5,0,0.9,1
2026-08-07 03:00:00,140401,140401-MS,MS,112,106,2,88,16,5,0,0.8462,0
2026-08-07 03:00:00,140401,140401-ONC,ONC,19,18,0,14,4,5,0,0.7778,0
2026-08-07 03:00:00,140401,140401-PEDS,PEDS,17,16,1,14,1,5,0,0.9333,1
2026-08-07 03:00:00,140401,140401-LD,LD,14,13,0,9,4,5,0,0.6923,0
2026-08-07 03:00:00,140401,140401-PP,PP,19,17,0,10,7,5,0,0.5882,0
2026-08-07 03:00:00,140401,140401-PSY,PSY,20,19,0,16,3,5,0,0.8421,0
2026-08-07 03:00:00,110501,110501-MICU,MICU,6,5,0,5,0,2,0,1.0,1
2026-08-07 03:00:00,110501,110501-TELE,TELE,9,8,0,8,0,2,0,1.0,1
2026-08-07 03:00:00,110501,110501-PACU,PACU,4,4,0,4,0,2,0,1.0,1
2026-08-07 03:00:00,110501,110501-MS,MS,31,28,1,27,0,2,0,1.0,1
2026-08-07 04:00:00,330101,330101-MICU,MICU,23,22,1,21,0,7,0,1.0,1
2026-08-07 04:00:00,330101,330101-SICU,SICU,17,16,0,14,2,7,0,0.875,1
2026-08-07 04:00:00,330101,330101-CVICU,CVICU,15,13,0,12,1,7,0,0.9231,1
2026-08-07 04:00:00,330101,330101-SDU,SDU,25,24,1,23,0,7,0,1.0,1
2026-08-07 04:00:00,330101,330101-TELE,TELE,38,35,1,32,2,7,0,0.9412,1
2026-08-07 04:00:00,330101,330101-PACU,PACU,13,12,0,7,5,7,0,0.5833,0
2026-08-07 04:00:00,330101,330101-MS,MS,139,130,2,117,11,7,0,0.9141,1
2026-08-07 04:00:00,330101,330101-ONC,ONC,23,21,1,15,5,7,0,0.75,0
2026-08-07 04:00:00,330101,330101-PEDS,PEDS,21,20,0,13,7,7,0,0.65,0
2026-08-07 04:00:00,330101,330101-LD,LD,17,16,0,8,8,7,0,0.5,0
2026-08-07 04:00:00,330101,330101-PP,PP,23,21,1,15,5,7,0,0.75,0
2026-08-07 04:00:00,330101,330101-PSY,PSY,25,23,1,14,8,7,0,0.6364,0
2026-08-07 04:00:00,330102,330102-MICU,MICU,34,31,0,31,0,18,0,1.0,1
2026-08-07 04:00:00,330102,330102-SICU,SICU,24,21,0,17,4,18,0,0.8095,0
2026-08-07 04:00:00,330102,330102-CVICU,CVICU,21,20,1,15,4,18,0,0.7895,0
2026-08-07 04:00:00,330102,330102-NICU,NICU,18,16,0,15,1,18,0,0.9375,1
2026-08-07 04:00:00,330102,330102-SDU,SDU,37,36,0,36,0,18,0,1.0,1
2026-08-07 04:00:00,330102,330102-TELE,TELE,55,49,2,46,1,18,0,0.9787,1
2026-08-07 04:00:00,330102,330102-PACU,PACU,18,16,0,12,4,18,0,0.75,0
2026-08-07 04:00:00,330102,330102-MS,MS,201,179,1,170,8,18,0,0.9551,1
2026-08-07 04:00:00,330102,330102-ONC,ONC,34,30,1,27,2,18,0,0.931,1
2026-08-07 04:00:00,330102,330102-PEDS,PEDS,30,27,1,20,6,18,0,0.7692,0
2026-08-07 04:00:00,330102,330102-LD,LD,24,22,1,12,9,18,0,0.5714,0
2026-08-07 04:00:00,330102,330102-PP,PP,34,33,0,20,13,18,0,0.6061,0
2026-08-07 04:00:00,330102,330102-PSY,PSY,37,36,1,26,9,18,0,0.7429,0
2026-08-07 04:00:00,330102,330102-REHAB,REHAB,18,16,0,16,0,18,0,1.0,1
2026-08-07 04:00:00,050201,050201-MICU,MICU,21,19,0,18,1,7,0,0.9474,1
2026-08-07 04:00:00,050201,050201-SICU,SICU,15,15,0,14,1,7,0,0.9333,1
2026-08-07 04:00:00,050201,050201-CVICU,CVICU,13,12,0,8,4,7,0,0.6667,0
2026-08-07 04:00:00,050201,050201-SDU,SDU,23,21,1,18,2,7,0,0.9,1
2026-08-07 04:00:00,050201,050201-TELE,TELE,34,32,1,27,4,7,0,0.871,1
2026-08-07 04:00:00,050201,050201-PACU,PACU,11,10,0,8,2,7,0,0.8,0
2026-08-07 04:00:00,050201,050201-MS,MS,125,113,2,92,19,7,0,0.8288,0
2026-08-07 04:00:00,050201,050201-ONC,ONC,21,19,1,9,9,7,0,0.5,0
2026-08-07 04:00:00,050201,050201-PEDS,PEDS,19,17,0,9,8,7,0,0.5294,0
2026-08-07 04:00:00,050201,050201-LD,LD,15,14,0,8,6,7,0,0.5714,0
2026-08-07 04:00:00,050201,050201-PP,PP,21,20,0,12,8,7,0,0.6,0
2026-08-07 04:00:00,050201,050201-PSY,PSY,23,22,1,15,6,7,0,0.7143,0
2026-08-07 04:00:00,030301,030301-MICU,MICU,14,13,0,13,0,4,0,1.0,1
2026-08-07 04:00:00,030301,030301-SDU,SDU,15,13,0,13,0,4,0,1.0,1
2026-08-07 04:00:00,030301,030301-TELE,TELE,22,20,0,20,0,4,0,1.0,1
2026-08-07 04:00:00,030301,030301-PACU,PACU,8,8,0,6,2,4,0,0.75,0
2026-08-07 04:00:00,030301,030301-MS,MS,82,72,3,67,2,4,0,0.971,1
2026-08-07 04:00:00,030301,030301-PEDS,PEDS,12,11,0,10,1,4,0,0.9091,1
2026-08-07 04:00:00,030301,030301-LD,LD,10,10,0,10,0,4,0,1.0,1
2026-08-07 04:00:00,030301,030301-PP,PP,14,12,0,10,2,4,0,0.8333,0
2026-08-07 04:00:00,140401,140401-MICU,MICU,19,17,0,15,2,2,0,0.8824,1
2026-08-07 04:00:00,140401,140401-SICU,SICU,14,13,0,10,3,2,0,0.7692,0
2026-08-07 04:00:00,140401,140401-CVICU,CVICU,12,11,0,8,3,2,0,0.7273,0
2026-08-07 04:00:00,140401,140401-SDU,SDU,20,18,1,17,0,2,0,1.0,1
2026-08-07 04:00:00,140401,140401-TELE,TELE,31,29,1,24,4,2,0,0.8571,1
2026-08-07 04:00:00,140401,140401-PACU,PACU,10,10,0,9,1,2,0,0.9,1
2026-08-07 04:00:00,140401,140401-MS,MS,112,106,2,86,18,2,0,0.8269,0
2026-08-07 04:00:00,140401,140401-ONC,ONC,19,18,0,14,4,2,0,0.7778,0
2026-08-07 04:00:00,140401,140401-PEDS,PEDS,17,16,1,14,1,2,0,0.9333,1
2026-08-07 04:00:00,140401,140401-LD,LD,14,13,0,9,4,2,0,0.6923,0
2026-08-07 04:00:00,140401,140401-PP,PP,19,17,0,11,6,2,0,0.6471,0
2026-08-07 04:00:00,140401,140401-PSY,PSY,20,19,0,17,2,2,0,0.8947,1
2026-08-07 04:00:00,110501,110501-MICU,MICU,6,5,0,5,0,2,0,1.0,1
2026-08-07 04:00:00,110501,110501-TELE,TELE,9,8,0,8,0,2,0,1.0,1
2026-08-07 04:00:00,110501,110501-PACU,PACU,4,4,0,4,0,2,0,1.0,1
2026-08-07 04:00:00,110501,110501-MS,MS,31,28,1,27,0,2,0,1.0,1
2026-08-07 05:00:00,330101,330101-MICU,MICU,23,22,1,21,0,6,0,1.0,1
2026-08-07 05:00:00,330101,330101-SICU,SICU,17,16,0,14,2,6,0,0.875,1
2026-08-07 05:00:00,330101,330101-CVICU,CVICU,15,13,0,11,2,6,0,0.8462,0
2026-08-07 05:00:00,330101,330101-SDU,SDU,25,24,1,23,0,6,0,1.0,1
2026-08-07 05:00:00,330101,330101-TELE,TELE,38,35,1,32,2,6,0,0.9412,1
2026-08-07 05:00:00,330101,330101-PACU,PACU,13,12,0,7,5,6,0,0.5833,0
2026-08-07 05:00:00,330101,330101-MS,MS,139,130,2,117,11,6,0,0.9141,1
2026-08-07 05:00:00,330101,330101-ONC,ONC,23,21,1,15,5,6,0,0.75,0
2026-08-07 05:00:00,330101,330101-PEDS,PEDS,21,20,0,13,7,6,0,0.65,0
2026-08-07 05:00:00,330101,330101-LD,LD,17,16,0,8,8,6,0,0.5,0
2026-08-07 05:00:00,330101,330101-PP,PP,23,21,1,15,5,6,0,0.75,0
2026-08-07 05:00:00,330101,330101-PSY,PSY,25,23,1,14,8,6,0,0.6364,0
2026-08-07 05:00:00,330102,330102-MICU,MICU,34,31,0,31,0,16,0,1.0,1
2026-08-07 05:00:00,330102,330102-SICU,SICU,24,21,0,17,4,16,0,0.8095,0
2026-08-07 05:00:00,330102,330102-CVICU,CVICU,21,20,1,15,4,16,0,0.7895,0
2026-08-07 05:00:00,330102,330102-NICU,NICU,18,16,0,15,1,16,0,0.9375,1
2026-08-07 05:00:00,330102,330102-SDU,SDU,37,36,0,36,0,16,0,1.0,1
2026-08-07 05:00:00,330102,330102-TELE,TELE,55,49,2,47,0,16,0,1.0,1
2026-08-07 05:00:00,330102,330102-PACU,PACU,18,16,0,12,4,16,0,0.75,0
2026-08-07 05:00:00,330102,330102-MS,MS,201,179,1,168,10,16,0,0.9438,1
2026-08-07 05:00:00,330102,330102-ONC,ONC,34,30,1,27,2,16,0,0.931,1
2026-08-07 05:00:00,330102,330102-PEDS,PEDS,30,27,1,21,5,16,0,0.8077,0
2026-08-07 05:00:00,330102,330102-LD,LD,24,22,1,11,10,16,0,0.5238,0
2026-08-07 05:00:00,330102,330102-PP,PP,34,33,0,20,13,16,0,0.6061,0
2026-08-07 05:00:00,330102,330102-PSY,PSY,37,36,1,25,10,16,0,0.7143,0
2026-08-07 05:00:00,330102,330102-REHAB,REHAB,18,16,0,16,0,16,0,1.0,1
2026-08-07 05:00:00,050201,050201-MICU,MICU,21,19,0,17,2,6,0,0.8947,1
2026-08-07 05:00:00,050201,050201-SICU,SICU,15,15,0,14,1,6,0,0.9333,1
2026-08-07 05:00:00,050201,050201-CVICU,CVICU,13,12,0,8,4,6,0,0.6667,0
2026-08-07 05:00:00,050201,050201-SDU,SDU,23,21,1,19,1,6,0,0.95,1
2026-08-07 05:00:00,050201,050201-TELE,TELE,34,32,1,26,5,6,0,0.8387,0
2026-08-07 05:00:00,050201,050201-PACU,PACU,11,10,0,8,2,6,0,0.8,0
2026-08-07 05:00:00,050201,050201-MS,MS,125,113,2,91,20,6,0,0.8198,0
2026-08-07 05:00:00,050201,050201-ONC,ONC,21,19,1,9,9,6,0,0.5,0
2026-08-07 05:00:00,050201,050201-PEDS,PEDS,19,17,0,9,8,6,0,0.5294,0
2026-08-07 05:00:00,050201,050201-LD,LD,15,14,0,8,6,6,0,0.5714,0
2026-08-07 05:00:00,050201,050201-PP,PP,21,20,0,10,10,6,0,0.5,0
2026-08-07 05:00:00,050201,050201-PSY,PSY,23,22,1,16,5,6,0,0.7619,0
2026-08-07 05:00:00,030301,030301-MICU,MICU,14,13,0,12,1,2,0,0.9231,1
2026-08-07 05:00:00,030301,030301-SDU,SDU,15,13,0,12,1,2,0,0.9231,1
2026-08-07 05:00:00,030301,030301-TELE,TELE,22,20,0,20,0,2,0,1.0,1
2026-08-07 05:00:00,030301,030301-PACU,PACU,8,8,0,6,2,2,0,0.75,0
2026-08-07 05:00:00,030301,030301-MS,MS,82,72,3,66,3,2,0,0.9565,1
2026-08-07 05:00:00,030301,030301-PEDS,PEDS,12,11,0,10,1,2,0,0.9091,1
2026-08-07 05:00:00,030301,030301-LD,LD,10,10,0,9,1,2,0,0.9,1
2026-08-07 05:00:00,030301,030301-PP,PP,14,12,0,12,0,2,0,1.0,1
2026-08-07 05:00:00,140401,140401-MICU,MICU,19,17,0,15,2,2,0,0.8824,1
2026-08-07 05:00:00,140401,140401-SICU,SICU,14,13,0,9,4,2,0,0.6923,0
2026-08-07 05:00:00,140401,140401-CVICU,CVICU,12,11,0,7,4,2,0,0.6364,0
2026-08-07 05:00:00,140401,140401-SDU,SDU,20,18,1,17,0,2,0,1.0,1
2026-08-07 05:00:00,140401,140401-TELE,TELE,31,29,1,23,5,2,0,0.8214,0
2026-08-07 05:00:00,140401,140401-PACU,PACU,10,10,0,9,1,2,0,0.9,1
2026-08-07 05:00:00,140401,140401-MS,MS,112,106,2,85,19,2,0,0.8173,0
2026-08-07 05:00:00,140401,140401-ONC,ONC,19,18,0,14,4,2,0,0.7778,0
2026-08-07 05:00:00,140401,140401-PEDS,PEDS,17,16,1,13,2,2,0,0.8667,1
2026-08-07 05:00:00,140401,140401-LD,LD,14,13,0,9,4,2,0,0.6923,0
2026-08-07 05:00:00,140401,140401-PP,PP,19,17,0,11,6,2,0,0.6471,0
2026-08-07 05:00:00,140401,140401-PSY,PSY,20,19,0,17,2,2,0,0.8947,1
2026-08-07 05:00:00,110501,110501-MICU,MICU,6,5,0,5,0,3,0,1.0,1
2026-08-07 05:00:00,110501,110501-TELE,TELE,9,8,0,8,0,3,0,1.0,1
2026-08-07 05:00:00,110501,110501-PACU,PACU,4,4,0,4,0,3,0,1.0,1
2026-08-07 05:00:00,110501,110501-MS,MS,31,28,1,27,0,3,0,1.0,1
2026-08-07 06:00:00,330101,330101-MICU,MICU,23,22,1,19,2,7,0,0.9048,1
2026-08-07 06:00:00,330101,330101-SICU,SICU,17,16,0,14,2,7,0,0.875,1
2026-08-07 06:00:00,330101,330101-CVICU,CVICU,15,13,0,11,2,7,0,0.8462,0
2026-08-07 06:00:00,330101,330101-SDU,SDU,25,24,1,23,0,7,0,1.0,1
2026-08-07 06:00:00,330101,330101-TELE,TELE,38,35,1,33,1,7,0,0.9706,1
2026-08-07 06:00:00,330101,330101-PACU,PACU,13,12,0,7,5,7,0,0.5833,0
2026-08-07 06:00:00,330101,330101-MS,MS,139,130,2,115,13,7,0,0.8984,1
2026-08-07 06:00:00,330101,330101-ONC,ONC,23,21,1,15,5,7,0,0.75,0
2026-08-07 06:00:00,330101,330101-PEDS,PEDS,21,20,0,12,8,7,0,0.6,0
2026-08-07 06:00:00,330101,330101-LD,LD,17,16,0,9,7,7,0,0.5625,0
2026-08-07 06:00:00,330101,330101-PP,PP,23,21,1,15,5,7,0,0.75,0
2026-08-07 06:00:00,330101,330101-PSY,PSY,25,23,1,14,8,7,0,0.6364,0
2026-08-07 06:00:00,330102,330102-MICU,MICU,34,31,0,31,0,15,0,1.0,1
2026-08-07 06:00:00,330102,330102-SICU,SICU,24,21,0,17,4,15,0,0.8095,0
2026-08-07 06:00:00,330102,330102-CVICU,CVICU,21,20,1,15,4,15,0,0.7895,0
2026-08-07 06:00:00,330102,330102-NICU,NICU,18,16,0,16,0,15,0,1.0,1
2026-08-07 06:00:00,330102,330102-SDU,SDU,37,36,0,36,0,15,0,1.0,1
2026-08-07 06:00:00,330102,330102-TELE,TELE,55,49,2,47,0,15,0,1.0,1
2026-08-07 06:00:00,330102,330102-PACU,PACU,18,16,0,12,4,15,0,0.75,0
2026-08-07 06:00:00,330102,330102-MS,MS,201,179,1,167,11,15,0,0.9382,1
2026-08-07 06:00:00,330102,330102-ONC,ONC,34,30,1,26,3,15,0,0.8966,1
2026-08-07 06:00:00,330102,330102-PEDS,PEDS,30,27,1,21,5,15,0,0.8077,0
2026-08-07 06:00:00,330102,330102-LD,LD,24,22,1,11,10,15,0,0.5238,0
2026-08-07 06:00:00,330102,330102-PP,PP,34,33,0,20,13,15,0,0.6061,0
2026-08-07 06:00:00,330102,330102-PSY,PSY,37,36,1,26,9,15,0,0.7429,0
2026-08-07 06:00:00,330102,330102-REHAB,REHAB,18,16,0,16,0,15,0,1.0,1
2026-08-07 06:00:00,050201,050201-MICU,MICU,21,19,0,18,1,5,0,0.9474,1
2026-08-07 06:00:00,050201,050201-SICU,SICU,15,15,0,14,1,5,0,0.9333,1
2026-08-07 06:00:00,050201,050201-CVICU,CVICU,13,12,0,8,4,5,0,0.6667,0
2026-08-07 06:00:00,050201,050201-SDU,SDU,23,21,1,19,1,5,0,0.95,1
2026-08-07 06:00:00,050201,050201-TELE,TELE,34,32,1,25,6,5,0,0.8065,0
2026-08-07 06:00:00,050201,050201-PACU,PACU,11,10,0,8,2,5,0,0.8,0
2026-08-07 06:00:00,050201,050201-MS,MS,125,113,2,88,23,5,0,0.7928,0
2026-08-07 06:00:00,050201,050201-ONC,ONC,21,19,1,10,8,5,0,0.5556,0
2026-08-07 06:00:00,050201,050201-PEDS,PEDS,19,17,0,9,8,5,0,0.5294,0
2026-08-07 06:00:00,050201,050201-LD,LD,15,14,0,8,6,5,0,0.5714,0
2026-08-07 06:00:00,050201,050201-PP,PP,21,20,0,10,10,5,0,0.5,0
2026-08-07 06:00:00,050201,050201-PSY,PSY,23,22,1,15,6,5,0,0.7143,0
2026-08-07 06:00:00,030301,030301-MICU,MICU,14,13,0,12,1,2,0,0.9231,1
2026-08-07 06:00:00,030301,030301-SDU,SDU,15,13,0,11,2,2,0,0.8462,0
2026-08-07 06:00:00,030301,030301-TELE,TELE,22,20,0,20,0,2,0,1.0,1
2026-08-07 06:00:00,030301,030301-PACU,PACU,8,8,0,6,2,2,0,0.75,0
2026-08-07 06:00:00,030301,030301-MS,MS,82,72,3,67,2,2,0,0.971,1
2026-08-07 06:00:00,030301,030301-PEDS,PEDS,12,11,0,10,1,2,0,0.9091,1
2026-08-07 06:00:00,030301,030301-LD,LD,10,10,0,8,2,2,0,0.8,0
2026-08-07 06:00:00,030301,030301-PP,PP,14,12,0,12,0,2,0,1.0,1
2026-08-07 06:00:00,140401,140401-MICU,MICU,19,17,0,15,2,3,0,0.8824,1
2026-08-07 06:00:00,140401,140401-SICU,SICU,14,13,0,9,4,3,0,0.6923,0
2026-08-07 06:00:00,140401,140401-CVICU,CVICU,12,11,0,7,4,3,0,0.6364,0
2026-08-07 06:00:00,140401,140401-SDU,SDU,20,18,1,17,0,3,0,1.0,1
2026-08-07 06:00:00,140401,140401-TELE,TELE,31,29,1,24,4,3,0,0.8571,1
2026-08-07 06:00:00,140401,140401-PACU,PACU,10,10,0,9,1,3,0,0.9,1
2026-08-07 06:00:00,140401,140401-MS,MS,112,106,2,85,19,3,0,0.8173,0
2026-08-07 06:00:00,140401,140401-ONC,ONC,19,18,0,14,4,3,0,0.7778,0
2026-08-07 06:00:00,140401,140401-PEDS,PEDS,17,16,1,13,2,3,0,0.8667,1
2026-08-07 06:00:00,140401,140401-LD,LD,14,13,0,8,5,3,0,0.6154,0
2026-08-07 06:00:00,140401,140401-PP,PP,19,17,0,11,6,3,0,0.6471,0
2026-08-07 06:00:00,140401,140401-PSY,PSY,20,19,0,17,2,3,0,0.8947,1
2026-08-07 06:00:00,110501,110501-MICU,MICU,6,5,0,5,0,3,0,1.0,1
2026-08-07 06:00:00,110501,110501-TELE,TELE,9,8,0,8,0,3,0,1.0,1
2026-08-07 06:00:00,110501,110501-PACU,PACU,4,4,0,4,0,3,0,1.0,1
2026-08-07 06:00:00,110501,110501-MS,MS,31,28,1,27,0,3,0,1.0,1
2026-08-07 07:00:00,330101,330101-MICU,MICU,23,22,1,19,2,5,0,0.9048,1
2026-08-07 07:00:00,330101,330101-SICU,SICU,17,16,0,15,1,5,0,0.9375,1
2026-08-07 07:00:00,330101,330101-CVICU,CVICU,15,13,0,12,1,5,0,0.9231,1
2026-08-07 07:00:00,330101,330101-SDU,SDU,25,24,1,23,0,5,0,1.0,1
2026-08-07 07:00:00,330101,330101-TELE,TELE,38,35,1,31,3,5,0,0.9118,1
2026-08-07 07:00:00,330101,330101-PACU,PACU,13,12,0,8,4,5,0,0.6667,0
2026-08-07 07:00:00,330101,330101-MS,MS,139,130,2,113,15,5,0,0.8828,1
2026-08-07 07:00:00,330101,330101-ONC,ONC,23,21,1,15,5,5,0,0.75,0
2026-08-07 07:00:00,330101,330101-PEDS,PEDS,21,20,0,13,7,5,0,0.65,0
2026-08-07 07:00:00,330101,330101-LD,LD,17,16,0,11,5,5,0,0.6875,0
2026-08-07 07:00:00,330101,330101-PP,PP,23,21,1,14,6,5,0,0.7,0
2026-08-07 07:00:00,330101,330101-PSY,PSY,25,23,1,14,8,5,0,0.6364,0
2026-08-07 07:00:00,330102,330102-MICU,MICU,34,31,0,31,0,13,0,1.0,1
2026-08-07 07:00:00,330102,330102-SICU,SICU,24,21,0,17,4,13,0,0.8095,0
2026-08-07 07:00:00,330102,330102-CVICU,CVICU,21,20,1,16,3,13,0,0.8421,0
2026-08-07 07:00:00,330102,330102-NICU,NICU,18,16,0,16,0,13,0,1.0,1
2026-08-07 07:00:00,330102,330102-SDU,SDU,37,36,0,36,0,13,0,1.0,1
2026-08-07 07:00:00,330102,330102-TELE,TELE,55,49,2,47,0,13,0,1.0,1
2026-08-07 07:00:00,330102,330102-PACU,PACU,18,16,0,13,3,13,0,0.8125,0
2026-08-07 07:00:00,330102,330102-MS,MS,201,179,1,168,10,13,0,0.9438,1
2026-08-07 07:00:00,330102,330102-ONC,ONC,34,30,1,26,3,13,0,0.8966,1
2026-08-07 07:00:00,330102,330102-PEDS,PEDS,30,27,1,21,5,13,0,0.8077,0
2026-08-07 07:00:00,330102,330102-LD,LD,24,22,1,13,8,13,0,0.619,0
2026-08-07 07:00:00,330102,330102-PP,PP,34,33,0,22,11,13,0,0.6667,0
2026-08-07 07:00:00,330102,330102-PSY,PSY,37,36,1,28,7,13,0,0.8,0
2026-08-07 07:00:00,330102,330102-REHAB,REHAB,18,16,0,16,0,13,0,1.0,1
2026-08-07 07:00:00,050201,050201-MICU,MICU,21,19,0,19,0,5,0,1.0,1
2026-08-07 07:00:00,050201,050201-SICU,SICU,15,15,0,14,1,5,0,0.9333,1
2026-08-07 07:00:00,050201,050201-CVICU,CVICU,13,12,0,8,4,5,0,0.6667,0
2026-08-07 07:00:00,050201,050201-SDU,SDU,23,21,1,19,1,5,0,0.95,1
2026-08-07 07:00:00,050201,050201-TELE,TELE,34,32,1,25,6,5,0,0.8065,0
2026-08-07 07:00:00,050201,050201-PACU,PACU,11,10,0,8,2,5,0,0.8,0
2026-08-07 07:00:00,050201,050201-MS,MS,125,113,2,86,25,5,0,0.7748,0
2026-08-07 07:00:00,050201,050201-ONC,ONC,21,19,1,12,6,5,0,0.6667,0
2026-08-07 07:00:00,050201,050201-PEDS,PEDS,19,17,0,11,6,5,0,0.6471,0
2026-08-07 07:00:00,050201,050201-LD,LD,15,14,0,8,6,5,0,0.5714,0
2026-08-07 07:00:00,050201,050201-PP,PP,21,20,0,12,8,5,0,0.6,0
2026-08-07 07:00:00,050201,050201-PSY,PSY,23,22,1,16,5,5,0,0.7619,0
2026-08-07 07:00:00,030301,030301-MICU,MICU,14,13,0,12,1,2,0,0.9231,1
2026-08-07 07:00:00,030301,030301-SDU,SDU,15,13,0,11,2,2,0,0.8462,0
2026-08-07 07:00:00,030301,030301-TELE,TELE,22,20,0,20,0,2,0,1.0,1
2026-08-07 07:00:00,030301,030301-PACU,PACU,8,8,0,6,2,2,0,0.75,0
2026-08-07 07:00:00,030301,030301-MS,MS,82,72,3,66,3,2,0,0.9565,1
2026-08-07 07:00:00,030301,030301-PEDS,PEDS,12,11,0,10,1,2,0,0.9091,1
2026-08-07 07:00:00,030301,030301-LD,LD,10,10,0,8,2,2,0,0.8,0
2026-08-07 07:00:00,030301,030301-PP,PP,14,12,0,12,0,2,0,1.0,1
2026-08-07 07:00:00,140401,140401-MICU,MICU,19,17,0,15,2,3,0,0.8824,1
2026-08-07 07:00:00,140401,140401-SICU,SICU,14,13,0,9,4,3,0,0.6923,0
2026-08-07 07:00:00,140401,140401-CVICU,CVICU,12,11,0,9,2,3,0,0.8182,0
2026-08-07 07:00:00,140401,140401-SDU,SDU,20,18,1,17,0,3,0,1.0,1
2026-08-07 07:00:00,140401,140401-TELE,TELE,31,29,1,25,3,3,0,0.8929,1
2026-08-07 07:00:00,140401,140401-PACU,PACU,10,10,0,9,1,3,0,0.9,1
2026-08-07 07:00:00,140401,140401-MS,MS,112,106,2,82,22,3,0,0.7885,0
2026-08-07 07:00:00,140401,140401-ONC,ONC,19,18,0,14,4,3,0,0.7778,0
2026-08-07 07:00:00,140401,140401-PEDS,PEDS,17,16,1,13,2,3,0,0.8667,1
2026-08-07 07:00:00,140401,140401-LD,LD,14,13,0,10,3,3,0,0.7692,0
2026-08-07 07:00:00,140401,140401-PP,PP,19,17,0,11,6,3,0,0.6471,0
2026-08-07 07:00:00,140401,140401-PSY,PSY,20,19,0,16,3,3,0,0.8421,0
2026-08-07 07:00:00,110501,110501-MICU,MICU,6,5,0,5,0,2,0,1.0,1
2026-08-07 07:00:00,110501,110501-TELE,TELE,9,8,0,8,0,2,0,1.0,1
2026-08-07 07:00:00,110501,110501-PACU,PACU,4,4,0,4,0,2,0,1.0,1
2026-08-07 07:00:00,110501,110501-MS,MS,31,28,1,27,0,2,0,1.0,1
2026-08-07 08:00:00,330101,330101-MICU,MICU,23,22,1,19,2,6,0,0.9048,1
2026-08-07 08:00:00,330101,330101-SICU,SICU,17,16,0,15,1,6,0,0.9375,1
2026-08-07 08:00:00,330101,330101-CVICU,CVICU,15,13,0,12,1,6,0,0.9231,1
2026-08-07 08:00:00,330101,330101-SDU,SDU,25,24,1,22,1,6,0,0.9565,1
2026-08-07 08:00:00,330101,330101-TELE,TELE,38,35,1,29,5,6,0,0.8529,1
2026-08-07 08:00:00,330101,330101-PACU,PACU,13,12,0,8,4,6,0,0.6667,0
2026-08-07 08:00:00,330101,330101-MS,MS,139,130,2,113,15,6,0,0.8828,1
2026-08-07 08:00:00,330101,330101-ONC,ONC,23,21,1,15,5,6,0,0.75,0
2026-08-07 08:00:00,330101,330101-PEDS,PEDS,21,20,0,13,7,6,0,0.65,0
2026-08-07 08:00:00,330101,330101-LD,LD,17,16,0,11,5,6,0,0.6875,0
2026-08-07 08:00:00,330101,330101-PP,PP,23,21,1,14,6,6,0,0.7,0
2026-08-07 08:00:00,330101,330101-PSY,PSY,25,23,1,14,8,6,0,0.6364,0
2026-08-07 08:00:00,330102,330102-MICU,MICU,34,31,0,31,0,14,0,1.0,1
2026-08-07 08:00:00,330102,330102-SICU,SICU,24,21,0,18,3,14,0,0.8571,1
2026-08-07 08:00:00,330102,330102-CVICU,CVICU,21,20,1,16,3,14,0,0.8421,0
2026-08-07 08:00:00,330102,330102-NICU,NICU,18,16,0,16,0,14,0,1.0,1
2026-08-07 08:00:00,330102,330102-SDU,SDU,37,36,0,36,0,14,0,1.0,1
2026-08-07 08:00:00,330102,330102-TELE,TELE,55,49,2,45,2,14,0,0.9574,1
2026-08-07 08:00:00,330102,330102-PACU,PACU,18,16,0,13,3,14,0,0.8125,0
2026-08-07 08:00:00,330102,330102-MS,MS,201,179,1,167,11,14,0,0.9382,1
2026-08-07 08:00:00,330102,330102-ONC,ONC,34,30,1,26,3,14,0,0.8966,1
2026-08-07 08:00:00,330102,330102-PEDS,PEDS,30,27,1,20,6,14,0,0.7692,0
2026-08-07 08:00:00,330102,330102-LD,LD,24,22,1,13,8,14,0,0.619,0
2026-08-07 08:00:00,330102,330102-PP,PP,34,33,0,22,11,14,0,0.6667,0
2026-08-07 08:00:00,330102,330102-PSY,PSY,37,36,1,28,7,14,0,0.8,0
2026-08-07 08:00:00,330102,330102-REHAB,REHAB,18,16,0,16,0,14,0,1.0,1
2026-08-07 08:00:00,050201,050201-MICU,MICU,21,19,0,19,0,4,0,1.0,1
2026-08-07 08:00:00,050201,050201-SICU,SICU,15,15,0,13,2,4,0,0.8667,1
2026-08-07 08:00:00,050201,050201-CVICU,CVICU,13,12,0,7,5,4,0,0.5833,0
2026-08-07 08:00:00,050201,050201-SDU,SDU,23,21,1,19,1,4,0,0.95,1
2026-08-07 08:00:00,050201,050201-TELE,TELE,34,32,1,24,7,4,0,0.7742,0
2026-08-07 08:00:00,050201,050201-PACU,PACU,11,10,0,8,2,4,0,0.8,0
2026-08-07 08:00:00,050201,050201-MS,MS,125,113,2,86,25,4,0,0.7748,0
2026-08-07 08:00:00,050201,050201-ONC,ONC,21,19,1,12,6,4,0,0.6667,0
2026-08-07 08:00:00,050201,050201-PEDS,PEDS,19,17,0,11,6,4,0,0.6471,0
2026-08-07 08:00:00,050201,050201-LD,LD,15,14,0,8,6,4,0,0.5714,0
2026-08-07 08:00:00,050201,050201-PP,PP,21,20,0,12,8,4,0,0.6,0
2026-08-07 08:00:00,050201,050201-PSY,PSY,23,22,1,16,5,4,0,0.7619,0
2026-08-07 08:00:00,030301,030301-MICU,MICU,14,13,0,12,1,3,0,0.9231,1
2026-08-07 08:00:00,030301,030301-SDU,SDU,15,13,0,10,3,3,0,0.7692,0
2026-08-07 08:00:00,030301,030301-TELE,TELE,22,20,0,20,0,3,0,1.0,1
2026-08-07 08:00:00,030301,030301-PACU,PACU,8,8,0,6,2,3,0,0.75,0
2026-08-07 08:00:00,030301,030301-MS,MS,82,72,3,66,3,3,0,0.9565,1
2026-08-07 08:00:00,030301,030301-PEDS,PEDS,12,11,0,10,1,3,0,0.9091,1
2026-08-07 08:00:00,030301,030301-LD,LD,10,10,0,7,3,3,0,0.7,0
2026-08-07 08:00:00,030301,030301-PP,PP,14,12,0,12,0,3,0,1.0,1
2026-08-07 08:00:00,140401,140401-MICU,MICU,19,17,0,15,2,3,0,0.8824,1
2026-08-07 08:00:00,140401,140401-SICU,SICU,14,13,0,9,4,3,0,0.6923,0
2026-08-07 08:00:00,140401,140401-CVICU,CVICU,12,11,0,9,2,3,0,0.8182,0
2026-08-07 08:00:00,140401,140401-SDU,SDU,20,18,1,17,0,3,0,1.0,1
2026-08-07 08:00:00,140401,140401-TELE,TELE,31,29,1,25,3,3,0,0.8929,1
2026-08-07 08:00:00,140401,140401-PACU,PACU,10,10,0,9,1,3,0,0.9,1
2026-08-07 08:00:00,140401,140401-MS,MS,112,106,2,84,20,3,0,0.8077,0
2026-08-07 08:00:00,140401,140401-ONC,ONC,19,18,0,14,4,3,0,0.7778,0
2026-08-07 08:00:00,140401,140401-PEDS,PEDS,17,16,1,13,2,3,0,0.8667,1
2026-08-07 08:00:00,140401,140401-LD,LD,14,13,0,9,4,3,0,0.6923,0
2026-08-07 08:00:00,140401,140401-PP,PP,19,17,0,11,6,3,0,0.6471,0
2026-08-07 08:00:00,140401,140401-PSY,PSY,20,19,0,16,3,3,0,0.8421,0
2026-08-07 08:00:00,110501,110501-MICU,MICU,6,5,0,5,0,1,0,1.0,1
2026-08-07 08:00:00,110501,110501-TELE,TELE,9,8,0,8,0,1,0,1.0,1
2026-08-07 08:00:00,110501,110501-PACU,PACU,4,4,0,3,1,1,0,0.75,0
2026-08-07 08:00:00,110501,110501-MS,MS,31,28,1,27,0,1,0,1.0,1
2026-08-07 09:00:00,330101,330101-MICU,MICU,23,22,1,19,2,6,0,0.9048,1
2026-08-07 09:00:00,330101,330101-SICU,SICU,17,16,0,15,1,6,0,0.9375,1
2026-08-07 09:00:00,330101,330101-CVICU,CVICU,15,13,0,12,1,6,0,0.9231,1
2026-08-07 09:00:00,330101,330101-SDU,SDU,25,24,1,22,1,6,0,0.9565,1
2026-08-07 09:00:00,330101,330101-TELE,TELE,38,35,1,29,5,6,0,0.8529,1
2026-08-07 09:00:00,330101,330101-PACU,PACU,13,12,0,8,4,6,0,0.6667,0
2026-08-07 09:00:00,330101,330101-MS,MS,139,130,2,117,11,6,0,0.9141,1
2026-08-07 09:00:00,330101,330101-ONC,ONC,23,21,1,15,5,6,0,0.75,0
2026-08-07 09:00:00,330101,330101-PEDS,PEDS,21,20,0,13,7,6,0,0.65,0
2026-08-07 09:00:00,330101,330101-LD,LD,17,16,0,11,5,6,0,0.6875,0
2026-08-07 09:00:00,330101,330101-PP,PP,23,21,1,14,6,6,0,0.7,0
2026-08-07 09:00:00,330101,330101-PSY,PSY,25,23,1,14,8,6,0,0.6364,0
2026-08-07 09:00:00,330102,330102-MICU,MICU,34,31,0,31,0,15,0,1.0,1
2026-08-07 09:00:00,330102,330102-SICU,SICU,24,21,0,18,3,15,0,0.8571,1
2026-08-07 09:00:00,330102,330102-CVICU,CVICU,21,20,1,16,3,15,0,0.8421,0
2026-08-07 09:00:00,330102,330102-NICU,NICU,18,16,0,15,1,15,0,0.9375,1
2026-08-07 09:00:00,330102,330102-SDU,SDU,37,36,0,36,0,15,0,1.0,1
2026-08-07 09:00:00,330102,330102-TELE,TELE,55,49,2,47,0,15,0,1.0,1
2026-08-07 09:00:00,330102,330102-PACU,PACU,18,16,0,13,3,15,0,0.8125,0
2026-08-07 09:00:00,330102,330102-MS,MS,201,179,1,176,2,15,0,0.9888,1
2026-08-07 09:00:00,330102,330102-ONC,ONC,34,30,1,26,3,15,0,0.8966,1
2026-08-07 09:00:00,330102,330102-PEDS,PEDS,30,27,1,20,6,15,0,0.7692,0
2026-08-07 09:00:00,330102,330102-LD,LD,24,22,1,13,8,15,0,0.619,0
2026-08-07 09:00:00,330102,330102-PP,PP,34,33,0,22,11,15,0,0.6667,0
2026-08-07 09:00:00,330102,330102-PSY,PSY,37,36,1,29,6,15,0,0.8286,0
2026-08-07 09:00:00,330102,330102-REHAB,REHAB,18,16,0,16,0,15,0,1.0,1
2026-08-07 09:00:00,050201,050201-MICU,MICU,21,19,0,19,0,4,0,1.0,1
2026-08-07 09:00:00,050201,050201-SICU,SICU,15,15,0,13,2,4,0,0.8667,1
2026-08-07 09:00:00,050201,050201-CVICU,CVICU,13,12,0,7,5,4,0,0.5833,0
2026-08-07 09:00:00,050201,050201-SDU,SDU,23,21,1,20,0,4,0,1.0,1
2026-08-07 09:00:00,050201,050201-TELE,TELE,34,32,1,28,3,4,0,0.9032,1
2026-08-07 09:00:00,050201,050201-PACU,PACU,11,10,0,8,2,4,0,0.8,0
2026-08-07 09:00:00,050201,050201-MS,MS,125,113,2,87,24,4,0,0.7838,0
2026-08-07 09:00:00,050201,050201-ONC,ONC,21,19,1,13,5,4,0,0.7222,0
2026-08-07 09:00:00,050201,050201-PEDS,PEDS,19,17,0,11,6,4,0,0.6471,0
2026-08-07 09:00:00,050201,050201-LD,LD,15,14,0,7,7,4,0,0.5,0
2026-08-07 09:00:00,050201,050201-PP,PP,21,20,0,11,9,4,0,0.55,0
2026-08-07 09:00:00,050201,050201-PSY,PSY,23,22,1,16,5,4,0,0.7619,0
2026-08-07 09:00:00,030301,030301-MICU,MICU,14,13,0,12,1,3,0,0.9231,1
2026-08-07 09:00:00,030301,030301-SDU,SDU,15,13,0,12,1,3,0,0.9231,1
2026-08-07 09:00:00,030301,030301-TELE,TELE,22,20,0,20,0,3,0,1.0,1
2026-08-07 09:00:00,030301,030301-PACU,PACU,8,8,0,6,2,3,0,0.75,0
2026-08-07 09:00:00,030301,030301-MS,MS,82,72,3,69,0,3,0,1.0,1
2026-08-07 09:00:00,030301,030301-PEDS,PEDS,12,11,0,10,1,3,0,0.9091,1
2026-08-07 09:00:00,030301,030301-LD,LD,10,10,0,7,3,3,0,0.7,0
2026-08-07 09:00:00,030301,030301-PP,PP,14,12,0,12,0,3,0,1.0,1
2026-08-07 09:00:00,140401,140401-MICU,MICU,19,17,0,16,1,4,0,0.9412,1
2026-08-07 09:00:00,140401,140401-SICU,SICU,14,13,0,9,4,4,0,0.6923,0
2026-08-07 09:00:00,140401,140401-CVICU,CVICU,12,11,0,9,2,4,0,0.8182,0
2026-08-07 09:00:00,140401,140401-SDU,SDU,20,18,1,17,0,4,0,1.0,1
2026-08-07 09:00:00,140401,140401-TELE,TELE,31,29,1,27,1,4,0,0.9643,1
2026-08-07 09:00:00,140401,140401-PACU,PACU,10,10,0,9,1,4,0,0.9,1
2026-08-07 09:00:00,140401,140401-MS,MS,112,106,2,87,17,4,0,0.8365,0
2026-08-07 09:00:00,140401,140401-ONC,ONC,19,18,0,14,4,4,0,0.7778,0
2026-08-07 09:00:00,140401,140401-PEDS,PEDS,17,16,1,13,2,4,0,0.8667,1
2026-08-07 09:00:00,140401,140401-LD,LD,14,13,0,9,4,4,0,0.6923,0
2026-08-07 09:00:00,140401,140401-PP,PP,19,17,0,11,6,4,0,0.6471,0
2026-08-07 09:00:00,140401,140401-PSY,PSY,20,19,0,16,3,4,0,0.8421,0
2026-08-07 09:00:00,110501,110501-MICU,MICU,6,5,0,5,0,0,0,1.0,1
2026-08-07 09:00:00,110501,110501-TELE,TELE,9,8,0,8,0,0,0,1.0,1
2026-08-07 09:00:00,110501,110501-PACU,PACU,4,4,0,4,0,0,0,1.0,1
2026-08-07 09:00:00,110501,110501-MS,MS,31,28,1,27,0,0,0,1.0,1
2026-08-07 10:00:00,330101,330101-MICU,MICU,23,22,1,18,3,5,0,0.8571,1
2026-08-07 10:00:00,330101,330101-SICU,SICU,17,16,0,15,1,5,0,0.9375,1
2026-08-07 10:00:00,330101,330101-CVICU,CVICU,15,13,0,12,1,5,0,0.9231,1
2026-08-07 10:00:00,330101,330101-SDU,SDU,25,24,1,23,0,5,0,1.0,1
2026-08-07 10:00:00,330101,330101-TELE,TELE,38,35,1,30,4,5,0,0.8824,1
2026-08-07 10:00:00,330101,330101-PACU,PACU,13,12,0,8,4,5,0,0.6667,0
2026-08-07 10:00:00,330101,330101-MS,MS,139,130,2,118,10,5,0,0.9219,1
2026-08-07 10:00:00,330101,330101-ONC,ONC,23,21,1,15,5,5,0,0.75,0
2026-08-07 10:00:00,330101,330101-PEDS,PEDS,21,20,0,13,7,5,0,0.65,0
2026-08-07 10:00:00,330101,330101-LD,LD,17,16,0,11,5,5,0,0.6875,0
2026-08-07 10:00:00,330101,330101-PP,PP,23,21,1,14,6,5,0,0.7,0
2026-08-07 10:00:00,330101,330101-PSY,PSY,25,23,1,14,8,5,0,0.6364,0
2026-08-07 10:00:00,330102,330102-MICU,MICU,34,31,0,31,0,15,0,1.0,1
2026-08-07 10:00:00,330102,330102-SICU,SICU,24,21,0,18,3,15,0,0.8571,1
2026-08-07 10:00:00,330102,330102-CVICU,CVICU,21,20,1,16,3,15,0,0.8421,0
2026-08-07 10:00:00,330102,330102-NICU,NICU,18,16,0,15,1,15,0,0.9375,1
2026-08-07 10:00:00,330102,330102-SDU,SDU,37,36,0,36,0,15,0,1.0,1
2026-08-07 10:00:00,330102,330102-TELE,TELE,55,49,2,47,0,15,0,1.0,1
2026-08-07 10:00:00,330102,330102-PACU,PACU,18,16,0,14,2,15,0,0.875,1
2026-08-07 10:00:00,330102,330102-MS,MS,201,179,1,174,4,15,0,0.9775,1
2026-08-07 10:00:00,330102,330102-ONC,ONC,34,30,1,25,4,15,0,0.8621,1
2026-08-07 10:00:00,330102,330102-PEDS,PEDS,30,27,1,20,6,15,0,0.7692,0
2026-08-07 10:00:00,330102,330102-LD,LD,24,22,1,12,9,15,0,0.5714,0
2026-08-07 10:00:00,330102,330102-PP,PP,34,33,0,23,10,15,0,0.697,0
2026-08-07 10:00:00,330102,330102-PSY,PSY,37,36,1,29,6,15,0,0.8286,0
2026-08-07 10:00:00,330102,330102-REHAB,REHAB,18,16,0,16,0,15,0,1.0,1
2026-08-07 10:00:00,050201,050201-MICU,MICU,21,19,0,19,0,4,0,1.0,1
2026-08-07 10:00:00,050201,050201-SICU,SICU,15,15,0,13,2,4,0,0.8667,1
2026-08-07 10:00:00,050201,050201-CVICU,CVICU,13,12,0,7,5,4,0,0.5833,0
2026-08-07 10:00:00,050201,050201-SDU,SDU,23,21,1,20,0,4,0,1.0,1
2026-08-07 10:00:00,050201,050201-TELE,TELE,34,32,1,28,3,4,0,0.9032,1
2026-08-07 10:00:00,050201,050201-PACU,PACU,11,10,0,8,2,4,0,0.8,0
2026-08-07 10:00:00,050201,050201-MS,MS,125,113,2,86,25,4,0,0.7748,0
2026-08-07 10:00:00,050201,050201-ONC,ONC,21,19,1,12,6,4,0,0.6667,0
2026-08-07 10:00:00,050201,050201-PEDS,PEDS,19,17,0,11,6,4,0,0.6471,0
2026-08-07 10:00:00,050201,050201-LD,LD,15,14,0,7,7,4,0,0.5,0
2026-08-07 10:00:00,050201,050201-PP,PP,21,20,0,12,8,4,0,0.6,0
2026-08-07 10:00:00,050201,050201-PSY,PSY,23,22,1,15,6,4,0,0.7143,0
2026-08-07 10:00:00,030301,030301-MICU,MICU,14,13,0,13,0,3,0,1.0,1
2026-08-07 10:00:00,030301,030301-SDU,SDU,15,13,0,13,0,3,0,1.0,1
2026-08-07 10:00:00,030301,030301-TELE,TELE,22,20,0,20,0,3,0,1.0,1
2026-08-07 10:00:00,030301,030301-PACU,PACU,8,8,0,6,2,3,0,0.75,0
2026-08-07 10:00:00,030301,030301-MS,MS,82,72,3,67,2,3,0,0.971,1
2026-08-07 10:00:00,030301,030301-PEDS,PEDS,12,11,0,10,1,3,0,0.9091,1
2026-08-07 10:00:00,030301,030301-LD,LD,10,10,0,7,3,3,0,0.7,0
2026-08-07 10:00:00,030301,030301-PP,PP,14,12,0,12,0,3,0,1.0,1
2026-08-07 10:00:00,140401,140401-MICU,MICU,19,17,0,16,1,4,0,0.9412,1
2026-08-07 10:00:00,140401,140401-SICU,SICU,14,13,0,9,4,4,0,0.6923,0
2026-08-07 10:00:00,140401,140401-CVICU,CVICU,12,11,0,9,2,4,0,0.8182,0
2026-08-07 10:00:00,140401,140401-SDU,SDU,20,18,1,17,0,4,0,1.0,1
2026-08-07 10:00:00,140401,140401-TELE,TELE,31,29,1,28,0,4,0,1.0,1
2026-08-07 10:00:00,140401,140401-PACU,PACU,10,10,0,8,2,4,0,0.8,0
2026-08-07 10:00:00,140401,140401-PACU,PACU,10,10,0,8,2,4,0,0.8,0
2026-08-07 10:00:00,140401,140401-MS,MS,112,106,2,85,19,4,0,0.8173,0
2026-08-07 10:00:00,140401,140401-ONC,ONC,19,18,0,13,5,4,0,0.7222,0
2026-08-07 10:00:00,140401,140401-PEDS,PEDS,17,16,1,13,2,4,0,0.8667,1
2026-08-07 10:00:00,140401,140401-LD,LD,14,13,0,9,4,4,0,0.6923,0
2026-08-07 10:00:00,140401,140401-PP,PP,19,17,0,11,6,4,0,0.6471,0
2026-08-07 10:00:00,140401,140401-PSY,PSY,20,19,0,15,4,4,0,0.7895,0
2026-08-07 10:00:00,110501,110501-MICU,MICU,6,5,0,5,0,0,0,1.0,1
2026-08-07 10:00:00,110501,110501-TELE,TELE,9,8,0,8,0,0,0,1.0,1
2026-08-07 10:00:00,110501,110501-PACU,PACU,4,4,0,4,0,0,0,1.0,1
2026-08-07 10:00:00,110501,110501-MS,MS,31,28,1,25,2,0,0,0.9259,1
2026-08-07 11:00:00,330101,330101-MICU,MICU,23,22,1,18,3,7,0,0.8571,1
2026-08-07 11:00:00,330101,330101-SICU,SICU,17,16,0,15,1,7,0,0.9375,1
2026-08-07 11:00:00,330101,330101-CVICU,CVICU,15,13,0,12,1,7,0,0.9231,1
2026-08-07 11:00:00,330101,330101-SDU,SDU,25,24,1,22,1,7,0,0.9565,1
2026-08-07 11:00:00,330101,330101-TELE,TELE,38,35,1,29,5,7,0,0.8529,1
2026-08-07 11:00:00,330101,330101-PACU,PACU,13,12,0,8,4,7,0,0.6667,0
2026-08-07 11:00:00,330101,330101-MS,MS,139,130,2,118,10,7,0,0.9219,1
2026-08-07 11:00:00,330101,330101-ONC,ONC,23,21,1,15,5,7,0,0.75,0
2026-08-07 11:00:00,330101,330101-PEDS,PEDS,21,20,0,14,6,7,0,0.7,0
2026-08-07 11:00:00,330101,330101-LD,LD,17,16,0,11,5,7,0,0.6875,0
2026-08-07 11:00:00,330101,330101-PP,PP,23,,1,15,5,7,0,0.75,0
2026-08-07 11:00:00,330101,330101-PSY,PSY,25,23,1,14,8,7,0,0.6364,0
2026-08-07 11:00:00,330102,330102-MICU,MICU,34,31,0,31,0,15,0,1.0,1
2026-08-07 11:00:00,330102,330102-SICU,SICU,24,21,0,19,2,15,0,0.9048,1
2026-08-07 11:00:00,330102,330102-CVICU,CVICU,21,20,1,17,2,15,0,0.8947,1
2026-08-07 11:00:00,330102,330102-NICU,NICU,18,16,0,16,0,15,0,1.0,1
2026-08-07 11:00:00,330102,330102-SDU,SDU,37,36,0,36,0,15,0,1.0,1
2026-08-07 11:00:00,330102,330102-TELE,TELE,55,49,2,47,0,15,0,1.0,1
2026-08-07 11:00:00,330102,330102-PACU,PACU,18,16,0,14,2,15,0,0.875,1
2026-08-07 11:00:00,330102,330102-MS,MS,201,179,1,176,2,15,0,0.9888,1
2026-08-07 11:00:00,330102,330102-ONC,ONC,34,30,1,25,4,15,0,0.8621,1
2026-08-07 11:00:00,330102,330102-PEDS,PEDS,30,27,1,21,5,15,0,0.8077,0
2026-08-07 11:00:00,330102,330102-LD,LD,24,22,1,14,7,15,0,0.6667,0
2026-08-07 11:00:00,330102,330102-PP,PP,34,33,0,22,11,15,0,0.6667,0
2026-08-07 11:00:00,330102,330102-PSY,PSY,37,36,1,29,6,15,0,0.8286,0
2026-08-07 11:00:00,330102,330102-REHAB,REHAB,18,16,0,16,0,15,0,1.0,1
2026-08-07 11:00:00,050201,050201-MICU,MICU,21,19,0,19,0,6,0,1.0,1
2026-08-07 11:00:00,050201,050201-SICU,SICU,15,15,0,13,2,6,0,0.8667,1
2026-08-07 11:00:00,050201,050201-CVICU,CVICU,13,12,0,8,4,6,0,0.6667,0
2026-08-07 11:00:00,050201,050201-SDU,SDU,23,21,1,19,1,6,0,0.95,1
2026-08-07 11:00:00,050201,050201-TELE,TELE,34,32,1,28,3,6,0,0.9032,1
2026-08-07 11:00:00,050201,050201-PACU,PACU,11,10,0,9,1,6,0,0.9,1
2026-08-07 11:00:00,050201,050201-MS,MS,125,113,2,86,25,6,0,0.7748,0
2026-08-07 11:00:00,050201,050201-ONC,ONC,21,19,1,12,6,6,0,0.6667,0
2026-08-07 11:00:00,050201,050201-PEDS,PEDS,19,17,0,11,6,6,0,0.6471,0
2026-08-07 11:00:00,050201,050201-LD,LD,15,14,0,9,5,6,0,0.6429,0
2026-08-07 11:00:00,050201,050201-PP,PP,21,20,0,13,7,6,0,0.65,0
2026-08-07 11:00:00,050201,050201-PSY,PSY,23,22,1,15,6,6,0,0.7143,0
2026-08-07 11:00:00,030301,030301-MICU,MICU,14,13,0,13,0,4,0,1.0,1
2026-08-07 11:00:00,030301,030301-SDU,SDU,15,13,0,13,0,4,0,1.0,1
2026-08-07 11:00:00,030301,030301-TELE,TELE,22,20,0,20,0,4,0,1.0,1
2026-08-07 11:00:00,030301,030301-PACU,PACU,8,8,0,8,0,4,0,1.0,1
2026-08-07 11:00:00,030301,030301-MS,MS,82,72,3,67,2,4,0,0.971,1
2026-08-07 11:00:00,030301,030301-MS,MS,82,72,3,67,2,4,0,0.971,1
2026-08-07 11:00:00,030301,030301-PEDS,PEDS,12,11,0,9,2,4,0,0.8182,0
2026-08-07 11:00:00,030301,030301-LD,LD,10,10,0,7,3,4,0,0.7,0
2026-08-07 11:00:00,030301,030301-PP,PP,14,12,0,12,0,4,0,1.0,1
2026-08-07 11:00:00,140401,140401-MICU,MICU,19,17,0,17,0,6,0,1.0,1
2026-08-07 11:00:00,140401,140401-SICU,SICU,14,13,0,9,4,6,0,0.6923,0
2026-08-07 11:00:00,140401,140401-CVICU,CVICU,12,11,0,9,2,6,0,0.8182,0
2026-08-07 11:00:00,140401,140401-SDU,SDU,20,18,1,17,0,6,0,1.0,1
2026-08-07 11:00:00,140401,140401-TELE,TELE,31,29,1,28,0,6,0,1.0,1
2026-08-07 11:00:00,140401,140401-PACU,PACU,10,10,0,8,2,6,0,0.8,0
2026-08-07 11:00:00,140401,140401-MS,MS,112,106,2,86,18,6,0,0.8269,0
2026-08-07 11:00:00,140401,140401-ONC,ONC,19,18,0,13,5,6,0,0.7222,0
2026-08-07 11:00:00,140401,140401-PEDS,PEDS,17,16,1,13,2,6,0,0.8667,1
2026-08-07 11:00:00,140401,140401-LD,LD,14,13,0,9,4,6,0,0.6923,0
2026-08-07 11:00:00,140401,140401-PP,PP,19,17,0,12,5,6,0,0.7059,0
2026-08-07 11:00:00,140401,140401-PSY,PSY,20,19,0,15,4,6,0,0.7895,0
2026-08-07 11:00:00,110501,110501-MICU,MICU,6,5,0,5,0,1,0,1.0,1
2026-08-07 11:00:00,110501,110501-TELE,TELE,9,8,0,8,0,1,0,1.0,1
2026-08-07 11:00:00,110501,110501-PACU,PACU,4,4,0,4,0,1,0,1.0,1
2026-08-07 11:00:00,110501,110501-MS,MS,31,28,1,26,1,1,0,0.963,1
2026-08-07 12:00:00,330101,330101-MICU,MICU,23,22,1,18,3,5,0,0.8571,1
2026-08-07 12:00:00,330101,330101-SICU,SICU,17,16,0,15,1,5,0,0.9375,1
2026-08-07 12:00:00,330101,330101-CVICU,CVICU,15,13,0,12,1,5,0,0.9231,1
2026-08-07 12:00:00,330101,330101-SDU,SDU,25,24,1,21,2,5,0,0.913,1
2026-08-07 12:00:00,330101,330101-TELE,TELE,38,35,1,28,6,5,0,0.8235,0
2026-08-07 12:00:00,330101,330101-PACU,PACU,13,12,0,8,4,5,0,0.6667,0
2026-08-07 12:00:00,330101,330101-MS,MS,139,130,2,117,11,5,0,0.9141,1
2026-08-07 12:00:00,330101,330101-ONC,ONC,23,21,1,15,5,5,0,0.75,0
2026-08-07 12:00:00,330101,330101-PEDS,PEDS,21,20,0,14,6,5,0,0.7,0
2026-08-07 12:00:00,330101,330101-LD,LD,17,16,0,11,5,5,0,0.6875,0
2026-08-07 12:00:00,330101,330101-PP,PP,23,21,1,16,4,5,0,0.8,0
2026-08-07 12:00:00,330101,330101-PSY,PSY,25,23,1,14,8,5,0,0.6364,0
2026-08-07 12:00:00,330102,330102-MICU,MICU,34,31,0,31,0,20,0,1.0,1
2026-08-07 12:00:00,330102,330102-SICU,SICU,24,21,0,19,2,20,0,0.9048,1
2026-08-07 12:00:00,330102,330102-CVICU,CVICU,21,20,1,17,2,20,0,0.8947,1
2026-08-07 12:00:00,330102,330102-NICU,NICU,18,16,0,16,0,20,0,1.0,1
2026-08-07 12:00:00,330102,330102-SDU,SDU,37,36,0,36,0,20,0,1.0,1
2026-08-07 12:00:00,330102,330102-TELE,TELE,55,49,2,46,1,20,0,0.9787,1
2026-08-07 12:00:00,330102,330102-PACU,PACU,18,16,0,14,2,20,0,0.875,1
2026-08-07 12:00:00,330102,330102-MS,MS,201,179,1,176,2,20,0,0.9888,1
2026-08-07 12:00:00,330102,330102-ONC,ONC,34,30,1,25,4,20,0,0.8621,1
2026-08-07 12:00:00,330102,330102-PEDS,PEDS,30,27,1,21,5,20,0,0.8077,0
2026-08-07 12:00:00,330102,330102-LD,LD,24,22,1,14,7,20,0,0.6667,0
2026-08-07 12:00:00,330102,330102-PP,PP,34,33,0,23,10,20,0,0.697,0
2026-08-07 12:00:00,330102,330102-PSY,PSY,37,36,1,29,6,20,0,0.8286,0
2026-08-07 12:00:00,330102,330102-REHAB,REHAB,18,16,0,15,1,20,0,0.9375,1
2026-08-07 12:00:00,050201,050201-MICU,MICU,21,19,0,19,0,7,0,1.0,1
2026-08-07 12:00:00,050201,050201-SICU,SICU,15,15,0,13,2,7,0,0.8667,1
2026-08-07 12:00:00,050201,050201-CVICU,CVICU,13,12,0,8,4,7,0,0.6667,0
2026-08-07 12:00:00,050201,050201-SDU,SDU,23,21,1,17,3,7,0,0.85,1
2026-08-07 12:00:00,050201,050201-TELE,TELE,34,32,1,28,3,7,0,0.9032,1
2026-08-07 12:00:00,050201,050201-PACU,PACU,11,10,0,9,1,7,0,0.9,1
2026-08-07 12:00:00,050201,050201-MS,MS,125,113,2,87,24,7,0,0.7838,0
2026-08-07 12:00:00,050201,050201-ONC,ONC,21,19,1,13,5,7,0,0.7222,0
2026-08-07 12:00:00,050201,050201-PEDS,PEDS,19,17,0,11,6,7,0,0.6471,0
2026-08-07 12:00:00,050201,050201-LD,LD,15,14,0,9,5,7,0,0.6429,0
2026-08-07 12:00:00,050201,050201-PP,PP,21,20,0,11,9,7,0,0.55,0
2026-08-07 12:00:00,050201,050201-PSY,PSY,23,22,1,15,6,7,0,0.7143,0
2026-08-07 12:00:00,030301,030301-MICU,MICU,14,13,0,13,0,5,0,1.0,1
2026-08-07 12:00:00,030301,030301-SDU,SDU,15,13,0,13,0,5,0,1.0,1
2026-08-07 12:00:00,030301,030301-TELE,TELE,22,20,0,20,0,5,0,1.0,1
2026-08-07 12:00:00,030301,030301-PACU,PACU,8,8,0,8,0,5,0,1.0,1
2026-08-07 12:00:00,030301,030301-MS,MS,82,72,3,66,3,5,0,0.9565,1
2026-08-07 12:00:00,030301,030301-PEDS,PEDS,12,11,0,10,1,5,0,0.9091,1
2026-08-07 12:00:00,030301,030301-LD,LD,10,10,0,8,2,5,0,0.8,0
2026-08-07 12:00:00,030301,030301-PP,PP,14,12,0,12,0,5,0,1.0,1
2026-08-07 12:00:00,140401,140401-MICU,MICU,19,17,0,17,0,9,0,1.0,1
2026-08-07 12:00:00,140401,140401-SICU,SICU,14,13,0,9,4,9,0,0.6923,0
2026-08-07 12:00:00,140401,140401-CVICU,CVICU,12,11,0,8,3,9,0,0.7273,0
2026-08-07 12:00:00,140401,140401-SDU,SDU,20,18,1,17,0,9,0,1.0,1
2026-08-07 12:00:00,140401,140401-TELE,TELE,31,29,1,28,0,9,0,1.0,1
2026-08-07 12:00:00,140401,140401-PACU,PACU,10,10,0,8,2,9,0,0.8,0
2026-08-07 12:00:00,140401,140401-MS,MS,112,106,2,87,17,9,0,0.8365,0
2026-08-07 12:00:00,140401,140401-ONC,ONC,19,18,0,13,5,9,0,0.7222,0
2026-08-07 12:00:00,140401,140401-PEDS,PEDS,17,16,1,13,2,9,0,0.8667,1
2026-08-07 12:00:00,140401,140401-LD,LD,14,13,0,9,4,9,0,0.6923,0
2026-08-07 12:00:00,140401,140401-PP,PP,19,17,0,12,5,9,0,0.7059,0
2026-08-07 12:00:00,140401,140401-PSY,PSY,20,19,0,15,4,9,0,0.7895,0
2026-08-07 12:00:00,110501,110501-MICU,MICU,6,5,0,5,0,1,0,1.0,1
2026-08-07 12:00:00,110501,110501-TELE,TELE,9,8,0,8,0,1,0,1.0,1
2026-08-07 12:00:00,110501,110501-PACU,PACU,4,4,0,4,0,1,0,1.0,1
2026-08-07 12:00:00,110501,110501-MS,MS,31,28,1,26,1,1,0,0.963,1
2026-08-07 13:00:00,330101,330101-MICU,MICU,23,22,1,19,2,4,0,0.9048,1
2026-08-07 13:00:00,330101,330101-SICU,SICU,17,16,0,14,2,4,0,0.875,1
2026-08-07 13:00:00,330101,330101-CVICU,CVICU,15,13,0,12,1,4,0,0.9231,1
2026-08-07 13:00:00,330101,330101-SDU,SDU,25,24,1,22,1,4,0,0.9565,1
2026-08-07 13:00:00,330101,330101-TELE,TELE,38,35,1,28,6,4,0,0.8235,0
2026-08-07 13:00:00,330101,330101-PACU,PACU,13,12,0,7,5,4,0,0.5833,0
2026-08-07 13:00:00,330101,330101-MS,MS,139,130,2,118,10,4,0,0.9219,1
2026-08-07 13:00:00,330101,330101-ONC,ONC,23,21,1,16,4,4,0,0.8,0
2026-08-07 13:00:00,330101,330101-PEDS,PEDS,21,20,0,14,6,4,0,0.7,0
2026-08-07 13:00:00,330101,330101-LD,LD,17,16,0,11,5,4,0,0.6875,0
2026-08-07 13:00:00,330101,330101-PP,PP,23,21,1,16,4,4,0,0.8,0
2026-08-07 13:00:00,330101,330101-PSY,PSY,25,23,1,14,8,4,0,0.6364,0
2026-08-07 13:00:00,330102,330102-MICU,MICU,34,31,0,31,0,26,0,1.0,1
2026-08-07 13:00:00,330102,330102-SICU,SICU,24,21,0,21,0,26,0,1.0,1
2026-08-07 13:00:00,330102,330102-CVICU,CVICU,21,20,1,19,0,26,0,1.0,1
2026-08-07 13:00:00,330102,330102-NICU,NICU,18,16,0,16,0,26,0,1.0,1
2026-08-07 13:00:00,330102,330102-SDU,SDU,37,36,0,36,0,26,0,1.0,1
2026-08-07 13:00:00,330102,330102-TELE,TELE,55,49,2,47,0,26,0,1.0,1
2026-08-07 13:00:00,330102,330102-PACU,PACU,18,16,0,14,2,26,0,0.875,1
2026-08-07 13:00:00,330102,330102-MS,MS,201,179,1,178,0,26,0,1.0,1
2026-08-07 13:00:00,330102,330102-ONC,ONC,34,30,1,29,0,26,0,1.0,1
2026-08-07 13:00:00,330102,330102-PEDS,PEDS,30,27,1,21,5,26,0,0.8077,0
2026-08-07 13:00:00,330102,330102-LD,LD,24,22,1,14,7,26,0,0.6667,0
2026-08-07 13:00:00,330102,330102-PP,PP,34,33,0,22,11,26,0,0.6667,0
2026-08-07 13:00:00,330102,330102-PSY,PSY,37,36,1,28,7,26,0,0.8,0
2026-08-07 13:00:00,330102,330102-REHAB,REHAB,18,16,0,15,1,26,0,0.9375,1
2026-08-07 13:00:00,050201,050201-MICU,MICU,21,19,0,19,0,7,0,1.0,1
2026-08-07 13:00:00,050201,050201-SICU,SICU,15,15,0,13,2,7,0,0.8667,1
2026-08-07 13:00:00,050201,050201-CVICU,CVICU,13,12,0,8,4,7,0,0.6667,0
2026-08-07 13:00:00,050201,050201-SDU,SDU,23,21,1,19,1,7,0,0.95,1
2026-08-07 13:00:00,050201,050201-TELE,TELE,34,32,1,26,5,7,0,0.8387,0
2026-08-07 13:00:00,050201,050201-PACU,PACU,11,10,0,9,1,7,0,0.9,1
2026-08-07 13:00:00,050201,050201-MS,MS,125,113,2,87,24,7,0,0.7838,0
2026-08-07 13:00:00,050201,050201-ONC,ONC,21,19,1,13,5,7,0,0.7222,0
2026-08-07 13:00:00,050201,050201-PEDS,PEDS,19,17,0,11,6,7,0,0.6471,0
2026-08-07 13:00:00,050201,050201-LD,LD,15,14,0,9,5,7,0,0.6429,0
2026-08-07 13:00:00,050201,050201-PP,PP,21,20,0,10,10,7,0,0.5,0
2026-08-07 13:00:00,050201,050201-PSY,PSY,23,22,1,15,6,7,0,0.7143,0
2026-08-07 13:00:00,030301,030301-MICU,MICU,14,13,0,13,0,9,0,1.0,1
2026-08-07 13:00:00,030301,030301-SDU,SDU,15,13,0,13,0,9,0,1.0,1
2026-08-07 13:00:00,030301,030301-TELE,TELE,22,20,0,20,0,9,0,1.0,1
2026-08-07 13:00:00,030301,030301-PACU,PACU,8,8,0,8,0,9,0,1.0,1
2026-08-07 13:00:00,030301,030301-MS,MS,82,72,3,64,5,9,0,0.9275,1
2026-08-07 13:00:00,030301,030301-PEDS,PEDS,12,11,0,11,0,9,0,1.0,1
2026-08-07 13:00:00,030301,030301-LD,LD,10,10,0,7,3,9,0,0.7,0
2026-08-07 13:00:00,030301,030301-PP,PP,14,12,0,12,0,9,0,1.0,1
2026-08-07 13:00:00,140401,140401-MICU,MICU,19,17,0,17,0,10,0,1.0,1
2026-08-07 13:00:00,140401,140401-SICU,SICU,14,13,0,9,4,10,0,0.6923,0
2026-08-07 13:00:00,140401,140401-CVICU,CVICU,12,11,0,8,3,10,0,0.7273,0
2026-08-07 13:00:00,140401,140401-SDU,SDU,20,18,1,17,0,10,0,1.0,1
2026-08-07 13:00:00,140401,140401-TELE,TELE,31,29,1,27,1,10,0,0.9643,1
2026-08-07 13:00:00,140401,140401-PACU,PACU,10,10,0,7,3,10,0,0.7,0
2026-08-07 13:00:00,140401,140401-MS,MS,112,106,2,87,17,10,0,0.8365,0
2026-08-07 13:00:00,140401,140401-ONC,ONC,19,18,0,13,5,10,0,0.7222,0
2026-08-07 13:00:00,140401,140401-PEDS,PEDS,17,16,1,14,1,10,0,0.9333,1
2026-08-07 13:00:00,140401,140401-LD,LD,14,13,0,9,4,10,0,0.6923,0
2026-08-07 13:00:00,140401,140401-PP,PP,19,17,0,12,5,10,0,0.7059,0
2026-08-07 13:00:00,140401,140401-PSY,PSY,20,19,0,15,4,10,0,0.7895,0
2026-08-07 13:00:00,110501,110501-MICU,MICU,6,5,0,5,0,1,0,1.0,1
2026-08-07 13:00:00,110501,110501-TELE,TELE,9,8,0,8,0,1,0,1.0,1
2026-08-07 13:00:00,110501,110501-PACU,PACU,4,4,0,3,1,1,0,0.75,0
2026-08-07 13:00:00,110501,110501-MS,MS,31,28,1,26,1,1,0,0.963,1
2026-08-07 14:00:00,330101,330101-MICU,MICU,23,22,1,19,2,5,0,0.9048,1
2026-08-07 14:00:00,330101,330101-SICU,SICU,17,16,0,15,1,5,0,0.9375,1
2026-08-07 14:00:00,330101,330101-CVICU,CVICU,15,13,0,12,1,5,0,0.9231,1
2026-08-07 14:00:00,330101,330101-SDU,SDU,25,24,1,22,1,5,0,0.9565,1
2026-08-07 14:00:00,330101,330101-TELE,TELE,38,35,1,28,6,5,0,0.8235,0
2026-08-07 14:00:00,330101,330101-PACU,PACU,13,12,0,8,4,5,0,0.6667,0
2026-08-07 14:00:00,330101,330101-MS,MS,139,130,2,119,9,5,0,0.9297,1
2026-08-07 14:00:00,330101,330101-ONC,ONC,23,21,1,16,4,5,0,0.8,0
2026-08-07 14:00:00,330101,330101-PEDS,PEDS,21,20,0,14,6,5,0,0.7,0
2026-08-07 14:00:00,330101,330101-LD,LD,17,16,0,11,5,5,0,0.6875,0
2026-08-07 14:00:00,330101,330101-PP,PP,23,21,1,15,5,5,0,0.75,0
2026-08-07 14:00:00,330101,330101-PSY,PSY,25,23,1,14,8,5,0,0.6364,0
2026-08-07 14:00:00,330102,330102-MICU,MICU,34,31,0,31,0,25,0,1.0,1
2026-08-07 14:00:00,330102,330102-SICU,SICU,24,21,0,21,0,25,0,1.0,1
2026-08-07 14:00:00,330102,330102-CVICU,CVICU,21,20,1,19,0,25,0,1.0,1
2026-08-07 14:00:00,330102,330102-NICU,NICU,18,16,0,16,0,25,0,1.0,1
2026-08-07 14:00:00,330102,330102-SDU,SDU,37,36,0,36,0,25,0,1.0,1
2026-08-07 14:00:00,330102,330102-TELE,TELE,55,49,2,47,0,25,0,1.0,1
2026-08-07 14:00:00,330102,330102-PACU,PACU,18,16,0,14,2,25,0,0.875,1
2026-08-07 14:00:00,330102,330102-MS,MS,201,179,1,178,0,25,0,1.0,1
2026-08-07 14:00:00,330102,330102-ONC,ONC,34,30,1,28,1,25,0,0.9655,1
2026-08-07 14:00:00,330102,330102-PEDS,PEDS,30,27,1,21,5,25,0,0.8077,0
2026-08-07 14:00:00,330102,330102-LD,LD,24,22,1,16,5,25,0,0.7619,0
2026-08-07 14:00:00,330102,330102-PP,PP,34,33,0,24,9,25,0,0.7273,0
2026-08-07 14:00:00,330102,330102-PSY,PSY,37,36,1,28,7,25,0,0.8,0
2026-08-07 14:00:00,330102,330102-REHAB,REHAB,18,16,0,15,1,25,0,0.9375,1
2026-08-07 14:00:00,050201,050201-MICU,MICU,21,19,0,19,0,6,0,1.0,1
2026-08-07 14:00:00,050201,050201-SICU,SICU,15,15,0,13,2,6,0,0.8667,1
2026-08-07 14:00:00,050201,050201-CVICU,CVICU,13,12,0,9,3,6,0,0.75,0
2026-08-07 14:00:00,050201,050201-SDU,SDU,23,21,1,20,0,6,0,1.0,1
2026-08-07 14:00:00,050201,050201-TELE,TELE,34,32,1,26,5,6,0,0.8387,0
2026-08-07 14:00:00,050201,050201-PACU,PACU,11,10,0,9,1,6,0,0.9,1
2026-08-07 14:00:00,050201,050201-MS,MS,125,113,2,87,24,6,0,0.7838,0
2026-08-07 14:00:00,050201,050201-ONC,ONC,21,19,1,14,4,6,0,0.7778,0
2026-08-07 14:00:00,050201,050201-PEDS,PEDS,19,17,0,11,6,6,0,0.6471,0
2026-08-07 14:00:00,050201,050201-LD,LD,15,14,0,9,5,6,0,0.6429,0
2026-08-07 14:00:00,050201,050201-PP,PP,21,20,0,11,9,6,0,0.55,0
2026-08-07 14:00:00,050201,050201-PSY,PSY,23,22,1,15,6,6,0,0.7143,0
2026-08-07 14:00:00,030301,030301-MICU,MICU,14,13,0,13,0,10,0,1.0,1
2026-08-07 14:00:00,030301,030301-SDU,SDU,15,13,0,13,0,10,0,1.0,1
2026-08-07 14:00:00,030301,030301-TELE,TELE,22,20,0,20,0,10,0,1.0,1
2026-08-07 14:00:00,030301,030301-PACU,PACU,8,8,0,8,0,10,0,1.0,1
2026-08-07 14:00:00,030301,030301-MS,MS,82,72,3,63,6,10,0,0.913,1
2026-08-07 14:00:00,030301,030301-PEDS,PEDS,12,11,0,11,0,10,0,1.0,1
2026-08-07 14:00:00,030301,030301-LD,LD,10,10,0,8,2,10,0,0.8,0
2026-08-07 14:00:00,030301,030301-PP,PP,14,12,0,12,0,10,0,1.0,1
2026-08-07 14:00:00,140401,140401-MICU,MICU,19,17,0,17,0,9,0,1.0,1
2026-08-07 14:00:00,140401,140401-SICU,SICU,14,13,0,9,4,9,0,0.6923,0
2026-08-07 14:00:00,140401,140401-CVICU,CVICU,12,11,0,8,3,9,0,0.7273,0
2026-08-07 14:00:00,140401,140401-SDU,SDU,20,18,1,17,0,9,0,1.0,1
2026-08-07 14:00:00,140401,140401-TELE,TELE,31,29,1,27,1,9,0,0.9643,1
2026-08-07 14:00:00,140401,140401-PACU,PACU,10,10,0,7,3,9,0,0.7,0
2026-08-07 14:00:00,140401,140401-MS,MS,112,106,2,90,14,9,0,0.8654,1
2026-08-07 14:00:00,140401,140401-ONC,ONC,19,18,0,12,6,9,0,0.6667,0
2026-08-07 14:00:00,140401,140401-PEDS,PEDS,17,16,1,13,2,9,0,0.8667,1
2026-08-07 14:00:00,140401,140401-LD,LD,14,13,0,9,4,9,0,0.6923,0
2026-08-07 14:00:00,140401,140401-PP,PP,19,17,0,13,4,9,0,0.7647,0
2026-08-07 14:00:00,140401,140401-PSY,PSY,20,19,0,15,4,9,0,0.7895,0
2026-08-07 14:00:00,110501,110501-MICU,MICU,6,5,0,5,0,1,0,1.0,1
2026-08-07 14:00:00,110501,110501-TELE,TELE,9,8,0,8,0,1,0,1.0,1
2026-08-07 14:00:00,110501,110501-PACU,PACU,4,4,0,2,2,1,0,0.5,0
2026-08-07 14:00:00,110501,110501-MS,MS,31,28,1,27,0,1,0,1.0,1
2026-08-07 15:00:00,330101,330101-MICU,MICU,23,22,1,18,3,9,0,0.8571,1
2026-08-07 15:00:00,330101,330101-SICU,SICU,17,16,0,15,1,9,0,0.9375,1
2026-08-07 15:00:00,330101,330101-CVICU,CVICU,15,13,0,12,1,9,0,0.9231,1
2026-08-07 15:00:00,330101,330101-SDU,SDU,25,24,1,23,0,9,0,1.0,1
2026-08-07 15:00:00,330101,330101-TELE,TELE,38,35,1,28,6,9,0,0.8235,0
2026-08-07 15:00:00,330101,330101-PACU,PACU,13,12,0,8,4,9,0,0.6667,0
2026-08-07 15:00:00,330101,330101-MS,MS,139,130,2,120,8,9,0,0.9375,1
2026-08-07 15:00:00,330101,330101-ONC,ONC,23,21,1,16,4,9,0,0.8,0
2026-08-07 15:00:00,330101,330101-PEDS,PEDS,21,20,0,14,6,9,0,0.7,0
2026-08-07 15:00:00,330101,330101-LD,LD,17,16,0,10,6,9,0,0.625,0
2026-08-07 15:00:00,330101,330101-PP,PP,23,21,1,15,5,9,0,0.75,0
2026-08-07 15:00:00,330101,330101-PSY,PSY,25,23,1,14,8,9,0,0.6364,0
2026-08-07 15:00:00,330102,330102-MICU,MICU,34,31,0,30,1,28,0,0.9677,1
2026-08-07 15:00:00,330102,330102-SICU,SICU,24,21,0,20,1,28,0,0.9524,1
2026-08-07 15:00:00,330102,330102-CVICU,CVICU,21,20,1,19,0,28,0,1.0,1
2026-08-07 15:00:00,330102,330102-NICU,NICU,18,16,0,16,0,28,0,1.0,1
2026-08-07 15:00:00,330102,330102-SDU,SDU,37,36,0,36,0,28,0,1.0,1
2026-08-07 15:00:00,330102,330102-TELE,TELE,55,49,2,47,0,28,0,1.0,1
2026-08-07 15:00:00,330102,330102-PACU,PACU,18,16,0,14,2,28,0,0.875,1
2026-08-07 15:00:00,330102,330102-MS,MS,201,179,1,172,6,28,0,0.9663,1
2026-08-07 15:00:00,330102,330102-ONC,ONC,34,30,1,28,1,28,0,0.9655,1
2026-08-07 15:00:00,330102,330102-PEDS,PEDS,30,27,1,21,5,28,0,0.8077,0
2026-08-07 15:00:00,330102,330102-LD,LD,24,22,1,16,5,28,0,0.7619,0
2026-08-07 15:00:00,330102,330102-PP,PP,34,33,0,24,9,28,0,0.7273,0
2026-08-07 15:00:00,330102,330102-PSY,PSY,37,36,1,29,6,28,0,0.8286,0
2026-08-07 15:00:00,330102,330102-REHAB,REHAB,18,16,0,15,1,28,0,0.9375,1
2026-08-07 15:00:00,050201,050201-MICU,MICU,21,19,0,19,0,3,0,1.0,1
2026-08-07 15:00:00,050201,050201-SICU,SICU,15,15,0,13,2,3,0,0.8667,1
2026-08-07 15:00:00,050201,050201-CVICU,CVICU,13,12,0,9,3,3,0,0.75,0
2026-08-07 15:00:00,050201,050201-SDU,SDU,23,21,1,20,0,3,0,1.0,1
2026-08-07 15:00:00,050201,050201-TELE,TELE,34,32,1,25,6,3,0,0.8065,0
2026-08-07 15:00:00,050201,050201-PACU,PACU,11,10,0,10,0,3,0,1.0,1
2026-08-07 15:00:00,050201,050201-MS,MS,125,113,2,88,23,3,0,0.7928,0
2026-08-07 15:00:00,050201,050201-ONC,ONC,21,19,1,14,4,3,0,0.7778,0
2026-08-07 15:00:00,050201,050201-PEDS,PEDS,19,17,0,11,6,3,0,0.6471,0
2026-08-07 15:00:00,050201,050201-LD,LD,15,14,0,9,5,3,0,0.6429,0
2026-08-07 15:00:00,050201,050201-PP,PP,21,20,0,11,9,3,0,0.55,0
2026-08-07 15:00:00,050201,050201-PSY,PSY,23,22,1,15,6,3,0,0.7143,0
2026-08-07 15:00:00,030301,030301-MICU,MICU,14,13,0,13,0,13,0,1.0,1
2026-08-07 15:00:00,030301,030301-SDU,SDU,15,13,0,13,0,13,0,1.0,1
2026-08-07 15:00:00,030301,030301-TELE,TELE,22,20,0,20,0,13,0,1.0,1
2026-08-07 15:00:00,030301,030301-PACU,PACU,8,8,0,8,0,13,0,1.0,1
2026-08-07 15:00:00,030301,030301-MS,MS,82,72,3,63,6,13,0,0.913,1
2026-08-07 15:00:00,030301,030301-PEDS,PEDS,12,11,0,11,0,13,0,1.0,1
2026-08-07 15:00:00,030301,030301-LD,LD,10,10,0,8,2,13,0,0.8,0
2026-08-07 15:00:00,030301,030301-PP,PP,14,12,0,12,0,13,0,1.0,1
2026-08-07 15:00:00,140401,140401-MICU,MICU,19,17,0,17,0,11,0,1.0,1
2026-08-07 15:00:00,140401,140401-SICU,SICU,14,13,0,9,4,11,0,0.6923,0
2026-08-07 15:00:00,140401,140401-CVICU,CVICU,12,11,0,7,4,11,0,0.6364,0
2026-08-07 15:00:00,140401,140401-SDU,SDU,20,18,1,17,0,11,0,1.0,1
2026-08-07 15:00:00,140401,140401-TELE,TELE,31,29,1,28,0,11,0,1.0,1
2026-08-07 15:00:00,140401,140401-PACU,PACU,10,10,0,7,3,11,0,0.7,0
2026-08-07 15:00:00,140401,140401-MS,MS,112,106,2,89,15,11,0,0.8558,1
2026-08-07 15:00:00,140401,140401-ONC,ONC,19,18,0,12,6,11,0,0.6667,0
2026-08-07 15:00:00,140401,140401-PEDS,PEDS,17,16,1,13,2,11,0,0.8667,1
2026-08-07 15:00:00,140401,140401-LD,LD,14,13,0,9,4,11,0,0.6923,0
2026-08-07 15:00:00,140401,140401-PP,PP,19,17,0,13,4,11,0,0.7647,0
2026-08-07 15:00:00,140401,140401-PSY,PSY,20,19,0,15,4,11,0,0.7895,0
2026-08-07 15:00:00,110501,110501-MICU,MICU,6,5,0,5,0,1,0,1.0,1
2026-08-07 15:00:00,110501,110501-TELE,TELE,9,8,0,8,0,1,0,1.0,1
2026-08-07 15:00:00,110501,110501-PACU,PACU,4,4,0,2,2,1,0,0.5,0
2026-08-07 15:00:00,110501,110501-MS,MS,31,28,1,27,0,1,0,1.0,1
2026-08-07 16:00:00,330101,330101-MICU,MICU,23,22,1,19,2,10,0,0.9048,1
2026-08-07 16:00:00,330101,330101-SICU,SICU,17,16,0,14,2,10,0,0.875,1
2026-08-07 16:00:00,330101,330101-CVICU,CVICU,15,13,0,12,1,10,0,0.9231,1
2026-08-07 16:00:00,330101,330101-SDU,SDU,25,24,1,23,0,10,0,1.0,1
2026-08-07 16:00:00,330101,330101-TELE,TELE,38,35,1,29,5,10,0,0.8529,1
2026-08-07 16:00:00,330101,330101-PACU,PACU,13,12,0,8,4,10,0,0.6667,0
2026-08-07 16:00:00,330101,330101-MS,MS,139,130,2,118,10,10,0,0.9219,1
2026-08-07 16:00:00,330101,330101-ONC,ONC,23,21,1,17,3,10,0,0.85,1
2026-08-07 16:00:00,330101,330101-PEDS,PEDS,21,20,0,14,6,10,0,0.7,0
2026-08-07 16:00:00,330101,330101-LD,LD,17,16,0,10,6,10,0,0.625,0
2026-08-07 16:00:00,330101,330101-PP,PP,23,21,1,15,5,10,0,0.75,0
2026-08-07 16:00:00,330101,330101-PSY,PSY,25,23,1,15,7,10,0,0.6818,0
2026-08-07 16:00:00,330102,330102-MICU,MICU,34,31,0,30,1,35,0,0.9677,1
2026-08-07 16:00:00,330102,330102-SICU,SICU,24,21,0,21,0,35,0,1.0,1
2026-08-07 16:00:00,330102,330102-CVICU,CVICU,21,20,1,19,0,35,0,1.0,1
2026-08-07 16:00:00,330102,330102-NICU,NICU,18,16,0,15,1,35,0,0.9375,1
2026-08-07 16:00:00,330102,330102-SDU,SDU,37,36,0,35,1,35,0,0.9722,1
2026-08-07 16:00:00,330102,330102-TELE,TELE,55,49,2,46,1,35,0,0.9787,1
2026-08-07 16:00:00,330102,330102-PACU,PACU,18,16,0,,2,35,0,0.875,1
2026-08-07 16:00:00,330102,330102-MS,MS,201,179,1,172,6,35,0,0.9663,1
2026-08-07 16:00:00,330102,330102-ONC,ONC,34,30,1,28,1,35,0,0.9655,1
2026-08-07 16:00:00,330102,330102-PEDS,PEDS,30,27,1,22,4,35,0,0.8462,0
2026-08-07 16:00:00,330102,330102-LD,LD,24,22,1,15,6,35,0,0.7143,0
2026-08-07 16:00:00,330102,330102-PP,PP,34,33,0,23,10,35,0,0.697,0
2026-08-07 16:00:00,330102,330102-PSY,PSY,37,36,1,29,6,35,0,0.8286,0
2026-08-07 16:00:00,330102,330102-REHAB,REHAB,18,16,0,16,0,35,0,1.0,1
2026-08-07 16:00:00,050201,050201-MICU,MICU,21,19,0,19,0,5,0,1.0,1
2026-08-07 16:00:00,050201,050201-SICU,SICU,15,15,0,13,2,5,0,0.8667,1
2026-08-07 16:00:00,050201,050201-CVICU,CVICU,13,12,0,9,3,5,0,0.75,0
2026-08-07 16:00:00,050201,050201-SDU,SDU,23,21,1,20,0,5,0,1.0,1
2026-08-07 16:00:00,050201,050201-TELE,TELE,34,32,1,25,6,5,0,0.8065,0
2026-08-07 16:00:00,050201,050201-PACU,PACU,11,10,0,10,0,5,0,1.0,1
2026-08-07 16:00:00,050201,050201-MS,MS,125,113,2,88,23,5,0,0.7928,0
2026-08-07 16:00:00,050201,050201-ONC,ONC,21,19,1,14,4,5,0,0.7778,0
2026-08-07 16:00:00,050201,050201-PEDS,PEDS,19,17,0,11,6,5,0,0.6471,0
2026-08-07 16:00:00,050201,050201-LD,LD,15,14,0,9,5,5,0,0.6429,0
2026-08-07 16:00:00,050201,050201-PP,PP,21,20,0,11,9,5,0,0.55,0
2026-08-07 16:00:00,050201,050201-PSY,PSY,23,22,1,15,6,5,0,0.7143,0
2026-08-07 16:00:00,030301,030301-MICU,MICU,14,13,0,13,0,12,0,1.0,1
2026-08-07 16:00:00,030301,030301-SDU,SDU,15,13,0,12,1,12,0,0.9231,1
2026-08-07 16:00:00,030301,030301-TELE,TELE,22,20,0,20,0,12,0,1.0,1
2026-08-07 16:00:00,030301,030301-PACU,PACU,8,8,0,8,0,12,0,1.0,1
2026-08-07 16:00:00,030301,030301-MS,MS,82,72,3,63,6,12,0,0.913,1
2026-08-07 16:00:00,030301,030301-PEDS,PEDS,12,11,0,11,0,12,0,1.0,1
2026-08-07 16:00:00,030301,030301-LD,LD,10,10,0,9,1,12,0,0.9,1
2026-08-07 16:00:00,030301,030301-PP,PP,14,12,0,12,0,12,0,1.0,1
2026-08-07 16:00:00,140401,140401-MICU,MICU,19,17,0,17,0,10,0,1.0,1
2026-08-07 16:00:00,140401,140401-SICU,SICU,14,13,0,10,3,10,0,0.7692,0
2026-08-07 16:00:00,140401,140401-CVICU,CVICU,12,11,0,6,5,10,0,0.5455,0
2026-08-07 16:00:00,140401,140401-SDU,SDU,20,18,1,17,0,10,0,1.0,1
2026-08-07 16:00:00,140401,140401-TELE,TELE,31,29,1,28,0,10,0,1.0,1
2026-08-07 16:00:00,140401,140401-PACU,PACU,10,10,0,7,3,10,0,0.7,0
2026-08-07 16:00:00,140401,140401-MS,MS,112,106,2,91,13,10,0,0.875,1
2026-08-07 16:00:00,140401,140401-ONC,ONC,19,18,0,12,6,10,0,0.6667,0
2026-08-07 16:00:00,140401,140401-PEDS,PEDS,17,16,1,13,2,10,0,0.8667,1
2026-08-07 16:00:00,140401,140401-LD,LD,14,13,0,9,4,10,0,0.6923,0
2026-08-07 16:00:00,140401,140401-PP,PP,19,17,0,13,4,10,0,0.7647,0
2026-08-07 16:00:00,140401,140401-PSY,PSY,20,19,0,14,5,10,0,0.7368,0
2026-08-07 16:00:00,110501,110501-MICU,MICU,6,5,0,5,0,1,0,1.0,1
2026-08-07 16:00:00,110501,110501-TELE,TELE,9,8,0,8,0,1,0,1.0,1
2026-08-07 16:00:00,110501,110501-PACU,PACU,4,4,0,4,0,1,0,1.0,1
2026-08-07 16:00:00,110501,110501-MS,MS,31,28,1,27,0,1,0,1.0,1
2026-08-07 17:00:00,330101,330101-MICU,MICU,23,22,1,20,1,12,0,0.9524,1
2026-08-07 17:00:00,330101,330101-SICU,SICU,17,16,0,13,3,12,0,0.8125,0
2026-08-07 17:00:00,330101,330101-CVICU,CVICU,15,13,0,13,0,12,0,1.0,1
2026-08-07 17:00:00,330101,330101-SDU,SDU,25,24,1,23,0,12,0,1.0,1
2026-08-07 17:00:00,330101,330101-TELE,TELE,38,35,1,30,4,12,0,0.8824,1
2026-08-07 17:00:00,330101,330101-PACU,PACU,13,12,0,8,4,12,0,0.6667,0
2026-08-07 17:00:00,330101,330101-MS,MS,139,130,2,118,10,12,0,0.9219,1
2026-08-07 17:00:00,330101,330101-ONC,ONC,23,21,1,17,3,12,0,0.85,1
2026-08-07 17:00:00,330101,330101-PEDS,PEDS,21,20,0,14,6,12,0,0.7,0
2026-08-07 17:00:00,330101,330101-LD,LD,17,16,0,10,6,12,0,0.625,0
2026-08-07 17:00:00,330101,330101-PP,PP,23,21,1,16,4,12,0,0.8,0
2026-08-07 17:00:00,330101,330101-PSY,PSY,25,23,1,14,8,12,0,0.6364,0
2026-08-07 17:00:00,330102,330102-MICU,MICU,34,31,0,30,1,36,0,0.9677,1
2026-08-07 17:00:00,330102,330102-SICU,SICU,24,21,0,21,0,36,0,1.0,1
2026-08-07 17:00:00,330102,330102-CVICU,CVICU,21,20,1,19,0,36,0,1.0,1
2026-08-07 17:00:00,330102,330102-NICU,NICU,18,16,0,15,1,36,0,0.9375,1
2026-08-07 17:00:00,330102,330102-SDU,SDU,37,36,0,36,0,36,0,1.0,1
2026-08-07 17:00:00,330102,330102-TELE,TELE,55,49,2,47,0,36,0,1.0,1
2026-08-07 17:00:00,330102,330102-PACU,PACU,18,16,0,14,2,36,0,0.875,1
2026-08-07 17:00:00,330102,330102-MS,MS,201,179,1,166,12,36,0,0.9326,1
2026-08-07 17:00:00,330102,330102-ONC,ONC,34,30,1,28,1,36,0,0.9655,1
2026-08-07 17:00:00,330102,330102-PEDS,PEDS,30,27,1,22,4,36,0,0.8462,0
2026-08-07 17:00:00,330102,330102-LD,LD,24,22,1,15,6,36,0,0.7143,0
2026-08-07 17:00:00,330102,330102-PP,PP,34,33,0,23,10,36,0,0.697,0
2026-08-07 17:00:00,330102,330102-PSY,PSY,37,36,1,29,6,36,0,0.8286,0
2026-08-07 17:00:00,330102,330102-REHAB,REHAB,18,16,0,16,0,36,0,1.0,1
2026-08-07 17:00:00,050201,050201-MICU,MICU,21,19,0,19,0,5,0,1.0,1
2026-08-07 17:00:00,050201,050201-SICU,SICU,15,15,0,13,2,5,0,0.8667,1
2026-08-07 17:00:00,050201,050201-CVICU,CVICU,13,12,0,10,2,5,0,0.8333,0
2026-08-07 17:00:00,050201,050201-SDU,SDU,23,21,1,20,0,5,0,1.0,1
2026-08-07 17:00:00,050201,050201-TELE,TELE,34,32,1,26,5,5,0,0.8387,0
2026-08-07 17:00:00,050201,050201-PACU,PACU,11,10,0,10,0,5,0,1.0,1
2026-08-07 17:00:00,050201,050201-MS,MS,125,113,2,86,25,5,0,0.7748,0
2026-08-07 17:00:00,050201,050201-ONC,ONC,21,19,1,14,4,5,0,0.7778,0
2026-08-07 17:00:00,050201,050201-PEDS,PEDS,19,17,0,11,6,5,0,0.6471,0
2026-08-07 17:00:00,050201,050201-LD,LD,15,14,0,8,6,5,0,0.5714,0
2026-08-07 17:00:00,050201,050201-PP,PP,21,20,0,11,9,5,0,0.55,0
2026-08-07 17:00:00,050201,050201-PSY,PSY,23,22,1,15,6,5,0,0.7143,0
2026-08-07 17:00:00,030301,030301-MICU,MICU,14,13,0,13,0,12,0,1.0,1
2026-08-07 17:00:00,030301,030301-SDU,SDU,15,13,0,12,1,12,0,0.9231,1
2026-08-07 17:00:00,030301,030301-TELE,TELE,22,20,0,20,0,12,0,1.0,1
2026-08-07 17:00:00,030301,030301-PACU,PACU,8,8,0,8,0,12,0,1.0,1
2026-08-07 17:00:00,030301,030301-MS,MS,82,72,3,64,5,12,0,0.9275,1
2026-08-07 17:00:00,030301,030301-PEDS,PEDS,12,11,0,11,0,12,0,1.0,1
2026-08-07 17:00:00,030301,030301-LD,LD,10,10,0,9,1,12,0,0.9,1
2026-08-07 17:00:00,030301,030301-PP,PP,14,12,0,12,0,12,0,1.0,1
2026-08-07 17:00:00,140401,140401-MICU,MICU,19,17,0,17,0,8,0,1.0,1
2026-08-07 17:00:00,140401,140401-SICU,SICU,14,13,0,9,4,8,0,0.6923,0
2026-08-07 17:00:00,140401,140401-CVICU,CVICU,12,11,0,6,5,8,0,0.5455,0
2026-08-07 17:00:00,140401,140401-SDU,SDU,20,18,1,17,0,8,0,1.0,1
2026-08-07 17:00:00,140401,140401-TELE,TELE,31,29,1,27,1,8,0,0.9643,1
2026-08-07 17:00:00,140401,140401-PACU,PACU,10,10,0,7,3,8,0,0.7,0
2026-08-07 17:00:00,140401,140401-MS,MS,112,106,2,93,11,8,0,0.8942,1
2026-08-07 17:00:00,140401,140401-ONC,ONC,19,18,0,12,6,8,0,0.6667,0
2026-08-07 17:00:00,140401,140401-PEDS,PEDS,17,16,1,13,2,8,0,0.8667,1
2026-08-07 17:00:00,140401,140401-LD,LD,14,13,0,9,4,8,0,0.6923,0
2026-08-07 17:00:00,140401,140401-PP,PP,19,17,0,14,3,8,0,0.8235,0
2026-08-07 17:00:00,140401,140401-PSY,PSY,20,19,0,14,5,8,0,0.7368,0
2026-08-07 17:00:00,110501,110501-MICU,MICU,6,5,0,5,0,3,0,1.0,1
2026-08-07 17:00:00,110501,110501-TELE,TELE,9,8,0,8,0,3,0,1.0,1
2026-08-07 17:00:00,110501,110501-PACU,PACU,4,4,0,4,0,3,0,1.0,1
2026-08-07 17:00:00,110501,110501-MS,MS,31,28,1,27,0,3,0,1.0,1
2026-08-07 17:00:00,110501,110501-MS,MS,31,28,1,27,0,3,0,1.0,1
2026-08-07 18:00:00,330101,330101-MICU,MICU,23,22,1,21,0,13,0,1.0,1
2026-08-07 18:00:00,330101,330101-SICU,SICU,17,16,0,14,2,13,0,0.875,1
2026-08-07 18:00:00,330101,330101-CVICU,CVICU,15,13,0,13,0,13,0,1.0,1
2026-08-07 18:00:00,330101,330101-SDU,SDU,25,24,1,23,0,13,0,1.0,1
2026-08-07 18:00:00,330101,330101-TELE,TELE,38,35,1,29,5,13,0,0.8529,1
2026-08-07 18:00:00,330101,330101-PACU,PACU,13,12,0,8,4,13,0,0.6667,0
2026-08-07 18:00:00,330101,330101-MS,MS,139,130,2,118,10,13,0,0.9219,1
2026-08-07 18:00:00,330101,330101-ONC,ONC,23,21,1,17,3,13,0,0.85,1
2026-08-07 18:00:00,330101,330101-PEDS,PEDS,21,20,0,14,6,13,0,0.7,0
2026-08-07 18:00:00,330101,330101-LD,LD,17,16,0,10,6,13,0,0.625,0
2026-08-07 18:00:00,330101,330101-PP,PP,23,21,1,16,4,13,0,0.8,0
2026-08-07 18:00:00,330101,330101-PSY,PSY,25,23,1,14,8,13,0,0.6364,0
2026-08-07 18:00:00,330102,330102-MICU,MICU,34,31,0,31,0,31,0,1.0,1
2026-08-07 18:00:00,330102,330102-SICU,SICU,24,21,0,21,0,31,0,1.0,1
2026-08-07 18:00:00,330102,330102-CVICU,CVICU,21,20,1,19,0,31,0,1.0,1
2026-08-07 18:00:00,330102,330102-NICU,NICU,18,16,0,15,1,31,0,0.9375,1
2026-08-07 18:00:00,330102,330102-SDU,SDU,37,36,0,36,0,31,0,1.0,1
2026-08-07 18:00:00,330102,330102-TELE,TELE,55,49,2,47,0,31,0,1.0,1
2026-08-07 18:00:00,330102,330102-PACU,PACU,18,16,0,14,2,31,0,0.875,1
2026-08-07 18:00:00,330102,330102-MS,MS,201,179,1,172,6,31,0,0.9663,1
2026-08-07 18:00:00,330102,330102-ONC,ONC,34,30,1,28,1,31,0,0.9655,1
2026-08-07 18:00:00,330102,330102-PEDS,PEDS,30,27,1,22,4,31,0,0.8462,0
2026-08-07 18:00:00,330102,330102-LD,LD,24,22,1,15,6,31,0,0.7143,0
2026-08-07 18:00:00,330102,330102-PP,PP,34,33,0,23,10,31,0,0.697,0
2026-08-07 18:00:00,330102,330102-PSY,PSY,37,36,1,28,7,31,0,0.8,0
2026-08-07 18:00:00,330102,330102-REHAB,REHAB,18,16,0,16,0,31,0,1.0,1
2026-08-07 18:00:00,050201,050201-MICU,MICU,21,19,0,19,0,9,0,1.0,1
2026-08-07 18:00:00,050201,050201-SICU,SICU,15,15,0,13,2,9,0,0.8667,1
2026-08-07 18:00:00,050201,050201-CVICU,CVICU,13,12,0,10,2,9,0,0.8333,0
2026-08-07 18:00:00,050201,050201-SDU,SDU,23,21,1,20,0,9,0,1.0,1
2026-08-07 18:00:00,050201,050201-TELE,TELE,34,32,1,25,6,9,0,0.8065,0
2026-08-07 18:00:00,050201,050201-PACU,PACU,11,10,0,9,1,9,0,0.9,1
2026-08-07 18:00:00,050201,050201-MS,MS,125,113,2,86,25,9,0,0.7748,0
2026-08-07 18:00:00,050201,050201-ONC,ONC,21,19,1,15,3,9,0,0.8333,0
2026-08-07 18:00:00,050201,050201-PEDS,PEDS,19,17,0,11,6,9,0,0.6471,0
2026-08-07 18:00:00,050201,050201-LD,LD,15,14,0,8,6,9,0,0.5714,0
2026-08-07 18:00:00,050201,050201-PP,PP,21,20,0,11,9,9,0,0.55,0
2026-08-07 18:00:00,050201,050201-PSY,PSY,23,22,1,15,6,9,0,0.7143,0
2026-08-07 18:00:00,030301,030301-MICU,MICU,14,13,0,13,0,11,0,1.0,1
2026-08-07 18:00:00,030301,030301-SDU,SDU,15,13,0,13,0,11,0,1.0,1
2026-08-07 18:00:00,030301,030301-TELE,TELE,22,20,0,20,0,11,0,1.0,1
2026-08-07 18:00:00,030301,030301-PACU,PACU,8,8,0,8,0,11,0,1.0,1
2026-08-07 18:00:00,030301,030301-MS,MS,82,72,3,64,5,11,0,0.9275,1
2026-08-07 18:00:00,030301,030301-PEDS,PEDS,12,11,0,11,0,11,0,1.0,1
2026-08-07 18:00:00,030301,030301-LD,LD,10,10,0,9,1,11,0,0.9,1
2026-08-07 18:00:00,030301,030301-PP,PP,14,12,0,12,0,11,0,1.0,1
2026-08-07 18:00:00,140401,140401-MICU,MICU,19,17,0,17,0,6,0,1.0,1
2026-08-07 18:00:00,140401,140401-SICU,SICU,14,13,0,9,4,6,0,0.6923,0
2026-08-07 18:00:00,140401,140401-CVICU,CVICU,12,11,0,6,5,6,0,0.5455,0
2026-08-07 18:00:00,140401,140401-SDU,SDU,20,18,1,17,0,6,0,1.0,1
2026-08-07 18:00:00,140401,140401-TELE,TELE,31,29,1,24,4,6,0,0.8571,1
2026-08-07 18:00:00,140401,140401-PACU,PACU,10,10,0,8,2,6,0,0.8,0
2026-08-07 18:00:00,140401,140401-MS,MS,112,106,2,95,9,6,0,0.9135,1
2026-08-07 18:00:00,140401,140401-ONC,ONC,19,18,0,12,6,6,0,0.6667,0
2026-08-07 18:00:00,140401,140401-PEDS,PEDS,17,16,1,14,1,6,0,0.9333,1
2026-08-07 18:00:00,140401,140401-LD,LD,14,13,0,9,4,6,0,0.6923,0
2026-08-07 18:00:00,140401,140401-PP,PP,19,17,0,14,3,6,0,0.8235,0
2026-08-07 18:00:00,140401,140401-PSY,PSY,20,19,0,15,4,6,0,0.7895,0
2026-08-07 18:00:00,110501,110501-MICU,MICU,6,5,0,5,0,3,0,1.0,1
2026-08-07 18:00:00,110501,110501-TELE,TELE,9,8,0,8,0,3,0,1.0,1
2026-08-07 18:00:00,110501,110501-PACU,PACU,4,4,0,4,0,3,0,1.0,1
2026-08-07 18:00:00,110501,110501-MS,MS,31,28,1,27,0,3,0,1.0,1
2026-08-07 19:00:00,330101,330101-MICU,MICU,23,22,1,21,0,18,0,1.0,1
2026-08-07 19:00:00,330101,330101-SICU,SICU,17,16,0,14,2,18,0,0.875,1
2026-08-07 19:00:00,330101,330101-CVICU,CVICU,15,13,0,13,0,18,0,1.0,1
2026-08-07 19:00:00,330101,330101-SDU,SDU,25,24,1,23,0,18,0,1.0,1
2026-08-07 19:00:00,330101,330101-TELE,TELE,38,35,1,31,3,18,0,0.9118,1
2026-08-07 19:00:00,330101,330101-PACU,PACU,13,12,0,8,4,18,0,0.6667,0
2026-08-07 19:00:00,330101,330101-MS,MS,139,130,2,117,11,18,0,0.9141,1
2026-08-07 19:00:00,330101,330101-ONC,ONC,23,21,1,17,3,18,0,0.85,1
2026-08-07 19:00:00,330101,330101-PEDS,PEDS,21,20,0,14,6,18,0,0.7,0
2026-08-07 19:00:00,330101,330101-LD,LD,17,16,0,10,6,18,0,0.625,0
2026-08-07 19:00:00,330101,330101-PP,PP,23,21,1,16,4,18,0,0.8,0
2026-08-07 19:00:00,330101,330101-PSY,PSY,25,23,1,14,8,18,0,0.6364,0
2026-08-07 19:00:00,330102,330102-MICU,MICU,34,31,0,31,0,33,0,1.0,1
2026-08-07 19:00:00,330102,330102-SICU,SICU,24,21,0,21,0,33,0,1.0,1
2026-08-07 19:00:00,330102,330102-CVICU,CVICU,21,20,1,19,0,33,0,1.0,1
2026-08-07 19:00:00,330102,330102-NICU,NICU,18,16,0,15,1,33,0,0.9375,1
2026-08-07 19:00:00,330102,330102-SDU,SDU,37,36,0,36,0,33,0,1.0,1
2026-08-07 19:00:00,330102,330102-TELE,TELE,55,49,2,47,0,33,0,1.0,1
2026-08-07 19:00:00,330102,330102-PACU,PACU,18,16,0,14,2,33,0,0.875,1
2026-08-07 19:00:00,330102,330102-MS,MS,201,179,1,176,2,33,0,0.9888,1
2026-08-07 19:00:00,330102,330102-ONC,ONC,34,30,1,28,1,33,0,0.9655,1
2026-08-07 19:00:00,330102,330102-PEDS,PEDS,30,27,1,22,4,33,0,0.8462,0
2026-08-07 19:00:00,330102,330102-LD,LD,24,22,1,16,5,33,0,0.7619,0
2026-08-07 19:00:00,330102,330102-PP,PP,34,33,0,23,10,33,0,0.697,0
2026-08-07 19:00:00,330102,330102-PSY,PSY,37,36,1,28,7,33,0,0.8,0
2026-08-07 19:00:00,330102,330102-REHAB,REHAB,18,16,0,15,1,33,0,0.9375,1
2026-08-07 19:00:00,050201,050201-MICU,MICU,21,19,0,18,1,8,0,0.9474,1
2026-08-07 19:00:00,050201,050201-SICU,SICU,15,15,0,13,2,8,0,0.8667,1
2026-08-07 19:00:00,050201,050201-CVICU,CVICU,13,12,0,10,2,8,0,0.8333,0
2026-08-07 19:00:00,050201,050201-SDU,SDU,23,21,1,20,0,8,0,1.0,1
2026-08-07 19:00:00,050201,050201-TELE,TELE,34,32,1,25,6,8,0,0.8065,0
2026-08-07 19:00:00,050201,050201-PACU,PACU,11,10,0,9,1,8,0,0.9,1
2026-08-07 19:00:00,050201,050201-MS,MS,125,113,2,87,24,8,0,0.7838,0
2026-08-07 19:00:00,050201,050201-ONC,ONC,21,19,1,15,3,8,0,0.8333,0
2026-08-07 19:00:00,050201,050201-PEDS,PEDS,19,17,0,11,6,8,0,0.6471,0
2026-08-07 19:00:00,050201,050201-LD,LD,15,14,0,8,6,8,0,0.5714,0
2026-08-07 19:00:00,050201,050201-PP,PP,21,20,0,11,9,8,0,0.55,0
2026-08-07 19:00:00,050201,050201-PSY,PSY,23,22,1,15,6,8,0,0.7143,0
2026-08-07 19:00:00,030301,030301-MICU,MICU,14,13,0,13,0,8,0,1.0,1
2026-08-07 19:00:00,030301,030301-SDU,SDU,15,13,0,13,0,8,0,1.0,1
2026-08-07 19:00:00,030301,030301-TELE,TELE,22,20,0,19,1,8,0,0.95,1
2026-08-07 19:00:00,030301,030301-PACU,PACU,8,8,0,8,0,8,0,1.0,1
2026-08-07 19:00:00,030301,030301-MS,MS,82,72,3,62,7,8,0,0.8986,1
2026-08-07 19:00:00,030301,030301-PEDS,PEDS,12,11,0,11,0,8,0,1.0,1
2026-08-07 19:00:00,030301,030301-LD,LD,10,10,0,10,0,8,0,1.0,1
2026-08-07 19:00:00,030301,030301-PP,PP,14,12,0,11,1,8,0,0.9167,1
2026-08-07 19:00:00,140401,140401-MICU,MICU,19,17,0,17,0,6,0,1.0,1
2026-08-07 19:00:00,140401,140401-SICU,SICU,14,13,0,9,4,6,0,0.6923,0
2026-08-07 19:00:00,140401,140401-CVICU,CVICU,12,11,0,6,5,6,0,0.5455,0
2026-08-07 19:00:00,140401,140401-SDU,SDU,20,18,1,17,0,6,0,1.0,1
2026-08-07 19:00:00,140401,140401-TELE,TELE,31,29,1,24,4,6,0,0.8571,1
2026-08-07 19:00:00,140401,140401-PACU,PACU,10,10,0,8,2,6,0,0.8,0
2026-08-07 19:00:00,140401,140401-MS,MS,112,106,2,93,11,6,0,0.8942,1
2026-08-07 19:00:00,140401,140401-ONC,ONC,19,18,0,12,6,6,0,0.6667,0
2026-08-07 19:00:00,140401,140401-PEDS,PEDS,17,16,1,14,1,6,0,0.9333,1
2026-08-07 19:00:00,140401,140401-LD,LD,14,13,0,9,4,6,0,0.6923,0
2026-08-07 19:00:00,140401,140401-PP,PP,19,17,0,13,4,6,0,0.7647,0
2026-08-07 19:00:00,140401,140401-PSY,PSY,20,19,0,15,4,6,0,0.7895,0
2026-08-07 19:00:00,110501,110501-MICU,MICU,6,5,0,5,0,3,0,1.0,1
2026-08-07 19:00:00,110501,110501-TELE,TELE,9,8,0,8,0,3,0,1.0,1
2026-08-07 19:00:00,110501,110501-PACU,PACU,4,4,0,4,0,3,0,1.0,1
2026-08-07 19:00:00,110501,110501-MS,MS,31,28,1,27,0,3,0,1.0,1
2026-08-07 20:00:00,330101,330101-MICU,MICU,23,22,1,21,0,14,0,1.0,1
2026-08-07 20:00:00,330101,330101-SICU,SICU,17,16,0,14,2,14,0,0.875,1
2026-08-07 20:00:00,330101,330101-CVICU,CVICU,15,13,0,13,0,14,0,1.0,1
2026-08-07 20:00:00,330101,330101-SDU,SDU,25,24,1,23,0,14,0,1.0,1
2026-08-07 20:00:00,330101,330101-TELE,TELE,38,35,1,33,1,14,0,0.9706,1
2026-08-07 20:00:00,330101,330101-PACU,PACU,13,12,0,8,4,14,0,0.6667,0
2026-08-07 20:00:00,330101,330101-MS,MS,139,130,2,116,12,14,0,0.9062,1
2026-08-07 20:00:00,330101,330101-ONC,ONC,23,21,1,18,2,14,0,0.9,1
2026-08-07 20:00:00,330101,330101-PEDS,PEDS,21,20,0,14,6,14,0,0.7,0
2026-08-07 20:00:00,330101,330101-LD,LD,17,16,0,9,7,14,0,0.5625,0
2026-08-07 20:00:00,330101,330101-PP,PP,23,21,1,16,4,14,0,0.8,0
2026-08-07 20:00:00,330101,330101-PSY,PSY,25,23,1,14,8,14,0,0.6364,0
2026-08-07 20:00:00,330102,330102-MICU,MICU,34,31,0,31,0,35,0,1.0,1
2026-08-07 20:00:00,330102,330102-SICU,SICU,24,21,0,21,0,35,0,1.0,1
2026-08-07 20:00:00,330102,330102-CVICU,CVICU,21,20,1,19,0,35,0,1.0,1
2026-08-07 20:00:00,330102,330102-NICU,NICU,18,16,0,14,2,35,0,0.875,1
2026-08-07 20:00:00,330102,330102-SDU,SDU,37,36,0,36,0,35,0,1.0,1
2026-08-07 20:00:00,330102,330102-TELE,TELE,55,49,2,47,0,35,0,1.0,1
2026-08-07 20:00:00,330102,330102-PACU,PACU,18,16,0,13,3,35,0,0.8125,0
2026-08-07 20:00:00,330102,330102-MS,MS,201,179,1,177,1,35,0,0.9944,1
2026-08-07 20:00:00,330102,330102-ONC,ONC,34,30,1,28,1,35,0,0.9655,1
2026-08-07 20:00:00,330102,330102-PEDS,PEDS,30,27,1,22,4,35,0,0.8462,0
2026-08-07 20:00:00,330102,330102-LD,LD,24,22,1,16,5,35,0,0.7619,0
2026-08-07 20:00:00,330102,330102-PP,PP,34,33,0,23,10,35,0,0.697,0
2026-08-07 20:00:00,330102,330102-PSY,PSY,37,36,1,28,7,35,0,0.8,0
2026-08-07 20:00:00,330102,330102-REHAB,REHAB,18,16,0,15,1,35,0,0.9375,1
2026-08-07 20:00:00,050201,050201-MICU,MICU,21,19,0,18,1,5,0,0.9474,1
2026-08-07 20:00:00,050201,050201-SICU,SICU,15,15,0,13,2,5,0,0.8667,1
2026-08-07 20:00:00,050201,050201-CVICU,CVICU,13,12,0,10,2,5,0,0.8333,0
2026-08-07 20:00:00,050201,050201-SDU,SDU,23,21,1,20,0,5,0,1.0,1
2026-08-07 20:00:00,050201,050201-TELE,TELE,34,32,1,26,5,5,0,0.8387,0
2026-08-07 20:00:00,050201,050201-PACU,PACU,11,10,0,9,1,5,0,0.9,1
2026-08-07 20:00:00,050201,050201-MS,MS,125,113,2,87,24,5,0,0.7838,0
2026-08-07 20:00:00,050201,050201-ONC,ONC,21,19,1,15,3,5,0,0.8333,0
2026-08-07 20:00:00,050201,050201-PEDS,PEDS,19,17,0,11,6,5,0,0.6471,0
2026-08-07 20:00:00,050201,050201-LD,LD,15,14,0,8,6,5,0,0.5714,0
2026-08-07 20:00:00,050201,050201-PP,PP,21,20,0,11,9,5,0,0.55,0
2026-08-07 20:00:00,050201,050201-PSY,PSY,23,22,1,15,6,5,0,0.7143,0
2026-08-07 20:00:00,030301,030301-MICU,MICU,14,13,0,13,0,6,0,1.0,1
2026-08-07 20:00:00,030301,030301-SDU,SDU,15,13,0,13,0,6,0,1.0,1
2026-08-07 20:00:00,030301,030301-TELE,TELE,22,20,0,20,0,6,0,1.0,1
2026-08-07 20:00:00,030301,030301-PACU,PACU,8,8,0,7,1,6,0,0.875,1
2026-08-07 20:00:00,030301,030301-MS,MS,82,72,3,64,5,6,0,0.9275,1
2026-08-07 20:00:00,030301,030301-PEDS,PEDS,12,11,0,11,0,6,0,1.0,1
2026-08-07 20:00:00,030301,030301-LD,LD,10,10,0,10,0,6,0,1.0,1
2026-08-07 20:00:00,030301,030301-PP,PP,14,12,0,11,1,6,0,0.9167,1
2026-08-07 20:00:00,140401,140401-MICU,MICU,19,17,0,17,0,5,0,1.0,1
2026-08-07 20:00:00,140401,140401-SICU,SICU,14,13,0,8,5,5,0,0.6154,0
2026-08-07 20:00:00,140401,140401-CVICU,CVICU,12,11,0,6,5,5,0,0.5455,0
2026-08-07 20:00:00,140401,140401-SDU,SDU,20,18,1,17,0,5,0,1.0,1
2026-08-07 20:00:00,140401,140401-TELE,TELE,31,29,1,24,4,5,0,0.8571,1
2026-08-07 20:00:00,140401,140401-PACU,PACU,10,10,0,8,2,5,0,0.8,0
2026-08-07 20:00:00,140401,140401-MS,MS,112,106,2,94,10,5,0,0.9038,1
2026-08-07 20:00:00,140401,140401-ONC,ONC,19,18,0,12,6,5,0,0.6667,0
2026-08-07 20:00:00,140401,140401-PEDS,PEDS,17,16,1,14,1,5,0,0.9333,1
2026-08-07 20:00:00,140401,140401-LD,LD,14,13,0,9,4,5,0,0.6923,0
2026-08-07 20:00:00,140401,140401-PP,PP,19,17,0,13,4,5,0,0.7647,0
2026-08-07 20:00:00,140401,140401-PSY,PSY,20,19,0,14,5,5,0,0.7368,0
2026-08-07 20:00:00,110501,110501-MICU,MICU,6,5,0,5,0,4,0,1.0,1
2026-08-07 20:00:00,110501,110501-TELE,TELE,9,8,0,8,0,4,0,1.0,1
2026-08-07 20:00:00,110501,110501-PACU,PACU,4,4,0,4,0,4,0,1.0,1
2026-08-07 20:00:00,110501,110501-MS,MS,31,28,1,27,0,4,0,1.0,1
2026-08-07 21:00:00,330101,330101-MICU,MICU,23,22,1,21,0,13,0,1.0,1
2026-08-07 21:00:00,330101,330101-SICU,SICU,17,16,0,15,1,13,0,0.9375,1
2026-08-07 21:00:00,330101,330101-CVICU,CVICU,15,13,0,13,0,13,0,1.0,1
2026-08-07 21:00:00,330101,330101-SDU,SDU,25,24,1,23,0,13,0,1.0,1
2026-08-07 21:00:00,330101,330101-TELE,TELE,38,35,1,31,3,13,0,0.9118,1
2026-08-07 21:00:00,330101,330101-PACU,PACU,13,12,0,9,3,13,0,0.75,0
2026-08-07 21:00:00,330101,330101-MS,MS,139,130,2,115,13,13,0,0.8984,1
2026-08-07 21:00:00,330101,330101-ONC,ONC,23,21,1,18,2,13,0,0.9,1
2026-08-07 21:00:00,330101,330101-PEDS,PEDS,21,20,0,14,6,13,0,0.7,0
2026-08-07 21:00:00,330101,330101-LD,LD,17,16,0,9,7,13,0,0.5625,0
2026-08-07 21:00:00,330101,330101-PP,PP,23,21,1,16,4,13,0,0.8,0
2026-08-07 21:00:00,330101,330101-PSY,PSY,25,23,1,14,8,13,0,0.6364,0
2026-08-07 21:00:00,330102,330102-MICU,MICU,34,31,0,31,0,35,0,1.0,1
2026-08-07 21:00:00,330102,330102-SICU,SICU,24,21,0,21,0,35,0,1.0,1
2026-08-07 21:00:00,330102,330102-CVICU,CVICU,21,20,1,19,0,35,0,1.0,1
2026-08-07 21:00:00,330102,330102-NICU,NICU,18,16,0,14,2,35,0,0.875,1
2026-08-07 21:00:00,330102,330102-SDU,SDU,37,36,0,35,1,35,0,0.9722,1
2026-08-07 21:00:00,330102,330102-TELE,TELE,55,49,2,46,1,35,0,0.9787,1
2026-08-07 21:00:00,330102,330102-PACU,PACU,18,16,0,13,3,35,0,0.8125,0
2026-08-07 21:00:00,330102,330102-MS,MS,201,179,1,174,4,35,0,0.9775,1
2026-08-07 21:00:00,330102,330102-ONC,ONC,34,30,1,28,1,35,0,0.9655,1
2026-08-07 21:00:00,330102,330102-PEDS,PEDS,30,27,1,22,4,35,0,0.8462,0
2026-08-07 21:00:00,330102,330102-LD,LD,24,22,1,17,4,35,0,0.8095,0
2026-08-07 21:00:00,330102,330102-PP,PP,34,33,0,23,10,35,0,0.697,0
2026-08-07 21:00:00,330102,330102-PSY,PSY,37,36,1,28,7,35,0,0.8,0
2026-08-07 21:00:00,330102,330102-REHAB,REHAB,18,16,0,16,0,35,0,1.0,1
2026-08-07 21:00:00,050201,050201-MICU,MICU,21,19,0,18,1,3,0,0.9474,1
2026-08-07 21:00:00,050201,050201-SICU,SICU,15,15,0,13,2,3,0,0.8667,1
2026-08-07 21:00:00,050201,050201-CVICU,CVICU,13,12,0,10,2,3,0,0.8333,0
2026-08-07 21:00:00,050201,050201-SDU,SDU,23,21,1,19,1,3,0,0.95,1
2026-08-07 21:00:00,050201,050201-TELE,TELE,34,32,1,26,5,3,0,0.8387,0
2026-08-07 21:00:00,050201,050201-PACU,PACU,11,10,0,9,1,3,0,0.9,1
2026-08-07 21:00:00,050201,050201-MS,MS,125,113,2,88,23,3,0,0.7928,0
2026-08-07 21:00:00,050201,050201-ONC,ONC,21,19,1,15,3,3,0,0.8333,0
2026-08-07 21:00:00,050201,050201-PEDS,PEDS,19,17,0,11,6,3,0,0.6471,0
2026-08-07 21:00:00,050201,050201-LD,LD,15,14,0,8,6,3,0,0.5714,0
2026-08-07 21:00:00,050201,050201-PP,PP,21,20,0,10,10,3,0,0.5,0
2026-08-07 21:00:00,050201,050201-PSY,PSY,23,22,1,14,7,3,0,0.6667,0
2026-08-07 21:00:00,030301,030301-MICU,MICU,14,13,0,13,0,5,0,1.0,1
2026-08-07 21:00:00,030301,030301-SDU,SDU,15,13,0,13,0,5,0,1.0,1
2026-08-07 21:00:00,030301,030301-TELE,TELE,22,20,0,20,0,5,0,1.0,1
2026-08-07 21:00:00,030301,030301-PACU,PACU,8,8,0,7,1,5,0,0.875,1
2026-08-07 21:00:00,030301,030301-MS,MS,82,72,3,62,7,5,0,0.8986,1
2026-08-07 21:00:00,030301,030301-PEDS,PEDS,12,11,0,11,0,5,0,1.0,1
2026-08-07 21:00:00,030301,030301-LD,LD,10,10,0,10,0,5,0,1.0,1
2026-08-07 21:00:00,030301,030301-PP,PP,14,12,0,11,1,5,0,0.9167,1
2026-08-07 21:00:00,140401,140401-MICU,MICU,19,17,0,16,1,5,0,0.9412,1
2026-08-07 21:00:00,140401,140401-SICU,SICU,14,13,0,8,5,5,0,0.6154,0
2026-08-07 21:00:00,140401,140401-CVICU,CVICU,12,11,0,5,6,5,0,0.4545,0
2026-08-07 21:00:00,140401,140401-SDU,SDU,20,18,1,17,0,5,0,1.0,1
2026-08-07 21:00:00,140401,140401-TELE,TELE,31,29,1,23,5,5,0,0.8214,0
2026-08-07 21:00:00,140401,140401-PACU,PACU,10,10,0,9,1,5,0,0.9,1
2026-08-07 21:00:00,140401,140401-MS,MS,112,106,2,94,10,5,0,0.9038,1
2026-08-07 21:00:00,140401,140401-ONC,ONC,19,18,0,12,6,5,0,0.6667,0
2026-08-07 21:00:00,140401,140401-PEDS,PEDS,17,16,1,14,1,5,0,0.9333,1
2026-08-07 21:00:00,140401,140401-LD,LD,14,13,0,10,3,5,0,0.7692,0
2026-08-07 21:00:00,140401,140401-PP,PP,19,17,0,13,4,5,0,0.7647,0
2026-08-07 21:00:00,140401,140401-PSY,PSY,20,19,0,14,5,5,0,0.7368,0
2026-08-07 21:00:00,110501,110501-MICU,MICU,6,5,0,5,0,5,0,1.0,1
2026-08-07 21:00:00,110501,110501-TELE,TELE,9,8,0,7,1,5,0,0.875,1
2026-08-07 21:00:00,110501,110501-PACU,PACU,4,4,0,4,0,5,0,1.0,1
2026-08-07 21:00:00,110501,110501-MS,MS,31,28,1,27,0,5,0,1.0,1
2026-08-07 22:00:00,330101,330101-MICU,MICU,23,22,1,21,0,13,0,1.0,1
2026-08-07 22:00:00,330101,330101-SICU,SICU,17,16,0,15,1,13,0,0.9375,1
2026-08-07 22:00:00,330101,330101-CVICU,CVICU,15,13,0,13,0,13,0,1.0,1
2026-08-07 22:00:00,330101,330101-SDU,SDU,25,24,1,23,0,13,0,1.0,1
2026-08-07 22:00:00,330101,330101-TELE,TELE,38,35,1,31,3,13,0,0.9118,1
2026-08-07 22:00:00,330101,330101-PACU,PACU,13,12,0,8,4,13,0,0.6667,0
2026-08-07 22:00:00,330101,330101-MS,MS,139,130,2,112,16,13,0,0.875,1
2026-08-07 22:00:00,330101,330101-ONC,ONC,23,21,1,17,3,13,0,0.85,1
2026-08-07 22:00:00,330101,330101-PEDS,PEDS,21,20,0,14,6,13,0,0.7,0
2026-08-07 22:00:00,330101,330101-LD,LD,17,16,0,10,6,13,0,0.625,0
2026-08-07 22:00:00,330101,330101-PP,PP,23,21,1,16,4,13,0,0.8,0
2026-08-07 22:00:00,330101,330101-PSY,PSY,25,23,1,14,8,13,0,0.6364,0
2026-08-07 22:00:00,330102,330102-MICU,MICU,34,31,0,31,0,34,0,1.0,1
2026-08-07 22:00:00,330102,330102-SICU,SICU,24,21,0,21,0,34,0,1.0,1
2026-08-07 22:00:00,330102,330102-CVICU,CVICU,21,20,1,19,0,34,0,1.0,1
2026-08-07 22:00:00,330102,330102-NICU,NICU,18,16,0,14,2,34,0,0.875,1
2026-08-07 22:00:00,330102,330102-SDU,SDU,37,36,0,36,0,34,0,1.0,1
2026-08-07 22:00:00,330102,330102-TELE,TELE,55,49,2,45,2,34,0,0.9574,1
2026-08-07 22:00:00,330102,330102-PACU,PACU,18,16,0,13,3,34,0,0.8125,0
2026-08-07 22:00:00,330102,330102-MS,MS,201,179,1,171,7,34,0,0.9607,1
2026-08-07 22:00:00,330102,330102-ONC,ONC,34,30,1,29,0,34,0,1.0,1
2026-08-07 22:00:00,330102,330102-PEDS,PEDS,30,27,1,21,5,34,0,0.8077,0
2026-08-07 22:00:00,330102,330102-LD,LD,24,22,1,17,4,34,0,0.8095,0
2026-08-07 22:00:00,330102,330102-PP,PP,34,33,0,22,11,34,0,0.6667,0
2026-08-07 22:00:00,330102,330102-PSY,PSY,37,36,1,29,6,34,0,0.8286,0
2026-08-07 22:00:00,330102,330102-REHAB,REHAB,18,16,0,16,0,34,0,1.0,1
2026-08-07 22:00:00,050201,050201-MICU,MICU,21,19,0,18,1,4,0,0.9474,1
2026-08-07 22:00:00,050201,050201-SICU,SICU,15,15,0,13,2,4,0,0.8667,1
2026-08-07 22:00:00,050201,050201-CVICU,CVICU,13,12,0,10,2,4,0,0.8333,0
2026-08-07 22:00:00,050201,050201-SDU,SDU,23,21,1,19,1,4,0,0.95,1
2026-08-07 22:00:00,050201,050201-TELE,TELE,34,32,1,25,6,4,0,0.8065,0
2026-08-07 22:00:00,050201,050201-PACU,PACU,11,10,0,9,1,4,0,0.9,1
2026-08-07 22:00:00,050201,050201-MS,MS,125,113,2,87,24,4,0,0.7838,0
2026-08-07 22:00:00,050201,050201-ONC,ONC,21,19,1,15,3,4,0,0.8333,0
2026-08-07 22:00:00,050201,050201-PEDS,PEDS,19,17,0,11,6,4,0,0.6471,0
2026-08-07 22:00:00,050201,050201-LD,LD,15,14,0,9,5,4,0,0.6429,0
2026-08-07 22:00:00,050201,050201-PP,PP,21,20,0,11,9,4,0,0.55,0
2026-08-07 22:00:00,050201,050201-PSY,PSY,23,22,1,14,7,4,0,0.6667,0
2026-08-07 22:00:00,030301,030301-MICU,MICU,14,13,0,13,0,4,0,1.0,1
2026-08-07 22:00:00,030301,030301-SDU,SDU,15,13,0,13,0,4,0,1.0,1
2026-08-07 22:00:00,030301,030301-TELE,TELE,22,20,0,19,1,4,0,0.95,1
2026-08-07 22:00:00,030301,030301-PACU,PACU,8,8,0,8,0,4,0,1.0,1
2026-08-07 22:00:00,030301,030301-MS,MS,82,72,3,61,8,4,0,0.8841,1
2026-08-07 22:00:00,030301,030301-PEDS,PEDS,12,11,0,11,0,4,0,1.0,1
2026-08-07 22:00:00,030301,030301-LD,LD,10,10,0,10,0,4,0,1.0,1
2026-08-07 22:00:00,030301,030301-PP,PP,14,12,0,12,0,4,0,1.0,1
2026-08-07 22:00:00,140401,140401-MICU,MICU,19,17,0,15,2,6,0,0.8824,1
2026-08-07 22:00:00,140401,140401-SICU,SICU,14,13,0,7,6,6,0,0.5385,0
2026-08-07 22:00:00,140401,140401-CVICU,CVICU,12,11,0,5,6,6,0,0.4545,0
2026-08-07 22:00:00,140401,140401-SDU,SDU,20,18,1,17,0,6,0,1.0,1
2026-08-07 22:00:00,140401,140401-TELE,TELE,31,29,1,24,4,6,0,0.8571,1
2026-08-07 22:00:00,140401,140401-PACU,PACU,10,10,0,9,1,6,0,0.9,1
2026-08-07 22:00:00,140401,140401-MS,MS,112,106,2,96,8,6,0,0.9231,1
2026-08-07 22:00:00,140401,140401-ONC,ONC,19,18,0,13,5,6,0,0.7222,0
2026-08-07 22:00:00,140401,140401-PEDS,PEDS,17,16,1,14,1,6,0,0.9333,1
2026-08-07 22:00:00,140401,140401-LD,LD,14,13,0,10,3,6,0,0.7692,0
2026-08-07 22:00:00,140401,140401-PP,PP,19,17,0,13,4,6,0,0.7647,0
2026-08-07 22:00:00,140401,140401-PSY,PSY,20,19,0,13,6,6,0,0.6842,0
2026-08-07 22:00:00,110501,110501-MICU,MICU,6,5,0,5,0,4,0,1.0,1
2026-08-07 22:00:00,110501,110501-TELE,TELE,9,8,0,7,1,4,0,0.875,1
2026-08-07 22:00:00,110501,110501-PACU,PACU,4,4,0,4,0,4,0,1.0,1
2026-08-07 22:00:00,110501,110501-MS,MS,31,28,1,27,0,4,0,1.0,1
2026-08-07 23:00:00,330101,330101-MICU,MICU,23,22,1,21,0,11,0,1.0,1
2026-08-07 23:00:00,330101,330101-SICU,SICU,17,16,0,15,1,11,0,0.9375,1
2026-08-07 23:00:00,330101,330101-CVICU,CVICU,15,13,0,13,0,11,0,1.0,1
2026-08-07 23:00:00,330101,330101-SDU,SDU,25,24,1,23,0,11,0,1.0,1
2026-08-07 23:00:00,330101,330101-TELE,TELE,38,35,1,30,4,11,0,0.8824,1
2026-08-07 23:00:00,330101,330101-PACU,PACU,13,12,0,8,4,11,0,0.6667,0
2026-08-07 23:00:00,330101,330101-MS,MS,139,130,2,112,16,11,0,0.875,1
2026-08-07 23:00:00,330101,330101-ONC,ONC,23,21,1,17,3,11,0,0.85,1
2026-08-07 23:00:00,330101,330101-PEDS,PEDS,21,20,0,14,6,11,0,0.7,0
2026-08-07 23:00:00,330101,330101-LD,LD,17,16,0,10,6,11,0,0.625,0
2026-08-07 23:00:00,330101,330101-PP,PP,23,21,1,15,5,11,0,0.75,0
2026-08-07 23:00:00,330101,330101-PSY,PSY,25,23,1,13,9,11,0,0.5909,0
2026-08-07 23:00:00,330102,330102-MICU,MICU,34,31,0,31,0,33,0,1.0,1
2026-08-07 23:00:00,330102,330102-SICU,SICU,24,21,0,21,0,33,0,1.0,1
2026-08-07 23:00:00,330102,330102-CVICU,CVICU,21,20,1,19,0,33,0,1.0,1
2026-08-07 23:00:00,330102,330102-NICU,NICU,18,16,0,13,3,33,0,0.8125,0
2026-08-07 23:00:00,330102,330102-SDU,SDU,37,36,0,36,0,33,0,1.0,1
2026-08-07 23:00:00,330102,330102-TELE,TELE,55,49,2,45,2,33,0,0.9574,1
2026-08-07 23:00:00,330102,330102-PACU,PACU,18,16,0,13,3,33,0,0.8125,0
2026-08-07 23:00:00,330102,330102-MS,MS,201,179,1,171,7,33,0,0.9607,1
2026-08-07 23:00:00,330102,330102-ONC,ONC,34,30,1,29,0,33,0,1.0,1
2026-08-07 23:00:00,330102,330102-PEDS,PEDS,30,27,1,21,5,33,0,0.8077,0
2026-08-07 23:00:00,330102,330102-LD,LD,24,22,1,16,5,33,0,0.7619,0
2026-08-07 23:00:00,330102,330102-PP,PP,34,33,0,22,11,33,0,0.6667,0
2026-08-07 23:00:00,330102,330102-PSY,PSY,37,36,1,29,6,33,0,0.8286,0
2026-08-07 23:00:00,330102,330102-REHAB,REHAB,18,16,0,16,0,33,0,1.0,1
2026-08-07 23:00:00,050201,050201-MICU,MICU,21,19,0,18,1,3,0,0.9474,1
2026-08-07 23:00:00,050201,050201-SICU,SICU,15,15,0,13,2,3,0,0.8667,1
2026-08-07 23:00:00,050201,050201-CVICU,CVICU,13,12,0,10,2,3,0,0.8333,0
2026-08-07 23:00:00,050201,050201-SDU,SDU,23,21,1,18,2,3,0,0.9,1
2026-08-07 23:00:00,050201,050201-TELE,TELE,34,32,1,24,7,3,0,0.7742,0
2026-08-07 23:00:00,050201,050201-PACU,PACU,11,10,0,9,1,3,0,0.9,1
2026-08-07 23:00:00,050201,050201-MS,MS,125,113,2,87,24,3,0,0.7838,0
2026-08-07 23:00:00,050201,050201-ONC,ONC,21,19,1,15,3,3,0,0.8333,0
2026-08-07 23:00:00,050201,050201-PEDS,PEDS,19,17,0,11,6,3,0,0.6471,0
2026-08-07 23:00:00,050201,050201-LD,LD,15,14,0,9,5,3,0,0.6429,0
2026-08-07 23:00:00,050201,050201-PP,PP,21,20,0,11,9,3,0,0.55,0
2026-08-07 23:00:00,050201,050201-PSY,PSY,23,22,1,14,7,3,0,0.6667,0
2026-08-07 23:00:00,030301,030301-MICU,MICU,14,13,0,12,1,4,0,0.9231,1
2026-08-07 23:00:00,030301,030301-SDU,SDU,15,13,0,13,0,4,0,1.0,1
2026-08-07 23:00:00,030301,030301-TELE,TELE,22,20,0,19,1,4,0,0.95,1
2026-08-07 23:00:00,030301,030301-PACU,PACU,8,8,0,8,0,4,0,1.0,1
2026-08-07 23:00:00,030301,030301-MS,MS,82,72,3,60,9,4,0,0.8696,1
2026-08-07 23:00:00,030301,030301-PEDS,PEDS,12,11,0,11,0,4,0,1.0,1
2026-08-07 23:00:00,030301,030301-LD,LD,10,10,0,10,0,4,0,1.0,1
2026-08-07 23:00:00,030301,030301-PP,PP,14,12,0,12,0,4,0,1.0,1
2026-08-07 23:00:00,140401,140401-MICU,MICU,19,17,0,15,2,7,0,0.8824,1
2026-08-07 23:00:00,140401,140401-SICU,SICU,14,13,0,7,6,7,0,0.5385,0
2026-08-07 23:00:00,140401,140401-CVICU,CVICU,12,11,0,5,6,7,0,0.4545,0
2026-08-07 23:00:00,140401,140401-SDU,SDU,20,18,1,16,1,7,0,0.9412,1
2026-08-07 23:00:00,140401,140401-TELE,TELE,31,29,1,24,4,7,0,0.8571,1
2026-08-07 23:00:00,140401,140401-PACU,PACU,10,10,0,9,1,7,0,0.9,1
2026-08-07 23:00:00,140401,140401-MS,MS,112,106,2,97,7,7,0,0.9327,1
2026-08-07 23:00:00,140401,140401-ONC,ONC,19,18,0,13,5,7,0,0.7222,0
2026-08-07 23:00:00,140401,140401-PEDS,PEDS,17,16,1,14,1,7,0,0.9333,1
2026-08-07 23:00:00,140401,140401-LD,LD,14,13,0,10,3,7,0,0.7692,0
2026-08-07 23:00:00,140401,140401-PP,PP,19,17,0,13,4,7,0,0.7647,0
2026-08-07 23:00:00,140401,140401-PSY,PSY,20,19,0,13,6,7,0,0.6842,0
2026-08-07 23:00:00,110501,110501-MICU,MICU,6,5,0,5,0,3,0,1.0,1
2026-08-07 23:00:00,110501,110501-TELE,TELE,9,8,0,7,1,3,0,0.875,1
2026-08-07 23:00:00,110501,110501-PACU,PACU,4,4,0,4,0,3,0,1.0,1
2026-08-07 23:00:00,110501,110501-MS,MS,31,28,1,27,0,3,0,1.0,1
