snapshot_datetime,facility_id,unit_id,unit_code,licensed_beds,staffed_beds,blocked_beds,occupied_beds,available_beds,pending_admissions,pending_discharges,occupancy_rate,is_at_capacity
2026-08-11 00:00:00,330101,330101-MICU,MICU,23,22,1,16,5,9,0,0.7619,0
2026-08-11 00:00:00,330101,330101-SICU,SICU,17,16,0,10,6,9,0,0.625,0
2026-08-11 00:00:00,330101,330101-CVICU,CVICU,15,13,0,11,2,9,0,0.8462,0
2026-08-11 00:00:00,330101,330101-SDU,SDU,25,24,1,23,0,9,0,1.0,1
2026-08-11 00:00:00,330101,330101-TELE,TELE,38,35,1,33,1,9,0,0.9706,1
2026-08-11 00:00:00,330101,330101-PACU,PACU,13,12,0,8,4,9,0,0.6667,0
2026-08-11 00:00:00,330101,330101-MS,MS,139,130,2,117,11,9,1,0.9141,1
2026-08-11 00:00:00,330101,330101-ONC,ONC,23,21,1,15,5,9,0,0.75,0
2026-08-11 00:00:00,330101,330101-PEDS,PEDS,21,20,0,14,6,9,0,0.7,0
2026-08-11 00:00:00,330101,330101-LD,LD,17,16,0,10,6,9,0,0.625,0
2026-08-11 00:00:00,330101,330101-PP,PP,23,21,1,11,9,9,0,0.55,0
2026-08-11 00:00:00,330101,330101-PSY,PSY,25,23,1,13,9,9,0,0.5909,0
2026-08-11 00:00:00,330102,330102-MICU,MICU,34,33,1,32,0,20,1,1.0,1
2026-08-11 00:00:00,330102,330102-SICU,SICU,24,21,0,16,5,20,0,0.7619,0
2026-08-11 00:00:00,330102,330102-CVICU,CVICU,21,20,0,18,2,20,0,0.9,1
2026-08-11 00:00:00,330102,330102-NICU,NICU,18,16,1,14,1,20,0,0.9333,1
2026-08-11 00:00:00,330102,330102-SDU,SDU,37,34,1,33,0,20,0,1.0,1
2026-08-11 00:00:00,330102,330102-TELE,TELE,55,49,0,49,0,20,0,1.0,1
2026-08-11 00:00:00,330102,330102-PACU,PACU,18,16,0,10,6,20,0,0.625,0
2026-08-11 00:00:00,330102,330102-MS,MS,201,178,7,168,3,20,0,0.9825,1
2026-08-11 00:00:00,330102,330102-ONC,ONC,34,32,1,22,9,20,0,0.7097,0
2026-08-11 00:00:00,330102,330102-PEDS,PEDS,30,29,0,22,7,20,0,0.7586,0
2026-08-11 00:00:00,330102,330102-LD,LD,24,23,1,19,3,20,0,0.8636,1
2026-08-11 00:00:00,330102,330102-PP,PP,34,31,1,19,11,20,0,0.6333,0
2026-08-11 00:00:00,330102,330102-PSY,PSY,37,35,1,26,8,20,0,0.7647,0
2026-08-11 00:00:00,330102,330102-REHAB,REHAB,18,16,0,15,1,20,0,0.9375,1
2026-08-11 00:00:00,050201,050201-MICU,MICU,21,20,0,20,0,12,0,1.0,1
2026-08-11 00:00:00,050201,050201-SICU,SICU,15,13,1,11,1,12,0,0.9167,1
2026-08-11 00:00:00,050201,050201-CVICU,CVICU,13,12,0,10,2,12,0,0.8333,0
2026-08-11 00:00:00,050201,050201-SDU,SDU,23,21,1,20,0,12,0,1.0,1
2026-08-11 00:00:00,050201,050201-TELE,TELE,34,30,1,28,1,12,0,0.9655,1
2026-08-11 00:00:00,050201,050201-PACU,PACU,11,10,0,8,2,12,0,0.8,0
2026-08-11 00:00:00,050201,050201-MS,MS,125,118,2,114,2,12,0,0.9828,1
2026-08-11 00:00:00,050201,050201-ONC,ONC,21,20,1,12,7,12,0,0.6316,0
2026-08-11 00:00:00,050201,050201-PEDS,PEDS,19,18,0,12,6,12,0,0.6667,0
2026-08-11 00:00:00,050201,050201-LD,LD,15,14,0,11,3,12,0,0.7857,0
2026-08-11 00:00:00,050201,050201-PP,PP,21,19,1,11,7,12,0,0.6111,0
2026-08-11 00:00:00,050201,050201-PSY,PSY,23,20,0,11,9,12,0,0.55,0
2026-08-11 00:00:00,030301,030301-MICU,MICU,14,14,0,13,1,9,1,0.9286,1
2026-08-11 00:00:00,030301,030301-SDU,SDU,15,13,0,13,0,9,0,1.0,1
2026-08-11 00:00:00,030301,030301-TELE,TELE,22,20,1,19,0,9,0,1.0,1
2026-08-11 00:00:00,030301,030301-PACU,PACU,8,7,0,7,0,9,0,1.0,1
2026-08-11 00:00:00,030301,030301-MS,MS,82,76,1,74,1,9,1,0.9867,1
2026-08-11 00:00:00,030301,030301-PEDS,PEDS,12,11,0,11,0,9,0,1.0,1
2026-08-11 00:00:00,030301,030301-LD,LD,10,9,0,9,0,9,0,1.0,1
2026-08-11 00:00:00,030301,030301-PP,PP,14,13,0,13,0,9,0,1.0,1
2026-08-11 00:00:00,140401,140401-MICU,MICU,19,18,1,16,1,11,0,0.9412,1
2026-08-11 00:00:00,140401,140401-SICU,SICU,14,13,0,10,3,11,1,0.7692,0
2026-08-11 00:00:00,140401,140401-CVICU,CVICU,12,11,0,10,1,11,0,0.9091,1
2026-08-11 00:00:00,140401,140401-SDU,SDU,20,19,0,19,0,11,0,1.0,1
2026-08-11 00:00:00,140401,140401-TELE,TELE,31,30,1,28,1,11,0,0.9655,1
2026-08-11 00:00:00,140401,140401-PACU,PACU,10,9,0,6,3,11,0,0.6667,0
2026-08-11 00:00:00,140401,140401-MS,MS,112,101,4,86,11,11,0,0.8866,1
2026-08-11 00:00:00,140401,140401-ONC,ONC,19,17,0,11,6,11,0,0.6471,0
2026-08-11 00:00:00,140401,140401-PEDS,PEDS,17,15,1,9,5,11,0,0.6429,0
2026-08-11 00:00:00,140401,140401-LD,LD,14,13,0,9,4,11,0,0.6923,0
2026-08-11 00:00:00,140401,140401-PP,PP,19,17,1,10,6,11,0,0.625,0
2026-08-11 00:00:00,140401,140401-PSY,PSY,20,18,0,16,2,11,0,0.8889,1
2026-08-11 00:00:00,110501,110501-MICU,MICU,6,6,0,5,1,0,0,0.8333,0
2026-08-11 00:00:00,110501,110501-TELE,TELE,9,8,0,8,0,0,0,1.0,1
2026-08-11 00:00:00,110501,110501-PACU,PACU,4,4,0,4,0,0,0,1.0,1
2026-08-11 00:00:00,110501,110501-MS,MS,31,27,0,27,0,0,0,1.0,1
2026-08-11 01:00:00,330101,330101-MICU,MICU,23,22,1,17,4,10,0,0.8095,0
2026-08-11 01:00:00,330101,330101-SICU,SICU,17,16,0,9,7,10,0,0.5625,0
2026-08-11 01:00:00,330101,330101-CVICU,CVICU,15,13,0,11,2,10,0,0.8462,0
2026-08-11 01:00:00,330101,330101-SDU,SDU,25,24,1,23,0,10,0,1.0,1
2026-08-11 01:00:00,330101,330101-TELE,TELE,38,35,1,32,2,10,0,0.9412,1
2026-08-11 01:00:00,330101,330101-PACU,PACU,13,12,0,8,4,10,0,0.6667,0
2026-08-11 01:00:00,330101,330101-MS,MS,139,130,2,116,12,10,1,0.9062,1
2026-08-11 01:00:00,330101,330101-ONC,ONC,23,21,1,15,5,10,0,0.75,0
2026-08-11 01:00:00,330101,330101-PEDS,PEDS,21,20,0,14,6,10,0,0.7,0
2026-08-11 01:00:00,330101,330101-LD,LD,17,16,0,9,7,10,0,0.5625,0
2026-08-11 01:00:00,330101,330101-PP,PP,23,21,1,11,9,10,0,0.55,0
2026-08-11 01:00:00,330101,330101-PSY,PSY,25,23,1,13,9,10,0,0.5909,0
2026-08-11 01:00:00,330102,330102-MICU,MICU,34,33,1,32,0,23,0,1.0,1
2026-08-11 01:00:00,330102,330102-SICU,SICU,24,21,0,16,5,23,0,0.7619,0
2026-08-11 01:00:00,330102,330102-CVICU,CVICU,21,20,0,19,1,23,0,0.95,1
2026-08-11 01:00:00,330102,330102-NICU,NICU,18,16,1,14,1,23,0,0.9333,1
2026-08-11 01:00:00,330102,330102-SDU,SDU,37,34,1,33,0,23,0,1.0,1
2026-08-11 01:00:00,330102,330102-TELE,TELE,55,49,0,49,0,23,0,1.0,1
2026-08-11 01:00:00,330102,330102-PACU,PACU,18,16,0,10,6,23,0,0.625,0
2026-08-11 01:00:00,330102,330102-MS,MS,201,178,7,168,3,23,0,0.9825,1
2026-08-11 01:00:00,330102,330102-ONC,ONC,34,32,1,22,9,23,0,0.7097,0
2026-08-11 01:00:00,330102,330102-PEDS,PEDS,30,29,0,22,7,23,0,0.7586,0
2026-08-11 01:00:00,330102,330102-LD,LD,24,23,1,19,3,23,0,0.8636,1
2026-08-11 01:00:00,330102,330102-PP,PP,34,31,1,19,11,23,0,0.6333,0
2026-08-11 01:00:00,330102,330102-PSY,PSY,37,35,1,25,9,23,1,0.7353,0
2026-08-11 01:00:00,330102,330102-REHAB,REHAB,18,16,0,15,1,23,0,0.9375,1
2026-08-11 01:00:00,050201,050201-MICU,MICU,21,20,0,20,0,10,1,1.0,1
2026-08-11 01:00:00,050201,050201-SICU,SICU,15,13,1,12,0,10,0,1.0,1
2026-08-11 01:00:00,050201,050201-CVICU,CVICU,13,12,0,10,2,10,0,0.8333,0
2026-08-11 01:00:00,050201,050201-SDU,SDU,23,21,1,20,0,10,0,1.0,1
2026-08-11 01:00:00,050201,050201-TELE,TELE,34,30,1,28,1,10,0,0.9655,1
2026-08-11 01:00:00,050201,050201-PACU,PACU,11,10,0,7,3,10,1,0.7,0
2026-08-11 01:00:00,050201,050201-MS,MS,125,118,2,113,3,10,0,0.9741,1
2026-08-11 01:00:00,050201,050201-ONC,ONC,21,20,1,12,7,10,0,0.6316,0
2026-08-11 01:00:00,050201,050201-PEDS,PEDS,19,18,0,12,6,10,0,0.6667,0
2026-08-11 01:00:00,050201,050201-LD,LD,15,14,0,12,2,10,0,0.8571,1
2026-08-11 01:00:00,050201,050201-PP,PP,21,19,1,11,7,10,0,0.6111,0
2026-08-11 01:00:00,050201,050201-PSY,PSY,23,20,0,11,9,10,0,0.55,0
2026-08-11 01:00:00,030301,030301-MICU,MICU,14,14,0,13,1,8,0,0.9286,1
2026-08-11 01:00:00,030301,030301-SDU,SDU,15,13,0,12,1,8,0,0.9231,1
2026-08-11 01:00:00,030301,030301-TELE,TELE,22,20,1,19,0,8,0,1.0,1
2026-08-11 01:00:00,030301,030301-PACU,PACU,8,7,0,7,0,8,0,1.0,1
2026-08-11 01:00:00,030301,030301-MS,MS,82,76,1,74,1,8,0,0.9867,1
2026-08-11 01:00:00,030301,030301-PEDS,PEDS,12,11,0,11,0,8,0,1.0,1
2026-08-11 01:00:00,030301,030301-LD,LD,10,9,0,9,0,8,0,1.0,1
2026-08-11 01:00:00,030301,030301-PP,PP,14,13,0,13,0,8,0,1.0,1
2026-08-11 01:00:00,140401,140401-MICU,MICU,19,18,1,16,1,11,0,0.9412,1
2026-08-11 01:00:00,140401,140401-SICU,SICU,14,13,0,10,3,11,0,0.7692,0
2026-08-11 01:00:00,140401,140401-CVICU,CVICU,12,11,0,9,2,11,0,0.8182,0
2026-08-11 01:00:00,140401,140401-SDU,SDU,20,19,0,19,0,11,0,1.0,1
2026-08-11 01:00:00,140401,140401-TELE,TELE,31,30,1,28,1,11,0,0.9655,1
2026-08-11 01:00:00,140401,140401-PACU,PACU,10,9,0,7,2,11,0,0.7778,0
2026-08-11 01:00:00,140401,140401-MS,MS,112,101,4,85,12,11,0,0.8763,1
2026-08-11 01:00:00,140401,140401-ONC,ONC,19,17,0,11,6,11,0,0.6471,0
2026-08-11 01:00:00,140401,140401-PEDS,PEDS,17,15,1,9,5,11,0,0.6429,0
2026-08-11 01:00:00,140401,140401-LD,LD,14,13,0,8,5,11,0,0.6154,0
2026-08-11 01:00:00,140401,140401-PP,PP,19,17,1,9,7,11,1,0.5625,0
2026-08-11 01:00:00,140401,140401-PSY,PSY,20,18,0,16,2,11,0,0.8889,1
2026-08-11 01:00:00,110501,110501-MICU,MICU,6,6,0,6,0,0,0,1.0,1
2026-08-11 01:00:00,110501,110501-TELE,TELE,9,8,0,8,0,0,0,1.0,1
2026-08-11 01:00:00,110501,110501-PACU,PACU,4,4,0,3,1,0,1,0.75,0
2026-08-11 01:00:00,110501,110501-MS,MS,31,27,0,27,0,0,0,1.0,1
2026-08-11 02:00:00,330101,330101-MICU,MICU,23,22,1,17,4,6,0,0.8095,0
2026-08-11 02:00:00,330101,330101-SICU,SICU,17,16,0,9,7,6,0,0.5625,0
2026-08-11 02:00:00,330101,330101-CVICU,CVICU,15,13,0,11,2,6,0,0.8462,0
2026-08-11 02:00:00,330101,330101-SDU,SDU,25,24,1,23,0,6,0,1.0,1
2026-08-11 02:00:00,330101,330101-TELE,TELE,38,35,1,32,2,6,0,0.9412,1
2026-08-11 02:00:00,330101,330101-PACU,PACU,13,12,0,8,4,6,0,0.6667,0
2026-08-11 02:00:00,330101,330101-MS,MS,139,130,2,116,12,6,0,0.9062,1
2026-08-11 02:00:00,330101,330101-ONC,ONC,23,21,1,15,5,6,0,0.75,0
2026-08-11 02:00:00,330101,330101-PEDS,PEDS,21,20,0,14,6,6,0,0.7,0
2026-08-11 02:00:00,330101,330101-LD,LD,17,16,0,9,7,6,0,0.5625,0
2026-08-11 02:00:00,330101,330101-PP,PP,23,21,1,11,9,6,0,0.55,0
2026-08-11 02:00:00,330101,330101-PSY,PSY,25,23,1,12,10,6,0,0.5455,0
2026-08-11 02:00:00,330102,330102-MICU,MICU,34,33,1,32,0,21,0,1.0,1
2026-08-11 02:00:00,330102,330102-SICU,SICU,24,21,0,16,5,21,0,0.7619,0
2026-08-11 02:00:00,330102,330102-CVICU,CVICU,21,20,0,19,1,21,0,0.95,1
2026-08-11 02:00:00,330102,330102-NICU,NICU,18,16,1,14,1,21,0,0.9333,1
2026-08-11 02:00:00,330102,330102-SDU,SDU,37,34,1,33,0,21,0,1.0,1
2026-08-11 02:00:00,330102,330102-TELE,TELE,55,49,0,49,0,21,0,1.0,1
2026-08-11 02:00:00,330102,330102-PACU,PACU,18,16,0,10,6,21,0,0.625,0
2026-08-11 02:00:00,330102,330102-MS,MS,201,178,7,165,6,21,1,0.9649,1
2026-08-11 02:00:00,330102,330102-ONC,ONC,34,32,1,23,8,21,0,0.7419,0
2026-08-11 02:00:00,330102,330102-PEDS,PEDS,30,29,0,22,7,21,0,0.7586,0
2026-08-11 02:00:00,330102,330102-LD,LD,24,23,1,19,3,21,0,0.8636,1
2026-08-11 02:00:00,330102,330102-PP,PP,34,31,1,19,11,21,1,0.6333,0
2026-08-11 02:00:00,330102,330102-PSY,PSY,37,35,1,25,9,21,0,0.7353,0
2026-08-11 02:00:00,330102,330102-REHAB,REHAB,18,16,0,15,1,21,0,0.9375,1
2026-08-11 02:00:00,050201,050201-MICU,MICU,21,20,0,20,0,10,0,1.0,1
2026-08-11 02:00:00,050201,050201-SICU,SICU,15,13,1,12,0,10,0,1.0,1
2026-08-11 02:00:00,050201,050201-CVICU,CVICU,13,12,0,11,1,10,1,0.9167,1
2026-08-11 02:00:00,050201,050201-SDU,SDU,23,21,1,20,0,10,0,1.0,1
2026-08-11 02:00:00,050201,050201-TELE,TELE,34,30,1,28,1,10,0,0.9655,1
2026-08-11 02:00:00,050201,050201-PACU,PACU,11,10,0,8,2,10,0,0.8,0
2026-08-11 02:00:00,050201,050201-MS,MS,125,118,2,108,8,10,4,0.931,1
2026-08-11 02:00:00,050201,050201-ONC,ONC,21,20,1,13,6,10,0,0.6842,0
2026-08-11 02:00:00,050201,050201-PEDS,PEDS,19,18,0,13,5,10,0,0.7222,0
2026-08-11 02:00:00,050201,050201-LD,LD,15,14,0,12,2,10,0,0.8571,1
2026-08-11 02:00:00,050201,050201-PP,PP,21,19,1,11,7,10,0,0.6111,0
2026-08-11 02:00:00,050201,050201-PSY,PSY,23,20,0,11,9,10,0,0.55,0
2026-08-11 02:00:00,030301,030301-MICU,MICU,14,14,0,13,1,8,0,0.9286,1
2026-08-11 02:00:00,030301,030301-SDU,SDU,15,13,0,13,0,8,0,1.0,1
2026-08-11 02:00:00,030301,030301-TELE,TELE,22,20,1,19,0,8,0,1.0,1
2026-08-11 02:00:00,030301,030301-PACU,PACU,8,7,0,7,0,8,0,1.0,1
2026-08-11 02:00:00,030301,030301-MS,MS,82,76,1,74,1,8,1,0.9867,1
2026-08-11 02:00:00,030301,030301-PEDS,PEDS,12,11,0,11,0,8,0,1.0,1
2026-08-11 02:00:00,030301,030301-LD,LD,10,9,0,9,0,8,0,1.0,1
2026-08-11 02:00:00,030301,030301-PP,PP,14,13,0,13,0,8,0,1.0,1
2026-08-11 02:00:00,140401,140401-MICU,MICU,19,18,1,16,1,9,0,0.9412,1
2026-08-11 02:00:00,140401,140401-SICU,SICU,14,13,0,10,3,9,0,0.7692,0
2026-08-11 02:00:00,140401,140401-CVICU,CVICU,12,11,0,9,2,9,0,0.8182,0
2026-08-11 02:00:00,140401,140401-SDU,SDU,20,19,0,19,0,9,0,1.0,1
2026-08-11 02:00:00,140401,140401-TELE,TELE,31,30,1,28,1,9,0,0.9655,1
2026-08-11 02:00:00,140401,140401-PACU,PACU,10,9,0,7,2,9,0,0.7778,0
2026-08-11 02:00:00,140401,140401-MS,MS,112,101,4,85,12,9,0,0.8763,1
2026-08-11 02:00:00,140401,140401-ONC,ONC,19,17,0,12,5,9,0,0.7059,0
2026-08-11 02:00:00,140401,140401-PEDS,PEDS,17,15,1,9,5,9,0,0.6429,0
2026-08-11 02:00:00,140401,140401-LD,LD,14,13,0,8,5,9,0,0.6154,0
2026-08-11 02:00:00,140401,140401-PP,PP,19,17,1,8,8,9,1,0.5,0
2026-08-11 02:00:00,140401,140401-PSY,PSY,20,18,0,16,2,9,0,0.8889,1
2026-08-11 02:00:00,110501,110501-MICU,MICU,6,6,0,6,0,0,0,1.0,1
2026-08-11 02:00:00,110501,110501-TELE,TELE,9,8,0,8,0,0,0,1.0,1
2026-08-11 02:00:00,110501,110501-PACU,PACU,4,4,0,3,1,0,0,0.75,0
2026-08-11 02:00:00,110501,110501-MS,MS,31,27,0,27,0,0,0,1.0,1
2026-08-11 03:00:00,330101,330101-MICU,MICU,23,22,1,17,4,7,0,0.8095,0
2026-08-11 03:00:00,330101,330101-SICU,SICU,17,16,0,10,6,7,0,0.625,0
2026-08-11 03:00:00,330101,330101-CVICU,CVICU,15,13,0,11,2,7,0,0.8462,0
2026-08-11 03:00:00,330101,330101-SDU,SDU,25,24,1,23,0,7,0,1.0,1
2026-08-11 03:00:00,330101,330101-TELE,TELE,38,35,1,31,3,7,1,0.9118,1
2026-08-11 03:00:00,330101,330101-PACU,PACU,13,12,0,8,4,7,0,0.6667,0
2026-08-11 03:00:00,330101,330101-MS,MS,139,130,2,115,13,7,2,0.8984,1
2026-08-11 03:00:00,330101,330101-ONC,ONC,23,21,1,16,4,7,0,0.8,0
2026-08-11 03:00:00,330101,330101-PEDS,PEDS,21,20,0,14,6,7,0,0.7,0
2026-08-11 03:00:00,330101,330101-LD,LD,17,16,0,7,9,7,0,0.4375,0
2026-08-11 03:00:00,330101,330101-PP,PP,23,21,1,11,9,7,0,0.55,0
2026-08-11 03:00:00,330101,330101-PSY,PSY,25,23,1,12,10,7,0,0.5455,0
2026-08-11 03:00:00,330102,330102-MICU,MICU,34,33,1,29,3,23,1,0.9062,1
2026-08-11 03:00:00,330102,330102-SICU,SICU,24,21,0,16,5,23,0,0.7619,0
2026-08-11 03:00:00,330102,330102-CVICU,CVICU,21,20,0,18,2,23,0,0.9,1
2026-08-11 03:00:00,330102,330102-NICU,NICU,18,16,1,14,1,23,0,0.9333,1
2026-08-11 03:00:00,330102,330102-SDU,SDU,37,34,1,32,1,23,0,0.9697,1
2026-08-11 03:00:00,330102,330102-TELE,TELE,55,49,0,49,0,23,0,1.0,1
2026-08-11 03:00:00,330102,330102-PACU,PACU,18,16,0,10,6,23,0,0.625,0
2026-08-11 03:00:00,330102,330102-MS,MS,201,178,7,165,6,23,0,0.9649,1
2026-08-11 03:00:00,330102,330102-ONC,ONC,34,32,1,22,9,23,0,0.7097,0
2026-08-11 03:00:00,330102,330102-PEDS,PEDS,30,29,0,22,7,23,0,0.7586,0
2026-08-11 03:00:00,330102,330102-LD,LD,24,23,1,19,3,23,0,0.8636,1
2026-08-11 03:00:00,330102,330102-PP,PP,34,31,1,18,12,23,0,0.6,0
2026-08-11 03:00:00,330102,330102-PSY,PSY,37,35,1,25,9,23,0,0.7353,0
2026-08-11 03:00:00,330102,330102-REHAB,REHAB,18,16,0,16,0,23,0,1.0,1
2026-08-11 03:00:00,050201,050201-MICU,MICU,21,20,0,20,0,9,0,1.0,1
2026-08-11 03:00:00,050201,050201-SICU,SICU,15,13,1,12,0,9,0,1.0,1
2026-08-11 03:00:00,050201,050201-CVICU,CVICU,13,12,0,11,1,9,0,0.9167,1
2026-08-11 03:00:00,050201,050201-SDU,SDU,23,21,1,20,0,9,0,1.0,1
2026-08-11 03:00:00,050201,050201-TELE,TELE,34,30,1,27,2,9,0,0.931,1
2026-08-11 03:00:00,050201,050201-PACU,PACU,11,10,0,8,2,9,0,0.8,0
2026-08-11 03:00:00,050201,050201-MS,MS,125,118,2,110,6,9,0,0.9483,1
2026-08-11 03:00:00,050201,050201-ONC,ONC,21,20,1,13,6,9,0,0.6842,0
2026-08-11 03:00:00,050201,050201-PEDS,PEDS,19,18,0,13,5,9,0,0.7222,0
2026-08-11 03:00:00,050201,050201-LD,LD,15,14,0,11,3,9,1,0.7857,0
2026-08-11 03:00:00,050201,050201-PP,PP,21,19,1,11,7,9,0,0.6111,0
2026-08-11 03:00:00,050201,050201-PSY,PSY,23,20,0,11,9,9,0,0.55,0
2026-08-11 03:00:00,030301,030301-MICU,MICU,14,14,0,14,0,9,0,1.0,1
2026-08-11 03:00:00,030301,030301-SDU,SDU,15,13,0,13,0,9,0,1.0,1
2026-08-11 03:00:00,030301,030301-TELE,TELE,22,20,1,19,0,9,0,1.0,1
2026-08-11 03:00:00,030301,030301-PACU,PACU,8,7,0,7,0,9,0,1.0,1
2026-08-11 03:00:00,030301,030301-MS,MS,82,76,1,73,2,9,1,0.9733,1
2026-08-11 03:00:00,030301,030301-PEDS,PEDS,12,11,0,11,0,9,0,1.0,1
2026-08-11 03:00:00,030301,030301-LD,LD,10,9,0,8,1,9,0,0.8889,1
2026-08-11 03:00:00,030301,030301-PP,PP,14,13,0,13,0,9,0,1.0,1
2026-08-11 03:00:00,140401,140401-MICU,MICU,19,18,1,15,2,7,0,0.8824,1
2026-08-11 03:00:00,140401,140401-SICU,SICU,14,13,0,10,3,7,0,0.7692,0
2026-08-11 03:00:00,140401,140401-CVICU,CVICU,12,11,0,9,2,7,0,0.8182,0
2026-08-11 03:00:00,140401,140401-SDU,SDU,20,19,0,19,0,7,0,1.0,1
2026-08-11 03:00:00,140401,140401-TELE,TELE,31,30,1,29,0,7,0,1.0,1
2026-08-11 03:00:00,140401,140401-PACU,PACU,10,9,0,7,2,7,0,0.7778,0
2026-08-11 03:00:00,140401,140401-MS,MS,112,101,4,85,12,7,0,0.8763,1
2026-08-11 03:00:00,140401,140401-ONC,ONC,19,17,0,12,5,7,0,0.7059,0
2026-08-11 03:00:00,140401,140401-PEDS,PEDS,17,15,1,9,5,7,0,0.6429,0
2026-08-11 03:00:00,140401,140401-LD,LD,14,13,0,7,6,7,0,0.5385,0
2026-08-11 03:00:00,140401,140401-PP,PP,19,17,1,8,8,7,0,0.5,0
2026-08-11 03:00:00,140401,140401-PSY,PSY,20,18,0,16,2,7,0,0.8889,1
2026-08-11 03:00:00,110501,110501-MICU,MICU,6,6,0,6,0,0,0,1.0,1
2026-08-11 03:00:00,110501,110501-TELE,TELE,9,8,0,8,0,0,0,1.0,1
2026-08-11 03:00:00,110501,110501-PACU,PACU,4,4,0,3,1,0,0,0.75,0
2026-08-11 03:00:00,110501,110501-MS,MS,31,27,0,26,1,0,0,0.963,1
2026-08-11 04:00:00,330101,330101-MICU,MICU,23,22,1,16,5,7,0,0.7619,0
2026-08-11 04:00:00,330101,330101-SICU,SICU,17,16,0,10,6,7,0,0.625,0
2026-08-11 04:00:00,330101,330101-CVICU,CVICU,15,13,0,12,1 mg,7,0,0.9231,1
2026-08-11 04:00:00,330101,330101-SDU,SDU,25,24,1,23,0,7,0,1.0,1
2026-08-11 04:00:00,330101,330101-TELE,TELE,38,35,1,31,3,7,0,0.9118,1
2026-08-11 04:00:00,330101,330101-PACU,PACU,13,12,0,9,3,7,0,0.75,0
2026-08-11 04:00:00,330101,330101-MS,MS,139,130,2,113,15,7,1,0.8828,1
2026-08-11 04:00:00,330101,330101-ONC,ONC,23,21,1,16,4,7,0,0.8,0
2026-08-11 04:00:00,330101,330101-PEDS,PEDS,21,20,0,14,6,7,0,0.7,0
2026-08-11 04:00:00,330101,330101-LD,LD,17,16,0,7,9,7,0,0.4375,0
2026-08-11 04:00:00,330101,330101-PP,PP,23,21,1,10,10,7,1,0.5,0
2026-08-11 04:00:00,330101,330101-PSY,PSY,25,23,1,12,10,7,0,0.5455,0
2026-08-11 04:00:00,330102,330102-MICU,MICU,34,33,1,29,3,20,0,0.9062,1
2026-08-11 04:00:00,330102,330102-SICU,SICU,24,21,0,16,5,20,0,0.7619,0
2026-08-11 04:00:00,330102,330102-CVICU,CVICU,21,20,0,18,2,20,0,0.9,1
2026-08-11 04:00:00,330102,330102-NICU,NICU,18,16,1,14,1,20,0,0.9333,1
2026-08-11 04:00:00,330102,330102-SDU,SDU,37,34,1,32,1,20,1,0.9697,1
2026-08-11 04:00:00,330102,330102-TELE,TELE,55,49,0,49,0,20,0,1.0,1
2026-08-11 04:00:00,330102,330102-PACU,PACU,18,16,0,10,6,20,0,0.625,0
2026-08-11 04:00:00,330102,330102-MS,MS,201,178,7,163,8,20,1,0.9532,1
2026-08-11 04:00:00,330102,330102-ONC,ONC,34,32,1,22,9,20,0,0.7097,0
2026-08-11 04:00:00,330102,330102-PEDS,PEDS,30,29,0,23,6,20,0,0.7931,0
2026-08-11 04:00:00,330102,330102-LD,LD,24,23,1,19,3,20,0,0.8636,1
2026-08-11 04:00:00,330102,330102-PP,PP,34,31,1,18,12,20,0,0.6,0
2026-08-11 04:00:00,330102,330102-PSY,PSY,37,35,1,24,10,20,0,0.7059,0
2026-08-11 04:00:00,330102,330102-REHAB,REHAB,18,16,0,16,0,20,0,1.0,1
2026-08-11 04:00:00,050201,050201-MICU,MICU,21,20,0,20,0,10,0,1.0,1
2026-08-11 04:00:00,050201,050201-SICU,SICU,15,13,1,12,0,10,0,1.0,1
2026-08-11 04:00:00,050201,050201-CVICU,CVICU,13,12,0,11,1,10,0,0.9167,1
2026-08-11 04:00:00,050201,050201-SDU,SDU,23,21,1,19,1,10,1,0.95,1
2026-08-11 04:00:00,050201,050201-TELE,TELE,34,30,1,27,2,10,0,0.931,1
2026-08-11 04:00:00,050201,050201-PACU,PACU,11,10,0,8,2,10,0,0.8,0
2026-08-11 04:00:00,050201,050201-MS,MS,125,118,2,110,6,10,0,0.9483,1
2026-08-11 04:00:00,050201,050201-ONC,ONC,21,20,1,13,6,10,0,0.6842,0
2026-08-11 04:00:00,050201,050201-PEDS,PEDS,19,18,0,13,5,10,0,0.7222,0
2026-08-11 04:00:00,050201,050201-LD,LD,15,14,0,10,4,10,0,0.7143,0
2026-08-11 04:00:00,050201,050201-PP,PP,21,19,1,11,7,10,0,0.6111,0
2026-08-11 04:00:00,050201,050201-PSY,PSY,23,20,0,11,9,10,0,0.55,0
2026-08-11 04:00:00,030301,030301-MICU,MICU,14,14,0,14,0,8,0,1.0,1
2026-08-11 04:00:00,030301,030301-SDU,SDU,15,13,0,13,0,8,0,1.0,1
2026-08-11 04:00:00,030301,030301-TELE,TELE,22,20,1,19,0,8,0,1.0,1
2026-08-11 04:00:00,030301,030301-PACU,PACU,8,7,0,7,0,8,0,1.0,1
2026-08-11 04:00:00,030301,030301-MS,MS,82,76,1,71,4,8,1,0.9467,1
2026-08-11 04:00:00,030301,030301-PEDS,PEDS,12,11,0,11,0,8,0,1.0,1
2026-08-11 04:00:00,030301,030301-LD,LD,10,9,0,8,1,8,0,0.8889,1
2026-08-11 04:00:00,030301,030301-PP,PP,14,13,0,13,0,8,0,1.0,1
2026-08-11 04:00:00,140401,140401-MICU,MICU,19,18,1,15,2,7,0,0.8824,1
2026-08-11 04:00:00,140401,140401-SICU,SICU,14,13,0,10,3,7,0,0.7692,0
2026-08-11 04:00:00,140401,140401-CVICU,CVICU,12,11,0,9,2,7,0,0.8182,0
2026-08-11 04:00:00,140401,140401-SDU,SDU,20,19,0,19,0,7,0,1.0,1
2026-08-11 04:00:00,140401,140401-TELE,TELE,31,30,1,28,1,7,0,0.9655,1
2026-08-11 04:00:00,140401,140401-PACU,PACU,10,9,0,7,2,7,0,0.7778,0
2026-08-11 04:00:00,140401,140401-MS,MS,112,101,4,84,13,7,0,0.866,1
2026-08-11 04:00:00,140401,140401-ONC,ONC,19,17,0,12,5,7,0,0.7059,0
2026-08-11 04:00:00,140401,140401-PEDS,PEDS,17,15,1,9,5,7,0,0.6429,0
2026-08-11 04:00:00,140401,140401-LD,LD,14,13,0,7,6,7,0,0.5385,0
2026-08-11 04:00:00,140401,140401-PP,PP,19,17,1,8,8,7,0,0.5,0
2026-08-11 04:00:00,140401,140401-PSY,PSY,20,18,0,15,3,7,0,0.8333,0
2026-08-11 04:00:00,110501,110501-MICU,MICU,6,6,0,6,0,0,0,1.0,1
2026-08-11 04:00:00,110501,110501-TELE,TELE,9,8,0,8,0,0,0,1.0,1
2026-08-11 04:00:00,110501,110501-PACU,PACU,4,4,0,3,1,0,0,0.75,0
2026-08-11 04:00:00,110501,110501-MS,MS,31,27,0,26,1,0,0,0.963,1
2026-08-11 05:00:00,330101,330101-MICU,MICU,23,-22,1,16,5,8,0,0.7619,0
2026-08-11 05:00:00,330101,330101-SICU,SICU,17,16,0,9,7,8,0,0.5625,0
2026-08-11 05:00:00,330101,330101-CVICU,CVICU,15,13,0,12,1,8,0,0.9231,1
2026-08-11 05:00:00,330101,330101-SDU,SDU,25,24,1,23,0,8,0,1.0,1
2026-08-11 05:00:00,330101,330101-TELE,TELE,38,35,1,31,3,8,0,0.9118,1
2026-08-11 05:00:00,330101,330101-PACU,PACU,13,12,0,9,3,8,0,0.75,0
2026-08-11 05:00:00,330101,330101-MS,MS,139,130,2,113,15,8,0,0.8828,1
2026-08-11 05:00:00,330101,330101-ONC,ONC,23,21,1,16,4,8,0,0.8,0
2026-08-11 05:00:00,330101,330101-PEDS,PEDS,21,20,0,14,6,8,0,0.7,0
2026-08-11 05:00:00,330101,330101-LD,LD,17,16,0,7,9,8,0,0.4375,0
2026-08-11 05:00:00,330101,330101-PP,PP,23,21,1,10,10,8,0,0.5,0
2026-08-11 05:00:00,330101,330101-PSY,PSY,25,23,1,12,10,8,0,0.5455,0
2026-08-11 05:00:00,330102,330102-MICU,MICU,34,33,1,29,3,15,0,0.9062,1
2026-08-11 05:00:00,330102,330102-SICU,SICU,24,21,0,17,4,15,0,0.8095,0
2026-08-11 05:00:00,330102,330102-CVICU,CVICU,21,20,0,19,1,15,0,0.95,1
2026-08-11 05:00:00,330102,330102-NICU,NICU,18,16,1,14,1,15,0,0.9333,1
2026-08-11 05:00:00,330102,330102-SDU,SDU,37,34,1,33,0,15,0,1.0,1
2026-08-11 05:00:00,330102,330102-TELE,TELE,55,49,0,49,0,15,0,1.0,1
2026-08-11 05:00:00,330102,330102-PACU,PACU,18,16,0,9,7,15,0,0.5625,0
2026-08-11 05:00:00,330102,330102-MS,MS,201,178,7,159,12,15,3,0.9298,1
2026-08-11 05:00:00,330102,330102-ONC,ONC,34,32,1,22,9,15,0,0.7097,0
2026-08-11 05:00:00,330102,330102-PEDS,PEDS,30,29,0,23,6,15,0,0.7931,0
2026-08-11 05:00:00,330102,330102-LD,LD,24,23,1,18,4,15,0,0.8182,0
2026-08-11 05:00:00,330102,330102-PP,PP,34,31,1,18,12,15,0,0.6,0
2026-08-11 05:00:00,330102,330102-PSY,PSY,37,35,1,25,9,15,0,0.7353,0
2026-08-11 05:00:00,330102,330102-REHAB,REHAB,18,16,0,15,1,15,1,0.9375,1
2026-08-11 05:00:00,050201,050201-MICU,MICU,21,20,0,20,0,11,0,1.0,1
2026-08-11 05:00:00,050201,050201-SICU,SICU,15,13,1,12,0,11,0,1.0,1
2026-08-11 05:00:00,050201,050201-CVICU,CVICU,13,12,0,11,1,11,0,0.9167,1
2026-08-11 05:00:00,050201,050201-SDU,SDU,23,21,1,20,0,11,0,1.0,1
2026-08-11 05:00:00,050201,050201-TELE,TELE,34,30,1,27,2,11,0,0.931,1
2026-08-11 05:00:00,050201,050201-PACU,PACU,11,10,0,8,2,11,0,0.8,0
2026-08-11 05:00:00,050201,050201-MS,MS,125,118,2,110,6,11,0,0.9483,1
2026-08-11 05:00:00,050201,050201-ONC,ONC,21,20,1,13,6,11,0,0.6842,0
2026-08-11 05:00:00,050201,050201-PEDS,PEDS,19,18,0,12,6,11,0,0.6667,0
2026-08-11 05:00:00,050201,050201-LD,LD,15,14,0,10,4,11,0,0.7143,0
2026-08-11 05:00:00,050201,050201-PP,PP,21,19,1,11,7,11,0,0.6111,0
2026-08-11 05:00:00,050201,050201-PSY,PSY,23,20,0,11,9,11,0,0.55,0
2026-08-11 05:00:00,030301,030301-MICU,MICU,14,14,0,14,0,8,0,1.0,1
2026-08-11 05:00:00,030301,030301-SDU,SDU,15,13,0,13,0,8,0,1.0,1
2026-08-11 05:00:00,030301,030301-TELE,TELE,22,20,1,19,0,8,0,1.0,1
2026-08-11 05:00:00,030301,030301-PACU,PACU,8,7,0,7,0,8,0,1.0,1
2026-08-11 05:00:00,030301,030301-MS,MS,82,76,1,71,4,8,0,0.9467,1
2026-08-11 05:00:00,030301,030301-PEDS,PEDS,12,11,0,11,0,8,0,1.0,1
2026-08-11 05:00:00,030301,030301-LD,LD,10,9,0,8,1,8,0,0.8889,1
2026-08-11 05:00:00,030301,030301-PP,PP,14,13,0,13,0,8,0,1.0,1
2026-08-11 05:00:00,140401,140401-MICU,MICU,19,18,1,15,2,8,0,0.8824,1
2026-08-11 05:00:00,140401,140401-SICU,SICU,14,13,0,9,4,8,0,0.6923,0
2026-08-11 05:00:00,140401,140401-CVICU,CVICU,12,11,0,9,2,8,0,0.8182,0
2026-08-11 05:00:00,140401,140401-SDU,SDU,20,19,0,19,0,8,0,1.0,1
2026-08-11 05:00:00,140401,140401-TELE,TELE,31,30,1,27,2,8,0,0.931,1
2026-08-11 05:00:00,140401,140401-PACU,PACU,10,9,0,7,2,8,0,0.7778,0
2026-08-11 05:00:00,140401,140401-MS,MS,112,101,4,83,14,8,0,0.8557,1
2026-08-11 05:00:00,140401,140401-ONC,ONC,19,17,0,12,5,8,0,0.7059,0
2026-08-11 05:00:00,140401,140401-PEDS,PEDS,17,15,1,9,5,8,0,0.6429,0
2026-08-11 05:00:00,140401,140401-LD,LD,14,13,0,7,6,8,0,0.5385,0
2026-08-11 05:00:00,140401,140401-PP,PP,19,17,1,8,8,8,0,0.5,0
2026-08-11 05:00:00,140401,140401-PSY,PSY,20,18,0,15,3,8,0,0.8333,0
2026-08-11 05:00:00,110501,110501-MICU,MICU,6,6,0,6,0,1,0,1.0,1
2026-08-11 05:00:00,110501,110501-TELE,TELE,9,8,0,8,0,1,0,1.0,1
2026-08-11 05:00:00,110501,110501-PACU,PACU,4,4,0,3,1,1,0,0.75,0
2026-08-11 05:00:00,110501,110501-MS,MS,31,27,0,,0,1,0,1.0,1
2026-08-11 06:00:00,330101,330101-MICU,MICU,23,22,1,16,5,7,0,0.7619,0
2026-08-11 06:00:00,330101,330101-SICU,SICU,17,16,0,9,7,7,0,0.5625,0
2026-08-11 06:00:00,330101,330101-CVICU,CVICU,15,13,0,12,1,7,0,0.9231,1
2026-08-11 06:00:00,330101,330101-SDU,SDU,25,24,1,23,0,7,0,1.0,1
2026-08-11 06:00:00,330101,330101-TELE,TELE,38,35,1,30,4,7,0,0.8824,1
2026-08-11 06:00:00,330101,330101-PACU,PACU,13,12,0,9,3,7,0,0.75,0
2026-08-11 06:00:00,330101,330101-MS,MS,139,130,2,112,16,7,0,0.875,1
2026-08-11 06:00:00,330101,330101-ONC,ONC,23,21,1,16,4,7,0,0.8,0
2026-08-11 06:00:00,330101,330101-PEDS,PEDS,21,20,0,14,6,7,0,0.7,0
2026-08-11 06:00:00,330101,330101-LD,LD,17,16,0,7,9,7,0,0.4375,0
2026-08-11 06:00:00,330101,330101-PP,PP,23,21,1,10,10,7,0,0.5,0
2026-08-11 06:00:00,330101,330101-PSY,PSY,25,23,1,12,10,7,0,0.5455,0
2026-08-11 06:00:00,330102,330102-MICU,MICU,34,33,1,29,3,14,0,0.9062,1
2026-08-11 06:00:00,330102,330102-SICU,SICU,24,21,0,17,4,14,0,0.8095,0
2026-08-11 06:00:00,330102,330102-CVICU,CVICU,21,20,0,18,2,14,0,0.9,1
2026-08-11 06:00:00,330102,330102-NICU,NICU,18,16,1,14,1,14,0,0.9333,1
2026-08-11 06:00:00,330102,330102-SDU,SDU,37,34,1,33,0,14,0,1.0,1
2026-08-11 06:00:00,330102,330102-TELE,TELE,55,49,0,49,0,14,0,1.0,1
2026-08-11 06:00:00,330102,330102-PACU,PACU,18,16,0,9,7,14,0,0.5625,0
2026-08-11 06:00:00,330102,330102-MS,MS,201,178,7,158,13,14,0,0.924,1
2026-08-11 06:00:00,330102,330102-ONC,ONC,34,32,1,20,11,14,0,0.6452,0
2026-08-11 06:00:00,330102,330102-PEDS,PEDS,30,29,0,23,6,14,0,0.7931,0
2026-08-11 06:00:00,330102,330102-LD,LD,24,23,1,18,4,14,0,0.8182,0
2026-08-11 06:00:00,330102,330102-PP,PP,34,31,1,18,12,14,0,0.6,0
2026-08-11 06:00:00,330102,330102-PSY,PSY,37,35,1,24,10,14,0,0.7059,0
2026-08-11 06:00:00,330102,330102-REHAB,REHAB,18,16,0,15,1,14,0,0.9375,1
2026-08-11 06:00:00,050201,050201-MICU,MICU,21,20,0,20,0,10,0,1.0,1
2026-08-11 06:00:00,050201,050201-SICU,SICU,15,13,1,12,0,10,0,1.0,1
2026-08-11 06:00:00,050201,050201-CVICU,CVICU,13,12,0,11,1,10,0,0.9167,1
2026-08-11 06:00:00,050201,050201-SDU,SDU,23,21,1,20,0,10,0,1.0,1
2026-08-11 06:00:00,050201,050201-TELE,TELE,34,30,1,26,3,10,0,0.8966,1
2026-08-11 06:00:00,050201,050201-PACU,PACU,11,10,0,8,2,10,0,0.8,0
2026-08-11 06:00:00,050201,050201-MS,MS,125,118,2,111,5,10,0,0.9569,1
2026-08-11 06:00:00,050201,050201-ONC,ONC,21,20,1,13,6,10,0,0.6842,0
2026-08-11 06:00:00,050201,050201-PEDS,PEDS,19,18,0,12,6,10,0,0.6667,0
2026-08-11 06:00:00,050201,050201-LD,LD,15,14,0,10,4,10,0,0.7143,0
2026-08-11 06:00:00,050201,050201-PP,PP,21,19,1,11,7,10,0,0.6111,0
2026-08-11 06:00:00,050201,050201-PSY,PSY,23,20,0,11,9,10,0,0.55,0
2026-08-11 06:00:00,030301,030301-MICU,MICU,14,14,0,14,0,8,0,1.0,1
2026-08-11 06:00:00,030301,030301-SDU,SDU,15,13,0,13,0,8,0,1.0,1
2026-08-11 06:00:00,030301,030301-TELE,TELE,22,20,1,19,0,8,0,1.0,1
2026-08-11 06:00:00,030301,030301-PACU,PACU,8,7,0,7,0,8,0,1.0,1
2026-08-11 06:00:00,030301,030301-MS,MS,82,76,1,70,5,8,0,0.9333,1
2026-08-11 06:00:00,030301,030301-PEDS,PEDS,12,11,0,11,0,8,0,1.0,1
2026-08-11 06:00:00,030301,030301-LD,LD,10,9,0,8,1,8,0,0.8889,1
2026-08-11 06:00:00,030301,030301-PP,PP,14,13,0,13,0,8,0,1.0,1
2026-08-11 06:00:00,140401,140401-MICU,MICU,19,18,1,15,2,6,0,0.8824,1
2026-08-11 06:00:00,140401,140401-SICU,SICU,14,13,0,8,5,6,1,0.6154,0
2026-08-11 06:00:00,140401,140401-CVICU,CVICU,12,11,0,9,2,6,0,0.8182,0
2026-08-11 06:00:00,140401,140401-SDU,SDU,20,19,0,19,0,6,0,1.0,1
2026-08-11 06:00:00,140401,140401-TELE,TELE,31,30,1,27,2,6,0,0.931,1
2026-08-11 06:00:00,140401,140401-PACU,PACU,10,9,0,7,2,6,0,0.7778,0
2026-08-11 06:00:00,140401,140401-MS,MS,112,101,4,82,15,6,0,0.8454,0
2026-08-11 06:00:00,140401,140401-ONC,ONC,19,17,0,12,5,6,0,0.7059,0
2026-08-11 06:00:00,140401,140401-PEDS,PEDS,17,15,1,9,5,6,0,0.6429,0
2026-08-11 06:00:00,140401,140401-LD,LD,14,13,0,7,6,6,0,0.5385,0
2026-08-11 06:00:00,140401,140401-PP,PP,19,17,1,8,8,6,0,0.5,0
2026-08-11 06:00:00,140401,140401-PSY,PSY,20,18,0,15,3,6,0,0.8333,0
2026-08-11 06:00:00,110501,110501-MICU,MICU,6,6,0,6,0,1,0,1.0,1
2026-08-11 06:00:00,110501,110501-TELE,TELE,9,8,0,8,0,1,0,1.0,1
2026-08-11 06:00:00,110501,110501-PACU,PACU,4,4,0,4,0,1,0,1.0,1
2026-08-11 06:00:00,110501,110501-MS,MS,31,27,0,26,1,1,1,0.963,1
2026-08-11 07:00:00,330101,330101-MICU,MICU,23,22,1,17,4,6,0,0.8095,0
2026-08-11 07:00:00,330101,330101-SICU,SICU,17,16,0,11,5,6,0,0.6875,0
2026-08-11 07:00:00,330101,330101-CVICU,CVICU,15,13,0,12,1,6,0,0.9231,1
2026-08-11 07:00:00,330101,330101-SDU,SDU,25,24,1,22,1,6,1,0.9565,1
2026-08-11 07:00:00,330101,330101-TELE,TELE,38,35,1,30,4,6,0,0.8824,1
2026-08-11 07:00:00,330101,330101-PACU,PACU,13,12,0,10,2,6,0,0.8333,0
2026-08-11 07:00:00,330101,330101-MS,MS,139,130,2,111,17,6,1,0.8672,1
2026-08-11 07:00:00,330101,330101-ONC,ONC,23,21,1,16,4,6,0,0.8,0
2026-08-11 07:00:00,330101,330101-PEDS,PEDS,21,20,0,14,6,6,0,0.7,0
2026-08-11 07:00:00,330101,330101-LD,LD,17,16,0,9,7,6,0,0.5625,0
2026-08-11 07:00:00,330101,330101-PP,PP,23,21,1,10,10,6,1,0.5,0
2026-08-11 07:00:00,330101,330101-PSY,PSY,25,23,1,14,8,6,0,0.6364,0
2026-08-11 07:00:00,330102,330102-MICU,MICU,34,33,1,29,3,12,0,0.9062,1
2026-08-11 07:00:00,330102,330102-SICU,SICU,24,21,0,17,4,12,1,0.8095,0
2026-08-11 07:00:00,330102,330102-CVICU,CVICU,21,20,0,18,2,12,0,0.9,1
2026-08-11 07:00:00,330102,330102-NICU,NICU,18,16,1,14,1,12,0,0.9333,1
2026-08-11 07:00:00,330102,330102-SDU,SDU,37,34,1,33,0,12,0,1.0,1
2026-08-11 07:00:00,330102,330102-TELE,TELE,55,49,0,49,0,12,0,1.0,1
2026-08-11 07:00:00,330102,330102-PACU,PACU,18,16,0,10,6,12,0,0.625,0
2026-08-11 07:00:00,330102,330102-MS,MS,201,178,7,159,12,12,0,0.9298,1
2026-08-11 07:00:00,330102,330102-ONC,ONC,34,32,1,21,10,12,0,0.6774,0
2026-08-11 07:00:00,330102,330102-PEDS,PEDS,30,29,0,23,6,12,0,0.7931,0
2026-08-11 07:00:00,330102,330102-LD,LD,24,23,1,18,4,12,0,0.8182,0
2026-08-11 07:00:00,330102,330102-PP,PP,34,31,1,19,11,12,0,0.6333,0
2026-08-11 07:00:00,330102,330102-PSY,PSY,37,35,1,26,8,12,0,0.7647,0
2026-08-11 07:00:00,330102,330102-REHAB,REHAB,18,16,0,16,0,12,0,1.0,1
2026-08-11 07:00:00,050201,050201-MICU,MICU,21,20,0,20,0,10,0,1.0,1
2026-08-11 07:00:00,050201,050201-SICU,SICU,15,13,1,12,0,10,0,1.0,1
2026-08-11 07:00:00,050201,050201-CVICU,CVICU,13,12,0,11,1,10,0,0.9167,1
2026-08-11 07:00:00,050201,050201-SDU,SDU,23,21,1,20,0,10,0,1.0,1
2026-08-11 07:00:00,050201,050201-TELE,TELE,34,30,1,26,3,10,0,0.8966,1
2026-08-11 07:00:00,050201,050201-PACU,PACU,11,10,0,8,2,10,0,0.8,0
2026-08-11 07:00:00,050201,050201-MS,MS,125,118,2,110,6,10,0,0.9483,1
2026-08-11 07:00:00,050201,050201-ONC,ONC,21,20,1,14,5,10,0,0.7368,0
2026-08-11 07:00:00,050201,050201-PEDS,PEDS,19,18,0,12,6,10,0,0.6667,0
2026-08-11 07:00:00,050201,050201-LD,LD,15,14,0,9,5,10,0,0.6429,0
2026-08-11 07:00:00,050201,050201-PP,PP,21,19,1,11,7,10,0,0.6111,0
2026-08-11 07:00:00,050201,050201-PSY,PSY,23,20,0,12,8,10,0,0.6,0
2026-08-11 07:00:00,030301,030301-MICU,MICU,14,14,0,14,0,8,0,1.0,1
2026-08-11 07:00:00,030301,030301-SDU,SDU,15,13,0,12,1,8,1,0.9231,1
2026-08-11 07:00:00,030301,030301-TELE,TELE,22,20,1,19,0,8,0,1.0,1
2026-08-11 07:00:00,030301,030301-PACU,PACU,8,7,0,7,0,8,0,1.0,1
2026-08-11 07:00:00,030301,030301-MS,MS,82,76,1,71,4,8,0,0.9467,1
2026-08-11 07:00:00,030301,030301-PEDS,PEDS,12,11,0,9,2,8,1,0.8182,0
2026-08-11 07:00:00,030301,030301-LD,LD,10,9,0,9,0,8,0,1.0,1
2026-08-11 07:00:00,030301,030301-PP,PP,14,13,0,13,0,8,0,1.0,1
2026-08-11 07:00:00,140401,140401-MICU,MICU,19,18,1,15,2,4,0,0.8824,1
2026-08-11 07:00:00,140401,140401-SICU,SICU,14,13,0,9,4,4,0,0.6923,0
2026-08-11 07:00:00,140401,140401-CVICU,CVICU,12,11,0,9,2,4,0,0.8182,0
2026-08-11 07:00:00,140401,140401-SDU,SDU,20,19,0,18,1,4,1,0.9474,1
2026-08-11 07:00:00,140401,140401-TELE,TELE,31,30,1,27,2,4,0,0.931,1
2026-08-11 07:00:00,140401,140401-PACU,PACU,10,9,0,7,2,4,0,0.7778,0
2026-08-11 07:00:00,140401,140401-MS,MS,112,101,4,81,16,4,0,0.8351,0
2026-08-11 07:00:00,140401,140401-ONC,ONC,19,17,0,12,5,4,0,0.7059,0
2026-08-11 07:00:00,140401,140401-PEDS,PEDS,17,15,1,9,5,4,0,0.6429,0
2026-08-11 07:00:00,140401,140401-LD,LD,14,13,0,7,6,4,0,0.5385,0
2026-08-11 07:00:00,140401,140401-PP,PP,19,17,1,8,8,4,0,0.5,0
2026-08-11 07:00:00,140401,140401-PSY,PSY,20,18,0,16,2,4,0,0.8889,1
2026-08-11 07:00:00,110501,110501-MICU,MICU,6,6,0,6,0,0,0,1.0,1
2026-08-11 07:00:00,110501,110501-TELE,TELE,9,8,0,8,0,0,0,1.0,1
2026-08-11 07:00:00,110501,110501-PACU,PACU,4,4,0,3,1,0,0,0.75,0
2026-08-11 07:00:00,110501,110501-MS,MS,31,27,0,25,2,0,0,0.9259,1
2026-08-11 08:00:00,330101,330101-MICU,MICU,23,22,1,17,4,6,0,0.8095,0
2026-08-11 08:00:00,330101,330101-SICU,SICU,17,16,0,10,6,6,0,0.625,0
2026-08-11 08:00:00,330101,330101-CVICU,CVICU,15,13,0,12,1,6,0,0.9231,1
2026-08-11 08:00:00,330101,330101-SDU,SDU,25,24,1,22,1,6,0,0.9565,1
2026-08-11 08:00:00,330101,330101-TELE,TELE,38,35,1,30,4,6,0,0.8824,1
2026-08-11 08:00:00,330101,330101-PACU,PACU,13,12,0,10,2,6,0,0.8333,0
2026-08-11 08:00:00,330101,330101-MS,MS,139,130,2,112,16,6,0,0.875,1
2026-08-11 08:00:00,330101,330101-ONC,ONC,23,21,1,16,4,6,0,0.8,0
2026-08-11 08:00:00,330101,330101-PEDS,PEDS,21,20,0,14,6,6,0,0.7,0
2026-08-11 08:00:00,330101,330101-LD,LD,17,16,0,8,8,6,0,0.5,0
2026-08-11 08:00:00,330101,330101-PP,PP,23,21,1,9,11,6,0,0.45,0
2026-08-11 08:00:00,330101,330101-PSY,PSY,25,23,1,14,8,6,0,0.6364,0
2026-08-11 08:00:00,330102,330102-MICU,MICU,34,33,1,29,3,11,0,0.9062,1
2026-08-11 08:00:00,330102,330102-SICU,SICU,24,21,0,17,4,11,0,0.8095,0
2026-08-11 08:00:00,330102,330102-CVICU,CVICU,21,20,0,18,2,11,0,0.9,1
2026-08-11 08:00:00,330102,330102-NICU,NICU,18,16,1,14,1,11,0,0.9333,1
2026-08-11 08:00:00,330102,330102-SDU,SDU,37,34,1,33,0,11,0,1.0,1
2026-08-11 08:00:00,330102,330102-TELE,TELE,55,49,0,49,0,11,0,1.0,1
2026-08-11 08:00:00,330102,330102-PACU,PACU,18,16,0,10,6,11,0,0.625,0
2026-08-11 08:00:00,330102,330102-MS,MS,201,178,7,158,13,11,0,0.924,1
2026-08-11 08:00:00,330102,330102-ONC,ONC,34,32,1,20,11,11,0,0.6452,0
2026-08-11 08:00:00,330102,330102-PEDS,PEDS,30,29,0,22,7,11,0,0.7586,0
2026-08-11 08:00:00,330102,330102-LD,LD,24,23,1,16,6,11,0,0.7273,0
2026-08-11 08:00:00,330102,330102-PP,PP,34,31,1,19,11,11,0,0.6333,0
2026-08-11 08:00:00,330102,330102-PSY,PSY,37,35,1,26,8,11,0,0.7647,0
2026-08-11 08:00:00,330102,330102-REHAB,REHAB,18,16,0,16,0,11,0,1.0,1
2026-08-11 08:00:00,050201,050201-MICU,MICU,21,20,0,19,1,8,0,0.95,1
2026-08-11 08:00:00,050201,050201-SICU,SICU,15,13,1,12,0,8,0,1.0,1
2026-08-11 08:00:00,050201,050201-CVICU,CVICU,13,12,0,12,0,8,0,1.0,1
2026-08-11 08:00:00,050201,050201-SDU,SDU,23,21,1,20,0,8,0,1.0,1
2026-08-11 08:00:00,050201,050201-TELE,TELE,34,30,1,26,3,8,1,0.8966,1
2026-08-11 08:00:00,050201,050201-PACU,PACU,11,10,0,7,3,8,0,0.7,0
2026-08-11 08:00:00,050201,050201-MS,MS,125,118,2,110,6,8,1,0.9483,1
2026-08-11 08:00:00,050201,050201-ONC,ONC,21,20,1,14,5,8,0,0.7368,0
2026-08-11 08:00:00,050201,050201-PEDS,PEDS,19,18,0,13,5,8,0,0.7222,0
2026-08-11 08:00:00,050201,050201-LD,LD,15,14,0,9,5,8,0,0.6429,0
2026-08-11 08:00:00,050201,050201-PP,PP,21,19,1,11,7,8,0,0.6111,0
2026-08-11 08:00:00,050201,050201-PSY,PSY,23,20,0,12,8,8,0,0.6,0
2026-08-11 08:00:00,030301,030301-MICU,MICU,14,14,0,14,0,8,0,1.0,1
2026-08-11 08:00:00,030301,030301-SDU,SDU,15,13,0,12,1,8,0,0.9231,1
2026-08-11 08:00:00,030301,030301-TELE,TELE,22,20,1,19,0,8,0,1.0,1
2026-08-11 08:00:00,030301,030301-PACU,PACU,8,7,0,7,0,8,0,1.0,1
2026-08-11 08:00:00,030301,030301-MS,MS,82,76,1,72,3,8,0,0.96,1
2026-08-11 08:00:00,030301,030301-PEDS,PEDS,12,11,0,9,2,8,0,0.8182,0
2026-08-11 08:00:00,030301,030301-LD,LD,10,9,0,9,0,8,0,1.0,1
2026-08-11 08:00:00,030301,030301-PP,PP,14,13,0,13,0,8,0,1.0,1
2026-08-11 08:00:00,140401,140401-MICU,MICU,19,18,1,15,2,3,0,0.8824,1
2026-08-11 08:00:00,140401,140401-SICU,SICU,14,13,0,9,4,3,0,0.6923,0
2026-08-11 08:00:00,140401,140401-CVICU,CVICU,12,11,0,9,2,3,0,0.8182,0
2026-08-11 08:00:00,140401,140401-SDU,SDU,20,19,0,18,1,3,0,0.9474,1
2026-08-11 08:00:00,140401,140401-TELE,TELE,31,30,1,27,2,3,0,0.931,1
2026-08-11 08:00:00,140401,140401-PACU,PACU,10,9,0,7,2,3,0,0.7778,0
2026-08-11 08:00:00,140401,140401-MS,MS,112,101,4,81,16,3,0,0.8351,0
2026-08-11 08:00:00,140401,140401-ONC,ONC,19,17,0,12,5,3,0,0.7059,0
2026-08-11 08:00:00,140401,140401-PEDS,PEDS,17,15 mg,1,9,5,3,0,0.6429,0
2026-08-11 08:00:00,140401,140401-LD,LD,14,13,0,7,6,3,0,0.5385,0
2026-08-11 08:00:00,140401,140401-PP,PP,19,17,1,8,8,3,0,0.5,0
2026-08-11 08:00:00,140401,140401-PSY,PSY,20,18,0,16,2,3,0,0.8889,1
2026-08-11 08:00:00,110501,110501-MICU,MICU,6,6,0,6,0,1,0,1.0,1
2026-08-11 08:00:00,110501,110501-TELE,TELE,9,8,0,8,0,1,0,1.0,1
2026-08-11 08:00:00,110501,110501-PACU,PACU,4,4,0,3,1,1,0,0.75,0
2026-08-11 08:00:00,110501,110501-MS,MS,31,27,0,26,1,1,0,0.963,1
2026-08-11 09:00:00,330101,330101-MICU,MICU,23,22,1,20,1,4,0,0.9524,1
2026-08-11 09:00:00,330101,330101-SICU,SICU,17,16,0,9,7,4,0,0.5625,0
2026-08-11 09:00:00,330101,330101-CVICU,CVICU,15,13,0,12,1,4,0,0.9231,1
2026-08-11 09:00:00,330101,330101-SDU,SDU,25,24,1,23,0,4,0,1.0,1
2026-08-11 09:00:00,330101,330101-TELE,TELE,38,35,1,34,0,4,0,1.0,1
2026-08-11 09:00:00,330101,330101-PACU,PACU,13,12,0,10,2,4,0,0.8333,0
2026-08-11 09:00:00,330101,330101-MS,MS,139,130,2,110,18,4,2,0.8594,1
2026-08-11 09:00:00,330101,330101-ONC,ONC,23,21,1,17,3,4,0,0.85,1
2026-08-11 09:00:00,330101,330101-PEDS,PEDS,21,20,0,14,6,4,0,0.7,0
2026-08-11 09:00:00,330101,330101-LD,LD,17,16,0,8,8,4,0,0.5,0
2026-08-11 09:00:00,330101,330101-PP,PP,23,21,1,9,11,4,0,0.45,0
2026-08-11 09:00:00,330101,330101-PSY,PSY,25,23,1,14,8,4,0,0.6364,0
2026-08-11 09:00:00,330102,330102-MICU,MICU,34,33,1,32,0,10,0,1.0,1
2026-08-11 09:00:00,330102,330102-SICU,SICU,24,21,0,18,3,10,0,0.8571,1
2026-08-11 09:00:00,330102,330102-CVICU,CVICU,21,20,0,16,4,10,0,0.8,0
2026-08-11 09:00:00,330102,330102-NICU,NICU,18,16,1,14,1,10,0,0.9333,1
2026-08-11 09:00:00,330102,330102-SDU,SDU,37,34,1,33,0,10,0,1.0,1
2026-08-11 09:00:00,330102,330102-TELE,TELE,55,49,0,49,0,10,0,1.0,1
2026-08-11 09:00:00,330102,330102-PACU,PACU,18,16,0,9,7,10,1,0.5625,0
2026-08-11 09:00:00,330102,330102-MS,MS,201,178,7,166,5,10,0,0.9708,1
2026-08-11 09:00:00,330102,330102-ONC,ONC,34,32,1,20,11,10,0,0.6452,0
2026-08-11 09:00:00,330102,330102-PEDS,PEDS,30,29,0,21,8,10,1,0.7241,0
2026-08-11 09:00:00,330102,330102-LD,LD,24,23,1,16,6,10,0,0.7273,0
2026-08-11 09:00:00,330102,330102-PP,PP,34,31,1,20,10,10,0,0.6667,0
2026-08-11 09:00:00,330102,330102-PSY,PSY,37,35,1,26,8,10,0,0.7647,0
2026-08-11 09:00:00,330102,330102-REHAB,REHAB,18,16,0,16,0,10,0,1.0,1
2026-08-11 09:00:00,050201,050201-MICU,MICU,21,20,0,20,0,9,0,1.0,1
2026-08-11 09:00:00,050201,050201-SICU,SICU,15,13,1,12,0,9,0,1.0,1
2026-08-11 09:00:00,050201,050201-CVICU,CVICU,13,12,0,12,0,9,0,1.0,1
2026-08-11 09:00:00,050201,050201-SDU,SDU,23,21,1,20,0,9,1,1.0,1
2026-08-11 09:00:00,050201,050201-TELE,TELE,34,30,1,27,2,9,0,0.931,1
2026-08-11 09:00:00,050201,050201-PACU,PACU,11,,0,7,3,9,0,0.7,0
2026-08-11 09:00:00,050201,050201-MS,MS,125,118,2,109,7,9,1,0.9397,1
2026-08-11 09:00:00,050201,050201-ONC,ONC,21,20,1,14,5,9,0,0.7368,0
2026-08-11 09:00:00,050201,050201-PEDS,PEDS,19,18,0,13,5,9,0,0.7222,0
2026-08-11 09:00:00,050201,050201-LD,LD,15,14,0,10,4,9,0,0.7143,0
2026-08-11 09:00:00,050201,050201-PP,PP,21,19,1,12,6,9,0,0.6667,0
2026-08-11 09:00:00,050201,050201-PSY,PSY,23,20,0,12,8,9,0,0.6,0
2026-08-11 09:00:00,030301,030301-MICU,MICU,14,14,0,14,0,7,0,1.0,1
2026-08-11 09:00:00,030301,030301-SDU,SDU,15,13,0,13,0,7,0,1.0,1
2026-08-11 09:00:00,030301,030301-TELE,TELE,22,20,1,19,0,7,0,1.0,1
2026-08-11 09:00:00,030301,030301-PACU,PACU,8,7,0,7,0,7,0,1.0,1
2026-08-11 09:00:00,030301,030301-MS,MS,82,76,1,75,0,7,0,1.0,1
2026-08-11 09:00:00,030301,030301-PEDS,PEDS,12,11,0,10,1,7,0,0.9091,1
2026-08-11 09:00:00,030301,030301-LD,LD,10,9,0,9,0 mg,7,0,1.0,1
2026-08-11 09:00:00,030301,030301-PP,PP,14,13,0,13,0,7,0,1.0,1
2026-08-11 09:00:00,140401,140401-MICU,MICU,19,18,1,17,0,3,0,1.0,1
2026-08-11 09:00:00,140401,140401-SICU,SICU,14,13,0,9,4,3,0,0.6923,0
2026-08-11 09:00:00,140401,140401-CVICU,CVICU,12,11,0,9,2,3,0,0.8182,0
2026-08-11 09:00:00,140401,140401-SDU,SDU,20,19,0,19,0,3,0,1.0,1
2026-08-11 09:00:00,140401,140401-TELE,TELE,31,30,1,29,0,3,0,1.0,1
2026-08-11 09:00:00,140401,140401-PACU,PACU,10,9,0,6,3,3,0,0.6667,0
2026-08-11 09:00:00,140401,140401-MS,MS,112,101,4,84,13,3,0,0.866,1
2026-08-11 09:00:00,140401,140401-ONC,ONC,19,17,0,12,5,3,0,0.7059,0
2026-08-11 09:00:00,140401,140401-PEDS,PEDS,17,15,1,8,6,3,1,0.5714,0
2026-08-11 09:00:00,140401,140401-LD,LD,14,13,0,7,6,3,0,0.5385,0
2026-08-11 09:00:00,140401,140401-PP,PP,19,17,1,8,8,3,0,0.5,0
2026-08-11 09:00:00,140401,140401-PSY,PSY,20,18,0,17,1,3,0,0.9444,1
2026-08-11 09:00:00,110501,110501-MICU,MICU,6,6,0,6,0,1,0,1.0,1
2026-08-11 09:00:00,110501,110501-TELE,TELE,9,8,0,8,0,1,0,1.0,1
2026-08-11 09:00:00,110501,110501-PACU,PACU,4,4,0,4,0,1,0,1.0,1
2026-08-11 09:00:00,110501,110501-MS,MS,31,27,0,27,0,1,0,1.0,1
2026-08-11 10:00:00,330101,330101-MICU,MICU,23,22,1,20,1,2,0,0.9524,1
2026-08-11 10:00:00,330101,330101-SICU,SICU,17,16,0,9,7,2,0,0.5625,0
2026-08-11 10:00:00,330101,330101-CVICU,CVICU,15,13,0,12,1,2,0,0.9231,1
2026-08-11 10:00:00,330101,330101-SDU,SDU,25,24,1,23,0,2,1,1.0,1
2026-08-11 10:00:00,330101,330101-TELE,TELE,38,35,1,33,1,2,0,0.9706,1
2026-08-11 10:00:00,330101,330101-PACU,PACU,13,12,0,10,2,2,0,0.8333,0
2026-08-11 10:00:00,330101,330101-MS,MS,139,130,2,110,18,2,1,0.8594,1
2026-08-11 10:00:00,330101,330101-ONC,ONC,23,21,1,18,2,2,0,0.9,1
2026-08-11 10:00:00,330101,330101-PEDS,PEDS,21,20,0,14,6,2,0,0.7,0
2026-08-11 10:00:00,330101,330101-LD,LD,17,16,0,9,7,2,0,0.5625,0
2026-08-11 10:00:00,330101,330101-PP,PP,23,21,1,9,11,2,0,0.45,0
2026-08-11 10:00:00,330101,330101-PSY,PSY,25,23,1,14,8,2,0,0.6364,0
2026-08-11 10:00:00,330102,330102-MICU,MICU,34,33,1,31,1,9,1,0.9688,1
2026-08-11 10:00:00,330102,330102-SICU,SICU,24,21,0,17,4,9,1,0.8095,0
2026-08-11 10:00:00,330102,330102-CVICU,CVICU,21,20,0,18,2,9,0,0.9,1
2026-08-11 10:00:00,330102,330102-NICU,NICU,18,16,1,14,1,9,0,0.9333,1
2026-08-11 10:00:00,330102,330102-SDU,SDU,37,34,1,33,0,9,0,1.0,1
2026-08-11 10:00:00,330102,330102-TELE,TELE,55,49,0,49,0,9,0,1.0,1
2026-08-11 10:00:00,330102,330102-PACU,PACU,18,16,0,9,7,9,0,0.5625,0
2026-08-11 10:00:00,330102,330102-MS,MS,201,178,7,168,3,9,1,0.9825,1
2026-08-11 10:00:00,330102,330102-ONC,ONC,34,32,1,21,10,9,0,0.6774,0
2026-08-11 10:00:00,330102,330102-PEDS,PEDS,30,29,0,21,8,9,0,0.7241,0
2026-08-11 10:00:00,330102,330102-LD,LD,24,23,1,16,6,9,0,0.7273,0
2026-08-11 10:00:00,330102,330102-PP,PP,34,31,1,19,11,9,1,0.6333,0
2026-08-11 10:00:00,330102,330102-PSY,PSY,37,35,1,26,8,9,0,0.7647,0
2026-08-11 10:00:00,330102,330102-REHAB,REHAB,18,16,0,16,0,9,0,1.0,1
2026-08-11 10:00:00,050201,050201-MICU,MICU,21,20,0,20,0,9,0,1.0,1
2026-08-11 10:00:00,050201,050201-SICU,SICU,15,13,1,12,0,9,0,1.0,1
2026-08-11 10:00:00,050201,050201-CVICU,CVICU,13,12,0,12,0,9,0,1.0,1
2026-08-11 10:00:00,050201,050201-SDU,SDU,23,21,1,20,0,9,0,1.0,1
2026-08-11 10:00:00,050201,050201-TELE,TELE,34,30,1,27,2,9,0,0.931,1
2026-08-11 10:00:00,050201,050201-PACU,PACU,11,10,0,7,3,9,0,0.7,0
2026-08-11 10:00:00,050201,050201-MS,MS,125,118,2,110,6,9,1,0.9483,1
2026-08-11 10:00:00,050201,050201-ONC,ONC,21,20,1,15,4,9,0,0.7895,0
2026-08-11 10:00:00,050201,050201-PEDS,PEDS,19,18,0,13,5,9,0,0.7222,0
2026-08-11 10:00:00,050201,050201-LD,LD,15,14,0,10,4,9,0,0.7143,0
2026-08-11 10:00:00,050201,050201-PP,PP,21,19,1,12,6,9,0,0.6667,0
2026-08-11 10:00:00,050201,050201-PSY,PSY,23,20,0,12,8,9,0,0.6,0
2026-08-11 10:00:00,030301,030301-MICU,MICU,14,14,0,14,0,5,0,1.0,1
2026-08-11 10:00:00,030301,030301-SDU,SDU,15,13,0,12,1,5,1,0.9231,1
2026-08-11 10:00:00,030301,030301-TELE,TELE,22,20,1,19,0,5,1,1.0,1
2026-08-11 10:00:00,030301,030301-PACU,PACU,8,7,0,6,1,5,0,0.8571,1
2026-08-11 10:00:00,030301,030301-MS,MS,82,76,1,75,0,5,0,1.0,1
2026-08-11 10:00:00,030301,030301-PEDS,PEDS,12,11,0,11,0,5,0,1.0,1
2026-08-11 10:00:00,030301,030301-LD,LD,10,9,0,9,0,5,0,1.0,1
2026-08-11 10:00:00,030301,030301-PP,PP,14,13,0,13,0,5,0,1.0,1
2026-08-11 10:00:00,140401,140401-MICU,MICU,19,18,1,16,1,4,1,0.9412,1
2026-08-11 10:00:00,140401,140401-SICU,SICU,14,13,0,10,3,4,0,0.7692,0
2026-08-11 10:00:00,140401,140401-CVICU,CVICU,12,11,0,9,2,4,0,0.8182,0
2026-08-11 10:00:00,140401,140401-SDU,SDU,20,19,0,17,2,4,0,0.8947,1
2026-08-11 10:00:00,140401,140401-TELE,TELE,31,30,1,29,0,4,0,1.0,1
2026-08-11 10:00:00,140401,140401-PACU,PACU,10,9,0,6,3,4,0,0.6667,0
2026-08-11 10:00:00,140401,140401-MS,MS,112,101,4,85,12,4,0,0.8763,1
2026-08-11 10:00:00,140401,140401-ONC,ONC,19,17,0,12,5,4,0,0.7059,0
2026-08-11 10:00:00,140401,140401-PEDS,PEDS,17,15,1,8,6,4,0,0.5714,0
2026-08-11 10:00:00,140401,140401-LD,LD,14,13,0,7,6,4,0,0.5385,0
2026-08-11 10:00:00,140401,140401-PP,PP,19,17,1,8,8,4,0,0.5,0
2026-08-11 10:00:00,140401,140401-PSY,PSY,20,18,0,17,1,4,0,0.9444,1
2026-08-11 10:00:00,110501,110501-MICU,MICU,6,6,0,6,0,1,0,1.0,1
2026-08-11 10:00:00,110501,110501-TELE,TELE,9,8,0,8,0,1,0,1.0,1
2026-08-11 10:00:00,110501,110501-PACU,PACU,4,4,0,4,0,1,0,1.0,1
2026-08-11 10:00:00,110501,110501-MS,MS,31,27,0,27,0,1,0,1.0,1
2026-08-11 11:00:00,330101,330101-MICU,MICU,23,22,1,20,1,4,0,0.9524,1
2026-08-11 11:00:00,330101,330101-SICU,SICU,17,16,0,11,5,4,0,0.6875,0
2026-08-11 11:00:00,330101,330101-CVICU,CVICU,15,13,0,12,1,4,0,0.9231,1
2026-08-11 11:00:00,330101,330101-SDU,SDU,25,24,1,21,2,4,1,0.913,1
2026-08-11 11:00:00,330101,330101-TELE,TELE,38,35,1,33,1,4,1,0.9706,1
2026-08-11 11:00:00,330101,330101-PACU,PACU,13,12,0,10,2,4,0,0.8333,0
2026-08-11 11:00:00,330101,330101-MS,MS,139,130,2,109,19,4,1,0.8516,1
2026-08-11 11:00:00,330101,330101-ONC,ONC,23,21,1,18,2,4,0,0.9,1
2026-08-11 11:00:00,330101,330101-PEDS,PEDS,21,20,0,15,5,4,0,0.75,0
2026-08-11 11:00:00,330101,330101-LD,LD,17,16,0,10,6,4,0,0.625,0
2026-08-11 11:00:00,330101,330101-PP,PP,23,21,1,11,9,4,0,0.55,0
2026-08-11 11:00:00,330101,330101-PSY,PSY,25,23,1,16,6,4,0,0.7273,0
2026-08-11 11:00:00,330102,330102-MICU,MICU,34,33,1,32,0,11,0,1.0,1
2026-08-11 11:00:00,330102,330102-SICU,SICU,24,21,0,18,3,11,0,0.8571,1
2026-08-11 11:00:00,330102,330102-CVICU,CVICU,21,20,0,18,2,11,0,0.9,1
2026-08-11 11:00:00,330102,330102-NICU,NICU,18,16,1,14,1,11,0,0.9333,1
2026-08-11 11:00:00,330102,330102-SDU,SDU,37,34,1,33,0,11,0,1.0,1
2026-08-11 11:00:00,330102,330102-TELE,TELE,55,49,0,49,0,11,0,1.0,1
2026-08-11 11:00:00,330102,330102-PACU,PACU,18,16,0,10,6,11,0,0.625,0
2026-08-11 11:00:00,330102,330102-MS,MS,201,178,7,168,3,11,0,0.9825,1
2026-08-11 11:00:00,330102,330102-ONC,ONC,34,32,1,23,8,11,0,0.7419,0
2026-08-11 11:00:00,330102,330102-PEDS,PEDS,30,29,0,23,6,11,0,0.7931,0
2026-08-11 11:00:00,330102,330102-LD,LD,24,23,1,17,5,11,0,0.7727,0
2026-08-11 11:00:00,330102,330102-PP,PP,34,31,1,20,10,11,0,0.6667,0
2026-08-11 11:00:00,330102,330102-PSY,PSY,37,35,1,27,7,11,0,0.7941,0
2026-08-11 11:00:00,330102,330102-REHAB,REHAB,18,16,0,16,0,11,0,1.0,1
2026-08-11 11:00:00,050201,050201-MICU,MICU,21,20,0,20,0,11,0,1.0,1
2026-08-11 11:00:00,050201,050201-SICU,SICU,15,13,1,12,0,11,0,1.0,1
2026-08-11 11:00:00,050201,050201-CVICU,CVICU,13,12,0,12,0,11,0,1.0,1
2026-08-11 11:00:00,050201,050201-SDU,SDU,23,21,1,20,0,11,0,1.0,1
2026-08-11 11:00:00,050201,050201-TELE,TELE,34,30,1,29,0,11,1,1.0,1
2026-08-11 11:00:00,050201,050201-PACU,PACU,11,10,0,7,3,11,0,0.7,0
2026-08-11 11:00:00,050201,050201-MS,MS,125,118,2,112,4,11,0,0.9655,1
2026-08-11 11:00:00,050201,050201-ONC,ONC,21,20,1,15,4,11,0,0.7895,0
2026-08-11 11:00:00,050201,050201-PEDS,PEDS,19,18,0,13,5,11,0,0.7222,0
2026-08-11 11:00:00,050201,050201-LD,LD,15,14,0,10,4,11,0,0.7143,0
2026-08-11 11:00:00,050201,050201-PP,PP,21,19,1,12,6,11,0,0.6667,0
2026-08-11 11:00:00,050201,050201-PSY,PSY,23,20,0,13,7,11,0,0.65,0
2026-08-11 11:00:00,030301,030301-MICU,MICU,14,14,0,14,0,7,0,1.0,1
2026-08-11 11:00:00,030301,030301-SDU,SDU,15,13,0,13,0,7,0,1.0,1
2026-08-11 11:00:00,030301,030301-TELE,TELE,22,20,1,19,0,7,0,1.0,1
2026-08-11 11:00:00,030301,030301-PACU,PACU,8,7,0,7,0,7,0,1.0,1
2026-08-11 11:00:00,030301,030301-MS,MS,82,76,1,75,0,7,0,1.0,1
2026-08-11 11:00:00,030301,030301-PEDS,PEDS,12,11,0,11,0,7,0,1.0,1
2026-08-11 11:00:00,030301,030301-LD,LD,10,9,0,9,0,7,1,1.0,1
2026-08-11 11:00:00,030301,030301-PP,PP,14,13,0,13,0,7,0,1.0,1
2026-08-11 11:00:00,140401,140401-MICU,MICU,19,18,1,,1,4,0,0.9412,1
2026-08-11 11:00:00,140401,140401-SICU,SICU,14,13,0,10,3,4,0,0.7692,0
2026-08-11 11:00:00,140401,140401-CVICU,CVICU,12,11,0,9,2,4,0,0.8182,0
2026-08-11 11:00:00,140401,140401-SDU,SDU,20,19,0,17,2,4,0,0.8947,1
2026-08-11 11:00:00,140401,140401-TELE,TELE,31,30,1,28,1,4,0,0.9655,1
2026-08-11 11:00:00,140401,140401-PACU,PACU,10,9,0,6,3,4,0,0.6667,0
2026-08-11 11:00:00,140401,140401-MS,MS,112,101,4,86,11,4,0,0.8866,1
2026-08-11 11:00:00,140401,140401-ONC,ONC,19,17,0,12,5,4,0,0.7059,0
2026-08-11 11:00:00,140401,140401-PEDS,PEDS,17,15,1,8,6,4,0,0.5714,0
2026-08-11 11:00:00,140401,140401-LD,LD,14,13,0,7,6,4,0,0.5385,0
2026-08-11 11:00:00,140401,140401-PP,PP,19,17,1,9,7,4,0,0.5625,0
2026-08-11 11:00:00,140401,140401-PSY,PSY,20,18,0,17,1,4,0,0.9444,1
2026-08-11 11:00:00,110501,110501-MICU,MICU,6,6,0,6,0,3,0,1.0,1
2026-08-11 11:00:00,110501,110501-TELE,TELE,9,8,0,8,0,3,0,1.0,1
2026-08-11 11:00:00,110501,110501-PACU,PACU,4,,0,4,0,3,0,1.0,1
2026-08-11 11:00:00,110501,110501-MS,MS,31,27,0,27,0,3,0,1.0,1
2026-08-11 12:00:00,330101,330101-MICU,MICU,23,22,1,20,1,6,0,0.9524,1
2026-08-11 12:00:00,330101,330101-SICU,SICU,17,16,0,11,5,6,0,0.6875,0
2026-08-11 12:00:00,330101,330101-CVICU,CVICU,15,13,0,12,1,6,0,0.9231,1
2026-08-11 12:00:00,330101,330101-SDU,SDU,25,24,1,22,1,6,0,0.9565,1
2026-08-11 12:00:00,330101,330101-TELE,TELE,38,35,1,33,1,6,0,0.9706,1
2026-08-11 12:00:00,330101,330101-PACU,PACU,13,12,0,10,2,6,0,0.8333,0
2026-08-11 12:00:00,330101,330101-MS,MS,139,130,2,110,18,6,0,0.8594,1
2026-08-11 12:00:00,330101,330101-ONC,ONC,23,21,1,18,2,6,0,0.9,1
2026-08-11 12:00:00,330101,330101-PEDS,PEDS,21,20,0,14,6,6,0,0.7,0
2026-08-11 12:00:00,330101,330101-LD,LD,17,16,0,10,6,6,0,0.625,0
2026-08-11 12:00:00,330101,330101-PP,PP,23,21,1,11,9,6,0,0.55,0
2026-08-11 12:00:00,330101,330101-PSY,PSY,25,23,1,16,6,6,0,0.7273,0
2026-08-11 12:00:00,330102,330102-MICU,MICU,34,33,1,32,0,17,0,1.0,1
2026-08-11 12:00:00,330102,330102-SICU,SICU,24,21,0,18,3,17,0,0.8571,1
2026-08-11 12:00:00,330102,330102-CVICU,CVICU,21,20,0,18,2,17,0,0.9,1
2026-08-11 12:00:00,330102,330102-NICU,NICU,18,16,1,13,2,17,0,0.8667,1
2026-08-11 12:00:00,330102,330102-SDU,SDU,37,34,1,33,0,17,0,1.0,1
2026-08-11 12:00:00,330102,330102-TELE,TELE,55,49,0,49,0,17,1,1.0,1
2026-08-11 12:00:00,330102,330102-PACU,PACU,18,16,0,10,6,17,0,0.625,0
2026-08-11 12:00:00,330102,330102-MS,MS,201,178,7,171,0,17,1,1.0,1
2026-08-11 12:00:00,330102,330102-ONC,ONC,34,32,1,24,7,17,0,0.7742,0
2026-08-11 12:00:00,330102,330102-PEDS,PEDS,30,29,0,23,6,17,0,0.7931,0
2026-08-11 12:00:00,330102,330102-LD,LD,24,23,1,16,6,17,1,0.7273,0
2026-08-11 12:00:00,330102,330102-PP,PP,34,31,1,20,10,17,0,0.6667,0
2026-08-11 12:00:00,330102,330102-PSY,PSY,37,35,1,28,6,17,0,0.8235,0
2026-08-11 12:00:00,330102,330102-REHAB,REHAB,18,16,0,16,0,17,0,1.0,1
2026-08-11 12:00:00,050201,050201-MICU,MICU,21,20,0,20,0,10,1,1.0,1
2026-08-11 12:00:00,050201,050201-SICU,SICU,15,13,1,12,0,10,0,1.0,1
2026-08-11 12:00:00,050201,050201-CVICU,CVICU,13,12,0,12,0,10,0,1.0,1
2026-08-11 12:00:00,050201,050201-SDU,SDU,23,21,1,20,0,10,0,1.0,1
2026-08-11 12:00:00,050201,050201-TELE,TELE,34,30,1,29,0,10,0,1.0,1
2026-08-11 12:00:00,050201,050201-PACU,PACU,11,10,0,6,4,10,0,0.6,0
2026-08-11 12:00:00,050201,050201-MS,MS,125,118,2,113,3,10,0,0.9741,1
2026-08-11 12:00:00,050201,050201-ONC,ONC,21,20,1,16,3,10,0,0.8421,0
2026-08-11 12:00:00,050201,050201-PEDS,PEDS,19,18,0,13,5,10,0,0.7222,0
2026-08-11 12:00:00,050201,050201-LD,LD,15,14,0,10,4,10,0,0.7143,0
2026-08-11 12:00:00,050201,050201-PP,PP,21,19,1,12,6,10,0,0.6667,0
2026-08-11 12:00:00,050201,050201-PSY,PSY,23,20,0,13,7,10,0,0.65,0
2026-08-11 12:00:00,030301,030301-MICU,MICU,14,14,0,14,0,7,0,1.0,1
2026-08-11 12:00:00,030301,030301-SDU,SDU,15,13,0,13,0,7,0,1.0,1
2026-08-11 12:00:00,030301,030301-TELE,TELE,22,20,1,19,0,7,1,1.0,1
2026-08-11 12:00:00,030301,030301-PACU,PACU,8,7,0,7,0,7,0,1.0,1
2026-08-11 12:00:00,030301,030301-MS,MS,82,76,1,75,0,7,0,1.0,1
2026-08-11 12:00:00,030301,030301-PEDS,PEDS,12,11,0,11,0,7,0,1.0,1
2026-08-11 12:00:00,030301,030301-LD,LD,10,9,0,9,0,7,0,1.0,1
2026-08-11 12:00:00,030301,030301-PP,PP,14,13,0,13,0,7,0,1.0,1
2026-08-11 12:00:00,140401,140401-MICU,MICU,19,18,1,16,1,6,0,0.9412,1
2026-08-11 12:00:00,140401,140401-SICU,SICU,14,13,0,10,3,6,0,0.7692,0
2026-08-11 12:00:00,140401,140401-CVICU,CVICU,12,11,0,9,2,6,0,0.8182,0
2026-08-11 12:00:00,140401,140401-SDU,SDU,20,19,0,19,0,6,0,1.0,1
2026-08-11 12:00:00,140401,140401-TELE,TELE,31,30,1,28,1,6,1,0.9655,1
2026-08-11 12:00:00,140401,140401-PACU,PACU,10,9,0,6,3,6,0,0.6667,0
2026-08-11 12:00:00,140401,140401-MS,MS,112,101,4,83,14,6,2,0.8557,1
2026-08-11 12:00:00,140401,140401-ONC,ONC,19,17,0,12,5,6,0,0.7059,0
2026-08-11 12:00:00,140401,140401-PEDS,PEDS,17,15,1,10,4,6,0,0.7143,0
2026-08-11 12:00:00,140401,140401-LD,LD,14,13,0,7,6,6,0,0.5385,0
2026-08-11 12:00:00,140401,140401-PP,PP,19,17,1,9,7,6,0,0.5625,0
2026-08-11 12:00:00,140401,140401-PSY,PSY,20,18,0,17,1,6,0,0.9444,1
2026-08-11 12:00:00,110501,110501-MICU,MICU,6,6,0,6,0,3,0,1.0,1
2026-08-11 12:00:00,110501,110501-TELE,TELE,9,8,0,8,0,3,0,1.0,1
2026-08-11 12:00:00,110501,110501-PACU,PACU,4,4,0,4,0,3,0,1.0,1
2026-08-11 12:00:00,110501,110501-MS,MS,31,27,0,27,0,3,0,1.0,1
2026-08-11 13:00:00,330101,330101-MICU,MICU,23,22,1,20,1,6,0,0.9524,1
2026-08-11 13:00:00,330101,330101-SICU,SICU,17,16,0,11,5,6,0,0.6875,0
2026-08-11 13:00:00,330101,330101-CVICU,CVICU,15,13,0,12,1,6,0,0.9231,1
2026-08-11 13:00:00,330101,330101-SDU,SDU,25,24,1,23,0,6,0,1.0,1
2026-08-11 13:00:00,330101,330101-TELE,TELE,38,35,1,34,0,6,0,1.0,1
2026-08-11 13:00:00,330101,330101-PACU,PACU,13,12,0,8,4,6,1,0.6667,0
2026-08-11 13:00:00,330101,330101-MS,MS,139,130,2,111,17,6,0,0.8672,1
2026-08-11 13:00:00,330101,330101-ONC,ONC,23,21,1,18,2,6,0,0.9,1
2026-08-11 13:00:00,330101,330101-PEDS,PEDS,21,20,0,14,6,6,0,0.7,0
2026-08-11 13:00:00,330101,330101-LD,LD,17,16,0,10,6,6,0,0.625,0
2026-08-11 13:00:00,330101,330101-PP,PP,23,21,1,11,9,6,0,0.55,0
2026-08-11 13:00:00,330101,330101-PSY,PSY,25,23,1,16,6,6,0,0.7273,0
2026-08-11 13:00:00,330102,330102-MICU,MICU,34,33,1,32,0,20,0,1.0,1
2026-08-11 13:00:00,330102,330102-SICU,SICU,24,21,0,18,3,20,0,0.8571,1
2026-08-11 13:00:00,330102,330102-CVICU,CVICU,21,20,0,18,2,20,0,0.9,1
2026-08-11 13:00:00,330102,330102-NICU,NICU,18,16,1,13,2,20,0,0.8667,1
2026-08-11 13:00:00,330102,330102-SDU,SDU,37,34,1,33,0,20,0,1.0,1
2026-08-11 13:00:00,330102,330102-TELE,TELE,55,49,0,49,0,20,0,1.0,1
2026-08-11 13:00:00,330102,330102-PACU,PACU,18,16,0,10,6,20,0,0.625,0
2026-08-11 13:00:00,330102,330102-MS,MS,201,178,7,171,0,20,0,1.0,1
2026-08-11 13:00:00,330102,330102-ONC,ONC,34,32,1,28,3,20,0,0.9032,1
2026-08-11 13:00:00,330102,330102-PEDS,PEDS,30,29,0,22,7,20,1,0.7586,0
2026-08-11 13:00:00,330102,330102-LD,LD,24,23,1,17,5,20,0,0.7727,0
2026-08-11 13:00:00,330102,330102-PP,PP,34,31,1,19,11,20,0,0.6333,0
2026-08-11 13:00:00,330102,330102-PSY,PSY,37,35,1,27,7,20,0,0.7941,0
2026-08-11 13:00:00,330102,330102-REHAB,REHAB,18,16,0,16,0,20,0,1.0,1
2026-08-11 13:00:00,050201,050201-MICU,MICU,21,20,0,20,0,12,0,1.0,1
2026-08-11 13:00:00,050201,050201-SICU,SICU,15,13,1,12,0,12,0,1.0,1
2026-08-11 13:00:00,050201,050201-CVICU,CVICU,13,12,0,12,0,12,0,1.0,1
2026-08-11 13:00:00,050201,050201-SDU,SDU,23,21,1,20,0,12,0,1.0,1
2026-08-11 13:00:00,050201,050201-TELE,TELE,34,30,1,29,0,12,0,1.0,1
2026-08-11 13:00:00,050201,050201-PACU,PACU,11,10,0,6,4,12,0,0.6,0
2026-08-11 13:00:00,050201,050201-MS,MS,125,118,2,116,0,12,0,1.0,1
2026-08-11 13:00:00,050201,050201-ONC,ONC,21,20,1,16,3,12,0,0.8421,0
2026-08-11 13:00:00,050201,050201-PEDS,PEDS,19,18,0,13,5,12,0,0.7222,0
2026-08-11 13:00:00,050201,050201-LD,LD,15,14,0,10,4,12,0,0.7143,0
2026-08-11 13:00:00,050201,050201-PP,PP,21,19,1,12,6,12,0,0.6667,0
2026-08-11 13:00:00,050201,050201-PSY,PSY,23,20,0,13,7,12,0,0.65,0
2026-08-11 13:00:00,030301,030301-MICU,MICU,14,14,0,14,0,4,0,1.0,1
2026-08-11 13:00:00,030301,030301-SDU,SDU,15,13,0,13,0,4,0,1.0,1
2026-08-11 13:00:00,030301,030301-TELE,TELE,22,20,1,19,0,4,0,1.0,1
2026-08-11 13:00:00,030301,030301-PACU,PACU,8,7,0,7,0,4,0,1.0,1
2026-08-11 13:00:00,030301,030301-MS,MS,82,76,1,75,0,4,0,1.0,1
2026-08-11 13:00:00,030301,030301-PEDS,PEDS,12,11,0,11,0,4,0,1.0,1
2026-08-11 13:00:00,030301,030301-LD,LD,10,9,0,9,0,4,0,1.0,1
2026-08-11 13:00:00,030301,030301-PP,PP,14,13,0,13,0,4,0,1.0,1
2026-08-11 13:00:00,140401,140401-MICU,MICU,19,18,1,17,0,6,0,1.0,1
2026-08-11 13:00:00,140401,140401-SICU,SICU,14,13,0,10,3,6,0,0.7692,0
2026-08-11 13:00:00,140401,140401-CVICU,CVICU,12,11,0,9,2,6,0,0.8182,0
2026-08-11 13:00:00,140401,140401-SDU,SDU,20,19,0,19,0,6,0,1.0,1
2026-08-11 13:00:00,140401,140401-TELE,TELE,31,30,1,29,0,6,0,1.0,1
2026-08-11 13:00:00,140401,140401-PACU,PACU,10,9,0,6,3,6,0,0.6667,0
2026-08-11 13:00:00,140401,140401-MS,MS,112,101,4,83,14,6,1,0.8557,1
2026-08-11 13:00:00,140401,140401-ONC,ONC,19,17,0,12,5,6,0,0.7059,0
2026-08-11 13:00:00,140401,140401-PEDS,PEDS,17,15,1,10,4,6,0,0.7143,0
2026-08-11 13:00:00,140401,140401-LD,LD,14,13,0,7,6,6,0,0.5385,0
2026-08-11 13:00:00,140401,140401-PP,PP,19,17,1,10,6,6,0,0.625,0
2026-08-11 13:00:00,140401,140401-PSY,PSY,20,18,0,17,1,6,0,0.9444,1
2026-08-11 13:00:00,110501,110501-MICU,MICU,6,6,0,6,0,3,0,1.0,1
2026-08-11 13:00:00,110501,110501-TELE,TELE,9,8,0,8,0,3,0,1.0,1
2026-08-11 13:00:00,110501,110501-PACU,PACU,4,4,0,4,0,3,0,1.0,1
2026-08-11 13:00:00,110501,110501-MS,MS,31,27,0,27,0,3,0,1.0,1
2026-08-11 14:00:00,330101,330101-MICU,MICU,23,22,1,21,0,5,0,1.0,1
2026-08-11 14:00:00,330101,330101-SICU,SICU,17,16,0,12,4,5,0,0.75,0
2026-08-11 14:00:00,330101,330101-CVICU,CVICU,15,13,0,12,1,5,0,0.9231,1
2026-08-11 14:00:00,330101,330101-SDU,SDU,25,24,1,23,0,5,0,1.0,1
2026-08-11 14:00:00,330101,330101-TELE,TELE,38,35,1,34,0,5,0,1.0,1
2026-08-11 14:00:00,330101,330101-PACU,PACU,13,12,0,9,3,5,0,0.75,0
2026-08-11 14:00:00,330101,330101-MS,MS,139,130,2,112,16,5,0,0.875,1
2026-08-11 14:00:00,330101,330101-ONC,ONC,23,21 mg,1,18,2,5,0,0.9,1
2026-08-11 14:00:00,330101,330101-PEDS,PEDS,21,20,0,14,6,5,0,0.7,0
2026-08-11 14:00:00,330101,330101-LD,LD,17,16,0,10,6,5,0,0.625,0
2026-08-11 14:00:00,330101,330101-PP,PP,23,21,1,11,9,5,0,0.55,0
2026-08-11 14:00:00,330101,330101-PSY,PSY,25,23,1,18,4,5,0,0.8182,0
2026-08-11 14:00:00,330102,330102-MICU,MICU,34,33,1,32,0,25,0,1.0,1
2026-08-11 14:00:00,330102,330102-SICU,SICU,24,21,0,20,1,25,0,0.9524,1
2026-08-11 14:00:00,330102,330102-CVICU,CVICU,21,20,0,19,1,25,0,0.95,1
2026-08-11 14:00:00,330102,330102-NICU,NICU,18,16,1,12,3,25,0,0.8,0
2026-08-11 14:00:00,330102,330102-SDU,SDU,37,34,1,33,0,25,1,1.0,1
2026-08-11 14:00:00,330102,330102-TELE,TELE,55,49,0,49,0,25,0,1.0,1
2026-08-11 14:00:00,330102,330102-PACU,PACU,18,16,0,10,6,25,0,0.625,0
2026-08-11 14:00:00,330102,330102-MS,MS,201,178,7,170,1,25,1,0.9942,1
2026-08-11 14:00:00,330102,330102-ONC,ONC,34,32,1,29,2,25,0,0.9355,1
2026-08-11 14:00:00,330102,330102-PEDS,PEDS,30,29,0,23,6,25,0,0.7931,0
2026-08-11 14:00:00,330102,330102-LD,LD,24,23,1,18,4,25,0,0.8182,0
2026-08-11 14:00:00,330102,330102-PP,PP,34,31,1,21,9,25,0,0.7,0
2026-08-11 14:00:00,330102,330102-PSY,PSY,37,35,1,28,6,25,0,0.8235,0
2026-08-11 14:00:00,330102,330102-REHAB,REHAB,18,16,0,16,0,25,0,1.0,1
2026-08-11 14:00:00,050201,050201-MICU,MICU,21,20,0,20,0,13,0,1.0,1
2026-08-11 14:00:00,050201,050201-SICU,SICU,15,13,1,12,0,13,0,1.0,1
2026-08-11 14:00:00,050201,050201-CVICU,CVICU,13,12,0,12,0,13,0,1.0,1
2026-08-11 14:00:00,050201,050201-SDU,SDU,23,21,1,20,0,13,0,1.0,1
2026-08-11 14:00:00,050201,050201-TELE,TELE,34,30,1,29,0,13,0,1.0,1
2026-08-11 14:00:00,050201,050201-PACU,PACU,11,10,0,6,4,13,0,0.6,0
2026-08-11 14:00:00,050201,050201-MS,MS,125,118,2,116,0,13,0,1.0,1
2026-08-11 14:00:00,050201,050201-ONC,ONC,21,20,1,18,1,13,0,0.9474,1
2026-08-11 14:00:00,050201,050201-PEDS,PEDS,19,18,0,13,5,13,0,0.7222,0
2026-08-11 14:00:00,050201,050201-LD,LD,15,14,0,9,5,13,1,0.6429,0
2026-08-11 14:00:00,050201,050201-PP,PP,21,19,1,12,6,13,0,0.6667,0
2026-08-11 14:00:00,050201,050201-PSY,PSY,23,20,0,13,7,13,0,0.65,0
2026-08-11 14:00:00,030301,030301-MICU,MICU,14,14,0,14,0,7,0,1.0,1
2026-08-11 14:00:00,030301,030301-SDU,SDU,15,13,0,13,0,7,0,1.0,1
2026-08-11 14:00:00,030301,030301-TELE,TELE,22,20,1,19,0,7,0,1.0,1
2026-08-11 14:00:00,030301,030301-PACU,PACU,8,7,0,7,0,7,0,1.0,1
2026-08-11 14:00:00,030301,030301-MS,MS,82,76,1,75,0,7,0,1.0,1
2026-08-11 14:00:00,030301,030301-PEDS,PEDS,12,11,0,11,0,7,0,1.0,1
2026-08-11 14:00:00,030301,030301-LD,LD,10,9,0,9,0,7,0,1.0,1
2026-08-11 14:00:00,030301,030301-PP,PP,14,13,0,13,0,7,0,1.0,1
2026-08-11 14:00:00,140401,140401-MICU,MICU,19,18,1,17,0,5,0,1.0,1
2026-08-11 14:00:00,140401,140401-SICU,SICU,14,13,0,10,3,5,0,0.7692,0
2026-08-11 14:00:00,140401,140401-CVICU,CVICU,12,11,0,10,1,5,0,0.9091,1
2026-08-11 14:00:00,140401,140401-SDU,SDU,20,19,0,19,0,5,0,1.0,1
2026-08-11 14:00:00,140401,140401-TELE,TELE,31,30,1,29,0,5,0,1.0,1
2026-08-11 14:00:00,140401,140401-PACU,PACU,10,9,0,7,2,5,0,0.7778,0
2026-08-11 14:00:00,140401,140401-MS,MS,112,101,4,85,12,5,0,0.8763,1
2026-08-11 14:00:00,140401,140401-ONC,ONC,19,17,0,12,5,5,0,0.7059,0
2026-08-11 14:00:00,140401,140401-PEDS,PEDS,17,15,1,11,3,5,0,0.7857,0
2026-08-11 14:00:00,140401,140401-LD,LD,14,13,0,8,5,5,0,0.6154,0
2026-08-11 14:00:00,140401,140401-PP,PP,19,17,1,12,4,5,0,0.75,0
2026-08-11 14:00:00,140401,140401-PSY,PSY,20,18,0,17,1,5,0,0.9444,1
2026-08-11 14:00:00,110501,110501-MICU,MICU,6,6,0,6,0,3,0,1.0,1
2026-08-11 14:00:00,110501,110501-TELE,TELE,9,8,0,8,0,3,0,1.0,1
2026-08-11 14:00:00,110501,110501-PACU,PACU,4,4,0,4,0,3,0,1.0,1
2026-08-11 14:00:00,110501,110501-MS,MS,31,27,0,27,0,3,0,1.0,1
2026-08-11 15:00:00,330101,330101-MICU,MICU,23,22,1,21,0,7,0,1.0,1
2026-08-11 15:00:00,330101,330101-SICU,SICU,17,16,0,12,4,7,0,0.75,0
2026-08-11 15:00:00,330101,330101-CVICU,CVICU,15,13,0,12,1,7,0,0.9231,1
2026-08-11 15:00:00,330101,330101-SDU,SDU,25,24,1,23,0,7,0,1.0,1
2026-08-11 15:00:00,330101,330101-TELE,TELE,38,35,1,34,0,7,0,1.0,1
2026-08-11 15:00:00,330101,330101-PACU,PACU,13,12,0,9,3,7,0,0.75,0
2026-08-11 15:00:00,330101,330101-MS,MS,139,130,2,112,16,7,0,0.875,1
2026-08-11 15:00:00,330101,330101-ONC,ONC,23,21,1,18,2,7,0,0.9,1
2026-08-11 15:00:00,330101,330101-PEDS,PEDS,21,20,0,12,8,7,0,0.6,0
2026-08-11 15:00:00,330101,330101-LD,LD,17,16,0,10,6,7,0,0.625,0
2026-08-11 15:00:00,330101,330101-PP,PP,23,21,1,11,9,7,0,0.55,0
2026-08-11 15:00:00,330101,330101-PSY,PSY,25,23,1,18,4,7,0,0.8182,0
2026-08-11 15:00:00,330102,330102-MICU,MICU,34,33,1,32,0,24,0,1.0,1
2026-08-11 15:00:00,330102,330102-SICU,SICU,24,21,0,21,0,24,0,1.0,1
2026-08-11 15:00:00,330102,330102-CVICU,CVICU,21,20,0,19,1,24,0,0.95,1
2026-08-11 15:00:00,330102,330102-NICU,NICU,18,16,1,12,3,24,0,0.8,0
2026-08-11 15:00:00,330102,330102-SDU,SDU,37,34,1,33,0,24,0,1.0,1
2026-08-11 15:00:00,330102,330102-TELE,TELE,55,49,0,49,0,24,0,1.0,1
2026-08-11 15:00:00,330102,330102-PACU,PACU,18,16,0,10,6,24,0,0.625,0
2026-08-11 15:00:00,330102,330102-MS,MS,201,178,7,171,0,24,0,1.0,1
2026-08-11 15:00:00,330102,330102-ONC,ONC,34,32,1,29,2,24,0,0.9355,1
2026-08-11 15:00:00,330102,330102-PEDS,PEDS,30,29,0,22,7,24,1,0.7586,0
2026-08-11 15:00:00,330102,330102-LD,LD,24,23,1,17,5,24,1,0.7727,0
2026-08-11 15:00:00,330102,330102-PP,PP,34,31,1,21,9,24,0,0.7,0
2026-08-11 15:00:00,330102,330102-PSY,PSY,37,35,1,29,5,24,0,0.8529,1
2026-08-11 15:00:00,330102,330102-REHAB,REHAB,18,16,0,16,0,24,0,1.0,1
2026-08-11 15:00:00,050201,050201-MICU,MICU,21,20,0,20,0,15,0,1.0,1
2026-08-11 15:00:00,050201,050201-SICU,SICU,15,13,1,12,0,15,0,1.0,1
2026-08-11 15:00:00,050201,050201-CVICU,CVICU,13,12,0,12,0,15,0,1.0,1
2026-08-11 15:00:00,050201,050201-SDU,SDU,23,21,1,20,0,15,1,1.0,1
2026-08-11 15:00:00,050201,050201-TELE,TELE,34,30,1,29,0,15,0,1.0,1
2026-08-11 15:00:00,050201,050201-PACU,PACU,11,10,0,6,4,15,0,0.6,0
2026-08-11 15:00:00,050201,050201-MS,MS,125,118,2,116,0,15,0,1.0,1
2026-08-11 15:00:00,050201,050201-ONC,ONC,21,20,1,19,0,15,0,1.0,1
2026-08-11 15:00:00,050201,050201-PEDS,PEDS,19,18,0,15,3,15,0,0.8333,0
2026-08-11 15:00:00,050201,050201-LD,LD,15,14,0,10,4,15,0,0.7143,0
2026-08-11 15:00:00,050201,050201-PP,PP,21,19,1,12,6,15,0,0.6667,0
2026-08-11 15:00:00,050201,050201-PSY,PSY,23,20,0,12,8,15,1,0.6,0
2026-08-11 15:00:00,030301,030301-MICU,MICU,14,14,0,14,0,7,0,1.0,1
2026-08-11 15:00:00,030301,030301-SDU,SDU,15,13,0,13,0,7,0,1.0,1
2026-08-11 15:00:00,030301,030301-TELE,TELE,22,20,1,19,0,7,0,1.0,1
2026-08-11 15:00:00,030301,030301-PACU,PACU,8,7,0,7,0,7,0,1.0,1
2026-08-11 15:00:00,030301,030301-MS,MS,82,76,1,75,0,7,0,1.0,1
2026-08-11 15:00:00,030301,030301-PEDS,PEDS,12,11,0,11,0,7,0,1.0,1
2026-08-11 15:00:00,030301,030301-LD,LD,10,9,0,9,0,7,0,1.0,1
2026-08-11 15:00:00,030301,030301-PP,PP,14,13,0,13,0,7,0,1.0,1
2026-08-11 15:00:00,140401,140401-MICU,MICU,19,18,1,17,0,5,0,1.0,1
2026-08-11 15:00:00,140401,140401-SICU,SICU,14,13,0,9,4,5,0,0.6923,0
2026-08-11 15:00:00,140401,140401-CVICU,CVICU,12,11,0,10,1,5,0,0.9091,1
2026-08-11 15:00:00,140401,140401-SDU,SDU,20,19,0,19,0,5,0,1.0,1
2026-08-11 15:00:00,140401,140401-TELE,TELE,31,30,1,29,0,5,0,1.0,1
2026-08-11 15:00:00,140401,140401-PACU,PACU,10,9,0,7,2,5,0,0.7778,0
2026-08-11 15:00:00,140401,140401-MS,MS,112,101,4,85,12,5,0,0.8763,1
2026-08-11 15:00:00,140401,140401-ONC,ONC,19,17,0,12,5,5,0,0.7059,0
2026-08-11 15:00:00,140401,140401-PEDS,PEDS,17,15,1,11,3,5,0,0.7857,0
2026-08-11 15:00:00,140401,140401-LD,LD,14,13,0,8,5,5,0,0.6154,0
2026-08-11 15:00:00,140401,140401-PP,PP,19,17,1,12,4,5,0,0.75,0
2026-08-11 15:00:00,140401,140401-PSY,PSY,20,18,0,17,1,5,0,0.9444,1
2026-08-11 15:00:00,110501,110501-MICU,MICU,6,6,0,6,0,3,0,1.0,1
2026-08-11 15:00:00,110501,110501-TELE,TELE,9,8,0,8,0,3,0,1.0,1
2026-08-11 15:00:00,110501,110501-PACU,PACU,4,4,0,4,0,3,0,1.0,1
2026-08-11 15:00:00,110501,110501-MS,MS,31,27,0,25,2,3,1,0.9259,1
2026-08-11 16:00:00,330101,330101-MICU,MICU,23,22,1,21,0,7,0,1.0,1
2026-08-11 16:00:00,330101,330101-SICU,SICU,17,16,0,12,4,7,0,0.75,0
2026-08-11 16:00:00,330101,330101-CVICU,CVICU,15,13,0,12,1,7,0,0.9231,1
2026-08-11 16:00:00,330101,330101-SDU,SDU,25,24,1,23,0,7,0,1.0,1
2026-08-11 16:00:00,330101,330101-TELE,TELE,38,35,1,34,0,7,0,1.0,1
2026-08-11 16:00:00,330101,330101-PACU,PACU,13,12,0,9,3,7,0,0.75,0
2026-08-11 16:00:00,330101,330101-MS,MS,139,130,2,113,15,7,0,0.8828,1
2026-08-11 16:00:00,330101,330101-ONC,ONC,23,21,1,18,2,7,0,0.9,1
2026-08-11 16:00:00,330101,330101-PEDS,PEDS,21,20,0,11,9,7,1,0.55,0
2026-08-11 16:00:00,330101,330101-LD,LD,17,16,0,10,6,7,0,0.625,0
2026-08-11 16:00:00,330101,330101-PP,PP,23,21,1,11,9,7,0,0.55,0
2026-08-11 16:00:00,330101,330101-PSY,PSY,25,23,1,18,4,7,0,0.8182,0
2026-08-11 16:00:00,330102,330102-MICU,MICU,34,33,1,32,0,25,0,1.0,1
2026-08-11 16:00:00,330102,330102-SICU,SICU,24,21,0,21,0,25,0,1.0,1
2026-08-11 16:00:00,330102,330102-CVICU,CVICU,21,20,0,19,1,25,0,0.95,1
2026-08-11 16:00:00,330102,330102-NICU,NICU,18,16,1,13,2,25,0,0.8667,1
2026-08-11 16:00:00,330102,330102-SDU,SDU,37,34,1,33,0,25,0,1.0,1
2026-08-11 16:00:00,330102,330102-TELE,TELE,55,49,0,49,0,25,0,1.0,1
2026-08-11 16:00:00,330102,330102-PACU,PACU,18,16,0,9,7,25,0,0.5625,0
2026-08-11 16:00:00,330102,330102-MS,MS,201,178,7,171,0,25,0,1.0,1
2026-08-11 16:00:00,330102,330102-ONC,ONC,34,32,1,31,0,25,0,1.0,1
2026-08-11 16:00:00,330102,330102-PEDS,PEDS,30,29,0,22,7,25,0,0.7586,0
2026-08-11 16:00:00,330102,330102-LD,LD,24,23,1,17,5,25,0,0.7727,0
2026-08-11 16:00:00,330102,330102-PP,PP,34,31,1,20,10,25,0,0.6667,0
2026-08-11 16:00:00,330102,330102-PSY,PSY,37,35,1,30,4,25,0,0.8824,1
2026-08-11 16:00:00,330102,330102-REHAB,REHAB,18,16,0,15,1,25,1,0.9375,1
2026-08-11 16:00:00,050201,050201-MICU,MICU,21,20,0,20,0,16,0,1.0,1
2026-08-11 16:00:00,050201,050201-SICU,SICU,15,13,1,12,0,16,0,1.0,1
2026-08-11 16:00:00,050201,050201-CVICU,CVICU,13,12,0,12,0,16,0,1.0,1
2026-08-11 16:00:00,050201,050201-SDU,SDU,23,21,1,20,0,16,0,1.0,1
2026-08-11 16:00:00,050201,050201-TELE,TELE,34,30,1,29,0,16,0,1.0,1
2026-08-11 16:00:00,050201,050201-PACU,PACU,11,10,0,6,4,16,0,0.6,0
2026-08-11 16:00:00,050201,050201-MS,MS,125,118,2,116,0,16,0,1.0,1
2026-08-11 16:00:00,050201,050201-ONC,ONC,21,,1,19,0,16,0,1.0,1
2026-08-11 16:00:00,050201,050201-PEDS,PEDS,19,18,0,18,0,16,0,1.0,1
2026-08-11 16:00:00,050201,050201-LD,LD,15,14,0,9,5,16,0,0.6429,0
2026-08-11 16:00:00,050201,050201-PP,PP,21,19,1,12,6,16,0,0.6667,0
2026-08-11 16:00:00,050201,050201-PSY,PSY,23,20,0,14,6,16,0,0.7,0
2026-08-11 16:00:00,030301,030301-MICU,MICU,14,14,0,14,0,6,0,1.0,1
2026-08-11 16:00:00,030301,030301-SDU,SDU,15,13,0,13,0,6,0,1.0,1
2026-08-11 16:00:00,030301,030301-TELE,TELE,22,20,1,19,0,6,0,1.0,1
2026-08-11 16:00:00,030301,030301-PACU,PACU,8,7,0,7,0,6,0,1.0,1
2026-08-11 16:00:00,030301,030301-MS,MS,82,76,1,75,0,6,1,1.0,1
2026-08-11 16:00:00,030301,030301-PEDS,PEDS,12,11,0,11,0,6,0,1.0,1
2026-08-11 16:00:00,030301,030301-LD,LD,10,9,0,9,0,6,0,1.0,1
2026-08-11 16:00:00,030301,030301-PP,PP,14,13,0,13,0,6,0,1.0,1
2026-08-11 16:00:00,140401,140401-MICU,MICU,19,18,1,17,0,12,0,1.0,1
2026-08-11 16:00:00,140401,140401-SICU,SICU,14,13,0,10,3,12,0,0.7692,0
2026-08-11 16:00:00,140401,140401-CVICU,CVICU,12,11,0,10,1,12,0,0.9091,1
2026-08-11 16:00:00,140401,140401-SDU,SDU,20,19,0,19,0,12,0,1.0,1
2026-08-11 16:00:00,140401,140401-TELE,TELE,31,30,1,29,0,12,0,1.0,1
2026-08-11 16:00:00,140401,140401-PACU,PACU,10,9,0,7,2,12,0,0.7778,0
2026-08-11 16:00:00,140401,140401-MS,MS,112,101,4,84,13,12,1,0.866,1
2026-08-11 16:00:00,140401,140401-ONC,ONC,19,17,0,12,5,12,0,0.7059,0
2026-08-11 16:00:00,140401,140401-PEDS,PEDS,17,15,1,12,2,12,0,0.8571,1
2026-08-11 16:00:00,140401,140401-LD,LD,14,13,0,8,5,12,0,0.6154,0
2026-08-11 16:00:00,140401,140401-PP,PP,19,17,1,11,5,12,0,0.6875,0
2026-08-11 16:00:00,140401,140401-PSY,PSY,20,18,0,17,1,12,0,0.9444,1
2026-08-11 16:00:00,110501,110501-MICU,MICU,6,6,0,6,0,1,0,1.0,1
2026-08-11 16:00:00,110501,110501-TELE,TELE,9,8,0,8,0,1,0,1.0,1
2026-08-11 16:00:00,110501,110501-PACU,PACU,4,4,0,4,0,1,0,1.0,1
2026-08-11 16:00:00,110501,110501-MS,MS,31,27,0,25,2,1,0,0.9259,1
2026-08-11 17:00:00,330101,330101-MICU,MICU,23,22,1,21,0,10,1,1.0,1
2026-08-11 17:00:00,330101,330101-SICU,SICU,17,16,0,11,5,10,0,0.6875,0
2026-08-11 17:00:00,330101,330101-CVICU,CVICU,15,13,0,11,2,10,0,0.8462,0
2026-08-11 17:00:00,330101,330101-SDU,SDU,25,24,1,23,0,10,0,1.0,1
2026-08-11 17:00:00,330101,330101-TELE,TELE,38,35,1,34,0,10,0,1.0,1
2026-08-11 17:00:00,330101,330101-PACU,PACU,13,12,0,10,2,10,0,0.8333,0
2026-08-11 17:00:00,330101,330101-MS,MS,139,130,2,117,11,10,0,0.9141,1
2026-08-11 17:00:00,330101,330101-ONC,ONC,23,21,1,17,3,10,0,0.85,1
2026-08-11 17:00:00,330101,330101-PEDS,PEDS,21,20,0,11,9,10,0,0.55,0
2026-08-11 17:00:00,330101,330101-LD,LD,17,16,0,10,6,10,0,0.625,0
2026-08-11 17:00:00,330101,330101-PP,PP,23,21,1,11,9,10,0,0.55,0
2026-08-11 17:00:00,330101,330101-PSY,PSY,25,23,1,17,5,10,1,0.7727,0
2026-08-11 17:00:00,330102,330102-MICU,MICU,34,33,1,32,0,25,0,1.0,1
2026-08-11 17:00:00,330102,330102-SICU,SICU,24,21,0,21,0,25,0,1.0,1
2026-08-11 17:00:00,330102,330102-CVICU,CVICU,21,20,0,20,0,25,0,1.0,1
2026-08-11 17:00:00,330102,330102-NICU,NICU,18,16,1,13,2,25,0,0.8667,1
2026-08-11 17:00:00,330102,330102-SDU,SDU,37,34,1,33,0,25,0,1.0,1
2026-08-11 17:00:00,330102,330102-TELE,TELE,55,49,0,49,0,25,0,1.0,1
2026-08-11 17:00:00,330102,330102-PACU,PACU,18,16,0,7,9,25,0,0.4375,0
2026-08-11 17:00:00,330102,330102-MS,MS,201,178,7,168,3,25,2,0.9825,1
2026-08-11 17:00:00,330102,330102-ONC,ONC,34,32,1,31,0,25,0,1.0,1
2026-08-11 17:00:00,330102,330102-PEDS,PEDS,30,29,0,22,7,25,0,0.7586,0
2026-08-11 17:00:00,330102,330102-LD,LD,24,23,1,17,5,25,0,0.7727,0
2026-08-11 17:00:00,330102,330102-PP,PP,34,31,1,21,9,25,0,0.7,0
2026-08-11 17:00:00,330102,330102-PSY,PSY,37,35,1,30,4,25,0,0.8824,1
2026-08-11 17:00:00,330102,330102-REHAB,REHAB,18,16,0,15,1,25,0,0.9375,1
2026-08-11 17:00:00,050201,050201-MICU,MICU,21,20,0,20,0,19,0,1.0,1
2026-08-11 17:00:00,050201,050201-SICU,SICU,15,13,1,12,0,19,0,1.0,1
2026-08-11 17:00:00,050201,050201-CVICU,CVICU,13,12,0,12,0,19,0,1.0,1
2026-08-11 17:00:00,050201,050201-SDU,SDU,23,21,1,20,0,19,0,1.0,1
2026-08-11 17:00:00,050201,050201-TELE,TELE,34,30,1,29,0,19,0,1.0,1
2026-08-11 17:00:00,050201,050201-PACU,PACU,11,10,0,7,3,19,0,0.7,0
2026-08-11 17:00:00,050201,050201-MS,MS,125,118,2,116,0,19,2,1.0,1
2026-08-11 17:00:00,050201,050201-ONC,ONC,21,20,1,19,0,19,0,1.0,1
2026-08-11 17:00:00,050201,050201-PEDS,PEDS,19,18,0,18,0,19,0,1.0,1
2026-08-11 17:00:00,050201,050201-LD,LD,15,14,0,9,5,19,0,0.6429,0
2026-08-11 17:00:00,050201,050201-PP,PP,21,19,1,12,6,19,0,0.6667,0
2026-08-11 17:00:00,050201,050201-PSY,PSY,23,20,0,13,7,19,0,0.65,0
2026-08-11 17:00:00,030301,030301-MICU,MICU,14,14,0,14,0,5,0,1.0,1
2026-08-11 17:00:00,030301,030301-SDU,SDU,15,13,0,13,0,5,0,1.0,1
2026-08-11 17:00:00,030301,030301-TELE,TELE,22,20,1,19,0,5,0,1.0,1
2026-08-11 17:00:00,030301,030301-PACU,PACU,8,7,0,7,0,5,0,1.0,1
2026-08-11 17:00:00,030301,030301-MS,MS,82,76,1,75,0,5,0,1.0,1
2026-08-11 17:00:00,030301,030301-PEDS,PEDS,12,11,0,11,0,5,0,1.0,1
2026-08-11 17:00:00,030301,030301-LD,LD,10,9,0,9,0,5,0,1.0,1
2026-08-11 17:00:00,030301,030301-PP,PP,14,13,0,13,0,5,0,1.0,1
2026-08-11 17:00:00,140401,140401-MICU,MICU,19,18,1,17,0,12,0,1.0,1
2026-08-11 17:00:00,140401,140401-SICU,SICU,14,13,0,10,3,12,0,0.7692,0
2026-08-11 17:00:00,140401,140401-CVICU,CVICU,12,11,0,10,1,12,0,0.9091,1
2026-08-11 17:00:00,140401,140401-SDU,SDU,20,19,0,19,0,12,0,1.0,1
2026-08-11 17:00:00,140401,140401-TELE,TELE,31,30,1,29,0,12,0,1.0,1
2026-08-11 17:00:00,140401,140401-PACU,PACU,10,9,0,7,2,12,0,0.7778,0
2026-08-11 17:00:00,140401,140401-MS,MS,112,101,4,87,10,12,0,0.8969,1
2026-08-11 17:00:00,140401,140401-ONC,ONC,19,17,0,12,5,12,0,0.7059,0
2026-08-11 17:00:00,140401,140401-PEDS,PEDS,17,15,1,12,2,12,0,0.8571,1
2026-08-11 17:00:00,140401,140401-LD,LD,14,13,0,8,5,12,0,0.6154,0
2026-08-11 17:00:00,140401,140401-PP,PP,19,17,1,11,5,12,0,0.6875,0
2026-08-11 17:00:00,140401,140401-PSY,PSY,20,18,0,17,1,12,0,0.9444,1
2026-08-11 17:00:00,110501,110501-MICU,MICU,6,6,0,6,0,0,0,1.0,1
2026-08-11 17:00:00,110501,110501-TELE,TELE,9,8,0,8,0,0,0,1.0,1
2026-08-11 17:00:00,110501,110501-PACU,PACU,4,4,0,4,0,0,0,1.0,1
2026-08-11 17:00:00,110501,110501-MS,MS,31,27,0,26,1,0,0,0.963,1
2026-08-11 18:00:00,330101,330101-MICU,MICU,23,22,1,21,0,7,0,1.0,1
2026-08-11 18:00:00,330101,330101-SICU,SICU,17,16,0,11,5,7,0,0.6875,0
2026-08-11 18:00:00,330101,330101-CVICU,CVICU,15,13,0,11,2,7,0,0.8462,0
2026-08-11 18:00:00,330101,330101-SDU,SDU,25,24,1,23,0,7,0,1.0,1
2026-08-11 18:00:00,330101,330101-TELE,TELE,38,35,1,34,0,7,0,1.0,1
2026-08-11 18:00:00,330101,330101-PACU,PACU,13,12,0,10,2,7,0,0.8333,0
2026-08-11 18:00:00,330101,330101-MS,MS,139,130,2,113,15,7,2,0.8828,1
2026-08-11 18:00:00,330101,330101-ONC,ONC,23,21,1,17,3,7,0,0.85,1
2026-08-11 18:00:00,330101,330101-PEDS,PEDS,21,20,0,12,8,7,0,0.6,0
2026-08-11 18:00:00,330101,330101-LD,LD,17,16,0,10,6,7,0,0.625,0
2026-08-11 18:00:00,330101,330101-PP,PP,23,21,1,12,8,7,0,0.6,0
2026-08-11 18:00:00,330101,330101-PSY,PSY,25,23,1,17,5,7,0,0.7727,0
2026-08-11 18:00:00,330102,330102-MICU,MICU,34,33,1,32,0,22,0,1.0,1
2026-08-11 18:00:00,330102,330102-SICU,SICU,24,21,0,21,0,22,0,1.0,1
2026-08-11 18:00:00,330102,330102-CVICU,CVICU,21,20,0,20,0,22,0,1.0,1
2026-08-11 18:00:00,330102,330102-NICU,NICU,18,16,1,13,2,22,1,0.8667,1
2026-08-11 18:00:00,330102,330102-SDU,SDU,37,34,1,33,0,22,0,1.0,1
2026-08-11 18:00:00,330102,330102-TELE,TELE,55,49,0,49,0,22,0,1.0,1
2026-08-11 18:00:00,330102,330102-PACU,PACU,18,16,0,7,9,22,0,0.4375,0
2026-08-11 18:00:00,330102,330102-MS,MS,201,178,7,171,0,22,1,1.0,1
2026-08-11 18:00:00,330102,330102-ONC,ONC,34,32,1,31,0,22,0,1.0,1
2026-08-11 18:00:00,330102,330102-PEDS,PEDS,30,29,0,23,6,22,0,0.7931,0
2026-08-11 18:00:00,330102,330102-LD,LD,24,23,1,18,4,22,0,0.8182,0
2026-08-11 18:00:00,330102,330102-PP,PP,34,31,1,20,10,22,0,0.6667,0
2026-08-11 18:00:00,330102,330102-PSY,PSY,37,35,1,30,4,22,0,0.8824,1
2026-08-11 18:00:00,330102,330102-REHAB,REHAB,18,16,0,15,1,22,0,0.9375,1
2026-08-11 18:00:00,050201,050201-MICU,MICU,21,20,0,20,0,19,0,1.0,1
2026-08-11 18:00:00,050201,050201-SICU,SICU,15,13,1,12,0,19,0,1.0,1
2026-08-11 18:00:00,050201,050201-CVICU,CVICU,13,12,0,12,0,19,0,1.0,1
2026-08-11 18:00:00,050201,050201-SDU,SDU,23,21,1,20,0,19,0,1.0,1
2026-08-11 18:00:00,050201,050201-TELE,TELE,34,30,1,29,0,19,0,1.0,1
2026-08-11 18:00:00,050201,050201-PACU,PACU,11,10,0,8,2,19,0,0.8,0
2026-08-11 18:00:00,050201,050201-MS,MS,125,118,2,116,0,19,1,1.0,1
2026-08-11 18:00:00,050201,050201-ONC,ONC,21,20,1,19,0,19,0,1.0,1
2026-08-11 18:00:00,050201,050201-PEDS,PEDS,19,18,0,18,0,19,0,1.0,1
2026-08-11 18:00:00,050201,050201-LD,LD,15,14,0,9,5,19,1,0.6429,0
2026-08-11 18:00:00,050201,050201-PP,PP,21,19,1,13,5,19,0,0.7222,0
2026-08-11 18:00:00,050201,050201-PSY,PSY,23,20,0,14,6,19,0,0.7,0
2026-08-11 18:00:00,030301,030301-MICU,MICU,14,14,0,14,0,7,0,1.0,1
2026-08-11 18:00:00,030301,030301-SDU,SDU,15,13,0,13,0,7,0,1.0,1
2026-08-11 18:00:00,030301,030301-TELE,TELE,22,20,1,19,0,7,0,1.0,1
2026-08-11 18:00:00,030301,030301-PACU,PACU,8,7,0,7,0,7,0,1.0,1
2026-08-11 18:00:00,030301,030301-MS,MS,82,76,1,75,0,7,0,1.0,1
2026-08-11 18:00:00,030301,030301-PEDS,PEDS,12,11,0,11,0,7,0,1.0,1
2026-08-11 18:00:00,030301,030301-LD,LD,10,9,0,9,0,7,0,1.0,1
2026-08-11 18:00:00,030301,030301-PP,PP,14,13,0,13,0,7,0,1.0,1
2026-08-11 18:00:00,140401,140401-MICU,MICU,19,18,1,16,1,11,0,0.9412,1
2026-08-11 18:00:00,140401,140401-SICU,SICU,14,13,0,10,3,11,0,0.7692,0
2026-08-11 18:00:00,140401,140401-CVICU,CVICU,12,11,0,10,1,11,0,0.9091,1
2026-08-11 18:00:00,140401,140401-SDU,SDU,20,19,0,19,0,11,0,1.0,1
2026-08-11 18:00:00,140401,140401-TELE,TELE,31,30,1,29,0,11,0,1.0,1
2026-08-11 18:00:00,140401,140401-PACU,PACU,10,9,0,7,2,11,0,0.7778,0
2026-08-11 18:00:00,140401,140401-MS,MS,112,101,4,87,10,11,0,0.8969,1
2026-08-11 18:00:00,140401,140401-ONC,ONC,19,17,0,12,5,11,0,0.7059,0
2026-08-11 18:00:00,140401,140401-PEDS,PEDS,17,15,1,12,2,11,0,0.8571,1
2026-08-11 18:00:00,140401,140401-LD,LD,14,13,0,8,5,11,0,0.6154,0
2026-08-11 18:00:00,140401,140401-PP,PP,19,17,1,11,5,11,0,0.6875,0
2026-08-11 18:00:00,140401,140401-PSY,PSY,20,18,0,17,1,11,0,0.9444,1
2026-08-11 18:00:00,110501,110501-MICU,MICU,6,6,0,6,0,0,0,1.0,1
2026-08-11 18:00:00,110501,110501-TELE,TELE,9,8,0,8,0,0,0,1.0,1
2026-08-11 18:00:00,110501,110501-PACU,PACU,4,4,0,4,0,0,0,1.0,1
2026-08-11 18:00:00,110501,110501-MS,MS,31,27,0,25,2,0,0,0.9259,1
2026-08-11 19:00:00,330101,330101-MICU,MICU,23,22,1,21,0,8,0,1.0,1
2026-08-11 19:00:00,330101,330101-SICU,SICU,17,16,0,11,5,8,0,0.6875,0
2026-08-11 19:00:00,330101,330101-CVICU,CVICU,15,13,0,11,2,8,0,0.8462,0
2026-08-11 19:00:00,330101,330101-SDU,SDU,25,24,1,22,1,8,0,0.9565,1
2026-08-11 19:00:00,330101,330101-TELE,TELE,38,35,1,34,0,8,0,1.0,1
2026-08-11 19:00:00,330101,330101-PACU,PACU,13,12,0,10,2,8,0,0.8333,0
2026-08-11 19:00:00,330101,330101-MS,MS,139,130,2,115,13,8,0,0.8984,1
2026-08-11 19:00:00,330101,330101-ONC,ONC,23,21,1,17,3,8,0,0.85,1
2026-08-11 19:00:00,330101,330101-PEDS,PEDS,21,20,0,10,10,8,1,0.5,0
2026-08-11 19:00:00,330101,330101-LD,LD,17,16,0,10,6,8,0,0.625,0
2026-08-11 19:00:00,330101,330101-PP,PP,23,21,1,12,8,8,0,0.6,0
2026-08-11 19:00:00,330101,330101-PSY,PSY,25,23,1,17,5,8,0,0.7727,0
2026-08-11 19:00:00,330102,330102-MICU,MICU,34,33,1,32,0,23,1,1.0,1
2026-08-11 19:00:00,330102,330102-SICU,SICU,24,21,0,21,0,23,0,1.0,1
2026-08-11 19:00:00,330102,330102-CVICU,CVICU,21,20,0,20,0,23,0,1.0,1
2026-08-11 19:00:00,330102,330102-NICU,NICU,18,16,1,13,2,23,0,0.8667,1
2026-08-11 19:00:00,330102,330102-SDU,SDU,37,34,1,33,0,23,0,1.0,1
2026-08-11 19:00:00,330102,330102-TELE,TELE,55,49,0,47,2,23,0,0.9592,1
2026-08-11 19:00:00,330102,330102-PACU,PACU,18,16,0,7,9,23,0,0.4375,0
2026-08-11 19:00:00,330102,330102-MS,MS,201,178,7,171,0,23,0,1.0,1
2026-08-11 19:00:00,330102,330102-ONC,ONC,34,32,1,31,0,23,0,1.0,1
2026-08-11 19:00:00,330102,330102-PEDS,PEDS,30,29,0,23,6,23,0,0.7931,0
2026-08-11 19:00:00,330102,330102-LD,LD,24,23,1,18,4,23,0,0.8182,0
2026-08-11 19:00:00,330102,330102-PP,PP,34,31,1,20,10,23,0,0.6667,0
2026-08-11 19:00:00,330102,330102-PSY,PSY,37,35,1,30,4,23,0,0.8824,1
2026-08-11 19:00:00,330102,330102-REHAB,REHAB,18,16,0,15,1,23,0,0.9375,1
2026-08-11 19:00:00,050201,050201-MICU,MICU,21,20,0,20,0,19,0,1.0,1
2026-08-11 19:00:00,050201,050201-SICU,SICU,15,13,1,12,0,19,0,1.0,1
2026-08-11 19:00:00,050201,050201-CVICU,CVICU,13,12,0,12,0,19,0,1.0,1
2026-08-11 19:00:00,050201,050201-SDU,SDU,23,21,1,20,0,19,0,1.0,1
2026-08-11 19:00:00,050201,050201-TELE,TELE,34,30,1,29,0,19,0,1.0,1
2026-08-11 19:00:00,050201,050201-PACU,PACU,11,10,0,9,1,19,0,0.9,1
2026-08-11 19:00:00,050201,050201-MS,MS,125,118,2,116,0,19,1,1.0,1
2026-08-11 19:00:00,050201,050201-ONC,ONC,21,20,1,19,0,19,0,1.0,1
2026-08-11 19:00:00,050201,050201-PEDS,PEDS,19,18,0,18,0,19,0,1.0,1
2026-08-11 19:00:00,050201,050201-LD,LD,15,14,0,9,5,19,0,0.6429,0
2026-08-11 19:00:00,050201,050201-LD,LD,15,14,0,9,5,19,0,0.6429,0
2026-08-11 19:00:00,050201,050201-PP,PP,21,19,1,14,4,19,0,0.7778,0
2026-08-11 19:00:00,050201,050201-PSY,PSY,23,20,0,15,5,19,0,0.75,0
2026-08-11 19:00:00,030301,030301-MICU,MICU,14,14,0,14,0,6,0,1.0,1
2026-08-11 19:00:00,030301,030301-SDU,SDU,15,13,0,13,0,6,0,1.0,1
2026-08-11 19:00:00,030301,030301-TELE,TELE,22,20,1,19,0,6,0,1.0,1
2026-08-11 19:00:00,030301,030301-PACU,PACU,8,7,0,7,0,6,0,1.0,1
2026-08-11 19:00:00,030301,030301-MS,MS,82,76,1,75,0,6,0,1.0,1
2026-08-11 19:00:00,030301,030301-PEDS,PEDS,12,11,0,11,0,6,0,1.0,1
2026-08-11 19:00:00,030301,030301-LD,LD,10,9,0,9,0,6,0,1.0,1
2026-08-11 19:00:00,030301,030301-PP,PP,14,13,0,13,0,6,0,1.0,1
2026-08-11 19:00:00,140401,140401-MICU,MICU,19,18,1,16,1,7,0,0.9412,1
2026-08-11 19:00:00,140401,140401-SICU,SICU,14,13,0,10,3,7,0,0.7692,0
2026-08-11 19:00:00,140401,140401-CVICU,CVICU,12,11,0,10,1,7,0,0.9091,1
2026-08-11 19:00:00,140401,140401-SDU,SDU,20,19,0,19,0,7,0,1.0,1
2026-08-11 19:00:00,140401,140401-TELE,TELE,31,30,1,28,1,7,0,0.9655,1
2026-08-11 19:00:00,140401,140401-PACU,PACU,10,9,0,7,2,7,0,0.7778,0
2026-08-11 19:00:00,140401,140401-MS,MS,112,101,4,87,10,7,0,0.8969,1
2026-08-11 19:00:00,140401,140401-ONC,ONC,19,17,0,12,5,7,0,0.7059,0
2026-08-11 19:00:00,140401,140401-PEDS,PEDS,17,15,1,12,2,7,0,0.8571,1
2026-08-11 19:00:00,140401,140401-LD,LD,14,13,0,8,5,7,0,0.6154,0
2026-08-11 19:00:00,140401,140401-PP,PP,19,17,1,11,5,7,0,0.6875,0
2026-08-11 19:00:00,140401,140401-PSY,PSY,20,18,0,17,1,7,0,0.9444,1
2026-08-11 19:00:00,110501,110501-MICU,MICU,6,6,0,6,0,0,0,1.0,1
2026-08-11 19:00:00,110501,110501-TELE,TELE,9,8,0,8,0,0,0,1.0,1
2026-08-11 19:00:00,110501,110501-PACU,PACU,4,4,0,3,1,0,0,0.75,0
2026-08-11 19:00:00,110501,110501-MS,MS,31,27,0,25,2,0,0,0.9259,1
2026-08-11 20:00:00,330101,330101-MICU,MICU,23,22,1,21,0,7,0,1.0,1
2026-08-11 20:00:00,330101,330101-SICU,SICU,17,16,0,10,6,7,1,0.625,0
2026-08-11 20:00:00,330101,330101-CVICU,CVICU,15,13,0,11,2,7,0,0.8462,0
2026-08-11 20:00:00,330101,330101-SDU,SDU,25,24,1,23,0,7,0,1.0,1
2026-08-11 20:00:00,330101,330101-TELE,TELE,38,35,1,34,0,7,0,1.0,1
2026-08-11 20:00:00,330101,330101-PACU,PACU,13,12,0,10,2,7,0,0.8333,0
2026-08-11 20:00:00,330101,330101-MS,MS,139,130,2,116,12,7,1,0.9062,1
2026-08-11 20:00:00,330101,330101-ONC,ONC,23,21,1,17,3,7,0,0.85,1
2026-08-11 20:00:00,330101,330101-PEDS,PEDS,21,20,0,11,9,7,0,0.55,0
2026-08-11 20:00:00,330101,330101-LD,LD,17,16,0,10,6,7,0,0.625,0
2026-08-11 20:00:00,330101,330101-PP,PP,23,21,1,13,7,7,0,0.65,0
2026-08-11 20:00:00,330101,330101-PSY,PSY,25,23,1,17,5,7,0,0.7727,0
2026-08-11 20:00:00,330102,330102-MICU,MICU,34,33,1,30,2,20,1,0.9375,1
2026-08-11 20:00:00,330102,330102-SICU,SICU,24,21,0,21,0,20,0,1.0,1
2026-08-11 20:00:00,330102,330102-CVICU,CVICU,21,20,0,20,0,20,0,1.0,1
2026-08-11 20:00:00,330102,330102-NICU,NICU,18,16,1,13,2,20,0,0.8667,1
2026-08-11 20:00:00,330102,330102-SDU,SDU,37,34,1,33,0,20,0,1.0,1
2026-08-11 20:00:00,330102,330102-TELE,TELE,55,49,0,47,2,20,1,0.9592,1
2026-08-11 20:00:00,330102,330102-PACU,PACU,18,16,0,8,8,20,0,0.5,0
2026-08-11 20:00:00,330102,330102-MS,MS,201,178,7,170,1,20,0,0.9942,1
2026-08-11 20:00:00,330102,330102-ONC,ONC,34,32,1,31,0,20,0,1.0,1
2026-08-11 20:00:00,330102,330102-PEDS,PEDS,30,29,0,23,6,20,0,0.7931,0
2026-08-11 20:00:00,330102,330102-LD,LD,24,23,1,18,4,20,0,0.8182,0
2026-08-11 20:00:00,330102,330102-PP,PP,34,31,1,20,10,20,0,0.6667,0
2026-08-11 20:00:00,330102,330102-PSY,PSY,37,35,1,31,3,20,0,0.9118,1
2026-08-11 20:00:00,330102,330102-REHAB,REHAB,18,16,0,15,1,20,0,0.9375,1
2026-08-11 20:00:00,050201,050201-MICU,MICU,21,20,0,20,0,24,0,1.0,1
2026-08-11 20:00:00,050201,050201-SICU,SICU,15,13,1,12,0,24,0,1.0,1
2026-08-11 20:00:00,050201,050201-CVICU,CVICU,13,12,0,12,0,24,1,1.0,1
2026-08-11 20:00:00,050201,050201-SDU,SDU,23,21,1,20,0,24,0,1.0,1
2026-08-11 20:00:00,050201,050201-TELE,TELE,34,30,1,29,0,24,1,1.0,1
2026-08-11 20:00:00,050201,050201-PACU,PACU,11,10,0,10,0,24,0,1.0,1
2026-08-11 20:00:00,050201,050201-MS,MS,125,118,2,116,0,24,0,1.0,1
2026-08-11 20:00:00,050201,050201-ONC,ONC,21,20,1,19,0,24,0,1.0,1
2026-08-11 20:00:00,050201,050201-PEDS,PEDS,19,18,0,18,0,24,0,1.0,1
2026-08-11 20:00:00,050201,050201-LD,LD,15,14,0,9,5,24,0,0.6429,0
2026-08-11 20:00:00,050201,050201-PP,PP,21,19,1,15,3,24,0,0.8333,0
2026-08-11 20:00:00,050201,050201-PSY,PSY,23,20,0,15,5,24,0,0.75,0
2026-08-11 20:00:00,030301,030301-MICU,MICU,14,14,0,14,0,6,0,1.0,1
2026-08-11 20:00:00,030301,030301-SDU,SDU,15,13,0,13,0,6,0,1.0,1
2026-08-11 20:00:00,030301,030301-TELE,TELE,22,20,1,19,0,6,0,1.0,1
2026-08-11 20:00:00,030301,030301-PACU,PACU,8,7,0,7,0,6,0,1.0,1
2026-08-11 20:00:00,030301,030301-MS,MS,82,76,1,75,0,6,0,1.0,1
2026-08-11 20:00:00,030301,030301-PEDS,PEDS,12,11,0,11,0,6,0,1.0,1
2026-08-11 20:00:00,030301,030301-LD,LD,10,9,0,9,0,6,0,1.0,1
2026-08-11 20:00:00,030301,030301-PP,PP,14,13,0,13,0,6,0,1.0,1
2026-08-11 20:00:00,140401,140401-MICU,MICU,19,18,1,17,0,5,0,1.0,1
2026-08-11 20:00:00,140401,140401-SICU,SICU,14,13,0,10,3,5,0,0.7692,0
2026-08-11 20:00:00,140401,140401-CVICU,CVICU,12,11,0,10,1,5,0,0.9091,1
2026-08-11 20:00:00,140401,140401-SDU,SDU,20,19,0,19,0,5,0,1.0,1
2026-08-11 20:00:00,140401,140401-TELE,TELE,31,30,1,29,0,5,0,1.0,1
2026-08-11 20:00:00,140401,140401-PACU,PACU,10,9,0,7,2,5,0,0.7778,0
2026-08-11 20:00:00,140401,140401-MS,MS,112,101,4,86,11,5,1,0.8866,1
2026-08-11 20:00:00,140401,140401-ONC,ONC,19,17,0,12,5,5,0,0.7059,0
2026-08-11 20:00:00,140401,140401-PEDS,PEDS,17,15,1,12,2,5,0,0.8571,1
2026-08-11 20:00:00,140401,140401-LD,LD,14,13,0,8,5,5,0,0.6154,0
2026-08-11 20:00:00,140401,140401-PP,PP,19,17,1,11,5,5,0,0.6875,0
2026-08-11 20:00:00,140401,140401-PSY,PSY,20,18,0,17,1,5,0,0.9444,1
2026-08-11 20:00:00,110501,110501-MICU,MICU,6,6,0,5,1,0,0,0.8333,0
2026-08-11 20:00:00,110501,110501-TELE,TELE,9,8,0,8,0,0,0,1.0,1
2026-08-11 20:00:00,110501,110501-PACU,PACU,4,4,0,3,1,0,0,0.75,0
2026-08-11 20:00:00,110501,110501-MS,MS,31,27,0,25,2,0,0,0.9259,1
2026-08-11 21:00:00,330101,330101-MICU,MICU,23,22,1,21,0,9,0,1.0,1
2026-08-11 21:00:00,330101,330101-SICU,SICU,17,16,0,10,6,9,0,0.625,0
2026-08-11 21:00:00,330101,330101-CVICU,CVICU,15,13,0,11,2,9,0,0.8462,0
2026-08-11 21:00:00,330101,330101-SDU,SDU,25,24,1,23,0,9,0,1.0,1
2026-08-11 21:00:00,330101,330101-TELE,TELE,38,35,1,34,0,9,1,1.0,1
2026-08-11 21:00:00,330101,330101-PACU,PACU,13,12,0,10,2,9,0,0.8333,0
2026-08-11 21:00:00,330101,330101-MS,MS,139,130,2,117,11,9,1,0.9141,1
2026-08-11 21:00:00,330101,330101-ONC,ONC,23,21,1,17,3,9,0,0.85,1
2026-08-11 21:00:00,330101,330101-PEDS,PEDS,21,20,0,12,8,9,0,0.6,0
2026-08-11 21:00:00,330101,330101-LD,LD,17,16,0,11,5,9,0,0.6875,0
2026-08-11 21:00:00,330101,330101-PP,PP,23,21,1,13,7,9,0,0.65,0
2026-08-11 21:00:00,330101,330101-PSY,PSY,25,23,1,17,5,9,0,0.7727,0
2026-08-11 21:00:00,330102,330102-MICU,MICU,34,33,1,30,2,20,0,0.9375,1
2026-08-11 21:00:00,330102,330102-SICU,SICU,24,21,0,20,1,20,0,0.9524,1
2026-08-11 21:00:00,330102,330102-CVICU,CVICU,21,20,0,18,2,20,1,0.9,1
2026-08-11 21:00:00,330102,330102-NICU,NICU,18,16,1,13,2,20,0,0.8667,1
2026-08-11 21:00:00,330102,330102-SDU,SDU,37,34,1,33,0,20,0,1.0,1
2026-08-11 21:00:00,330102,330102-TELE,TELE,55,49,0,48,1,20,0,0.9796,1
2026-08-11 21:00:00,330102,330102-PACU,PACU,18,16,0,8,8,20,0,0.5,0
2026-08-11 21:00:00,330102,330102-MS,MS,201,178,7,170,1,20,0,0.9942,1
2026-08-11 21:00:00,330102,330102-ONC,ONC,34,32,1,31,0,20,0,1.0,1
2026-08-11 21:00:00,330102,330102-PEDS,PEDS,30,29,0,21,8,20,2,0.7241,0
2026-08-11 21:00:00,330102,330102-LD,LD,24,23,1,17,5,20,0,0.7727,0
2026-08-11 21:00:00,330102,330102-PP,PP,34,31,1,20,10,20,0,0.6667,0
2026-08-11 21:00:00,330102,330102-PSY,PSY,37,35,1,31,3,20,0,0.9118,1
2026-08-11 21:00:00,330102,330102-REHAB,REHAB,18,16,0,15,1,20,0,0.9375,1
2026-08-11 21:00:00,050201,050201-MICU,MICU,21,20,0,20,0,23,0,1.0,1
2026-08-11 21:00:00,050201,050201-SICU,SICU,15,13,1,12,0,23,0,1.0,1
2026-08-11 21:00:00,050201,050201-CVICU,CVICU,13,12,0,12,0,23,0,1.0,1
2026-08-11 21:00:00,050201,050201-SDU,SDU,23,21,1,20,0,23,0,1.0,1
2026-08-11 21:00:00,050201,050201-TELE,TELE,34,30,1,29,0,23,0,1.0,1
2026-08-11 21:00:00,050201,050201-PACU,PACU,11,10,0,10,0,23,0,1.0,1
2026-08-11 21:00:00,050201,050201-MS,MS,125,118,2,116,0,23,0,1.0,1
2026-08-11 21:00:00,050201,050201-ONC,ONC,21,20,1,19,0,23,0,1.0,1
2026-08-11 21:00:00,050201,050201-PEDS,PEDS,19,18,0,18,0,23,0,1.0,1
2026-08-11 21:00:00,050201,050201-LD,LD,15,14,0,8,6,23,0,0.5714,0
2026-08-11 21:00:00,050201,050201-PP,PP,21,19,1,15,3,23,0,0.8333,0
2026-08-11 21:00:00,050201,050201-PSY,PSY,23,20,0,15,5,23,0,0.75,0
2026-08-11 21:00:00,030301,030301-MICU,MICU,14,14,0,14,0,5,0,1.0,1
2026-08-11 21:00:00,030301,030301-SDU,SDU,15,13,0,13,0,5,0,1.0,1
2026-08-11 21:00:00,030301,030301-TELE,TELE,22,20,1,18,1,5,0,0.9474,1
2026-08-11 21:00:00,030301,030301-PACU,PACU,8,7,0,7,0,5,0,1.0,1
2026-08-11 21:00:00,030301,030301-MS,MS,82,76,1,75,0,5,0,1.0,1
2026-08-11 21:00:00,030301,030301-PEDS,PEDS,12,11,0,11,0,5,0,1.0,1
2026-08-11 21:00:00,030301,030301-LD,LD,10,9,0,9,0,5,0,1.0,1
2026-08-11 21:00:00,030301,030301-PP,PP,14,13,0,13,0,5,0,1.0,1
2026-08-11 21:00:00,140401,140401-MICU,MICU,19,18,1,17,0,5,0,1.0,1
2026-08-11 21:00:00,140401,140401-SICU,SICU,14,13,0,10,3,5,0,0.7692,0
2026-08-11 21:00:00,140401,140401-CVICU,CVICU,12,11,0,10,1,5,0,0.9091,1
2026-08-11 21:00:00,140401,140401-SDU,SDU,20,19,0,19,0,5,0,1.0,1
2026-08-11 21:00:00,140401,140401-TELE,TELE,31,30,1,29,0,5,0,1.0,1
2026-08-11 21:00:00,140401,140401-PACU,PACU,10,9,0,7,2,5,0,0.7778,0
2026-08-11 21:00:00,140401,140401-MS,MS,112,101,4,87,10,5,0,0.8969,1
2026-08-11 21:00:00,140401,140401-ONC,ONC,19,17,0,12,5,5,0,0.7059,0
2026-08-11 21:00:00,140401,140401-PEDS,PEDS,17,15,1,12,2,5,0,0.8571,1
2026-08-11 21:00:00,140401,140401-LD,LD,14,13,0,8,5,5,0,0.6154,0
2026-08-11 21:00:00,140401,140401-PP,PP,19,17,1,11,5,5,0,0.6875,0
2026-08-11 21:00:00,140401,140401-PSY,PSY,20,18,0,17,1,5,0,0.9444,1
2026-08-11 21:00:00,110501,110501-MICU,MICU,6,6,0,5,1,0,0,0.8333,0
2026-08-11 21:00:00,110501,110501-TELE,TELE,9,8,0,8,0,0,0,1.0,1
2026-08-11 21:00:00,110501,110501-PACU,PACU,4,4,0,3,1,0,0,0.75,0
2026-08-11 21:00:00,110501,110501-MS,MS,31,27,0,25,2,0,0,0.9259,1
2026-08-11 22:00:00,330101,330101-MICU,MICU,23,22,1,21,0,8,0,1.0,1
2026-08-11 22:00:00,330101,330101-SICU,SICU,17,16,0,10,6,8,0,0.625,0
2026-08-11 22:00:00,330101,330101-CVICU,CVICU,15,13,0,11,2,8,0,0.8462,0
2026-08-11 22:00:00,330101,330101-SDU,SDU,25,24,1,23,0,8,0,1.0,1
2026-08-11 22:00:00,330101,330101-TELE,TELE,38,35,1,34,0,8,0,1.0,1
2026-08-11 22:00:00,330101,330101-PACU,PACU,13,12,0,10,2,8,0,0.8333,0
2026-08-11 22:00:00,330101,330101-MS,MS,139,130,2,117,11,8,1,0.9141,1
2026-08-11 22:00:00,330101,330101-ONC,ONC,23,21,1,17,3,8,0,0.85,1
2026-08-11 22:00:00,330101,330101-PEDS,PEDS,21,20,0,12,8,8,0,0.6,0
2026-08-11 22:00:00,330101,330101-LD,LD,17,16,0,11,5,8,0,0.6875,0
2026-08-11 22:00:00,330101,330101-PP,PP,23,21,1,12,8,8,1,0.6,0
2026-08-11 22:00:00,330101,330101-PSY,PSY,25,23,1,17,5,8,0,0.7727,0
2026-08-11 22:00:00,330102,330102-MICU,MICU,34,33,1,28,4,18,2,0.875,1
2026-08-11 22:00:00,330102,330102-SICU,SICU,24,21,0,20,1,18,0,0.9524,1
2026-08-11 22:00:00,330102,330102-CVICU,CVICU,21,20,0,18,2,18,0,0.9,1
2026-08-11 22:00:00,330102,330102-NICU,NICU,18,16,1,13,2,18,0,0.8667,1
2026-08-11 22:00:00,330102,330102-SDU,SDU,37,34,1,33,0,18,0,1.0,1
2026-08-11 22:00:00,330102,330102-TELE,TELE,55,49,0,47,2,18,0,0.9592,1
2026-08-11 22:00:00,330102,330102-PACU,PACU,18,16,0,8,8,18,0,0.5,0
2026-08-11 22:00:00,330102,330102-MS,MS,201,178,7,170,1,18,0,0.9942,1
2026-08-11 22:00:00,330102,330102-ONC,ONC,34,32,1,31,0,18,0,1.0,1
2026-08-11 22:00:00,330102,330102-PEDS,PEDS,30,29,0,21,8,18,0,0.7241,0
2026-08-11 22:00:00,330102,330102-LD,LD,24,23,1,17,5,18,0,0.7727,0
2026-08-11 22:00:00,330102,330102-PP,PP,34,31,1,19,11,18,1,0.6333,0
2026-08-11 22:00:00,330102,330102-PSY,PSY,37,35,1,32,2,18,0,0.9412,1
2026-08-11 22:00:00,330102,330102-REHAB,REHAB,18,16,0,15,1,18,0,0.9375,1
2026-08-11 22:00:00,050201,050201-MICU,MICU,21,20,0,20,0,22,0,1.0,1
2026-08-11 22:00:00,050201,050201-SICU,SICU,15,13,1,12,0,22,0,1.0,1
2026-08-11 22:00:00,050201,050201-CVICU,CVICU,13,12,0,12,0,22,0,1.0,1
2026-08-11 22:00:00,050201,050201-SDU,SDU,23,21,1,19,1,22,0,0.95,1
2026-08-11 22:00:00,050201,050201-TELE,TELE,34,30,1,29,0,22,0,1.0,1
2026-08-11 22:00:00,050201,050201-PACU,PACU,11,10,0,10,0,22,0,1.0,1
2026-08-11 22:00:00,050201,050201-MS,MS,125,118,2,115,1,22,1,0.9914,1
2026-08-11 22:00:00,050201,050201-ONC,ONC,21,20,1,19,0,22,0,1.0,1
2026-08-11 22:00:00,050201,050201-PEDS,PEDS,19,18,0,18,0,22,0,1.0,1
2026-08-11 22:00:00,050201,050201-LD,LD,15,14,0,8,6,22,0,0.5714,0
2026-08-11 22:00:00,050201,050201-PP,PP,21,19,1,15,3,22,0,0.8333,0
2026-08-11 22:00:00,050201,050201-PSY,PSY,23,20,0,16,4,22,0,0.8,0
2026-08-11 22:00:00,030301,030301-MICU,MICU,14,14,0,14,0,5,0,1.0,1
2026-08-11 22:00:00,030301,030301-SDU,SDU,15,13,0,13,0,5,0,1.0,1
2026-08-11 22:00:00,030301,030301-TELE,TELE,22,20,1,18,1,5,1,0.9474,1
2026-08-11 22:00:00,030301,030301-PACU,PACU,8,7,0,7,0,5,0,1.0,1
2026-08-11 22:00:00,030301,030301-MS,MS,82,76,1,75,0,5,0,1.0,1
2026-08-11 22:00:00,030301,030301-PEDS,PEDS,12,11,0,11,0,5,0,1.0,1
2026-08-11 22:00:00,030301,030301-LD,LD,10,9,0,9,0,5,1,1.0,1
2026-08-11 22:00:00,030301,030301-PP,PP,14,13,0,13,0,5,0,1.0,1
2026-08-11 22:00:00,140401,140401-MICU,MICU,19,18,1,16,1,9,1,0.9412,1
2026-08-11 22:00:00,140401,140401-SICU,SICU,14,13,0,10,3,9,0,0.7692,0
2026-08-11 22:00:00,140401,140401-CVICU,CVICU,12,11,0,11,0,9,0,1.0,1
2026-08-11 22:00:00,140401,140401-SDU,SDU,20,19,0,18,1,9,0,0.9474,1
2026-08-11 22:00:00,140401,140401-TELE,TELE,31,30,1,29,0,9,0,1.0,1
2026-08-11 22:00:00,140401,140401-PACU,PACU,10,9,0,7,2,9,0,0.7778,0
2026-08-11 22:00:00,140401,140401-MS,MS,112,101,4,85,12,9,1,0.8763,1
2026-08-11 22:00:00,140401,140401-ONC,ONC,19,17,0,12,5,9,0,0.7059,0
2026-08-11 22:00:00,140401,140401-PEDS,PEDS,17,15,1,12,2,9,0,0.8571,1
2026-08-11 22:00:00,140401,140401-LD,LD,14,13,0,9,4,9,0,0.6923,0
2026-08-11 22:00:00,140401,140401-PP,PP,19,17,1,9,7,9,0,0.5625,0
2026-08-11 22:00:00,140401,140401-PSY,PSY,20,18,0,17,1,9,0,0.9444,1
2026-08-11 22:00:00,110501,110501-MICU,MICU,6,6,0,5,1,0,0,0.8333,0
2026-08-11 22:00:00,110501,110501-TELE,TELE,9,8,0,8,0,0,0,1.0,1
2026-08-11 22:00:00,110501,110501-PACU,PACU,4,4,0,3,1,0,0,0.75,0
2026-08-11 22:00:00,110501,110501-MS,MS,31,27,0,25,2,0,0,0.9259,1
2026-08-11 23:00:00,330101,330101-MICU,MICU,23,22,1,21,0,11,0,1.0,1
2026-08-11 23:00:00,330101,330101-SICU,SICU,17,16,0,10,6,11,0,0.625,0
2026-08-11 23:00:00,330101,330101-CVICU,CVICU,15,13,0,11,2,11,0,0.8462,0
2026-08-11 23:00:00,330101,330101-SDU,SDU,25,24,1,23,0,11,0,1.0,1
2026-08-11 23:00:00,330101,330101-TELE,TELE,38,35,1,33,1,11,0,0.9706,1
2026-08-11 23:00:00,330101,330101-PACU,PACU,13,12,0,10,2,11,0,0.8333,0
2026-08-11 23:00:00,330101,330101-MS,MS,139,130,2,116,12,11,2,0.9062,1
2026-08-11 23:00:00,330101,330101-ONC,ONC,23,21,1,18,2,11,0,0.9,1
2026-08-11 23:00:00,330101,330101-PEDS,PEDS,21,20,0,12,8,11,0,0.6,0
2026-08-11 23:00:00,330101,330101-LD,LD,17,16,0,11,5,11,0,0.6875,0
2026-08-11 23:00:00,330101,330101-PP,PP,23,21,1,13,7,11,0,0.65,0
2026-08-11 23:00:00,330101,330101-PSY,PSY,25,23,1,17,5,11,0,0.7727,0
2026-08-11 23:00:00,330102,330102-MICU,MICU,34,33,1,28,4,18,0,0.875,1
2026-08-11 23:00:00,330102,330102-SICU,SICU,24,21,0,20,1,18,0,0.9524,1
2026-08-11 23:00:00,330102,330102-CVICU,CVICU,21,20,0,19,1,18,0,0.95,1
2026-08-11 23:00:00,330102,330102-NICU,NICU,18,16,1,13,2,18,0,0.8667,1
2026-08-11 23:00:00,330102,330102-SDU,SDU,37,34,1,31,2,18,1,0.9394,1
2026-08-11 23:00:00,330102,330102-TELE,TELE,55,49,0,47,2,18,0,0.9592,1
2026-08-11 23:00:00,330102,330102-PACU,PACU,18,16,0,8,8,18,0,0.5,0
2026-08-11 23:00:00,330102,330102-MS,MS,201,178,7,170,1,18,0,0.9942,1
2026-08-11 23:00:00,330102,330102-ONC,ONC,34,32,1,31,0,18,0,1.0,1
2026-08-11 23:00:00,330102,330102-PEDS,PEDS,30,29,0,21,8,18,0,0.7241,0
2026-08-11 23:00:00,330102,330102-LD,LD,24,23,1,17,5,18,0,0.7727,0
2026-08-11 23:00:00,330102,330102-PP,PP,34,31,1,19,11,18,0,0.6333,0
2026-08-11 23:00:00,330102,330102-PSY,PSY,37,35,1,32,2,18,0,0.9412,1
2026-08-11 23:00:00,330102,330102-REHAB,REHAB,18,16,0,15,1,18,0,0.9375,1
2026-08-11 23:00:00,050201,050201-MICU,MICU,21,20,0,20,0,20,0,1.0,1
2026-08-11 23:00:00,050201,050201-SICU,SICU,15,13,1,11,1,20,0,0.9167,1
2026-08-11 23:00:00,050201,050201-CVICU,CVICU,13,12,0,12,0,20,0,1.0,1
2026-08-11 23:00:00,050201,050201-SDU,SDU,23,21,1,19,1,20,0,0.95,1
2026-08-11 23:00:00,050201,050201-TELE,TELE,34,30,1,29,0,20,0,1.0,1
2026-08-11 23:00:00,050201,050201-PACU,PACU,11,10,0,10,0,20,0,1.0,1
2026-08-11 23:00:00,050201,050201-MS,MS,125,118,2,115,1,20,0,0.9914,1
2026-08-11 23:00:00,050201,050201-ONC,ONC,21,20,1,19,0,20,0,1.0,1
2026-08-11 23:00:00,050201,050201-PEDS,PEDS,19,18,0,18,0,20,0,1.0,1
2026-08-11 23:00:00,050201,050201-LD,LD,15,14,0,8,6,20,0,0.5714,0
2026-08-11 23:00:00,050201,050201-PP,PP,21,19,1,15,3,20,0,0.8333,0
2026-08-11 23:00:00,050201,050201-PSY,PSY,23,20,0,16,4,20,0,0.8,0
2026-08-11 23:00:00,030301,030301-MICU,MICU,14,14,0,13,1,5,1,0.9286,1
2026-08-11 23:00:00,030301,030301-SDU,SDU,15,13,0,13,0,5,0,1.0,1
2026-08-11 23:00:00,030301,030301-TELE,TELE,22,20,1,18,1,5,0,0.9474,1
2026-08-11 23:00:00,030301,030301-PACU,PACU,8,7,0,7,0,5,0,1.0,1
2026-08-11 23:00:00,030301,030301-MS,MS,82,76,1,75,0,5,0,1.0,1
2026-08-11 23:00:00,030301,030301-PEDS,PEDS,12,11,0,11,0,5,0,1.0,1
2026-08-11 23:00:00,030301,030301-LD,LD,10,9,0,9,0,5,0,1.0,1
2026-08-11 23:00:00,030301,030301-PP,PP,14,13,0,12,1,5,0,0.9231,1
2026-08-11 23:00:00,140401,140401-MICU,MICU,19,18,1,17,0,10,0,1.0,1
2026-08-11 23:00:00,140401,140401-SICU,SICU,14,13,0,11,2,10,0,0.8462,0
2026-08-11 23:00:00,140401,140401-CVICU,CVICU,12,11,0,11,0,10,0,1.0,1
2026-08-11 23:00:00,140401,140401-SDU,SDU,20,19,0,19,0,10,0,1.0,1
2026-08-11 23:00:00,140401,140401-TELE,TELE,31,30,1,29,0,10,1,1.0,1
2026-08-11 23:00:00,140401,140401-PACU,PACU,10,9,0,7,2,10,0,0.7778,0
2026-08-11 23:00:00,140401,140401-MS,MS,112,101,4,84,13,10,1,0.866,1
2026-08-11 23:00:00,140401,140401-ONC,ONC,19,17,0,12,5,10,0,0.7059,0
2026-08-11 23:00:00,140401,140401-PEDS,PEDS,17,15,1,12,2,10,0,0.8571,1
2026-08-11 23:00:00,140401,140401-LD,LD,14,13,0,9,4,10,0,0.6923,0
2026-08-11 23:00:00,140401,140401-PP,PP,19,17,1,9,7,10,0,0.5625,0
2026-08-11 23:00:00,140401,140401-PSY,PSY,20,18,0,17,1,10,0,0.9444,1
2026-08-11 23:00:00,110501,110501-MICU,MICU,6,6,0,6,0,1,0,1.0,1
2026-08-11 23:00:00,110501,110501-TELE,TELE,9,8,0,8,0,1,0,1.0,1
2026-08-11 23:00:00,110501,110501-PACU,PACU,4,4,0,3,1,1,0,0.75,0
2026-08-11 23:00:00,110501,110501-MS,MS,31,27,0,25,2,1,0,0.9259,1
