Id,BirthDate,DeathDate,SSN,Drivers,Passport,Prefix,First,Middle,Last,Suffix,Maiden,Marital,Race,Ethnicity,Gender,BirthPlace,Address,City,State,County,FIPS County Code,Zip,Lat,Lon,Healthcare_Expenses,Healthcare_Coverage,Income,phone,email,mrn,source_facility_id
077b0142-dbc7-4a7a-9f73-85ffac46a494,2006-09-27,,026-64-0202,S78055559,,Mr.,John,Holly,Lambert,,,D,native,nonhispanic,male,South Dennis GA US,8703 Fields Valley,Savannah,GA,Chatham,21734,31404,44.224939,71.528397,75376.77,30548.67,19956,(991)999-1978x369,kristinaolsen@example.com,330687167,330102
7cee43a2-9284-4d90-811d-f534c80ce7e9,1963-08-02,,819-27-9251,S22270212,,Mr.,Steve,Dawn,Taylor,,,,white,nonhispanic,male,Kellyton GA US,9827 Smith Light,Savannah,GA,Chatham,26362,31404,68.712478,-104.785669,32819.24,14199.57,47323,4327084934,thomas54@example.net,140392285,140401
8ee6ac36-be45-4265-9abe-8a6cabc2647b,1985-11-18,,075-12-0352,S19951226,,Mr.,Benjamin,Larry,Mays,,,D,other,nonhispanic,male,Perryton MA US,850 Williams Keys Apt. 022,Boston,MA,Suffolk,36599,02118,18.583309,80.917507,25506.07,11850.47,76380,663.856.5165x75692,jcampbell@example.org,050913699,050201
3476ac8e-429b-4731-a624-3af70ff434ff,1946-10-24,,485-92-0801,S39208139,,Mr.,Jason,Elizabeth,Smith,,,W,white,nonhispanic,male,Samuelbury GA US,127 Kathleen Key,Savannah,GA,Chatham,40064,31404,72.36234,107.332655,15027.77,26068.44,38823,+1-842-305-2474x210,virginia79@example.org,330344909,330101
e8eb882f-232f-4960-a59e-63940f20a5ff,1962-03-21,,328-35-6483,S55793664,,Ms.,Maureen,Nathaniel,Smith,,,M,white,hispanic,female,Robertmouth GA US,11855 Joshua Point Apt. 422,Savannah,GA,Chatham,31259,31404,-3.336468,-160.919076,83358.37,2030.06,32051,+1-939-907-2789,mooreemily@example.org,330249843,330102
e5a15e49-8755-449c-a0c4-fb0adf6362fe,1969-11-17,,403-45-5242,S79198175,X34155387,Mr.,Tyler,Robert,Martinez,,,M,white,nonhispanic,male,New Kevinton MA US,7406 Erica Cliff Suite 993,Boston,MA,Suffolk,23458,02215,-10.874237,142.120334,52768.85,24057.58,63239,851-753-1572,stacey97@example.com,330743612,330102
43d51a3a-b647-40ee-afaa-6e8d9e43fec0,1967-12-31,,768-74-1563,S54395300,X86047869,Ms.,Sally,Jacob,Mills,,Walsh,M,white,nonhispanic,female,New Paul MA US,518 Julie Streets Apt. 969,Boston,MA,Suffolk,08621,02215,39.952927,-82.880335,63224.68,6318.17,17751,485.502.4325x01281,anthony20@example.com,330503495,330102
2f3377c5-e4bb-400c-9f44-57ea22031966,1925-06-20,,845-40-2963,S65992458,,Ms.,Sarah,Andrew,Vaughn,,,,black,nonhispanic,female,West Meghan CA US,56637 Jason Cape Apt. 746,Oakland,CA,Alameda,15780,94609,-9.278637,120.055319,92149.03,5022.24,56459,2116966566,hmiller@example.net,030150294,030301
7f3f3bb2-ced3-4c65-a52d-81188b5f5436,1979-07-10,,307-85-1904,S18694988,,Mr.,Kyle,Kaitlyn,Stark,,,,white,nonhispanic,male,South Lucasfurt GA US,6986 Anthony Pines,Savannah,GA,Chatham,31275,31404,83.881381,13.016526,15357.61,47879.91,27521,691-622-6535x9432,stephaniehopkins@example.net,330843239,330101
1dd50a1d-56d1-48a7-89ff-fef55ea51e5f,1936-10-11,,673-20-6197,S87285198,,Mr.,David,Jerry,Ferguson,,,M,white,hispanic,male,Lake Johnmouth MA US,871 Jackson Cape Apt. 407,Boston,MA,Suffolk,27637,02215,-87.726574,-69.521264,72243.61,10993.8,59183,224.647.0716x15067,garrettjon@example.net,110226992,110501
288b5caa-7f9c-487f-85eb-515bbd3a3eb0,1961-07-04,,485-23-1628,S90931348,X79365451,Ms.,Morgan,Jennifer,Castro,,Mason,,white,nonhispanic,female,East Tammyhaven MA US,0346 Hernandez Ford Suite 176,Boston,MA,Suffolk,52621,02215,-5.854819,62.350777,42934.47,10725.93,47747,227.215.9621x4015,jean52@example.net,330887456,330101
e90f4a0f-ad64-4564-911e-3754b9b97b43,1993-04-19,,655-81-3497,S67314643,,Ms.,Julie,Nathan,Roberts,,,S,other,nonhispanic,female,South Stacey IL US,71425 Butler Crossing,Chicago,IL,Cook,29379,60612,-18.916714,91.241968,28458.42,340269.69,93662,001-289-539-8442x1065,jermainejones@example.com,140831110,140401
d4378cbb-6e54-4098-a9f2-13d15afa665d,1953-09-22,,716-15-4910,S11467288,X81571759,Mr.,Brent,,Green,,,D,other,nonhispanic,male,Davidhaven IL US,913 Castillo Ranch,Chicago,IL,Cook,17256,60612,-17.312721,44.453281,24099.99,7513.53,90979,(538)565-9496,codycampbell@example.net,330375914,330101
f83f136e-ec99-4178-955d-c3e9858661b7,1975-06-28,,294-89-1463,S73864934,X80781150,Mr.,Michael,Richard,Jones,,,M,asian,nonhispanic,male,New Caitlin MA US,30607 Benjamin Estate Apt. 346,Boston,MA,Suffolk,30717,02215,4.193821,-23.257098,36307.61,31136.11,87059,(947)798-8256,amyfrench@example.org,030325500,030301
c2e41e53-f63f-4848-8a5c-3d6d1a71302d,1993-01-14,,778-23-2618,S26833906,,Mr.,David,Chelsea,Lawson,,,D,white,nonhispanic,male,Port Allisonbury MA US,79700 Manuel Forge Suite 380,Boston,MA,Suffolk,40106,02215,-77.531246,114.721547,4454.13,2272.42,81050,001-564-293-9382x699,alara@example.org,330208228,330102
20fda93f-6e16-47fe-9e6a-90ab3232d96a,1993-03-18,,220-84-0604,S60747591,X48248193,Mr.,Kevin,Timothy,Collins,,,D,white,nonhispanic,male,Lake Thomas GA US,9803 Mary Lakes Suite 456,Savannah,GA,Chatham,24397,31404,-50.078828,-72.147583,18485.32,24044.56,22091,(685)926-0228x10466,gdavenport@example.net,330421046,330101
b93d2e14-0d29-49ff-bb9f-22421af5bbe5,1974-12-26,,403-46-2665,S71267403,X40276033,Mr.,Matthew,,Wolfe,,,M,white,hispanic,male,Lake Johnport GA US,114 Kevin Spurs,Savannah,GA,Chatham,02429,31404,-3.05297,-17.680383,19505.24,71733.57,24171,001-675-376-6683x01128,sarah11@example.org,330785731,330102
edd4df53-09df-4aea-9b78-d7c5428df6e4,1958-09-05,,441-46-7419,S13909732,X81292395,Mr.,Michael,Logan,Barnett,,,S,white,nonhispanic,male,Jonesfurt CA US,9488 Marc Tunnel,Oakland,CA,Alameda,20863,94609,-1.752325,-62.682762,88054.34,6590.98,117487,(671)301-6292,sarah61@example.com,330770398,330102
bf48b7d0-28dd-4444-b334-7c9eecd1c3a0,1990-11-13,,165-67-4607,S61913435,,Mr.,Justin,Phillip,Nguyen,,,M,black,hispanic,male,Lake Christopherview TX US,85394 Underwood Place Apt. 177,Austin,TX,Travis,26561,78702,10.949318,-106.603403,23675.07,14793.33,59875,514.355.9510x59061,utorres@example.net,330105040,330102
069c930b-6ad3-495d-be78-0496409c6315,1963-11-10,,802-90-0194,S12227092,,Ms.,Joy,Troy,Johnson,,,,white,nonhispanic,female,East Ruben TX US,35550 Walker Crescent Apt. 346,Austin,TX,Travis,17532,78702,-87.300524,-1.461586,383925.71,16749.84,25449,289-813-0539x261,deanna10@example.org,330466126,330102
984aa35e-d898-402c-a798-979b1a8cb9e1,1944-12-27,,396-73-2221,S74522216,,Mr.,Daniel,Chloe,Hill,,,D,other,hispanic,male,Lake Lisaport TX US,799 Zachary Lock,Austin,TX,Travis,48765,78702,-0.5943,40.117579,36911.87,3928.83,27434,716-509-5517x545,varroyo@example.net,330758068,330101
30805052-5f30-4f51-bc68-dc5be222ea2d,1974-08-01,,030-38-2018,S21010212,,Mr.,Anthony,,Phelps,,,W,white,nonhispanic,male,Carpentermouth MA US,6380 Adams Wall,Boston,MA,Suffolk,44336,02215,1.694867,87.441839,27690.25,87655.74,144085,5215499698,ashleyklein@example.com,330283541,330102
992c5c5e-b854-4edc-a850-0937201a3158,1934-09-08,,264-36-6414,S83214017,X48426192,Mr.,Jonathan,Michelle,Greer,,,W,other,nonhispanic,male,Jerryview AZ US,22300 Stein Manors Suite 761,Phoenix,AZ,Maricopa,41520,85006,87.812749,-44.638889,3901.81,9578.72,18007,+1-589-639-4302x8744,sarahperez@example.org,330930983,330101
846140a1-d1c8-4007-85c2-973ff974c143,2013-06-10,,712-96-8088,,X51498031,,Mary,Michael,Fisher,,,D,white,nonhispanic,female,Lake Tyler AZ US,232 Schneider Mountains,Phoenix,AZ,Maricopa,19466,85006,-32.206149,-0.99086,361346.24,12504.93,54427,+1-685-592-4528,jason54@example.net,330948000,330102
f2b17e60-4081-4769-bf95-a142e43820bf,1947-01-23,,548-64-0536,S27422073,X92599703,Ms.,Lisa,Brian,Yang,,,M,black,hispanic,female,Port Amberstad AZ US,2881 Vargas Burgs Apt. 340,Phoenix,AZ,Maricopa,27880,85006,-48.580579,-8.017923,123415.4,39460.39,31089,(503)640-0839x29040,april35@example.net,140872403,140401
0f7377a0-ad09-4758-b6e1-692fcf692649,1982-09-01,,767-29-4411,S90767371,,Ms.,Lisa,Laura,Miles,,Conner,,white,nonhispanic,female,Russellstad MA US,638 Davis Shores,Boston,MA,Suffolk,16259,02215,-65.719946,-128.437157,8639.76,18038.19,75316,3466092187,glenn99@example.org,050819335,050201
b3f6c5f5-6821-4f49-8965-cab85330fed1,1971-03-05,,530-08-2750,S96461579,,Mr.,Glenn,Eric,Harmon,,,,white,nonhispanic,male,New Dawnmouth MA US,850 Krause Valley Apt. 386,Boston,MA,Suffolk,45423,02215,-0.161461,-175.496272,28285.25,7282.11,55870,001-441-222-5653,edwardsshane@example.org,330392324,330102
fa5e5eb3-7060-4c32-9961-84d5c4f57c32,1994-10-08,,073-46-7160,S50129712,,Mr.,Richard,,Cohen,,,W,other,nonhispanic,male,Andersonland IL US,033 Patricia Glen,Chicago,IL,Cook,12232,60612,62.233877,-48.850666,21350.43,22594.34,49888,584.864.0569x80436,daniel86@example.com,330941812,330101
c5926a00-cab1-49a2-bb90-ca65c0f531fc,1925-09-20,,548-33-7050,S52422131,,Ms.,Alice,Richard,Nguyen,,Jackson,W,white,nonhispanic,female,New Denisemouth GA US,725 Williams Manors,Savannah,GA,Chatham,20426,31404,7.212061,89.584785,20085.88,14163.81,33087,001-461-987-9045x349,oedwards@example.org,330692574,330101
c37eb5e6-acd7-43d6-8e5d-dfe75f551a35,1969-08-13,,560-87-8566,S88863126,,Ms.,Amy,Jamie,Martin,,,S,white,nonhispanic,female,Lake Rickview MA US,7443 Fernandez Grove Suite 657,Boston,MA,Suffolk,40350,02118,0.587259,21.304848,101444.39,14570.37,28839,232-860-0378,brownnathan@example.com,330109804,330102
88729eac-aa01-433e-94d4-4e6fa5a6be84,1992-08-02,,014-84-7950,S66999097,,Mr.,David,John,Hernandez,,,D,white,nonhispanic,male,Port Joel GA US,231 Gary Corner,Savannah,GA,Chatham,03931,31404,-69.767775,-126.135138,66260.06,22645.92,44360,+1-964-906-6396x88109,carterstacy@example.com,140990412,140401
063adc76-3725-4933-b8e3-5f8bcc60912a,1960-02-22,,041-23-8898,S73157540,,Ms.,Bethany,,Brooks,,Thompson,S,white,nonhispanic,female,Michaelhaven IL US,604 Todd Bridge,Chicago,IL,Cook,48422,60612,62.110618,9.183251,6167.32,34767.14,113128,(562)984-4400x281,mary74@example.com,140495902,140401
9e112398-dfdc-4ad4-9866-d9b71fde0607,1974-04-21,,089-77-0251,S90102244,X58166703,Mr.,Russell,Michelle,Miller,,,D,asian,hispanic,male,West Andrew MA US,125 Stacey Villages,Boston,MA,Suffolk,31270,02118,85.770489,81.191346,123651.05,39639.69,33823,001-919-454-7603x8504,jamesthompson@example.com,050899006,050201
5b8a5160-be97-4abf-8b78-5e3047f9e865,1982-02-27,,442-60-0563,S38212048,,Ms.,Donna,Christopher,Brown,,,W,white,nonhispanic,female,Aaronberg GA US,5506 Lindsey Lake,Savannah,GA,Chatham,46076,31404,74.930483,-67.151806,32480.06,28513.85,76484,446.957.8597x8991,randerson@example.org,110597359,110501
d3f4067a-7f3a-438f-91eb-b7dbb71cf83c,2005-05-19,,095-70-9071,S80496237,X80170415,Mr.,Kevin,Amber,Haley,,,M,other,nonhispanic,male,Lauriefurt MA US,335 Barber Glens,Boston,MA,Suffolk,48780,02215,-30.360079,-147.497369,37339.91,13054.52,114118,9666362483,arthur50@example.com,030517302,030301
3a50bbdd-9ea7-48e6-96b7-52f101af8ade,1971-04-09,,082-16-5954,S80201610,X58351320,Mr.,Joshua,,Liu,,,W,white,nonhispanic,male,Kimberlyberg MA US,979 Snow Burgs,Boston,MA,Suffolk,24592,02118,-56.398531,35.310564,53888.66,2977.29,72328,6386875210,andrewmartinez@example.org,140407762,140401
75f8ac39-3852-470c-8c22-e810d82e06ed,2008-07-01,,896-67-9721,S21826467,,Ms.,Debra,Kimberly,Malone,,,M,white,nonhispanic,female,Martinezberg TX US,464 Patel Club Suite 926,Austin,TX,Travis,07646,78702,-69.060244,136.186407,33382.73,20831.4,24519,455-820-5621x35666,trobinson@example.com,050179106,050201
e0b1f1f6-728a-473b-bfd6-5e097cf7c4c0,1961-07-15,,363-96-4317,S19296056,,Ms.,Lori,Megan,Smith,,Nichols,W,white,nonhispanic,female,Edwardberg CA US,0685 Jessica Pike Suite 344,Oakland,CA,Alameda,25327,94609,18.448099,-13.878309,24952.0,34767.84,77065,592.818.8871x84210,tara01@example.org,330114364,330101
da5ad205-db92-4c05-8606-29a68a544c02,1949-07-25,,502-97-6759,S57549175,X90787498,Mr.,David,Justin,Olson,,,S,white,nonhispanic,male,East Williamtown GA US,446 Rachel Crossroad Suite 432,Savannah,GA,Chatham,43526,31404,-25.237414,-158.88831,35097.44,25126.08,83584,611-433-3731x150,cassandra68@example.com,330113883,330102
3981b3d1-3aec-4a00-a1f1-8545492c6259,1945-10-15,,079-83-4839,S53232426,,Mr.,Robert,Jason,Castro,,,D,asian,nonhispanic,male,East Barbarahaven TX US,0078 Johnson Brooks,Austin,TX,Travis,06678,78702,-53.590297,-123.211253,7313.0,4132.05,35509,650.478.9200x50135,christopher49@example.org,330524685,330101
2bcff1d8-d5d5-446f-a268-fefcfd355899,1987-05-20,,064-10-2116,S20978862,,Mr.,Bradley,Susan,Murphy,,,S,white,nonhispanic,male,Lake Jennifer MA US,695 Miller Circle,Boston,MA,Suffolk,24649,02118,-0.850823,-157.111782,33377.3,6038.65,154576,001-615-635-9507x934,robertperez@example.net,330595446,330102
9cfd991c-d50f-4a6e-9209-200d86d9bb27,2002-09-16,,159-66-8643,S14482824,,Ms.,Jennifer,Christopher,Hopkins,,,S,white,hispanic,female,New Andrewbury TX US,57355 Alan Viaduct,Austin,TX,Travis,48385,78702,42.053678,-9.029023,11805.23,15060.67,91983,001-290-625-8836x064,hsloan@example.org,330990084,330102
2b4eb2a4-43d1-42a3-be66-2c2ae2c4b14f,1997-10-12,,574-08-0747,S30467986,,Ms.,Karen,Heather,Drake,,,,white,nonhispanic,female,Mckinneyville MA US,963 Wendy Ferry,Boston,MA,Suffolk,16418,02118,82.006201,83.659165,6053.59,44814.83,35932,+1-535-672-0386,riggsdominique@example.com,030267583,030301
674a7f53-4195-437a-855a-536c0a4d7242,1972-05-08,,577-30-3872,S94837360,X28747209,Ms.,Destiny,,Wood,,Lyons,M,white,hispanic,female,Cobbbury MA US,413 Webster Club Apt. 604,Boston,MA,Suffolk,53335,02118,42.387576,-86.070521,8594.68,6994.24,120100,2393689812,kimberlyrodriguez@example.net,030298537,030301
3f5be552-7582-4b2c-9a67-d86ae40f8ba6,1949-10-28,,654-05-6542,S40769801,X85583068,Ms.,Jessica,,Gardner,,,M,white,nonhispanic,female,Ronaldville TX US,662 Palmer Trail Suite 086,Austin,TX,Travis,53584,78702,51.194004,141.607294,5455.88,16806.69,43101,583-854-4088x893,carlawilliams@example.org,140997367,140401
7c781ff8-9c03-43ee-a3bd-343fd38616c6,1993-09-23,,448-08-7826,S25852564,,Ms.,Briana,Wendy,Gomez,,,M,white,nonhispanic,female,New Katherinefort AZ US,807 Velazquez Mission Suite 644,Phoenix,AZ,Maricopa,14893,85006,66.758651,-117.001012,42260.19,10358.13,64234,001-594-439-9950x458,nicholskevin@example.org,330558339,330101
6ef573eb-a9e2-4506-97f3-6268d5de821f,1930-09-08,,439-64-6940,S41383045,X84900022,Ms.,Margaret,Austin,Casey,,Allen,M,white,nonhispanic,female,East Isaac TX US,791 Billy Island Apt. 199,Austin,TX,Travis,15556,78702,29.637803,53.523974,31832.67,3228.25,117240,001-482-871-9283x0399,stephaniemartin@example.org,330555842,330101
f88b0df3-c481-4638-bdd2-cd6295348837,1983-07-26,,752-75-5992,S49973439,,Ms.,Amanda,Scott,Patton,,,S,white,nonhispanic,female,West Teresa IL US,856 Maureen Shoals Suite 775,Chicago,IL,Cook,32349,60612,60.492091,74.24291,78550.32,15139.37,24521,644-232-1506,callahananthony@example.org,330202259,330101
a985d7e8-0b0e-4687-b065-83522b2a807b,1953-12-05,,014-61-1247,S40216861,X70140800,Mr.,Brett,Scott,Smith,,,,white,nonhispanic,male,South Valeriefort MA US,6640 Jason Creek,Boston,MA,Suffolk,26946,02118,-61.224729,77.435585,107947.62,7211.47,38700,+1-275-736-6193x5115,serranojonathan@example.com,050404735,050201
fdadbb59-4e2a-4720-b778-790f47110288,1965-04-18,,895-13-7562,S18507511,,Ms.,Shannon,Robin,Johnston,,,M,white,nonhispanic,female,Bowenfurt CA US,06931 Aaron Row Suite 690,Oakland,CA,Alameda,43289,94609,84.657657,-60.998035,28368.0,9413.15,27824,649-679-4339x9262,mguzman@example.org,030788922,030301
598c60db-d20e-427a-b689-34d09732f912,1966-10-07,,178-91-7891,S89668836,X96602283,Mr.,Brandon,Cynthia,Crawford,,,,white,nonhispanic,male,Port Rebeccaburgh TX US,1565 Escobar Lodge Apt. 722,Austin,TX,Travis,25627,78702,21.464354,-29.965272,13890.84,49745.97,80538,001-647-269-7098x31252,dawn32@example.com,330803199,330102
e8c9e86e-5665-48ff-96ea-a3e8ee73fb6b,1964-04-08,,745-43-2444,S38407250,X52080741,Ms.,Lisa,Jessica,Watson,,,W,black,nonhispanic,female,Dwaynebury MA US,48549 Ponce Bypass,Boston,MA,Suffolk,49935,02118,-78.787143,161.301623,69606.6,32346.51,42127,001-570-833-5706x6966,sgoodman@example.net,330558434,330101
577f8e70-58d1-4bd3-89f3-2bb1bd7de63f,1972-04-15,,491-33-5637,S48248479,,Mr.,Matthew,Haley,Gould,,,D,white,nonhispanic,male,South Erin GA US,739 Vega View,Savannah,GA,Chatham,38439,31404,18.621969,122.543178,33967.54,8166.26,60336,001-859-543-9907,martinezbethany@example.org,330590057,330102
408346eb-89d6-4f51-9e1b-6b7cdc84b549,1982-04-10,,279-09-0992,S46671231,,Mr.,Joshua,,Moore,,,S,white,nonhispanic,male,South Jenniferville IL US,8284 Charles Mill Apt. 251,Chicago,IL,Cook,42470,60612,87.655249,-176.785827,29242.3,14872.69,87215,001-558-748-4121x689,antonio56@example.com,030400217,030301
39e8234f-d349-405a-a7ad-78a744bcdcc3,2010-09-04,,599-58-5752,,X90087772,,Sean,Joseph,Coleman,,,S,white,hispanic,male,Deborahview MA US,37010 Michelle Field,Boston,MA,Suffolk,41531,02118,-16.119805,115.775531,12196.16,7907.1,27733,996.838.1818,yramsey@example.net,140521844,140401
88109da9-c450-4399-9883-6e8e69a709e4,1969-09-05,,600-09-8431,S92831054,,Ms.,Kimberly,Jill,Hall,,,W,asian,nonhispanic,female,Leefort TX US,39861 Blair Pike,Austin,TX,Travis,53673,78702,-87.34438,-109.570054,20260.57,16773.74,61214,339.531.7217x5033,hfernandez@example.org,330976171,330101
ccc082cd-4216-44ec-8843-108d47493b29,1937-02-26,,821-07-4473,S84920990,,Ms.,Cynthia,Daniel,Rasmussen,,Greer,,white,hispanic,female,New Gregory TX US,5135 Stephanie Fall Suite 988,Austin,TX,Travis,32281,78702,72.834436,-168.493548,26599.88,4606.28,51597,+1-420-699-5119x500,ychan@example.com,330379500,330101
87eac5a9-dacf-4339-9083-68edefb6838a,1976-08-11,,367-98-7161,S35402618,,Mr.,Richard,Evan,Harris,,,S,black,nonhispanic,male,New Jackmouth GA US,9129 Miller Stravenue Apt. 798,Savannah,GA,Chatham,52106,31404,-65.482983,-63.388158,19704.69,76721.53,80409,001-908-998-2730,ifleming@example.org,330658608,330102
faacb2e8-13a9-4208-96e6-a3034162048c,2002-04-05,,592-85-2762,S37110056,,Ms.,Natalie,Donald,Smith,,,,white,hispanic,female,North Daisyshire MA US,761 Jasmine Circles,Boston,MA,Suffolk,40985,02118,-55.969836,-23.427992,76827.62,7508.17,38765,001-621-448-6070x704,ericanderson@example.org,030747235,030301
846dbe70-4051-47c1-8c09-c0f3d99e079e,1960-04-26,,647-58-0147,S98447349,X42982260,Mr.,Justin,Melinda,Odom,,,D,black,nonhispanic,male,New Kayla TX US,20050 Matthews Landing,Austin,TX,Travis,13200,78702,-8.967676,40.321011,43767.46,11523.07,91418,(473)899-3279x20796,kristi17@example.com,030613292,030301
1613822e-c4d9-4f9e-9adf-6d4854947549,1985-03-23,,856-05-6783,S43611460,,Ms.,Kelly,,Sharp,,,D,white,hispanic,female,East Jasmine GA US,444 Torres Crest,Savannah,GA,Chatham,39238,31404,83.01867,-134.738462,53678.08,6072.97,267778,8473425891,smithkristen@example.org,330324849,330101
106de437-0162-475b-a61c-808d64fcdf77,1950-03-05,,803-13-5403,S19027355,,Mr.,Bryan,,Johnson,,,W,black,nonhispanic,male,South Jackiebury MA US,742 Jackson Divide,Boston,MA,Suffolk,15751,02215,-15.608928,165.869621,7873.98,12175.47,39112,717-338-7947x6180,webermichael@example.net,050262457,050201
f14356f3-45b2-4b7f-a086-d276437e593e,1942-03-12,,553-15-0679,S57883817,X16762061,Ms.,Amy,,Harmon,,Palmer,W,white,nonhispanic,female,South Tiffanyland AZ US,2433 Jillian Extensions Apt. 356,Phoenix,AZ,Maricopa,18587,85006,-18.651901,59.481069,24785.21,86285.03,53070,9962826741,erikgonzalez@example.org,330460899,330102
04d4b13d-0155-4c47-a726-47a3ad7b49b9,1984-08-18,,721-80-7265,S52211707,,Mr.,James,,Ward,,,M,asian,nonhispanic,male,Robbinsport TX US,680 Donna Place Apt. 024,Austin,TX,Travis,22045,78702,-26.528908,45.535957,48773.94,10653.02,22575,507-439-9089x1553,thompsonvanessa@example.com,330493018,330102
15c12fb9-3119-40e6-b680-be6d97b75ef0,1970-01-02,,705-35-5631,S33997878,,Ms.,Heather,Sarah,Quinn,,Conley,S,black,nonhispanic,female,South Jackmouth MA US,4894 Butler Stream Suite 121,Boston,MA,Suffolk,44482,02118,75.784419,-144.859812,19475.04,10073.29,54424,424-521-0526x247,zwoods@example.net,330186739,330102
eb3dd240-1c2f-40d3-b540-60f73a565982,1994-10-14,,043-04-3736,S40556848,,Ms.,Melissa,Terri,Newman,,,W,black,nonhispanic,female,Thomasland IL US,48530 Mark Loop Suite 445,Chicago,IL,Cook,36339,60612,16.129814,171.546464,45617.27,15338.51,29623,+1-577-428-8886x255,iowens@example.net,050961579,050201
586d4736-63b5-4abf-8bef-2ebd9830a979,1962-03-24,,166-55-1855,S98268583,,Ms.,Kathleen,Jeanette,Rodriguez,,Jefferson,,black,nonhispanic,female,Lake Jason IL US,53971 Christina Court,Chicago,IL,Cook,40248,60612,-77.379013,-158.288943,17707.44,40656.42,34946,+1-427-632-5482x48392,yhaynes@example.net,030928303,030301
e5a3f9b0-cee6-45bb-ba64-8ac4f45037ee,1979-06-16,,271-59-4925,S55297391,X61477543,Ms.,Lisa,Erica,Robinson,,Mathis,M,black,nonhispanic,female,North Julie AZ US,67359 Emma Cove Apt. 896,Phoenix,AZ,Maricopa,55753,85006,-3.742553,-57.584042,28943.86,39734.22,68831,349-892-4229x464,david86@example.net,140518870,140401
6786e3ee-2194-4476-8e07-b3b0418d936d,1978-12-14,,462-88-8794,S21976154,X33884644,Ms.,Brittany,Robert,Turner,,,W,white,hispanic,female,South Anthonyland AZ US,5440 English Light,Phoenix,AZ,Maricopa,17291,85006,-59.204934,-132.380898,14628.95,34657.29,31926,+1-801-835-1077x2255,andrea79@example.net,140753212,140401
6c3940ad-46a0-4b7a-99a8-deb885152cd3,1991-04-03,,331-75-3288,S27155866,X35204681,Ms.,Kristen,Kathryn,Reed,,Mann,M,other,nonhispanic,female,New Ericton MA US,27475 Campbell Spurs Suite 925,Boston,MA,Suffolk,31105,02118,-33.538244,156.219261,79821.52,12078.59,34121,316-951-7362,samuel49@example.net,030172240,030301
ff3ff015-22f7-40a8-83d7-897c81cf8ff5,1943-02-05,,658-52-6221,S21241075,,Ms.,Katherine,,Mitchell,,Grant,D,white,nonhispanic,female,Bradyville GA US,13964 Veronica Terrace Suite 230,Savannah,GA,Chatham,33286,31404,-44.765729,133.158074,19950.72,22948.64,17954,+1-818-934-6588x35044,jason06@example.com,140139363,140401
8166bf65-81c2-4628-b1f2-a705f219e1df,1943-06-06,,721-33-2361,S37717580,,Ms.,Claudia,,James,,Forbes,S,asian,nonhispanic,female,South Johnshire MA US,3024 Daniel Summit Suite 474,Boston,MA,Suffolk,26378,02215,27.648084,27.469688,38913.82,5040.73,16132,376.644.8093x69038,ohill@example.net,140486738,140401
2edb004e-84de-4161-928a-bad3fe959c18,1998-04-17,,200-27-4482,S66108623,,Ms.,Lisa,,George,,,S,white,nonhispanic,female,Timothystad CA US,4624 Jones Stravenue Apt. 534,Oakland,CA,Alameda,41957,94609,4.408456,136.068471,8021.26,17761.83,53915,+1-558-276-1416,johnzamora@example.net,110165578,110501
07f42383-548a-40d1-ad19-bfa8e71489c1,1958-04-20,,539-20-6917,S71651631,,Ms.,Pamela,Adam,Castro,,,M,other,nonhispanic,female,Petersenfort AZ US,14837 Jessica Knoll,Phoenix,AZ,Maricopa,01112,85006,49.418273,-112.571567,19789.1,13602.76,92308,+1-823-331-8682x451,andersonsergio@example.org,050474260,050201
03a8e9ed-b802-4bae-b9a7-27d670fe4274,1985-10-02,,291-36-7606,S88539222,,Mr.,Justin,Brian,Guerrero,,,M,black,hispanic,male,Janicebury MA US,2693 James Summit Apt. 841,Boston,MA,Suffolk,12257,02215,-33.031098,-101.750982,11245.66,12974.42,116993,214.227.6540,rmunoz@example.org,330255800,330102
d06c31a0-6f75-4568-b9f4-3df1faa98afb,1933-09-05,,490-96-4144,S46110501,,Mr.,Eric,Travis,Davidson,,,M,white,hispanic,male,West Josephchester CA US,8557 Buchanan Spring Apt. 890,Oakland,CA,Alameda,05845,94609,18.026433,-39.441002,304156.19,7898.75,36184,494-828-1062x16505,jill74@example.org,110759738,110501
1bca4750-d321-4c77-b870-9608db660e14,1967-07-02,,378-96-2464,S98021595,,Mr.,Kevin,Charles,Collins,,,M,black,nonhispanic,male,Jonathanland MA US,8093 Baldwin Trail,Boston,MA,Suffolk,32714,02215,-55.734632,-116.029418,28134.04,55366.55,43305,420-936-5956x7670,robertschristine@example.org,330757620,330102
8253a688-5ba6-4e8c-8b25-e0e7a99e6e02,1977-09-01,,600-65-2276,S19808531,,Mr.,David,Kimberly,Owens,,,S,white,nonhispanic,male,Loristad TX US,2168 Mcdaniel Coves Suite 587,Austin,TX,Travis,20473,78702,-25.743658,109.480462,26132.08,15336.94,21116,001-951-982-5202,larry67@example.com,330984166,330102
b3a48386-4f8e-4ee6-b287-2e99514390c3,1981-04-12,,024-73-3375,S18356337,,Mr.,Michael,Derek,Buck,,,S,white,nonhispanic,male,West Denise MA US,0246 Martinez Row Apt. 369,Boston,MA,Suffolk,23034,02118,36.995731,-77.251183,30446.82,8298.29,88445,5295134321,atkinslaura@example.net,330371195,330102
63ebd6f4-7d3e-4c13-8ab0-32d83cb9740a,1952-08-10,,675-10-0315,S32519718,,Ms.,Tonya,,Pearson,,,W,white,nonhispanic,female,Williamsside MA US,105 Hunt Parks,Boston,MA,Suffolk,30599,02215,-3.151259,11.197911,32376.64,22160.75,22747,8873061970,aalvarez@example.net,110176644,110501
d3f83451-4ea9-4611-be1c-e66657f1d7d2,1935-04-09,,588-10-6283,S56167648,,Ms.,Elizabeth,Matthew,Thomas,,,S,white,nonhispanic,female,East Susanport GA US,638 Smith Roads,Savannah,GA,Chatham,28578,31404,53.017553,62.604057,98320.06,8181.44,80817,452-740-7860x4457,toddrios@example.com,330530435,330102
c206c9a4-e1ea-4221-be53-5ff45231ad0e,1988-05-06,,320-78-0243,S64800738,,Mr.,Dean,Sarah,Cohen,,,D,white,nonhispanic,male,North Kristine TX US,525 Mckay Villages Apt. 964,Austin,TX,Travis,03987,78702,9.260705,15.245838,120228.23,29167.35,52042,345.659.3681x45195,lisagilbert@example.com,330213652,330102
d0e450c1-9552-4ee8-ab9d-4e96eaa7a732,1966-06-10,,307-25-9086,S52619384,,Mr.,Steven,,Perez,,,M,black,hispanic,male,Port Charles MA US,4798 Michael Route Suite 919,Boston,MA,Suffolk,51386,02118,-71.587679,-149.100704,186024.6,9513.06,52657,367.982.5993x9011,amywilliams@example.com,140183400,140401
93fab2ed-5c38-48e2-9fde-572e4155639d,1970-01-28,,654-74-6039,S50867223,X81572772,Ms.,Melissa,Christine,Beck,,,S,white,nonhispanic,female,Wellsview MA US,95273 Sandra Port Apt. 029,Boston,MA,Suffolk,24229,02118,-25.443383,27.893008,89019.53,8037.32,61060,+1-332-464-0195x856,seanrodriguez@example.net,050267878,050201
627118ef-47a3-40d8-8d68-6094ac49ded7,1979-06-23,,283-02-1484,S24384181,,Ms.,Michelle,Elizabeth,Bryant,,,D,white,nonhispanic,female,Romerobury IL US,41680 Natalie Lodge,Chicago,IL,Cook,25295,60612,-63.955617,112.637835,27644.74,29090.12,77631,8703368192,daniellee@example.com,140451763,140401
1570ff8a-ebd6-401a-9003-f19901cd61b2,1925-01-26,,312-22-3323,S74928938,,Mr.,William,,Garrett,,,W,other,nonhispanic,male,East Vanessamouth GA US,6391 Lee Lane,Savannah,GA,Chatham,27155,31404,35.604791,64.93226,65852.33,29846.22,23454,662-561-4731x47615,stephanie95@example.com,110148104,110501
cf4e3b9b-6a8b-4dd6-9a12-af511c33ffa9,1941-03-10,,085-59-0086,S80547773,,Mr.,David,,Jackson,,,S,white,nonhispanic,male,Lake Ericaville IL US,22257 Jimenez Place Suite 023,Chicago,IL,Cook,15231,60612,-36.755327,-105.091091,11523.62,69499.41,48050,653-830-2374,kellymcdonald@example.net,330774716,330101
87985d23-1502-44a1-bf70-858321f5d34b,1939-05-20,,436-82-4803,S65291243,,Mr.,Andrew,Stephen,Horne,,,,white,hispanic,male,Barnesfurt CA US,977 Mitchell Ford,Oakland,CA,Alameda,22920,94609,50.251477,-41.427327,16112.29,8259.04,55179,768.927.1292x16892,nicholas26@example.org,330285974,330101
8ee2d067-8a82-4d55-bcd9-37ef118c0320,1944-07-04,,748-44-0390,S55788444,X36715874,Ms.,Tammy,Andrew,Wiggins,,Hernandez,W,white,nonhispanic,female,Christophertown CA US,04154 Karen Mill,Oakland,CA,Alameda,37834,94609,82.253733,-39.328126,44329.12,11813.55,29900,(506)517-9720x960,autumnhudson@example.org,140237366,140401
20d1bcc9-5de2-47c8-8b5d-e849c329b438,1949-08-06,,485-77-0456,S25003875,X55801869,Ms.,Brittany,Kayla,Olsen,,,M,other,hispanic,female,Josephbury CA US,243 Chelsea Rapids Suite 742,Oakland,CA,Alameda,35075,94609,42.429037,170.596842,73143.87,11448.31,17996,(613)238-8984x851,twilliams@example.org,330589854,330102
f72fc430-39db-43dd-83ac-628f330ceb05,1961-08-20,,027-84-1629,S35449113,,Ms.,Jessica,,Mejia,,Jackson,W,white,nonhispanic,female,Chadfort MA US,080 Blake Points,Boston,MA,Suffolk,04055,02118,3.205617,34.090545,104982.86,6611.52,26930,+1-347-406-2657x5649,westjoel@example.org,330613100,330101
1f42e9d6-4e1d-426a-88e7-982ab28bd30c,1964-12-30,,244-05-7191,S86657469,,Ms.,Gabrielle,,Martin,,,D,white,nonhispanic,female,South Kendra MA US,8929 Thomas Groves,Boston,MA,Suffolk,38738,02215,30.250922,-133.830946,19370.6,4158.4,119269,7383733697,karellano@example.com,140951305,140401
5c425b34-aa01-46f2-ad23-d43d19ad85f2,1973-11-28,,190-88-0046,S91388332,X71989524,Ms.,Sara,Henry,Wright,,,W,asian,nonhispanic,female,Judithland CA US,23773 Dustin Crossroad,Oakland,CA,Alameda,11235,94609,1.055319,86.812967,25053.2,9687.79,62249,457-547-0742x530,wpatterson@example.net,140456143,140401
46d49027-f4be-47e1-8353-cb9774096365,1927-08-21,,878-06-5560,S40003717,,Ms.,Ashley,,Thompson,,,D,other,nonhispanic,female,Tylertown IL US,410 Simmons Field Apt. 102,Chicago,IL,Cook,04373,60612,-6.915254,-106.493513,24548.78,12047.41,45759,442.530.6780x457,markenglish@example.net,050798414,050201
bc7fa95a-11dc-4b11-b3e5-65c80ff2ceb0,1954-09-21,,687-71-5812,S28846978,,Mr.,Raymond,Scott,Flynn,,,D,white,hispanic,male,West Samuel GA US,085 May Mount Apt. 176,Savannah,GA,Chatham,40111,31404,43.689433,142.880443,29423.74,4992.27,31383,+1-400-618-0806,juliathomas@example.net,330362354,330102
fd2a17f9-bb04-4783-9253-3fe6774252d7,1924-09-05,,074-97-4542,S25449314,,Mr.,David,,Matthews,,,D,black,nonhispanic,male,Lake Eric TX US,733 Hopkins Light Apt. 814,Austin,TX,Travis,36349,78702,8.967566,-27.563768,28576.65,35006.78,24532,812.580.7036,janerivera@example.org,050222878,050201
b0f65d07-d7b5-488f-a8a9-8a268c6623d7,1964-08-06,,117-38-6838,S91071586,,Ms.,Autumn,Virginia,Santos,,Gould,D,white,nonhispanic,female,New Pamelatown CA US,6790 Nicole Land Suite 148,Oakland,CA,Alameda,16511,94609,-32.23776,4.655857,58006.32,17750.26,68162,760.560.9603x722,marcusblackwell@example.com,330548328,330101
4c409ffc-c2e1-4155-a86c-c4fea0da7572,1997-12-06,,611-70-7969,S21306446,,Ms.,Dana,,Valdez,,,M,other,nonhispanic,female,Amberburgh CA US,62520 John Junction Apt. 619,Oakland,CA,Alameda,52287,94609,-57.733686,-157.980543,14354.58,28499.77,57584,(846)653-6916x919,joshua38@example.com,330944764,330101
60322093-b6b3-4999-b4d2-3b447f62b4a6,1942-09-04,,538-94-4048,S15495984,,Mr.,Nathan,Micheal,Jones,,,M,black,nonhispanic,male,Pamelabury CA US,99535 Crosby Prairie,Oakland,CA,Alameda,24203,94609,34.533539,-111.733432,38202.62,5664.78,174598,200-992-5245x34083,fnguyen@example.org,330413553,330101
68ac616b-a0c9-46a8-ab09-6bbc1b107197,1941-12-12,,698-02-7221,S22850353,,Mr.,James,Micheal,Olson,,,M,white,nonhispanic,male,West Alexaborough GA US,76158 Teresa Land Suite 224,Savannah,GA,Chatham,42003,31404,21.059029,-13.378274,23361.19,7415.67,44855,001-857-944-3836x2510,juliejohnson@example.net,030515406,030301
afa5d873-bcd5-4334-afc6-b10e93471bb9,1975-10-16,,384-49-9377,S56797208,,Ms.,Julie,Lisa,Lewis,,,S,white,nonhispanic,female,Williamtown AZ US,41116 Andrews Pike Suite 828,Phoenix,AZ,Maricopa,02774,85006,86.342077,174.859928,94964.82,8805.59,207356,597-224-0759,davidhall@example.org,330985221,330101
ddb95e62-0073-4848-80e6-04bde64e6abd,1924-09-03,,411-06-0666,S89814920,X92070701,Mr.,Ricky,Joshua,Peterson,,,W,white,nonhispanic,male,East Michelleton IL US,302 Adrienne Prairie,Chicago,IL,Cook,24396,60612,-65.12073,-166.149986,131538.03,5725.56,23920,001-708-381-4056x07515,crystalbernard@example.org,330841668,330102
e9290780-6047-4d72-9050-78015abd4c97,1969-11-11,,866-09-9806,S73064488,X20860284,Ms.,Andrea,Jason,Davidson,,,,black,nonhispanic,female,Lindseyfort MA US,37854 Stephen Overpass Apt. 188,Boston,MA,Suffolk,07601,02215,20.041077,81.447851,19764.53,79765.92,70269,755-897-9242,piercetina@example.com,330968896,330102
d0f26d14-8fe6-4400-aa85-f3b1e354bb3d,1949-04-09,,248-03-2873,S82044493,,Ms.,April,Brett,Lamb,,,D,white,nonhispanic,female,West Alejandraside IL US,9334 Elijah Parks Apt. 437,Chicago,IL,Cook,50518,60612,10.748935,173.890733,35367.54,16433.3,73877,(293)532-1814x324,nicole21@example.com,050652397,050201
29c94e7a-cf5d-4350-814b-457473ca7026,1989-09-20,,785-84-0625,S89757376,X75571200,Ms.,Brenda,Ruben,Smith,,,,asian,nonhispanic,female,Jeremyshire MA US,60298 Walton Place,Boston,MA,Suffolk,46992,02118,61.782343,69.711746,33034.55,205860.24,66553,(546)844-6376x3745,ldouglas@example.org,140190797,140401
60947e67-5d0a-48e2-8e5f-ece841ebbc3d,1984-11-20,,447-91-1696,S83891598,,Mr.,Jeremy,Michael,Torres,,,D,white,nonhispanic,male,Wilkinsonchester CA US,44315 Alexis Plains,Oakland,CA,Alameda,35033,94609,-65.530777,129.967545,57487.65,1750.78,69845,333-461-9313x0275,jmercer@example.org,330313381,330101
cbfbdcc2-fb71-4d79-ae95-4efb907203c7,1975-08-08,,606-66-1069,S60345328,X46663524,Ms.,Rebecca,,Mckenzie,,,W,black,nonhispanic,female,New Veronica TX US,657 Roberts Centers Suite 189,Austin,TX,Travis,51061,78702,-64.938429,-127.805187,91243.89,21675.25,16662,7527013882,erin16@example.net,330549532,330102
dfdfcae2-563e-4e36-8b07-9c1701b2e3b0,1948-09-06,,390-87-3873,S35301021,,Ms.,Ashley,Jake,Taylor,,,M,black,nonhispanic,female,Jasonside GA US,83636 Haley Greens Suite 213,Savannah,GA,Chatham,48259,31404,-72.033834,117.075161,55368.56,4465.34,73947,(441)504-6599x51702,fernandobass@example.org,330237413,330102
8da9f48b-6e02-4fec-9834-110c59ff37a8,1954-02-12,,399-69-6522,S23401703,,Mr.,Robert,Cody,Erickson,,,D,white,nonhispanic,male,Maryview AZ US,395 Daniels Terrace Apt. 712,Phoenix,AZ,Maricopa,43155,85006,-88.975655,172.693797,14275.22,24436.27,36467,+1-646-357-5340x0912,rmitchell@example.org,330957814,330102
b64a5385-0277-4afa-be59-e7003fb0d6f9,1998-01-08,,883-89-0786,S37750403,,Mr.,Joseph,,Hernandez,,,W,white,nonhispanic,male,Lisaville GA US,87360 Wise Ports Suite 103,Savannah,GA,Chatham,30917,31404,59.549692,52.961214,19605.28,10573.22,49171,237.361.9386,michelle27@example.com,330413286,330102
5b6aaddd-c693-41c9-8762-ac9b997f0002,1924-12-29,,292-50-5230,S87831010,,Ms.,Heidi,Thomas,Weeks,,,,white,nonhispanic,female,Rodriguezfurt IL US,9290 White Heights,Chicago,IL,Cook,20041,60612,20.560529,-144.238076,24267.44,9356.63,41103,887-939-6895,sarahperkins@example.com,050473049,050201
0564e4d2-147e-4b57-858e-73955c173068,1969-08-21,,274-85-3050,S53003393,,Mr.,Drew,Nicole,Andrews,,,,white,hispanic,male,Chadport CA US,930 Sara Key Apt. 744,Oakland,CA,Alameda,16927,94609,81.128439,90.436905,54021.08,13844.54,14906,560.415.2186x1509,mitchellrobert@example.net,030845449,030301
2daf1bae-c97a-4463-b94a-2cc66ecd0657,1950-07-15,,019-31-1858,S50243148,,Ms.,Kristin,Pamela,Hudson,,Webster,,white,nonhispanic,female,Christopherberg TX US,971 Rice Springs,Austin,TX,Travis,10839,78702,18.552671,74.163189,96944.99,2704.54,79539,762-282-9850,jjackson@example.com,140855577,140401
fe46e1fc-63ba-4830-9e75-f1112ed6d34b,1958-11-08,,309-44-4360,S18222717,,Ms.,Mary,Christopher,Wagner,,,S,asian,nonhispanic,female,South Howard MA US,48180 Lewis Ramp Suite 218,Boston,MA,Suffolk,47765,02118,81.082476,66.466521,28786.14,28779.11,52638,639.910.0751x57490,kennethleach@example.net,140763010,140401
f50b8870-b880-4b3a-a335-d3743ab11c24,1960-04-21,,673-64-0644,S96145026,,Mr.,Scott,Tina,Cooper,,,M,white,hispanic,male,Scottshire MA US,0538 Bird Fort,Boston,MA,Suffolk,04890,02215,-84.315391,-105.014394,46122.78,29168.48,63458,+1-658-898-7088x8704,heather61@example.com,330180133,330101
1208bb22-4906-4584-a481-e161e31d0601,1988-10-31,,550-74-7632,S41697470,,Ms.,Jenna,,Carter,,Holmes,W,white,nonhispanic,female,Nicholasshire CA US,741 Angela Mills,Oakland,CA,Alameda,08605,94609,-78.609995,171.885223,44587.78,47942.4,24261,5265332127,cameronsmith@example.com,330897572,330102
2923c2b4-359f-41c3-93d7-db361729cb4d,2014-09-16,,821-76-0599,,,,Allison,Rebecca,Daugherty,,,W,white,nonhispanic,female,Riverashire MA US,557 Lutz Gardens Suite 553,Boston,MA,Suffolk,48333,02118,-8.505177,156.583619,81010.43,45497.12,35591,(248)440-2284,sarah20@example.org,330840536,330101
4ab7e6df-0328-44cb-be2c-d5f224e61322,1931-06-02,,504-02-0883,S31149492,X21730928,Ms.,Debbie,,Campbell,,,,black,nonhispanic,female,Morrismouth IL US,36684 Reed Ways Apt. 284,Chicago,IL,Cook,51906,60612,46.416955,-82.842183,40691.27,5808.17,42524,518.284.2270,amanda23@example.org,330743926,330102
792fcf92-28bd-445a-b584-a71cc173ffe9,1933-10-12,,819-92-3564,S38464633,,Mr.,Peter,Christopher,Jacobs,,,,white,nonhispanic,male,Jeremyborough MA US,85202 Elizabeth Lodge Suite 330,Boston,MA,Suffolk,33846,02215,-41.27126,-128.754725,52127.46,5520.94,62560,+1-727-831-5985x831,griffinangela@example.com,030774892,030301
93e82ed1-dc3f-47ee-a72e-a01a1d6342eb,1978-02-09,,735-44-1007,S38839193,,Mr.,Jacob,Sheila,Fernandez,,,S,asian,nonhispanic,male,Simpsonbury AZ US,9917 Parsons Mission Apt. 178,Phoenix,AZ,Maricopa,39639,85006,81.48576,-90.886823,311635.68,27211.28,21700,9143537098,jesus38@example.net,330834334,330101
06760c5a-d569-4db5-b469-55762337582f,1992-04-16,,239-99-7860,S46021362,,Mr.,Tony,,Martinez,,,W,white,nonhispanic,male,Hawkinsfort MA US,471 Matthew Trail,Boston,MA,Suffolk,17863,02118,-15.149689,67.978593,112620.01,78758.26,38787,(884)343-3720x57064,thomas23@example.org,330555394,330102
b555523c-a07c-496d-ae33-a2eeedb2c97d,1995-06-26,,432-04-1876,S77004600,X24898310,Ms.,Sandra,Jeffery,Contreras,,,D,white,nonhispanic,female,Erinmouth TX US,60782 Cody Corners,Austin,TX,Travis,41154,78702,-9.394994,71.308658,17396.61,14871.41,67821,572.916.3598x702,annapearson@example.net,330159827,330102
9b25069c-b0f7-48ba-8aae-2401df7df523,1947-11-24,,121-57-9454,S72829431,,Ms.,Shannon,,Owens,,Duncan,W,white,nonhispanic,female,Flowersside GA US,9640 Miller Mission,Savannah,GA,Chatham,46124,31404,-42.242469,-106.294939,22460.68,4479.27,35219,636.788.0370x5973,zmitchell@example.org,330628874,330102
2f0e7d72-8a7e-4484-9195-b7d418a5675a,1959-08-07,,732-68-2347,S44036794,,Mr.,Bradley,,Luna,,,D,asian,nonhispanic,male,Campbellfort CA US,0913 Cynthia Lock Suite 955,Oakland,CA,Alameda,46646,94609,61.85399,19.350504,75496.06,13245.4,27138,2532512941,ijackson@example.com,030789187,030301
2c5247b7-cc65-455c-bdd9-23d4d5a4d3f4,1973-03-03,,871-52-9758,S21978747,,Ms.,Rachel,Deborah,Lucas,,,W,white,nonhispanic,female,New Robinshire MA US,0881 Scott Manor Apt. 514,Boston,MA,Suffolk,37981,02215,-88.945963,16.147797,32279.6,34530.4,19027,(333)463-5010x0037,kathrynjohnson@example.com,140816230,140401
72490d46-995d-405e-a9aa-5e6cb2a0088f,1951-09-06,,777-41-7877,S24161841,X39346088,Ms.,Kayla,Katie,Solis,,Myers,D,black,nonhispanic,female,Port Jason MA US,12584 Collins Knoll Apt. 208,Boston,MA,Suffolk,03374,02215,0.51745,-4.905445,67320.67,15724.52,51737,376.687.1339x58789,hamiltonpatricia@example.com,330703846,330101
10ee8cec-11cc-4b8b-ae8a-175c8fdd9e16,1985-01-06,,655-99-0290,S56994924,,Mr.,Rodney,Crystal,Ward,,,,white,hispanic,male,Mauricefurt TX US,39409 Roberts Terrace,Austin,TX,Travis,33553,78702,-12.614598,-85.267336,113833.05,6621.62,44954,(495)589-3280x19280,susanbrown@example.org,330570380,330102
f7e55ca2-c68e-4592-8955-89aa27ca29fe,1971-11-16,,724-48-1917,S24185341,X57152504,Mr.,Lee,,Carroll,,,W,white,nonhispanic,male,West Kristinaport MA US,10592 Holly Spurs Suite 318,Boston,MA,Suffolk,52698,02118,2.476484,-178.46314,18502.35,15175.33,116646,4543845841,ruth65@example.org,050113688,050201
34b672bb-14f4-4454-a237-c819f43aec3c,1953-02-23,,563-72-5432,S39269313,,Mr.,Hunter,Ashley,Vincent,,,M,asian,nonhispanic,male,North Michelle MA US,831 Thomas Drive,Boston,MA,Suffolk,30316,02118,-18.187818,-176.052651,25901.68,23362.52,50299,(943)372-0773x810,costaemily@example.net,030312438,030301
55281862-66cd-4aac-9d51-38b17cf8b813,1931-10-14,,843-98-3681,S79464558,X34011781,Mr.,Robert,Jocelyn,Wallace,,,W,white,nonhispanic,male,Murphymouth CA US,3548 Sylvia Locks,Oakland,CA,Alameda,40837,94609,7.039055,1.390178,8479.8,10915.86,34593,589.725.4580x898,ftrujillo@example.net,030918902,030301
82687258-5580-4ace-8507-ec5517c5def1,1984-05-30,,594-90-7518,S11224879,,Ms.,Penny,Melissa,Martin,,,S,white,nonhispanic,female,Kellybury TX US,163 Barnes Park,Austin,TX,Travis,41489,78702,26.958074,-74.271036,61045.26,49864.29,23911,290.368.8608,david08@example.net,110372048,110501
3cc2f3e2-0257-4673-bb07-314a4b7f7e4d,1965-08-13,,636-32-7922,S28203412,,Ms.,Stephanie,Daniel,Warner,,,D,white,nonhispanic,female,Brianfort AZ US,75607 Ricky Landing,Phoenix,AZ,Maricopa,55689,85006,-76.549577,158.981364,10641.6,12292.28,42518,001-413-425-9118,lisa20@example.net,330151104,330102
f506c945-d4fe-496b-bea7-88a3a10d8f99,1970-01-18,,215-88-0483,S19666907,,Mr.,James,Megan,Wright,,,D,black,nonhispanic,male,Garyland GA US,7495 Julia Station,Savannah,GA,Chatham,48041,31404,49.175613,97.553678,12809.62,11220.39,26950,(287)759-4261x4511,charlesmorris@example.net,050295232,050201
c86eaa9b-fb7f-4995-99b7-3b05c6845bfb,1981-03-24,,138-09-6432,S98586213,,Mr.,Drew,Tracy,Schmidt,,,W,other,hispanic,male,West Amanda MA US,5418 Nicole Inlet,Boston,MA,Suffolk,33075,02215,37.256385,-166.135666,15505.05,11326.12,43487,333.925.6840x32551,lisa42@example.com,140718723,140401
793de390-d5c0-4e1d-909b-e765ec518bb3,1955-03-23,,894-61-0848,S72408392,X35079240,Ms.,Brandi,Anne,Clay,,,S,other,nonhispanic,female,East Robertmouth AZ US,89924 Ross Burg,Phoenix,AZ,Maricopa,28504,85006,-18.232603,-98.004918,20424.41,15210.15,35542,278.817.5666x995,angelrichardson@example.org,330404207,330101
ff3f0bda-9660-4236-afc0-197d0af7c375,2001-06-09,,609-12-0068,S22173858,X95716462,Ms.,Deborah,Candice,Horn,,,M,black,hispanic,female,New Joseph IL US,74734 Rodriguez Ways,Chicago,IL,Cook,05885,60612,-53.187803,-75.858233,160676.34,19801.15,71527,264-507-2648x018,randall28@example.com,330292954,330102
b1998644-4943-4649-bc34-ff434eb8aee7,1973-02-02,,856-82-9182,S24678229,,Ms.,Crystal,Lisa,Jones,,,W,white,nonhispanic,female,New Crystalside GA US,19868 Heather Road Apt. 221,Savannah,GA,Chatham,17887,31404,-27.342627,-105.488851,45213.28,13179.06,24211,001-338-319-5086x88385,reynoldsdana@example.com,330449868,330101
790afa8f-1a7a-4e6b-a93e-17b19b48f199,1997-06-21,,567-79-4804,S44312398,X61653809,Ms.,Mary,John,Perez,,,W,white,hispanic,female,Lake Danaland MA US,6394 Michelle Grove Suite 232,Boston,MA,Suffolk,41143,02118,-65.640581,-26.630199,69057.5,81698.0,39238,001-439-253-5048,erikacarlson@example.com,330854835,330102
f740c639-dad2-425e-b4b7-a5f05d44f494,1924-11-14,,749-16-4523,S15867122,X83235801,Mr.,John,Robert,Ayala,,,W,black,nonhispanic,male,Jacobhaven MA US,645 Crystal Cliff,Boston,MA,Suffolk,10656,02118,-66.983116,117.431694,39729.82,7522.43,44594,528.239.9048x317,dianakennedy@example.org,050918813,050201
0af28e36-f90e-4f3a-82b7-f324d0fa24c3,1985-09-24,,680-46-4733,S33609774,X61420643,Ms.,Erin,Blake,Dillon,,,,other,nonhispanic,female,Smithville IL US,146 Hamilton Flat Suite 413,Chicago,IL,Cook,52912,60612,53.155316,-117.815989,88339.83,4720.74,59149,(519)837-3036,gonzalezelijah@example.net,030174174,030301
372f2a8d-c10e-489e-9310-ecaaf47990a7,1960-09-04,,556-99-6320,S41332485,X10239678,Ms.,Elizabeth,Jonathan,Patel,,,M,white,nonhispanic,female,Hahnmouth AZ US,48244 Darlene Knolls Apt. 816,Phoenix,AZ,Maricopa,47111,85006,17.343322,79.232264,14641.85,55838.22,31882,(911)640-4905x1573,gwagner@example.org,030326794,030301
a1f0580b-86f7-4cb8-9276-ce499f8889d7,1948-09-23,,535-30-4352,S80500225,X67748365,Mr.,Steven,Michael,Brown,,,W,white,nonhispanic,male,North Jessica IL US,883 Burnett Curve Suite 265,Chicago,IL,Cook,29677,60612,82.657676,-123.52046,66693.42,9357.99,24600,905-755-8019x281,coleashley@example.com,330736134,330102
76af041f-8b43-4440-a5b8-489e51e70158,1949-12-25,,265-25-2728,S84114126,X36511020,Ms.,Lisa,Monica,Bennett,,,S,black,nonhispanic,female,West Jasonview AZ US,56198 Mcdonald Green,Phoenix,AZ,Maricopa,32695,85006,14.687283,-110.720391,63939.22,4554.06,98759,+1-942-436-8407x99778,bperry@example.com,050588515,050201
213a47bd-0e93-4b2e-bb45-f05a2a7d3769,1950-07-14,,418-58-9622,S83393365,,Ms.,Emily,,Clarke,,,S,black,nonhispanic,female,Tammychester IL US,14342 Lisa Stravenue Apt. 885,Chicago,IL,Cook,20241,60612,-38.234448,15.149462,63851.37,9302.83,88297,(795)855-1648,markhayes@example.com,330575501,330101
6aaff45d-6ffa-4e9f-ae69-4d002a8f87e6,1931-08-21,,731-08-9283,S13360791,,Ms.,Sonya,,Chapman,,,S,black,nonhispanic,female,Lake Kristybury TX US,866 Shawn Avenue Suite 727,Austin,TX,Travis,42794,78702,-45.607141,55.805405,5384.0,8238.89,67596,833-224-7356,watkinskaren@example.com,330748159,330102
c2536d90-b1bf-46bb-96a8-533e90b585d5,1977-01-24,,552-80-4432,S57521315,X83984719,Ms.,Gail,,Gilmore,,,D,white,hispanic,female,Kaitlynchester MA US,689 Anna Estate,Boston,MA,Suffolk,42068,02118,-42.408271,167.935064,63041.04,4835.16,109009,(223)946-9831x3952,patricia48@example.org,030477645,030301
28df591d-bc05-43df-9b2e-0ba75cc27dbb,1983-04-05,,597-44-5213,S82594432,,Mr.,Thomas,James,Quinn,,,,white,nonhispanic,male,Port Bradley MA US,52358 Joseph Island Apt. 551,Boston,MA,Suffolk,52936,02118,-41.161472,-46.984642,15480.5,5010.85,39458,374.875.7751x136,phill@example.org,110741032,110501
2c1fc593-2dca-4a94-ac5d-e046fd24fea3,1939-08-21,,616-26-0256,S48212060,,Mr.,Greg,Megan,Vargas,,,S,white,nonhispanic,male,Anthonymouth MA US,8029 White Ville Suite 647,Boston,MA,Suffolk,03533,02215,-26.790408,51.301614,55493.04,5388.12,30284,882-371-7692,abutler@example.net,330454623,330101
3fa9478a-17ef-400d-8dc9-524ac5284e2d,1976-09-23,,433-03-2821,S29160457,,Ms.,Courtney,Gordon,Gallagher,,,,black,nonhispanic,female,Johnsonside IL US,0439 Alyssa Locks Apt. 901,Chicago,IL,Cook,01316,60612,14.750181,94.331716,45144.42,16786.78,62514,913.504.6017x94201,tiffany70@example.net,030622309,030301
99fcedd5-e030-4793-aa10-8affad22b6bd,1983-01-27,,502-64-1135,S72443628,X11866546,Ms.,Nancy,Elizabeth,Mason,,Smith,D,black,nonhispanic,female,North Ryan IL US,7894 Carlos Trail,Chicago,IL,Cook,45430,60612,39.191313,17.453773,13866.95,41209.8,231529,+1-872-640-2903,gblackwell@example.org,330679190,330102
7b6335f8-9a39-40e4-8fcf-dc9abfe96a19,1946-04-18,,065-66-4431,S15287244,,Mr.,William,Yolanda,Osborne,,,M,black,nonhispanic,male,East Eric GA US,04407 Flores Ranch Suite 872,Savannah,GA,Chatham,51307,31404,83.682497,140.720462,184299.43,9697.65,51383,834.808.6113,daniel35@example.org,330385647,330102
f626ae66-d934-4e80-a44d-2a9785968be4,1972-09-30,,207-35-0797,S29964288,X92260745,Mr.,Scott,,Gonzalez,,,S,black,nonhispanic,male,South Eric CA US,41669 Stephanie Vista Suite 836,Oakland,CA,Alameda,45110,94609,38.810823,15.60877,113004.14,22214.63,33988,992.435.0803x1722,rachel53@example.com,050723219,050201
d63e1d13-7aa2-49a9-9327-2b426012c009,1971-02-13,,040-39-2708,S38720182,,Ms.,Theresa,Carla,Carter,,Mcdowell,W,white,nonhispanic,female,Diazburgh IL US,05330 Matthew Stravenue Apt. 550,Chicago,IL,Cook,10180,60612,-35.120978,-36.300693,8360.65,11710.41,43017,+1-209-580-5365x422,olsonlindsey@example.org,050966505,050201
6e3e49b4-e545-42f6-9abb-40332c87b742,1969-05-17,,145-99-1727,S55305322,X16821582,Mr.,Paul,Christopher,Davis,,,D,white,nonhispanic,male,Johnstonport MA US,6813 Joseph Street,Boston,MA,Suffolk,17697,02118,35.141576,-10.21456,43123.64,12034.22,27101,001-772-566-7176x849,nguyendaniel@example.com,030353369,030301
17f99660-3d88-416c-a91f-cf4cd2495363,1966-06-06,,682-43-3811,S88229161,,Mr.,Michael,Jessica,Daniels,,,D,black,nonhispanic,male,Wangmouth CA US,0668 Timothy Wall,Oakland,CA,Alameda,47555,94609,-84.975988,-167.490289,148423.35,20528.62,61463,913.745.2317x8250,davidwilliams@example.net,140991582,140401
3ccd9f74-ddc6-49e6-9a97-82a7d9ec2b19,1965-11-16,,264-70-7465,S83688612,X69532677,Ms.,Jessica,,Powell,,Lawrence,,white,hispanic,female,Meredithside AZ US,725 Whitney Burgs,Phoenix,AZ,Maricopa,24399,85006,4.391546,106.528077,21850.11,69948.8,56555,318-283-2601,jean21@example.net,140438917,140401
bac6c6b0-faf6-4a0f-a776-8db46788fb9c,1980-12-08,,087-50-2537,S84369610,X18077821,Ms.,Amy,Philip,Hunt,,Morse,D,white,nonhispanic,female,Phillipschester AZ US,1320 Brian Shores,Phoenix,AZ,Maricopa,54012,85006,-16.865203,-22.651298,91509.43,19745.79,78362,(491)918-5781,coxsarah@example.org,140332097,140401
51873690-084d-45d2-a3bf-017095c28469,1989-06-10,,815-38-8206,S99582411,,Mr.,Jonathan,,Bates,,,D,other,nonhispanic,male,Nataliestad TX US,2616 Monica Radial Suite 078,Austin,TX,Travis,17407,78702,8.603231,-85.205336,15836.34,3818.73,125218,561.493.6966,ldavis@example.com,330360456,330101
bf3b4ece-a379-402d-aeab-d8ba3a8e1142,1955-04-30,,163-83-7028,S66884794,,Ms.,Samantha,Stephen,Brown,,Harding,M,other,nonhispanic,female,Duncanberg CA US,47401 Jessica Coves Apt. 698,Oakland,CA,Alameda,48374,94609,-60.054037,-174.198207,35647.7,22735.47,86514,(291)512-4556,greyes@example.net,330438912,330101
3ec66c75-9905-42c3-a52a-aab020c62dc7,1963-04-15,,349-68-0562,S15743433,X62049575,Ms.,Mary,Justin,Sanders,,Rogers,M,white,nonhispanic,female,Bakerberg MA US,245 King Crescent,Boston,MA,Suffolk,15358,02215,-20.69612,148.904823,19894.19,17109.49,70171,954-991-3392,kimrebecca@example.org,330177385,330102
65e3f50e-1dc2-44f1-bba1-f9cf0e5a5151,1964-09-12,,269-26-5564,S13028724,,Ms.,Rebekah,Randy,Harrison,,Walker,S,white,nonhispanic,female,Williamsonfurt IL US,091 Kylie Fall,Chicago,IL,Cook,35271,60612,25.351016,-1.989944,11182.35,17824.36,47550,+1-945-452-6955x0521,ddavis@example.org,030348636,030301
6bff80f3-d4ee-4638-8c40-3804162d2c70,1988-06-13,,256-31-0493,S33794795,,Mr.,Joseph,David,Rodriguez,,,S,white,nonhispanic,male,North Julie GA US,12205 Olson Divide,Savannah,GA,Chatham,17097,31404,-41.608726,63.190048,24013.21,14444.11,19688,4813502191,laura29@example.com,140415676,140401
052520d1-f900-45f9-97dc-ff1d1b3af2ee,1979-12-19,,783-10-1467,S31071673,,Mr.,Jerry,Marcus,Nichols,,,,black,hispanic,male,North Anthony CA US,553 Cole Alley,Oakland,CA,Alameda,26250,94609,42.078181,58.415648,65210.82,21296.91,54333,688.376.8683x671,joshua95@example.org,140390067,140401
5f5384a1-b05a-4409-a6a0-944a6929f8d5,2008-03-28,,431-46-7728,S92145457,X80091800,Mr.,Dustin,Nathan,Rodriguez,,,M,white,nonhispanic,male,Kyleside CA US,52585 Campbell Club,Oakland,CA,Alameda,08512,94609,13.723411,129.43127,23497.41,2960.46,71912,(503)567-8146x24601,lisa09@example.org,330262372,330102
afecc6b8-7a86-47f9-8d6a-989a3b99b05f,1989-02-14,,875-99-6044,S98229949,,Mr.,Nicholas,Ivan,Roberts,,,W,other,nonhispanic,male,Olsontown CA US,909 Andrew Vista,Oakland,CA,Alameda,20454,94609,-46.266036,-11.669766,150426.85,4130.25,54927,+1-780-525-2568x1631,tyronemills@example.net,330955961,330102
7991ba01-5906-4ee5-87dd-90e5a79a9ce2,1932-07-13,,054-44-9670,S85400052,,Ms.,Linda,Nicole,Stephenson,,Mckinney,,black,nonhispanic,female,South Ronald MA US,13087 Jason Circles,Boston,MA,Suffolk,54046,02118,-16.9772,93.886121,11466.5,72091.54,82412,(906)581-3873x066,barnesamanda@example.org,050907791,050201
fa19f00a-3c52-4c56-8152-189efffeb9b4,1944-01-24,,172-59-8967,S14022332,X43636147,Mr.,Jon,Donna,Schneider,,,W,white,nonhispanic,male,Bentonville CA US,9275 Cox Locks,Oakland,CA,Alameda,42424,94609,65.54731,-86.542734,25319.7,8166.79,62197,882-634-9551,stephaniebrown@example.net,030491268,030301
6549bec3-1301-43ba-8d1c-b67fb5a0b90a,1974-12-11,,162-86-7916,S11765897,,Ms.,Jenny,Timothy,Butler,,Love,W,black,nonhispanic,female,South Jennamouth IL US,46086 Kristine Rest Apt. 365,Chicago,IL,Cook,11421,60612,-12.384915,164.912505,23120.55,20619.74,42243,460-946-7506x920,davenportkayla@example.com,330735809,330101
b72023b4-900e-43e1-8455-c8e3e573a866,1954-02-28,,844-88-8689,S95846677,,Ms.,Carrie,,Reeves,,Mcdonald,,white,nonhispanic,female,North Aaronberg MA US,832 Harris Plains,Boston,MA,Suffolk,42342,02215,5.895677,-41.987397,17354.16,9223.1,27470,+1-278-701-7819x704,alan32@example.org,030630212,030301
df6b6d70-e965-4dee-9c0d-a20668573b0f,1936-10-05,,123-89-2827,S68735779,,Mr.,John,Andrew,Stone,,,S,black,nonhispanic,male,Lisamouth AZ US,061 Lauren Rue Suite 161,Phoenix,AZ,Maricopa,43176,85006,-37.2556,-133.841153,25425.14,7400.37,32223,706-793-4570,rebecca44@example.com,330198007,330101
d9431527-dd9d-477f-b4e7-a59bcdd22c6b,1974-05-04,,069-73-6871,S34254533,,Mr.,Keith,Caitlin,Mills,,,M,asian,hispanic,male,New Jessicatown GA US,8024 Ruiz Alley,Savannah,GA,Chatham,36471,31404,-27.081186,-167.438625,19331.92,10748.46,37972,859.476.7819,frankmax@example.com,140871480,140401
ac912e8e-7136-48f9-914d-18b2f8a9d00a,1996-01-03,,702-40-1031,S57736871,X98355595,Mr.,Alvin,Chase,Moore,,,,asian,nonhispanic,male,New Katie MA US,0388 Theresa Parks Suite 264,Boston,MA,Suffolk,10145,02215,22.741454,34.075824,28455.0,27600.06,64867,+1-536-549-4927,douglasdevin@example.org,330243127,330101
5c530ab0-cc84-4b41-a7e9-ec2188f8b35d,1953-09-13,,707-27-1461,S12994454,,Mr.,John,,Jacobson,,,S,black,nonhispanic,male,South Toddhaven GA US,24369 Davis Pike,Savannah,GA,Chatham,45006,31404,-19.052799,-58.744725,53893.11,23546.19,48420,+1-337-831-7565x65152,diazkatie@example.com,330172743,330102
2ea62fe5-984e-4804-a68e-bf48da7ecb90,1954-05-02,,290-68-7550,S63719545,,Ms.,Jeanne,Sergio,Stewart,,,D,white,nonhispanic,female,Austinborough GA US,972 Crane Glens,Savannah,GA,Chatham,34115,31404,-27.066087,-134.695427,55227.18,110106.6,24020,(651)974-9084,vzavala@example.org,050819180,050201
27dda9a3-4abf-4044-a0a9-3b0c3109bab6,1996-12-04,,478-77-2194,S43101191,X46365688,Ms.,Tracy,Allison,Ortiz,,,S,other,hispanic,female,North Jenniferport TX US,641 Angela Stravenue,Austin,TX,Travis,20488,78702,-15.719978,-117.391494,64259.87,27414.42,35656,360-401-4405x5312,qmorse@example.org,050635269,050201
38791f98-dce3-4704-9991-c5dbe14709f7,1976-08-24,,410-46-1969,S76175178,,Mr.,Dalton,Katherine,Glenn,,,S,other,hispanic,male,Kennethhaven CA US,1334 Lopez Highway Apt. 685,Oakland,CA,Alameda,02822,94609,-25.578258,-4.113481,22658.22,15641.32,21462,269-954-8939,connerallison@example.org,140989353,140401
4d661321-e957-4eb8-b97c-edcd95e5b8bd,1979-01-26,,667-85-0116,S34041675,,Ms.,Patricia,Patrick,Ball,,,M,white,nonhispanic,female,Brandyville IL US,63207 Kimberly Isle,Chicago,IL,Cook,06347,60612,38.092911,-75.077734,170029.89,9279.37,70618,(815)430-8505x22790,richardsondaniel@example.com,330746984,330102
d98113b6-eb1f-44a1-9196-0369fc555576,1951-02-28,,595-92-1670,S94438140,,Mr.,Jonathan,,Collins,,,M,asian,nonhispanic,male,Port Nicolestad TX US,699 Bell Passage Apt. 017,Austin,TX,Travis,39560,78702,48.403154,133.115815,34704.54,3794.52,55876,290-527-2606x181,kristin64@example.com,330961886,330102
1ea4cfb1-c558-4125-8e4b-6f39636abc0a,1974-04-30,,555-43-7635,S37063697,,Mr.,Joseph,David,Ramirez,,,M,white,nonhispanic,male,Jonesfurt TX US,83957 Kane Extensions,Austin,TX,Travis,13345,78702,-40.367458,-73.757329,93033.82,17568.75,32858,001-520-792-6386,leekevin@example.org,030149117,030301
4f7320d1-c593-43ab-8f06-867bff81b17b,1944-11-09,,039-85-2844,S52546232,,Ms.,Renee,Kellie,Rodriguez,,Williams,M,white,nonhispanic,female,Lisaville GA US,14031 Smith Ville Apt. 649,Savannah,GA,Chatham,06993,31404,14.649938,143.144485,30264.82,17079.34,49263,6117326954,smithkaren@example.org,330286387,330101
ab262f8f-350d-44fe-96c5-62d249260978,2008-08-26,,408-11-3860,S28802127,,,Michael,,Frank,,,,other,nonhispanic,male,Sarahmouth IL US,051 Katherine Path Suite 835,Chicago,IL,Cook,39591,60612,55.329448,142.384183,70105.43,3575.81,30636,001-671-688-9082,gscott@example.com,330986208,330102
c9248fe2-0b14-471c-a0a5-8f1667628a7b,1985-11-23,,589-69-3663,S80456582,,Mr.,Brian,Matthew,Chavez,,,W,white,nonhispanic,male,Martinezburgh IL US,5398 Jesse Common,Chicago,IL,Cook,01003,60612,-49.569323,179.037122,11150.3,7874.9,85233,001-344-430-6871x85150,dukeandrew@example.org,330528776,330101
bbfe2390-adad-47a4-9114-6f9b3cf1366b,1984-09-15,,367-19-5281,S79344964,X76286294,Ms.,Laura,,Hampton,,,W,white,nonhispanic,female,Kellyshire MA US,2750 Sharon Ports Suite 367,Boston,MA,Suffolk,07818,02118,-75.535496,73.480451,65114.38,3788.78,94344,369.376.0044x6813,juarezbrianna@example.net,330210368,330101
de1ddfb4-a783-4cd4-9e6e-c8bac8d30faa,1992-08-30,,266-56-4913,S23021778,,Ms.,Brandi,Thomas,Perez,,,S,other,hispanic,female,Port Kathleenmouth TX US,19349 Robert Ferry Suite 500,Austin,TX,Travis,48680,78702,80.013196,61.713737,14276.82,10150.9,27609,+1-552-615-6694x771,klowe@example.com,330136196,330102
26ba2358-8c49-4210-a2cc-fce613e938ee,1970-06-04,,529-60-2193,S20887054,X15207890,Ms.,Suzanne,Samantha,Phillips,,,M,white,hispanic,female,Lake Christinestad MA US,3161 Emily Keys Apt. 082,Boston,MA,Suffolk,49436,02215,22.274755,-140.659709,13356.17,2776.16,165000,(814)813-8310x179,landerson@example.org,050138159,050201
26cd4869-cd61-4ffc-bcb8-2abdc92dc8d8,1950-12-18,,151-63-0577,S47601025,,Mr.,Connor,Christopher,Dean,,,D,white,nonhispanic,male,Scottville TX US,09336 Davis Shoals Suite 686,Austin,TX,Travis,54355,78702,38.06176,-47.186655,107649.0,20505.08,23755,(501)806-3933,garrisoneric@example.org,140409481,140401
d2c97a3e-078a-4733-b84f-f422cc8c66e7,1952-03-08,,499-47-4699,S58400770,,Ms.,Sheena,Jessica,Baker,,Patterson,M,white,nonhispanic,female,New Matthewview MA US,186 Tiffany Island,Boston,MA,Suffolk,17962,02215,-39.829538,108.108492,43322.52,45613.57,47897,(554)329-4253,gmorales@example.com,140679536,140401
7133cbbe-e724-41b4-af52-ee47281b3c3c,1942-09-15,,841-09-8024,S38714803,,Mr.,Scott,,Meyer,,,M,asian,nonhispanic,male,Jeremyberg AZ US,0135 Wendy Ranch Suite 769,Phoenix,AZ,Maricopa,26988,85006,28.149031,86.621595,93678.83,2385.87,91790,793-273-5541x402,swood@example.net,330692268,330102
29b0e2aa-dc87-4bf8-9fb4-29df1a8d9a0f,1976-12-20,,314-07-6299,S41776912,,Ms.,Lisa,Ronald,Ray,,,,white,nonhispanic,female,Martinezberg CA US,01897 Moody Summit Suite 082,Oakland,CA,Alameda,39035,94609,57.263253,-23.517056,12008.09,53572.86,38296,001-690-949-5910,cindyhill@example.org,330414150,330102
6bf8932c-0d3e-4b3b-bc44-a970380421b8,1943-04-16,,672-11-6009,S14306015,,Mr.,Kelly,,Hall,,,D,white,hispanic,male,Port Anthony AZ US,95608 Davidson Meadows Apt. 613,Phoenix,AZ,Maricopa,24749,85006,7.550355,-40.496822,88026.98,7449.59,34069,+1-310-652-6824x3849,qlin@example.net,050652785,050201
ce0b83b5-6f05-4e6f-86b4-f0cda48b084c,1996-08-23,,153-13-9003,S89179653,X78695280,Ms.,Jessica,Stephanie,Alvarado,,,W,asian,nonhispanic,female,West Juan GA US,63409 Connie Stravenue Apt. 457,Savannah,GA,Chatham,07640,31404,84.949991,142.948231,14199.56,6664.91,46889,+1-361-787-4441x817,smithapril@example.org,140413022,140401
c2651aaa-adcf-4ff4-b1ff-4a0c7d8c9338,1938-12-01,,528-09-5458,S57503978,X94442611,Mr.,David,Laurie,Walker,,,W,white,nonhispanic,male,Danielschester MA US,21791 Matthew Squares,Boston,MA,Suffolk,10196,02215,80.552401,55.685215,73144.4,27792.89,65648,(298)426-5887,amber62@example.com,330401010,330102
647e9436-576f-4c17-9e04-f78081edd57a,1954-12-01,,254-39-1555,S78953094,,Ms.,Hannah,,Harmon,,,W,white,nonhispanic,female,Melissabury MA US,64917 Lam Islands,Boston,MA,Suffolk,37637,02215,-61.54551,17.452554,10746.0,29847.83,44312,+1-351-355-6864x30352,ingramedward@example.net,330580013,330102
88ad6c6d-9542-4af8-aaf6-4edd4a288778,1964-03-26,,220-17-6826,S21390640,X74140359,Ms.,Sarah,,Carter,,,,white,hispanic,other,New Susan CA US,539 William Station Suite 703,Oakland,CA,Alameda,44779,94609,12.973611,-1.861764,31207.94,29764.31,87439,+1-953-368-0905x7124,eileen03@example.com,050806377,050201
63610024-16a9-4ec4-9e8a-ee19ad00844c,1938-09-24,,367-91-6405,S86951733,X42475833,Mr.,Juan,,Cobb,,,,black,nonhispanic,male,Port Frank MA US,74997 Bradley Gateway Suite 858,Boston,MA,Suffolk,50898,02118,-12.233669,-83.420383,22667.94,1286688.1,74233,001-279-740-5337x186,fhoward@example.com,330758454,330101
f7fce8ad-ed81-4752-b1d9-54a4cc78e70a,1957-05-08,,331-17-8595,S48840000,,Ms.,Andrea,Zachary,Wong,,,D,white,nonhispanic,female,Johnmouth GA US,5983 Ryan Fork,Savannah,GA,Chatham,19010,31404,-64.168306,12.60173,29407.27,23389.29,186266,801.490.9704,jason52@example.org,330653335,330102
76c96e15-3af4-4b42-a5c6-9a2baea171ed,1980-02-10,,720-26-0950,S16918195,X49578509,Ms.,Morgan,Matthew,Petty,,,D,white,nonhispanic,female,Martinezside AZ US,9821 May Rest Apt. 350,Phoenix,AZ,Maricopa,19919,85006,-19.825043,136.754606,39424.02,3270.13,41973,001-897-605-4330,diana24@example.com,140294988,140401
b394638d-1217-47d3-ac2c-e2b61af4f7bb,1975-05-19,,709-29-7599,S15868242,,Ms.,Julia,Betty,Wright,,Miller,W,black,nonhispanic,female,New Barrychester IL US,804 Mosley Coves Suite 248,Chicago,IL,Cook,26641,60612,-8.518175,69.602045,18365.75,28235.36,53093,842.303.9441,corey77@example.org,330210464,330101
c607b2e6-28d0-4515-8c5b-351ede441303,1949-09-26,,192-87-1825,S19134899,,Mr.,Zachary,Cindy,Palmer,,,,white,nonhispanic,male,North Kevinton CA US,4413 Bradley Ridges Apt. 020,Oakland,CA,Alameda,51982,94609,-9.091693,10.830423,14642.36,17426.28,81307,927.789.2597x74097,gbanks@example.com,330321561,330102
961a6d3f-dbbf-47b8-b3d0-5694c756cee5,1958-06-24,,592-90-8460,S71671964,,Mr.,Kyle,Ronald,Martin,,,S,white,nonhispanic,male,North Alisonton TX US,992 Connie Park,Austin,TX,Travis,40958,78702,-84.54689,-122.363185,7433.96,14813.03,13769,750-959-1124x163,christine62@example.org,050622432,050201
7c0f5181-0595-4462-96d0-afda92f4bd47,1965-10-31,,377-85-9674,S83603415,X18494541,Ms.,Jennifer,David,Oneal,,Clark,M,black,nonhispanic,female,Robertton MA US,485 Julian Squares Suite 043,Boston,MA,Suffolk,23347,02215,60.777943,-86.857674,134879.61,77313.01,27838,001-891-992-7493,michele98@example.org,140902407,140401
5e09ddaf-2114-4a83-b9b9-43de498c6f68,1980-07-02,,344-66-4493,S83416614,X84249961,Mr.,William,Brian,Reynolds,,,S,white,nonhispanic,male,Port Steveview AZ US,4186 Watts Lodge,Phoenix,AZ,Maricopa,23753,85006,-56.327123,-48.031825,303698.35,23312.44,81305,001-840-771-4090x32249,kochjason@example.com,050493514,050201
33788aae-bd4c-4659-94dd-a21630b61302,1992-04-13,,023-68-4368,S93808735,,Mr.,Stephen,Timothy,Montoya,,,M,white,nonhispanic,male,West John TX US,672 Walker Shoals Suite 868,Austin,TX,Travis,40767,78702,-22.269339,109.779313,128179.19,14570.88,46710,+1-413-507-8156x850,charleskenneth@example.net,030278355,030301
10da862b-05c6-45eb-a27b-1b96a663c273,1967-09-19,,232-55-7781,S22514918,,Mr.,Johnny,,Grimes,,,,white,hispanic,male,South Amanda IL US,2468 Contreras Ford Apt. 161,Chicago,IL,Cook,29581,60612,-55.389666,179.675902,144730.6,16016.99,146424,(578)670-9949,chadparker@example.com,330471817,330101
a196e7fc-51c5-4c60-9815-7acc61f4a683,1988-08-28,,060-55-7519,S59445507,,Ms.,Crystal,Angela,Jackson,,,S,white,nonhispanic,female,Collierborough AZ US,3421 Megan Bypass Apt. 552,Phoenix,AZ,Maricopa,05382,85006,29.341849,-62.16788,134467.42,36877.68,57316,(548)591-5714,mnelson@example.com,030588887,030301
44bf3a33-8689-4de1-934e-83c1dbb07966,1935-08-11,,621-08-8073,S82203233,X78575153,Ms.,Renee,,Flores,,Miller,,white,nonhispanic,female,New Jason IL US,16135 Mark Loop,Chicago,IL,Cook,04859,60612,-70.178319,18.723493,80885.05,11830.01,23502,636.593.9552x1183,wschwartz@example.org,330982664,330101
ba7302c7-ab23-46dc-a9be-7ade26f23cf9,2005-08-03,,249-78-0300,S62035362,,Mr.,Derrick,Evan,Forbes,,,,white,nonhispanic,male,New Carrieton MA US,2675 Justin Orchard,Boston,MA,Suffolk,44020,02118,-34.238586,171.942708,41627.76,35004.57,68865,001-737-840-1881x04308,jeremy10@example.org,330339272,330101
c03b087a-3f49-496c-9fbc-147f125559f7,2005-09-22,,053-93-9153,S82609656,,Mr.,Brandon,Ashley,Jones,,,,white,nonhispanic,male,Owensberg CA US,29880 Christopher Courts,Oakland,CA,Alameda,50853,94609,14.51083,94.267101,93067.33,54275.27,12879,218-241-1733x49283,lisaguerrero@example.net,330333423,330102
e7be9a63-dba8-4b80-a64a-d8593530f1d1,1998-01-03,,743-07-1194,S37345174,,Ms.,Melissa,Timothy,Taylor,,,S,white,nonhispanic,female,North Thomas AZ US,65117 Joshua Mount Suite 760,Phoenix,AZ,Maricopa,36604,85006,0.900747,99.973652,37330.47,53485.51,106624,(452)306-8704x26050,lopeztammy@example.net,030791170,030301
658cb340-455e-463b-b64d-ff677622ec0d,1995-11-04,,242-15-6497,S25468324,X17036296,Mr.,Michael,,Davis,,,S,white,nonhispanic,male,New Sharonmouth TX US,36757 Nicholson Mews Apt. 356,Austin,TX,Travis,43886,78702,-25.416997,175.217596,29772.5,49735.56,31805,280.588.2096x024,egutierrez@example.com,140781357,140401
e485c19f-36e5-4e2a-ba34-46d855a52534,1981-04-17,,006-95-4240,S46655626,,Mr.,Thomas,Taylor,Kirk,,,W,white,nonhispanic,male,Port Elizabeth GA US,3052 Raymond Summit Suite 572,Savannah,GA,Chatham,19029,31404,-51.174279,-121.128635,30457.87,17801.75,50786,680-412-5158x39731,qrichardson@example.org,330473225,330101
4a078c90-3c81-49a3-afd1-1d9f660c167c,1978-06-11,,110-85-8562,S35192403,,Mr.,James,,Fox,,,M,white,nonhispanic,male,North Brettshire CA US,755 Daniel Mountain Suite 837,Oakland,CA,Alameda,09664,94609,80.619548,-97.554083,18353.86,7619.84,15691,(979)951-2492x872,gary62@example.net,330565332,330102
3ba4af7b-cb3d-4c26-9f4f-80de70a36a07,1948-12-07,,127-97-9624,S21098462,,Mr.,Micheal,,Jordan,,,M,white,hispanic,male,Port Juan TX US,05990 Arnold Way,Austin,TX,Travis,47274,78702,-81.053078,-9.453972,12932.25,5703.0,107548,+1-797-837-5948x58653,myersstephen@example.com,330348332,330102
579d51c5-5001-4e46-9ca9-18482162399c,1979-05-03,,433-01-7924,S55436519,X82316253,Mr.,Christopher,,Wilson,,,M,asian,nonhispanic,male,Port Christopher GA US,40012 Todd Villages Apt. 787,Savannah,GA,Chatham,09261,31404,15.615982,-72.104667,9666.93,1704.56,19095,001-883-776-6125,maxwell86@example.net,330815643,330102
39400ab4-a91f-40fa-a983-b816faed61e3,1991-06-28,,499-79-6061,S62437495,,Ms.,Chelsea,Gilbert,Dunn,,Waller,W,asian,hispanic,female,Elizabethburgh IL US,62206 Hunter Drive Suite 488,Chicago,IL,Cook,18208,60612,-51.402468,-1.27585,171749.99,10999.75,58830,(621)670-5011,vicki91@example.net,050201855,050201
b61bf69c-233b-44b6-af26-e7c5a8d210e7,1971-05-12,,619-46-1130,S96578562,,Ms.,Jennifer,Ann,Martinez,,Bennett,S,white,hispanic,female,New Jennifer MA US,360 Cuevas Trafficway,Boston,MA,Suffolk,42512,02118,12.044068,-9.957649,15513.24,86672.57,10142,565-832-2422x98630,carlos92@example.org,050622604,050201
1acfba33-eb14-4818-9d35-6b8b2e88acc6,1963-01-11,,680-74-6209,S93023258,,Mr.,Christopher,Gregory,Molina,,,M,white,nonhispanic,male,Blairtown GA US,81268 Holly Road,Savannah,GA,Chatham,05479,31404,-6.535093,-131.067185,42440.33,24022.26,45003,5347504719,garyfuller@example.com,050289902,050201
a6c671e9-5275-4502-ab99-ab37c5ad8ffc,1984-08-01,,176-70-3388,S30402498,X32067489,Mr.,James,Franklin,Kelly,,,W,other,nonhispanic,male,New Jessica MA US,8838 Amy Parks,Boston,MA,Suffolk,25906,02215,41.949042,98.220444,31196.65,4410.72,29999,880.292.8551x5172,sherry94@example.org,050817144,050201
4dcb1231-0222-4efa-9230-cd7d93f200bc,1954-12-28,,064-54-6577,S54913757,X31783323,Mr.,Kenneth,Bailey,Roberts,,,W,white,nonhispanic,male,New Bryan MA US,13922 Amanda Estate Suite 552,Boston,MA,Suffolk,26992,02215,-34.573811,48.0596,23417.32,56836.76,64821,656.475.1859,martinsteven@example.org,050924565,050201
758812fc-9356-48e6-9b2c-0ddcc2afaba0,1952-09-08,,442-75-3237,S48312014,,Mr.,Daniel,Scott,Buchanan,,,,white,hispanic,male,South Tracey MA US,35477 Sarah Shoal,Boston,MA,Suffolk,12303,02215,58.446917,-171.764473,10426.05,16422.27,41204,001-520-724-7980x924,jennifer19@example.net,330916748,330101
d65c03d7-26e4-40fc-a0fd-03829f1ad71c,2005-07-22,,838-85-0305,S71548377,,Ms.,Kimberly,Tabitha,Bowman,,,W,other,hispanic,female,Freyland GA US,6611 Lee Mount,Savannah,GA,Chatham,43419,31404,-56.255705,90.285155,196618.77,3280.96,32215,645-809-7744x54449,silvadylan@example.org,330203739,330101
051be03e-f8c6-4a50-b3e8-2738052f35d5,1960-12-15,,451-86-1668,S98924200,,Mr.,Thomas,Jimmy,Rogers,,,D,black,nonhispanic,male,West Brendafurt TX US,7363 Jeffrey Manor Apt. 129,Austin,TX,Travis,23676,78702,46.718727,-144.161687,25060.19,62893.74,37805,5998096840,snyderpamela@example.com,140389787,140401
0e40771f-70d7-42a4-ae12-0098a1e6a32d,1984-10-21,,800-64-0095,S62323054,,Mr.,David,Katherine,Cherry,,,S,white,nonhispanic,male,Lake Amanda TX US,181 Joshua Groves,Austin,TX,Travis,34742,78702,-55.049926,87.942295,30005.85,10761.45,27683,001-711-572-2216x384,daniel36@example.org,140630538,140401
141642f5-afa7-4efe-b4f8-3919f056cca2,1942-02-04,,370-24-1206,S65761075,,Ms.,Mary,,Beck,,,W,white,nonhispanic,female,South Dustin TX US,301 Christine Mountains Apt. 364,Austin,TX,Travis,03146,78702,-8.118726,126.871769,46293.36,2043.26,32883,386-513-3327x050,williamstony@example.org,140764062,140401
ca5c96e7-bf70-440a-99aa-9178a72cfc4b,2003-11-05,,636-48-5269,S87904786,,Mr.,Joe,Courtney,Stewart,,,S,white,nonhispanic,male,South Tamiville CA US,223 Jesse Spurs Suite 621,Oakland,CA,Alameda,18505,94609,-45.487733,11.317426,84835.43,11727.54,75004,8376415569,amy74@example.net,330160676,330101
9c8902a2-5c38-4f3f-8e44-ed0b23d6e113,1959-04-29,,459-19-4755,S38040943,X61952168,Ms.,Pam,,Nunez,,Ashley,W,white,nonhispanic,female,East Timothy GA US,907 Chad Common Apt. 721,Savannah,GA,Chatham,04451,31404,69.729206,-172.687067,156884.98,15727.61,96090,4225993315,wilsonthomas@example.net,030311073,030301
35bfc6c9-b8b2-4821-9376-0b26dbed0fc5,1951-12-21,,280-31-7973,S36847869,X60201430,Ms.,Alejandra,John,Jensen,,,W,white,nonhispanic,female,Wilsonhaven TX US,25730 Harris Forest Apt. 480,Austin,TX,Travis,27196,78702,38.464861,44.97346,6399.01,12667.14,43319,503-516-7970x3177,davisdebra@example.org,330939222,330101
32a6b02f-5333-4d09-8c40-c6fe54e58981,1970-03-16,,628-27-9582,S48068193,,Ms.,Robin,Michael,Sparks,,,M,white,nonhispanic,female,Wileybury MA US,2507 Lisa Junction Suite 264,Boston,MA,Suffolk,32735,02215,-1.356783,-67.908169,16372.65,5787.04,82215,001-896-640-2943x9442,robertbarr@example.org,330249917,330102
8d6488d0-e70e-4b5f-87a2-4dde6b219d03,1984-11-23,,311-95-7444,S52917008,,Mr.,Jeffrey,Cassidy,Andrews,,,M,white,nonhispanic,male,Brownside MA US,6414 Deborah Trace Suite 225,Boston,MA,Suffolk,54640,02215,-15.389383,99.941545,51947.12,95862.45,25821,(536)797-6164x95524,claytonsamuel@example.net,140804919,140401
26271e6c-4c53-40ab-a255-c579cbded317,1925-04-12,,778-43-7351,S43282367,,Ms.,Tara,Taylor,Butler,,,M,white,hispanic,female,Karlaton TX US,891 Vargas Bypass Suite 494,Austin,TX,Travis,51038,78702,-70.932086,-43.969004,242980.2,35394.93,42688,(431)949-7503x700,jenkinscharles@example.net,140864326,140401
dc850eaf-7080-46fa-a66f-f41024466c95,2022-01-22,,572-15-4640,,,,Alan,,Roberson,,,,white,nonhispanic,male,Davidsonhaven MA US,1193 Michelle Neck Apt. 736,Boston,MA,Suffolk,01187,02215,36.913871,2.431972,35933.38,10417.4,51530,741-656-5577x1176,richard53@example.com,330524798,330101
02ca1689-3ea7-4a30-9bbd-30d8f09c5524,2025-11-23,,473-93-5330,,,,Linda,,Franklin,,,,white,nonhispanic,female,Kevinhaven GA US,9331 Wayne Trail Apt. 441,Savannah,GA,Chatham,34030,31404,-70.251843,-148.493258,32301.62,7435.3,48735,9229395920,meganjimenez@example.net,330456848,330102
fdc45949-dfe3-4aac-a3fe-3d0edf37d8da,1972-12-16,,165-38-4222,S78746860,X65002423,Ms.,Jamie,David,Manning,,Fuentes,M,other,nonhispanic,female,New Savannah MA US,788 Suzanne Pine Suite 810,Boston,MA,Suffolk,38300,02118,-7.662762,-130.67377,39375.83,23323.77,55639,994-363-6039x640,zkim@example.org,330293682,330102
f7da1bb8-4d41-4125-9f82-b4ca49d81266,2006-08-19,,661-54-1352,S80205464,,Ms.,Lauren,Karen,Mccoy,,,D,other,hispanic,female,Port Kellymouth MA US,4305 Michael Row Apt. 873,Boston,MA,Suffolk,21491,02118,28.473921,111.70881,5655.8,6323.35,43999,804.847.6135,pmitchell@example.org,050822793,050201
f296684f-4b12-4264-b976-7aec058f66c8,1963-12-18,,582-54-6651,S82474866,,Mr.,Eric,,Wagner,,,M,other,nonhispanic,male,Kurthaven IL US,6518 Smith Brook Suite 919,Chicago,IL,Cook,52856,60612,13.539661,93.097577,22333.1,3317.04,32567,(645)506-1316,josephgalloway@example.com,050754892,050201
c08cd8f8-7558-4d25-821e-fcd58d13aeaa,1954-05-29,,140-41-2396,S16259243,,Ms.,Meghan,Elizabeth,Tyler,,Martinez,S,white,nonhispanic,female,Brianland TX US,29639 Silva Parks,Austin,TX,Travis,20512,78702,25.065291,83.029826,10895.09,16165.52,69335,+1-258-429-2292x05085,gscott@example.net,030644937,030301
922f0faa-b0f3-40cb-85c7-5d1408cc1cf3,1957-11-13,,432-85-2880,S99087332,,Mr.,Nicholas,Michael,Porter,,,M,other,nonhispanic,male,Jennifershire CA US,03601 Harris Squares Suite 528,Oakland,CA,Alameda,20803,94609,39.712649,169.8118,10776.12,9502.88,40269,+1-328-905-7688x1672,pamela92@example.com,140255244,140401
18bee2bb-e1ad-4f6f-acb6-9756f10c552a,1957-12-28,,386-83-6343,S50370659,,Mr.,Dale,Jennifer,Morgan,,,S,white,nonhispanic,male,Tammieborough GA US,518 Jessica Meadows,Savannah,GA,Chatham,23830,31404,-74.413662,132.511024,10829.86,30175.68,43526,(929)509-9870,lucasvargas@example.com,330180231,330101
6ee965bb-23b2-4db4-b465-0f147cbd32fc,1971-04-24,,225-28-6025,S12151425,,Mr.,Mario,,Stanley,,,,other,nonhispanic,male,Port Matthewville GA US,1562 Stevens Square,Savannah,GA,Chatham,55835,31404,-47.364949,125.977291,107664.61,4547.6,58147,9327738873,andersonphilip@example.net,330156816,330102
89f8a538-506a-4120-81f1-ebc493190f83,1982-11-15,,426-73-6394,S90508973,,Mr.,Frederick,Erika,Sherman,,,,white,nonhispanic,male,Lake Mark MA US,820 Harris Corner,Boston,MA,Suffolk,22201,02215,4.042964,-33.801351,12582.35,5457.2,35664,898-925-0480x381,shelly96@example.com,330647017,330102
b9951ee3-32b4-4c7f-a618-5d429790747c,1959-05-13,,214-34-6440,S48639451,X63999368,Ms.,Jodi,Tiffany,Jackson,,,W,white,nonhispanic,female,Amandamouth CA US,292 Odonnell Camp Apt. 491,Oakland,CA,Alameda,33042,94609,37.374173,-144.293627,13768.95,6393.28,16296,(788)550-6354,jonathan29@example.net,140344492,140401
425de463-7718-4cdd-be32-fd6e9a2ef4e1,1972-12-06,,379-45-7868,S52923362,,Ms.,Karen,,Williams,,Cantrell,M,white,nonhispanic,female,Mariaburgh IL US,773 Michael Views Apt. 582,Chicago,IL,Cook,06605,60612,8.950741,-114.899656,29725.4,23683.9,26081,598-343-1679,spencerbryan@example.net,330756297,330101
2f81d684-b31b-4405-8a87-d989c4630292,1957-05-29,,395-73-9825,S81222489,X88882576,Mr.,Darrell,Christopher,Fuller,,,,other,nonhispanic,male,Wilsonburgh MA US,75608 Omar Fords Suite 848,Boston,MA,Suffolk,08220,02215,-87.420556,-14.443926,92642.94,7542.14,145229,+1-874-457-0472,courtneytaylor@example.com,140852353,140401
188db0a5-2a89-4da9-93f1-1e8d0f98e8c6,1953-03-28,,144-23-6280,S65044414,,Ms.,Cheryl,Nathan,Chen,,Smith,,other,nonhispanic,female,Gonzalezside GA US,0492 Ward View Suite 179,Savannah,GA,Chatham,51848,31404,-30.988767,-141.151058,115350.82,18664.7,83254,(663)923-0895x08395,adam55@example.com,330803848,330101
7af59a10-5f8e-443f-a1e8-bc029314a870,1971-12-04,,395-10-6795,S17811199,X67465313,Ms.,Carrie,Krista,Chambers,,,D,white,hispanic,female,Wilsonstad MA US,725 Gonzalez Roads Suite 001,Boston,MA,Suffolk,33710,02118,74.733007,131.073392,13086.5,52871.08,65514,+1-683-284-7704x92343,susan87@example.org,330673529,330102
a779e2b9-1d41-4e19-8ea0-426ec278e54c,1979-10-29,,236-30-2740,S40952825,X28550938,Ms.,Jean,Thomas,Jordan,,,M,white,nonhispanic,female,Rogerview GA US,055 Delgado Extension,Savannah,GA,Chatham,48696,31404,-58.842531,-152.589966,51329.58,7766.1,28825,(647)371-3859x27627,william79@example.net,330570795,330102
cd18fb53-27cb-49aa-b0c4-d8f04b72d15d,1997-08-21,,284-77-9730,S21426848,X59263462,Ms.,Krista,Nicholas,Weaver,,,D,white,nonhispanic,female,Maryview TX US,303 Duncan Harbor Apt. 496,Austin,TX,Travis,19535,78702,-61.927782,50.514371,123315.91,20525.91,27883,001-854-996-4194x19897,jillianfinley@example.org,050520561,050201
15fc1d2d-a1a3-4279-933e-904cc9497460,1942-08-13,,595-67-1295,S81206451,,Ms.,Amber,Jeffrey,Gonzales,,,S,black,nonhispanic,female,New Eric MA US,1491 Beltran Fort,Boston,MA,Suffolk,13938,02118,39.44637,114.494328,24827.46,7879.32,34182,267.870.0397,martinmichael@example.com,030273476,030301
97bfd8b3-a909-4824-9c17-1217a7ae0c05,1957-02-14,,757-70-9163,S26880414,X51976713,Ms.,Amanda,Jeffrey,Wright,,Washington,S,other,nonhispanic,female,Gavinbury IL US,1414 Daniel Stream Suite 683,Chicago,IL,Cook,27659,60612,-40.988625,78.258921,49221.4,11835.73,37913,(562)971-5954x059,davisbrent@example.com,330545193,330101
a1fff750-54f7-44be-ad60-6b6c87a43c08,1974-12-01,,407-07-3285,S43351196,X88769286,Mr.,William,Richard,Vargas,,,W,black,nonhispanic,male,North Jillstad CA US,940 Virginia Wells,Oakland,CA,Alameda,42599,94609,1.102242,-117.492006,5272.52,5855.16,20799,001-714-495-3324x4577,traceyjohns@example.net,110871492,110501
ea82c49f-87b7-4919-894c-aa5a5b95cac1,1964-10-04,,296-29-5732,S89680292,,Mr.,Thomas,Christina,Garcia,,,S,white,hispanic,male,Valdezville MA US,59355 Scott Drives Suite 475,Boston,MA,Suffolk,22085,02118,-5.732408,-110.752193,37950.7,13841.38,114512,756.675.2190x749,brandoncortez@example.com,330716105,330102
697b3d58-ce92-4929-bd57-89651f1674f6,1967-10-19,,682-89-6123,S32219190,X41631431,Mr.,James,James,Edwards,,,W,asian,hispanic,male,Mortonport TX US,849 Jo Flat,Austin,TX,Travis,22028,78702,46.146825,114.033638,79052.96,24548.14,65333,444-814-2726x7063,matthew95@example.org,050199013,050201
a2e0134c-9e5d-49d5-af32-b4561bdfef5c,2018-06-08,,113-27-1145,,X69016555,,Joshua,Charles,Wade,,,W,black,hispanic,male,Erikville AZ US,709 Scott Inlet,Phoenix,AZ,Maricopa,50454,85006,16.947334,115.328629,142216.53,11797.1,29027,340.481.4593x184,bowenchristopher@example.com,140161644,140401
b589cf70-7362-4e8a-9bb4-c60a7023a994,2000-08-15,,569-46-1436,S71337651,,Mr.,Stuart,Adam,Hicks,,,W,white,nonhispanic,male,New Erikfort MA US,493 Carolyn Forks,Boston,MA,Suffolk,30196,02118,-17.091269,-176.14601,11980.79,11066.39,27198,+1-528-215-9705x638,shanemorales@example.net,330603111,330101
39bc0d12-b958-4836-806e-047d7a80990a,1961-04-02,,689-67-6908,S77392237,X33198514,Mr.,Ryan,,Guerrero,,,W,white,hispanic,male,Watkinshaven MA US,89934 Blevins Street,Boston,MA,Suffolk,01869,02215,57.576942,177.318053,63549.61,9255.33,63170,846.816.8664,luishensley@example.org,330879447,330101
919a5e0c-2d2d-446e-8836-d5e8344f39f0,1996-10-18,,457-13-1433,S14667231,X45047454,Ms.,Sherri,Evan,Hamilton,,,W,white,nonhispanic,female,Bergerhaven IL US,21775 Garrett Turnpike Apt. 978,Chicago,IL,Cook,22450,60612,46.717655,-33.795419,86107.83,25532.33,106865,001-846-881-6731x13019,markconrad@example.net,140207809,140401
232f7b5c-5113-4e12-84a8-547a59c18861,1974-07-21,,332-54-3630,S79014852,,Ms.,Donna,Meagan,Newman,,,S,white,nonhispanic,female,Port Tinamouth CA US,29667 Thomas Parkway Apt. 832,Oakland,CA,Alameda,10015,94609,64.209272,-125.32344,47525.58,28680.37,62261,203-913-9379x23246,cameronbenjamin@example.org,330628898,330102
79979bc8-c5ba-4fa5-810e-988300a4c7c8,1988-09-10,,556-74-8851,S24843987,,Mr.,Carl,Stefanie,Wright,,,S,black,nonhispanic,male,Port Stephenbury AZ US,518 James Forest Apt. 407,Phoenix,AZ,Maricopa,23950,85006,76.154895,-176.354826,7699.55,29421.88,255445,001-278-819-4320x700,tbernard@example.org,050398526,050201
ee74849e-9984-4b43-bdf7-c25450582c09,1925-05-07,,030-16-2481,S67655221,,Ms.,Rebecca,Thomas,Hardy,,Hall,W,asian,nonhispanic,female,Lake Micheal CA US,5538 Griffith Plains,Oakland,CA,Alameda,39715,94609,19.427088,-87.812672,171011.4,12308.43,26262,244.713.4109,bishoperika@example.com,330647633,330102
e0aaf100-98b9-471a-a5e0-5c0f82086a67,1985-08-26,,030-76-0581,S75271974,X34390130,Mr.,Andrew,David,Calhoun,,,D,asian,hispanic,male,Foleyton IL US,86113 Christina Station Apt. 087,Chicago,IL,Cook,52629,60612,-83.617878,-130.242762,12071.94,16856.05,24196,679.252.1772x41220,fernandezvincent@example.org,050586228,050201
d989986a-8985-4ea4-aae4-04384c02b38b,1954-09-03,,051-31-1522,S62747356,,Mr.,Ryan,,Smith,,,S,black,nonhispanic,male,West Christopher IL US,9635 Patel Court,Chicago,IL,Cook,28727,60612,-60.101594,64.68545,189727.3,8889.91,62823,900-875-2542,wphillips@example.net,030525475,030301
bc079d11-e46e-42d2-be3c-bbd08cd4146e,2002-10-16,,307-64-5659,S89003181,X65171958,Ms.,Taylor,,Madden,,,D,white,nonhispanic,female,New Stephaniemouth AZ US,48270 Pamela Row Apt. 033,Phoenix,AZ,Maricopa,42365,85006,24.554784,142.780376,54868.28,60938.86,50147,940.750.7312x70831,whitney59@example.net,030862650,030301
57b3d25f-9060-4c39-ac37-477db7d95811,1971-08-27,,883-83-7279,S12265762,X11425481,Ms.,Lori,,Sanchez,,Williams,W,black,nonhispanic,female,South Jim AZ US,31102 Alisha Club,Phoenix,AZ,Maricopa,34880,85006,65.552464,130.219395,27591.61,5851.26,62300,+1-736-916-7802x838,imcintyre@example.net,140913911,140401
e897cae7-605e-4488-9c73-c5f65e08c24d,1942-04-21,,347-81-2490,S43546491,X60366877,Ms.,Jaime,,Lewis,,,S,white,hispanic,female,Barrystad MA US,790 Tyler Falls Apt. 525,Boston,MA,Suffolk,19382,02118,77.835683,-77.040658,95133.06,84548.49,63859,+1-248-871-6984x46700,kristenbenson@example.net,330832745,330101
64d7a6cb-71bc-4c79-947a-de036c99378f,1931-06-08,,584-94-3691,S92399687,,Mr.,Lawrence,Christopher,Wilcox,,,D,other,nonhispanic,male,South Jonathan AZ US,3158 Dominic Mill,Phoenix,AZ,Maricopa,14193,85006,-69.621269,-72.917167,54457.26,14348.15,48923,(960)378-1570x8240,zacharyhorton@example.net,030476597,030301
6d96cb7e-3853-45a0-89c8-b48ae9fa61d8,1993-12-14,,733-51-7179,S51848377,X21026637,Ms.,Laura,Julia,Martinez,,Smith,M,black,nonhispanic,female,Drewtown MA US,277 Julie Green,Boston,MA,Suffolk,10569,02118,-79.064825,-35.351767,62521.6,28035.86,70815,7722769974,annfitzpatrick@example.com,330419141,330102
7ce8e37d-7141-4b72-ad7a-d1ed9a2242c8,1937-09-09,,882-80-3440,S44682633,,Mr.,Lawrence,Jaclyn,Wood,,,S,white,nonhispanic,male,Zamoraland CA US,6211 Jaclyn Shoals,Oakland,CA,Alameda,38748,94609,-36.56181,-172.564625,24159.86,6504.63,79602,817.764.0262x9172,daniel57@example.org,330866532,330102
af157dcb-72ea-4d40-a398-0199cb59587e,1979-10-07,,125-23-3683,S35748021,X36549787,Ms.,Kaitlyn,Danielle,Fowler,,,S,other,nonhispanic,female,Millerview AZ US,577 Devon Canyon,Phoenix,AZ,Maricopa,51954,85006,-17.54498,163.165875,14960.58,8603.61,116344,001-773-813-6753x78924,harmondebra@example.com,050731899,050201
9466f875-a6e1-481b-ad3e-f0a57d284c7c,1971-05-16,,519-51-8513,S52706904,X49827218,Mr.,Jorge,Molly,Lowery,,,D,asian,nonhispanic,male,Port Tommyfurt TX US,282 Wilson Stravenue Suite 133,Austin,TX,Travis,39891,78702,-23.069088,-167.567861,45960.08,22093.48,50621,001-630-981-4720x51060,carlospowell@example.com,050956815,050201
cd95ebae-192b-4cce-9d62-326f2b8b590f,1977-06-25,,113-71-4200,S50171579,X61681651,Mr.,Michael,Daniel,Jackson,,,,white,nonhispanic,male,Ricardofort MA US,3700 Poole Mall Apt. 363,Boston,MA,Suffolk,49198,02118,-30.133872,-92.266467,44117.85,65976.6,52276,9303802901,lbowers@example.net,140284759,140401
1f84eca4-f3f0-4621-af64-d7521763af26,1981-07-14,,276-10-0363,S59940446,X77492933,Ms.,Debra,Jonathan,Rogers,,,W,asian,nonhispanic,female,Emilyberg MA US,45302 Campbell Courts Suite 442,Boston,MA,Suffolk,01432,02215,-86.42486,-20.71262,47740.66,99858.72,100889,501.812.8541x50522,qrobinson@example.org,330493115,330101
f8dcc87d-1a7d-40b9-addb-2ee17f16c50b,1972-09-03,,430-26-2387,S41102926,,Ms.,Kerri,Matthew,Spears,,,,white,nonhispanic,female,South Garyburgh MA US,69490 Whitney Street Suite 915,Boston,MA,Suffolk,50313,02215,79.572851,66.621388,9276.81,18800.2,31389,698.596.0954,nathan76@example.org,330950797,330101
f418374c-83e3-4da5-b2ba-2cae4497af90,1948-09-08,,798-88-0816,S43616149,X71170101,Mr.,Michael,Michael,Wright,,,W,white,nonhispanic,male,East Daniel CA US,2639 Bridget Island,Oakland,CA,Alameda,09330,94609,-69.457443,57.922138,41528.31,22890.48,95075,001-550-389-6490x9763,warren04@example.org,330263108,330102
e11bb630-4d16-4d70-935b-063abd79f2fa,1927-08-31,,157-49-4317,S20522420,,Ms.,Elizabeth,,Cooper,,Cabrera,M,white,nonhispanic,female,West Barbara TX US,37069 Heather Street,Austin,TX,Travis,17147,78702,-68.84548,81.07013,48189.3,9769.68,86443,(227)906-8670x32295,smithjohn@example.com,050872835,050201
fd75cc89-93e1-43d6-90fb-48995f7dacc6,1938-01-23,,469-03-7603,S97531168,X43891929,Ms.,Angela,Kenneth,Shelton,,,W,white,nonhispanic,female,West Jefferyland AZ US,289 Lucero Trafficway Suite 465,Phoenix,AZ,Maricopa,27951,85006,-89.449274,110.500681,30212.71,476.53,13974,635.986.9171,johnsondaniel@example.com,050485965,050201
91112b80-eb8a-4953-a1bb-439751d9c144,1989-11-12,,006-04-2105,S52420890,,Ms.,Kathleen,Jeffrey,Moore,,Grant,,other,nonhispanic,female,Andersonstad MA US,3349 Williams Fall,Boston,MA,Suffolk,01389,02215,75.726947,-134.745719,51388.11,6818.0,39403,+1-814-691-5439x25834,stacytaylor@example.net,030423438,030301
e1b22713-2555-48e2-89ff-b5128736219b,1984-05-14,,300-64-7622,S35468447,,Mr.,Matthew,Christina,Sutton,,,W,other,nonhispanic,male,Cruzborough CA US,18206 Ann Burg,Oakland,CA,Alameda,55287,94609,-2.988164,158.186708,11932.12,12961.33,42515,+1-386-893-0625,ikirk@example.org,030470804,030301
2561f2fb-5686-4b0f-9bc5-90588b97fa60,1968-12-07,,151-50-3103,S23647876,,Mr.,Richard,,Diaz,,,,other,nonhispanic,male,Reneefort GA US,269 Benjamin Streets,Savannah,GA,Chatham,33755,31404,-14.167486,95.539046,68451.76,4382.46,27128,441-214-9766x782,nicholasstewart@example.org,330367098,330102
7361f009-0b26-468f-8895-91b5eaefb022,1956-02-22,,807-90-1495,S65913394,,Ms.,Ashley,,Harrison,,Burns,D,white,hispanic,female,Lake Melissa TX US,9069 Lisa View Suite 762,Austin,TX,Travis,50815,78702,-14.506165,66.933642,84163.91,10480.52,44139,426-201-1187,jessicadrake@example.net,330264525,330102
962b682f-8d54-4822-9b39-1bdaa048771c,1959-06-23,,555-68-3347,S13133773,,Ms.,Rita,Melissa,Fuentes,,,W,black,nonhispanic,female,Jillview MA US,263 Evans Curve,Boston,MA,Suffolk,52206,02215,12.476278,132.573629,41337.65,12486.68,32341,001-818-367-7198x5509,connor03@example.org,050868586,050201
e4a20949-7326-448a-8621-564e07dd36e2,2026-05-07,,436-51-7424,,X97367974,,Derrick,John,Hart,,,W,white,nonhispanic,male,Carrietown TX US,9701 Gamble Hill,Austin,TX,Travis,30239,78702,60.766514,-27.696137,78909.14,36955.92,63805,+1-693-559-1949,sarah31@example.net,330262762,330102
2bc79991-9c28-4e90-8bba-9d60b2dc9efa,1968-08-20,,781-36-1089,S22178120,,Ms.,Jodi,Brooke,Adkins,,,M,white,nonhispanic,female,Jordanfort MA US,81048 Alexander Locks,Boston,MA,Suffolk,38234,02118,82.662865,-22.937965,73604.81,27232.74,29421,001-397-281-1915x5127,murphyscott@example.net,050736702,050201
8d5906b9-5aed-4c9b-a7b5-0cdd81b98639,1989-02-28,,335-34-7656,S72087825,,Mr.,Louis,Mary,Carr,,,,white,nonhispanic,male,Dianehaven IL US,6218 Keith Rapids Suite 171,Chicago,IL,Cook,43405,60612,-25.085253,-67.384265,17249.48,43257.12,14420,665.658.9809x44894,lorithompson@example.org,140240266,140401
51dff4bd-43c1-478d-98bf-211227991054,1976-05-12,,039-01-7536,S25275791,,Mr.,Christopher,,Evans,,,D,white,nonhispanic,male,Elizabethmouth MA US,72895 Joseph Field Suite 231,Boston,MA,Suffolk,21428,02118,54.565104,98.083819,16348.45,9664.52,10300,392.991.4908,johnkoch@example.org,050288579,050201
66b9fbf1-a442-42d4-ac40-be892d6108b9,1971-11-03,,802-01-3925,S36607451,,Mr.,Aaron,James,Powell,,,M,white,hispanic,male,Angelafurt IL US,37066 Baldwin Haven Apt. 757,Chicago,IL,Cook,43014,60612,-51.109617,145.722909,19118.41,61141.96,18743,448.844.3303x75209,cheyenne09@example.com,330780628,330102
c6e6ac55-0c53-47fb-b798-2a6e1f412785,1970-01-01,,439-17-4863,S89221555,X98426624,Mr.,Jordan,Natalie,Miller,,,,asian,nonhispanic,male,Rayville GA US,9781 Petersen Row Suite 468,Savannah,GA,Chatham,47374,31404,-26.300084,62.38666,51841.63,64905.57,22398,001-247-701-9084x59611,mbrown@example.net,140523390,140401
4b19d227-3079-44a0-84ff-d7108b22af13,1977-11-10,,046-56-4786,S37614310,,Ms.,Erica,Terri,Shelton,,Harvey,D,other,nonhispanic,female,Samanthafort GA US,185 Chelsea Pass,Savannah,GA,Chatham,45046,31404,-67.531305,-89.847474,52563.95,81877.64,127881,890.746.0060,jordanjennings@example.net,050758868,050201
5221586b-4abe-4c2c-8572-0a20d6d05326,1973-12-31,,166-48-7060,S63459987,,Mr.,Bradley,Eric,Davis,,,D,other,nonhispanic,male,Port Walter AZ US,5721 Henry Mission Apt. 218,Phoenix,AZ,Maricopa,22139,85006,33.142189,-58.386538,12675.47,39670.12,40867,697-647-3222,asims@example.org,110727167,110501
5d4a4290-a018-45f8-ba7d-ddfe9e2a2603,1974-01-04,,868-79-4259,S64595453,,Mr.,John,,Fischer,,,M,white,nonhispanic,male,East Martin AZ US,293 John Drive,Phoenix,AZ,Maricopa,24173,85006,-6.51695,170.650465,46370.14,42674.54,108695,001-629-627-8193x51490,pfaulkner@example.com,030153592,030301
bf0b3f5f-ea6f-49ef-a260-3e4b1f47d458,1983-09-30,,266-59-6909,S30765070,,Ms.,Kristine,,Marsh,,,W,white,nonhispanic,female,South Mark GA US,801 Carolyn Track,Savannah,GA,Chatham,55569,31404,-42.001345,-116.456105,19844.02,3481.79,58883,346.548.1259,april15@example.org,330564153,330101
06c03b2c-db54-4c8a-9ed9-9833d01cf3e3,1961-02-25,,784-77-9723,S76293254,,Mr.,Alejandro,Aaron,Gutierrez,,,D,white,nonhispanic,male,New Morgan CA US,171 Melissa Keys Apt. 299,Oakland,CA,Alameda,34649,94609,-53.46934,83.606244,45712.68,18779.69,32960,+1-586-215-6064x2302,wilsonjennifer@example.org,330670142,330102
3b0725b7-d8ef-4f8b-95df-169225ccac1c,1943-06-16,,705-33-7193,S65916291,,Mr.,Arthur,,Baker,,,S,other,nonhispanic,male,Maldonadostad AZ US,946 Friedman Estates,Phoenix,AZ,Maricopa,05447,85006,-82.731716,-108.593429,28681.26,8623.1,82132,(326)589-8803,dianahurley@example.net,330555978,330102
18edb685-50b9-4e30-a080-3202a3e9cc35,1950-09-15,,365-91-0205,S10431500,,Ms.,Sara,Bryan,Scott,,Johns,D,native,nonhispanic,female,Rosston MA US,514 Brown Trail Apt. 574,Boston,MA,Suffolk,50503,02215,-22.025501,-115.898221,70294.34,22477.39,133911,793-634-9918x63884,tayloranthony@example.org,050832051,050201
57f7328b-5f30-4484-ade9-c6f45f65a974,1992-06-25,,385-49-5926,S39230050,X51667288,Ms.,Lori,,Jones,,Berry,S,other,nonhispanic,female,New Yolanda TX US,5926 Evans Run,Austin,TX,Travis,42614,78702,85.120256,17.866432,48787.48,3632.38,42934,001-279-801-7479x872,rwade@example.org,030711847,030301
e4d7b8f7-ba2c-444c-b026-2048cf4469ba,1974-03-15,,886-07-7144,S80255822,,Mr.,Donald,John,Mann,,,W,white,nonhispanic,male,Jenniferstad AZ US,256 Joseph Loop Suite 202,Phoenix,AZ,Maricopa,49810,85006,64.667101,-47.259165,40701.43,73378.22,79073,924.502.5549x675,canderson@example.net,140357641,140401
95d3796d-7c3c-4635-8df6-3c0861024b09,1951-01-11,,489-69-8197,S76018551,,Mr.,Charles,Daniel,Williams,,,,asian,nonhispanic,male,Stephenbury CA US,2081 Mason Plaza Apt. 491,Oakland,CA,Alameda,54941,94609,-67.231125,88.126869,28455.46,17695.14,90454,+1-682-544-6540x47528,hawkinszachary@example.net,140389508,140401
bbe406c4-29e3-4d89-aae2-775ce2f8ce8b,1991-03-11,,719-24-9760,S67502284,,Ms.,Candice,,Jones,,Ford,S,white,nonhispanic,female,South Dennisberg TX US,9451 Hughes Bridge,Austin,TX,Travis,33400,78702,-67.362094,-15.465379,47543.74,4058.86,46886,+1-583-603-7308x724,elane@example.com,110921779,110501
b79c479c-e2fb-48d1-83ea-939a20a6ae84,1952-02-15,,358-45-2179,S12913250,X58031509,Ms.,Jessica,Joseph,Jackson,,Black,W,black,nonhispanic,female,Pinedaburgh TX US,72808 Jack Pines,Austin,TX,Travis,50817,78702,-38.760221,-109.386138,79460.96,95684.08,23638,001-240-489-8632x17722,gonzalezpamela@example.net,330209261,330101
f8d16744-0cf8-4795-af06-33bde787ce76,1956-10-27,,306-82-1865,S52579713,X67615458,Mr.,Daniel,Roger,Duffy,,,W,white,nonhispanic,male,Morrismouth AZ US,338 Ramirez Courts,Phoenix,AZ,Maricopa,07316,85006,-73.489467,-162.851908,94092.36,17203.99,13010,7369768091,rbrown@example.org,330488162,330101
71b2b7b5-bea4-4ac0-b0be-01a15ec8acee,1974-04-10,,383-54-9457,S27209823,,Ms.,Alicia,Tyler,Taylor,,Cherry,S,white,nonhispanic,female,East Jenna GA US,16252 Evan Crossing,Savannah,GA,Chatham,39156,31404,57.854884,107.249968,162036.72,7278.77,17498,001-954-749-3756x508,nyoung@example.com,050482752,050201
3d225325-6c63-4919-9882-34e32ee1453b,1953-05-26,,682-02-5699,S81415064,X49882454,Mr.,Christopher,Parker,Mitchell,,,D,white,nonhispanic,male,Allenstad MA US,947 Sandoval Station,Boston,MA,Suffolk,47192,02215,-44.307876,109.79451,99069.13,4346.55,109041,848.892.8174x35183,slewis@example.com,050237026,050201
c2c2b056-ebce-4f3a-833f-474ad8ff4161,1953-07-16,,109-71-8693,S95384765,X40874002,Mr.,Mark,,Flowers,,,M,other,nonhispanic,male,West Lindaberg TX US,99268 Samantha Expressway Suite 073,Austin,TX,Travis,47175,78702,-46.639713,-152.155874,32827.64,241087.97,83076,4645345168,allison20@example.net,030318748,030301
c2a9ce41-da76-4ed1-bcfc-241d47ae0d1d,2002-06-18,,204-25-6800,S58397305,,Mr.,Patrick,Eric,Mccullough,,,W,white,hispanic,male,East Vincentbury MA US,3439 Brown Dale,Boston,MA,Suffolk,46428,02118,71.775513,-3.498373,12634.55,12777.36,57568,991.517.6800,ronald66@example.com,330633745,330101
b4604300-7f5c-4c05-8e95-641847d7da2b,1945-09-26,,010-17-1855,S13355847,,Ms.,Michelle,Jill,Franklin,,Ortiz,D,white,nonhispanic,female,Lake Jeffreyside IL US,89231 Angela Mountain Suite 893,Chicago,IL,Cook,11467,60612,-48.727057,121.370688,149523.1,39799.77,13354,740.503.9921x743,gary40@example.net,330367375,330101
958fd29a-09cd-4136-a3c3-2fbbb1e908f7,1957-03-01,,281-60-3969,S92980146,,Ms.,Lindsey,,Carter,,,D,white,nonhispanic,female,Lisaburgh IL US,817 Acosta Course Apt. 576,Chicago,IL,Cook,42420,60612,82.356545,-118.048093,32817.59,18450.2,57264,(982)319-0296x5282,jerryparker@example.org,330426129,330101
cb2a56d6-b293-413c-b0ca-b770910771dc,1965-03-06,,537-90-6868,S55280511,X25017046,Ms.,Amy,Adam,Smith,,,D,white,nonhispanic,female,Gregoryfurt AZ US,83776 Sutton Well,Phoenix,AZ,Maricopa,35058,85006,-78.048568,-171.125,65125.15,15377.74,45822,394.245.9469x2077,andreacook@example.com,330108823,330102
1b32d3b3-764e-498b-baa1-04992e7f92e5,1971-11-07,,341-28-8764,S99804451,X90184835,Mr.,Steven,,Cummings,,,S,white,nonhispanic,male,Loganfurt MA US,9015 Marshall Corners Suite 547,Boston,MA,Suffolk,32311,02118,21.153565,-35.812667,67349.24,6815.44,70605,865.787.0479,chambersbrenda@example.com,330871289,330102
8df312af-19c9-4e92-88f3-c95f837feb0f,1992-11-27,,096-64-0828,S80064508,,Ms.,Barbara,,Nelson,,,M,other,hispanic,female,Crawfordborough GA US,79019 Davis Stream,Savannah,GA,Chatham,55477,31404,-18.736554,-154.020974,45664.37,35179.77,94551,686-383-1781,tina59@example.com,330294762,330102
3a3c0e4a-9869-4bd2-9b08-907169f5243c,1952-10-09,,146-77-3216,S22371579,,Mr.,Christopher,John,Smith,,,,asian,nonhispanic,male,Diazfurt CA US,20360 Kimberly Ridge,Oakland,CA,Alameda,03938,94609,-56.539589,-14.698527,162494.06,4360.65,78510,677-584-4725,earlmccall@example.net,330115185,330102
949c8975-68a4-44c9-9459-cc461e91482f,1983-02-05,,257-89-0842,S11124022,,Mr.,David,Gary,Garza,,,S,black,hispanic,male,Cassandraport IL US,619 Camacho Roads Apt. 162,Chicago,IL,Cook,02302,60612,81.574963,-154.149532,8487.32,3239.94,76223,(510)822-5446x172,wilsonmichael@example.net,330133550,330102
a20b41ad-e6a7-4818-ab98-5a8c563bf8fa,1991-09-20,,133-84-9312,S13871509,,Ms.,Stephanie,Michele,Hart,,,M,white,nonhispanic,female,New Connieborough GA US,56484 Miranda Mill,Savannah,GA,Chatham,38871,31404,-19.416273,65.11962,20945.35,2297.39,93797,932.409.7532x5603,stephen50@example.net,330377367,330102
4e13b2e9-dc07-4ce5-8c59-d61fec2a63c4,1968-04-19,,736-87-8436,S55757968,,Mr.,Joseph,Karen,Gonzales,,,,black,nonhispanic,male,New Amandaview GA US,20587 Jessica Way,Savannah,GA,Chatham,02544,31404,-68.208799,111.327068,118347.32,6701.62,63035,7336742015,cgriffin@example.org,050252214,050201
9fe1c6f4-e04c-4b28-acec-ced7049093d4,1982-02-02,,378-43-5871,S85286202,,Ms.,Leslie,Darin,Brown,,,W,black,nonhispanic,female,Garciafurt CA US,5815 Thomas Roads Apt. 511,Oakland,CA,Alameda,31933,94609,-74.675659,-83.088237,10531.46,28853.7,59733,(403)870-2565x262,jessica11@example.com,050589507,050201
80238837-0a0e-4249-ad73-f3f6d0b4b3ec,1996-09-06,,406-08-1399,S74598979,,Ms.,Denise,Grant,Wang,,,M,other,nonhispanic,female,Louishaven TX US,319 James Cape Apt. 458,Austin,TX,Travis,03835,78702,-87.732015,-5.821687,12518.99,6024.8,86464,7854486786,rgaines@example.net,030849967,030301
b56e87f7-8d57-49f1-a238-023dfcc6e1e3,1995-02-14,,416-15-9656,S18145862,X12090331,Ms.,Marilyn,Hannah,Lee,,,D,white,nonhispanic,female,New Edward MA US,223 Proctor Vista,Boston,MA,Suffolk,37559,02118,11.371825,-129.5386,74309.15,12633.92,62195,428.714.2228x439,nguyenemily@example.org,140432101,140401
35125760-4bc5-4fdd-9850-8290299752a9,2016-12-21,,562-50-7729,,,,Michelle,Scott,Wood,,,D,white,hispanic,female,South Phillip TX US,35828 Michelle Mount,Austin,TX,Travis,44585,78702,-29.668695,-97.654792,57159.51,55064.2,64680,455.705.5836,vancejeremy@example.net,140328067,140401
8f4981f5-b5a3-495d-a4b3-dc3a15bcaf32,1976-12-01,,739-49-5481,S30010672,,Ms.,Tara,Mary,Moss,,Tran,,black,hispanic,female,Lake Harrystad MA US,46606 Shaffer Place,Boston,MA,Suffolk,45606,02118,-85.612707,-60.03078,18592.05,521.04,89033,652.494.1396x9670,scott25@example.org,330844636,330101
fd5feb36-0d75-469c-9f85-70dcd4d7e056,1961-07-04,,147-06-0371,S72435503,X18653854,Ms.,Alexandra,Joshua,Hood,,,M,other,nonhispanic,female,Jordanmouth CA US,3621 Seth Extensions,Oakland,CA,Alameda,32742,94609,-21.1499,53.218892,42656.67,2643.94,32962,585.602.2289,randall25@example.com,330448498,330101
972aabb7-c2f8-4197-adf1-b49634403a64,1968-06-07,,125-56-6922,S29299949,,Ms.,Annette,Donald,Patrick,,Hayden,D,white,nonhispanic,female,Port Kathleen TX US,5308 Payne Ways Apt. 126,Austin,TX,Travis,55468,78702,38.369866,37.563366,33300.12,11187.5,55382,(401)554-7740,smithlouis@example.org,330887890,330101
16ce7a15-ff90-4840-a3cd-e5ed6fad6c73,1945-06-30,,029-60-1345,S40726001,,Mr.,Gregory,,Carroll,,,,black,hispanic,male,New Kim CA US,10891 Conley Ford,Oakland,CA,Alameda,23090,94609,-6.997183,21.673906,55993.08,5209.47,74013,535-235-8637,uboyd@example.net,330150299,330102
78e52262-6b64-4623-8bda-615039a8238c,1924-09-04,,336-54-1858,S43035795,,Mr.,David,,Conrad,,,D,white,nonhispanic,male,Mcintyremouth TX US,562 Lee Hollow Apt. 442,Austin,TX,Travis,11177,78702,71.588873,-171.653656,9922.13,30807.18,54056,288.655.7628,kimberly28@example.com,050611447,050201
55cd86e3-d2b5-4963-8949-13671204ca09,1957-12-05,,010-98-6261,S23366315,,Ms.,Elizabeth,,Alvarado,,,,asian,nonhispanic,female,West Jessica TX US,0982 Jessica Passage Apt. 207,Austin,TX,Travis,10397,78702,-27.502785,80.942262,9683.39,15628.06,33792,001-879-786-8141x407,perrymann@example.com,050378250,050201
406d160b-3d11-4ce6-9b8d-f2c3b0c537c4,1925-01-09,,460-93-6852,S33406603,X12840567,Mr.,Brian,,Ayala,,,S,white,nonhispanic,male,Davisfurt IL US,56115 Smith Rue Suite 047,Chicago,IL,Cook,03098,60612,85.996371,-150.75052,31538.65,12336.62,42022,001-315-562-9126x476,johnsonjennifer@example.com,140621787,140401
a66dab5f-0365-44bf-bcab-4601aae96fe6,1990-12-24,,451-72-0475,S37230569,X68846107,Ms.,Rachel,James,Wood,,,S,white,nonhispanic,female,Scotttown MA US,561 Hailey Corners,Boston,MA,Suffolk,29761,02118,-23.400067,26.152197,219683.96,11172.73,47716,593-411-4939x163,bowerskevin@example.com,110833300,110501
0da5e2ba-ff7a-4c02-b263-f539f0a656dc,1946-05-22,,745-04-3449,S20453879,X63729964,Mr.,Brent,,Moore,,,S,white,nonhispanic,male,Annettehaven AZ US,5482 Williams Forge Suite 753,Phoenix,AZ,Maricopa,47371,85006,-1.26635,179.54923,135613.17,54900.62,80742,940.853.1762x71556,lecorey@example.org,330371262,330101
bc1e822c-4bf3-40be-a51a-0092e2c349eb,1987-01-10,,736-23-0177,S68036940,,Mr.,Craig,Zachary,Lopez,,,S,white,hispanic,male,Hernandezberg GA US,371 Steve Spurs,Savannah,GA,Chatham,22335,31404,70.707545,98.477598,29449.43,36918.12,64399,393.207.1117x0327,pspencer@example.org,330525939,330101
c338ab64-a540-4a27-aebe-5b26d26d36ac,1990-03-10,,735-07-0759,S28825998,,Ms.,Christina,Ricky,Taylor,,,,other,nonhispanic,female,Port Brianview AZ US,66917 Melissa Shore Apt. 713,Phoenix,AZ,Maricopa,38621,85006,-20.029639,-21.952179,20293.42,3390.42,31612,4423323113,pnguyen@example.org,330741566,330101
cab5b1e5-ce8c-4b91-a96f-33567d433a6a,1979-08-24,,148-91-0150,S93190627,X33419987,Mr.,Steven,Jonathan,Rodriguez,,,D,white,nonhispanic,male,Rhondahaven MA US,3452 Yates Knolls,Boston,MA,Suffolk,55243,02215,-60.312385,18.849802,58675.67,3984.91,53916,968-446-2659x613,russellryan@example.net,330308920,330101
a7932bb6-4c9f-4c6b-95b5-1f87eb6ba3c5,1979-07-09,,451-58-1738,S81266335,X67997323,Ms.,Tracey,,Bishop,,,,black,nonhispanic,female,Michellebury IL US,040 Hannah Alley Suite 718,Chicago,IL,Cook,34789,60612,-69.661014,166.012008,18508.91,44920.28,73669,506-279-5868,elliskatie@example.org,330396040,330101
35e4f412-623f-40f6-ba0f-b3a15000f016,1934-05-10,,727-11-6769,S61823945,,Mr.,Terry,April,Baker,,,D,white,nonhispanic,male,Dayton IL US,99134 Catherine Stravenue,Chicago,IL,Cook,48053,60612,-36.362368,89.810379,21148.37,14895.86,36809,001-258-424-3340x15432,ruthingram@example.net,330988182,330101
281aecf2-7025-4900-8126-d943ba803629,1970-08-17,,369-36-2655,S96872996,X49805749,Mr.,Darryl,Rickey,Medina,,,M,white,hispanic,male,North Jerry IL US,4895 Tracy Village Apt. 021,Chicago,IL,Cook,09778,60612,-47.147843,146.894816,11246.66,22678.66,32890,001-542-342-9032x3565,qschmitt@example.com,330694298,330101
1a8dfb93-7253-44fb-92bf-d07c1b9d5c62,1976-12-29,,826-23-0778,S12774178,,Mr.,Paul,Samantha,Barker,,,D,white,nonhispanic,male,Richardshire AZ US,02030 Amanda Stravenue Apt. 293,Phoenix,AZ,Maricopa,10367,85006,-45.503958,111.84763,25056.94,45686.1,81325,(369)218-9032x271,kelleyrodney@example.org,330682802,330101
86a8b94f-327b-4ddc-a9f0-061ce1222257,1947-03-28,,676-62-4812,S56315200,X63715339,Mr.,Thomas,,Daniels,,,S,white,hispanic,male,Jacquelinefurt AZ US,241 Eric Court Suite 289,Phoenix,AZ,Maricopa,28920,85006,-72.292468,172.446428,64853.9,14692.83,51612,(577)288-1775x13037,martinezyvette@example.net,330739607,330102
99f4f418-78b5-4d51-a188-de9c383000f2,1964-06-11,,339-29-0531,S93453453,,Ms.,Tammy,Michelle,Mcguire,,,S,white,hispanic,female,Wilkersonfort IL US,0942 Logan Fields,Chicago,IL,Cook,21261,60612,-86.688726,54.894405,25472.19,3365.36,85980,001-976-616-4444x857,bettygibson@example.org,330635353,330102
ac8342f0-fc62-4c2a-aaf6-da837cea3d6a,1950-08-18,,151-46-1531,S11067504,X93017711,Ms.,Caitlin,,Hampton,,Gutierrez,D,white,hispanic,female,Evansstad GA US,00241 Noble Gardens Apt. 856,Savannah,GA,Chatham,54973,31404,79.334662,5.567799,253757.27,14023.14,125536,001-538-638-3057x1501,patrick28@example.com,050984142,050201
ec84a40c-bec6-41ff-ae58-e293dde9df3d,1954-02-20,,789-51-1129,S23441876,,Mr.,Michael,Cynthia,Simmons,,,,white,hispanic,male,New Loriside TX US,253 Hall Mountain Apt. 927,Austin,TX,Travis,45844,78702,1.029259,-106.525239,82876.71,17473.49,19440,+1-720-726-4669x145,csantiago@example.net,030301598,030301
fca847c0-71d2-4529-8121-7ec2ea5d6123,1947-09-24,,879-84-6150,S99923662,,Ms.,Elizabeth,Elizabeth,Henson,,Whitney,M,black,nonhispanic,female,Youngberg TX US,6345 Payne Drive,Austin,TX,Travis,11482,78702,-59.969924,109.574757,83648.07,16285.17,37708,+1-407-550-6558x67114,aguilartimothy@example.org,140834218,140401
dfdac97d-8576-403d-895c-d3e4968bcc6e,1962-06-08,,576-41-0085,S13295873,,Mr.,Ronald,Natalie,Giles,,,D,white,hispanic,male,New Crystal TX US,19108 Preston Bypass Suite 149,Austin,TX,Travis,39303,78702,-36.097195,95.877455,10521.91,29369.71,38008,+1-439-949-8153x0111,vickie52@example.org,140479407,140401
1d76961e-c72a-487c-b472-7ae9f9acdfbf,1949-07-06,,825-53-0956,S30909414,,Ms.,Natalie,Ashley,Snyder,,Salas,W,white,nonhispanic,female,East Johnberg CA US,42397 Mary Mall Suite 071,Oakland,CA,Alameda,46065,94609,-17.751452,-163.127151,306295.47,5356.19,44513,+1-492-667-5977x9240,jesse00@example.net,140995773,140401
720b50e8-fb1c-4256-a084-bd62a1417462,1971-08-15,,830-66-2224,S74632904,,Mr.,Gregory,,Phillips,,,,other,nonhispanic,male,North Lisa MA US,2764 Jennifer Island,Boston,MA,Suffolk,40998,02215,44.650234,7.270088,222144.39,3667.35,61038,949.841.3974x695,xthompson@example.net,140419185,140401
5fdd3663-99f5-499a-bffd-0ac6a471ea8c,1940-05-28,,514-20-1502,S85791278,,Ms.,Alyssa,Emily,Rodriguez,,,S,white,nonhispanic,female,North Theresa CA US,033 William Parks,Oakland,CA,Alameda,14918,94609,-80.605548,178.789795,3267.52,16821.86,20112,810.253.4956,xkennedy@example.org,110397730,110501
6279d8a1-f950-482d-8b3c-3dd6f59dabf0,1944-12-01,,544-93-0510,S39921543,X60667469,Mr.,Xavier,Craig,Hahn,,,W,black,nonhispanic,male,East Emilyfort TX US,93676 Scott Branch Apt. 428,Austin,TX,Travis,34028,78702,69.867504,157.672329,36427.51,90068.65,29173,+1-783-817-0999x121,nolson@example.com,110397055,110501
dd1671dc-c842-46c0-9b75-f72389b70d09,1950-02-19,,542-43-8117,S16419703,,Ms.,Erica,Timothy,Garner,,Williams,D,white,nonhispanic,female,Port Kimberly AZ US,22560 Chloe Light,Phoenix,AZ,Maricopa,41667,85006,-45.469912,-135.835143,65929.51,14458.28,149333,(353)598-5607x101,christopherwilliams@example.org,330884916,330101
582861cd-0c38-410a-a220-1da1a513c8b2,1962-03-22,,001-72-2702,S46511500,,Ms.,Natalie,Kelsey,Kelly,,,D,white,nonhispanic,female,Stewartport AZ US,63464 Rose Island,Phoenix,AZ,Maricopa,40193,85006,-20.845597,-2.859416,10025.84,4595.34,18971,832.330.0365x503,nicholassteele@example.org,330474831,330101
d353ffbc-39bb-48dc-a326-5e354ca802f5,1971-12-19,,108-16-3344,S18612147,,Mr.,Kevin,Annette,Barnett,,,D,white,nonhispanic,male,West Nancy MA US,5120 Haynes Roads Apt. 651,Boston,MA,Suffolk,11879,02118,-58.510833,97.446272,11419.15,6428.02,41504,+1-272-212-7465x4651,louis89@example.net,330872021,330101
695f5aad-5fb3-43a1-8e38-9100c2c47e74,1997-12-26,,282-62-4598,S37028393,,Ms.,Karen,,King,,,D,white,hispanic,female,Gregoryfurt IL US,8245 Albert Avenue Suite 367,Chicago,IL,Cook,41890,60612,-8.339569,40.779746,53163.82,39422.87,53783,294-799-5650x788,snyderpamela@example.com,330222643,330102
e6ee1045-609e-445f-a458-c32815495abf,1971-10-01,,801-88-4925,S33238053,,Ms.,Amy,William,Johnson,,,W,white,nonhispanic,female,South Troy GA US,2491 David Trafficway Suite 626,Savannah,GA,Chatham,21560,31404,-72.475707,-171.30529,140977.09,6503.41,91343,372.795.6164x478,kevinjackson@example.net,330834449,330102
62dc9f05-a457-473e-ad98-ce76b1268a4a,1975-05-08,,499-78-7266,S55617225,,Ms.,Amy,Bryan,James,,Robinson,M,white,nonhispanic,female,East Randy AZ US,62988 Chaney Walk,Phoenix,AZ,Maricopa,02999,85006,22.813436,85.410659,200902.77,4719.55,147182,841.604.8252,regina36@example.org,050924354,050201
35e30aa3-84ab-49c9-85de-1279563481da,1992-06-23,,210-16-4551,S57840962,X81487781,Ms.,Amanda,Christian,Khan,,,,white,nonhispanic,female,West Ashley GA US,0090 Young Tunnel Apt. 753,Savannah,GA,Chatham,46997,31404,29.076927,60.343943,37685.0,26253.11,13560,(621)728-3548x25376,briangordon@example.org,050845436,050201
e1ebff88-02e2-40f0-aadf-65649b3726b3,1962-04-15,,740-37-0814,S13258622,,Ms.,Jill,John,Davies,,Newman,S,white,nonhispanic,female,Solisport AZ US,23190 Michael Burg Suite 875,Phoenix,AZ,Maricopa,42179,85006,-32.295073,-75.728948,46501.37,18368.29,65825,+1-592-872-4794x48709,kelseyconley@example.org,050647349,050201
af4909fe-f10a-4fa6-a344-4601410756a9,1959-03-12,,859-60-3162,S96214387,,Mr.,Matthew,,Foster,,,D,white,nonhispanic,male,Kevinburgh GA US,26995 Bradley Plaza Suite 804,Savannah,GA,Chatham,38614,31404,16.599051,142.097645,14614.39,7371.61,19523,461-420-8775,fdorsey@example.com,030622706,030301
9f26df26-2285-478e-8f31-60f6d307c601,1980-07-20,,304-11-0479,S91635903,X26432833,Mr.,Kenneth,Christopher,Diaz,,,W,black,nonhispanic,male,Ramostown TX US,43905 David Dam,Austin,TX,Travis,33365,78702,-24.447927,139.485614,93261.63,11333.01,54693,+1-319-402-2067x8659,clarkashley@example.net,030964485,030301
3e8a2cef-8dc4-48be-8742-119a782f912f,1995-02-01,,290-99-9988,S54410645,,Ms.,Elizabeth,Michael,Giles,,Gomez,M,black,nonhispanic,female,Whiteview AZ US,839 Paul Views Suite 187,Phoenix,AZ,Maricopa,10038,85006,65.010166,81.391634,8586.9,3588.28,37963,900-594-9836x909,michael01@example.com,030973118,030301
734f835e-3a37-4780-ae79-f045101834b7,2007-07-30,,810-80-4215,S55583372,,Ms.,Lori,,Cox,,,S,white,nonhispanic,female,Mcdanielfurt CA US,23345 Jessica Vista,Oakland,CA,Alameda,30404,94609,67.789149,22.09963,14189.24,6838.06,37040,(346)669-9655,xgarrett@example.com,030379936,030301
938aa682-6571-4a91-ae89-01614f4274d1,1979-08-05,,443-25-8620,S44473881,,Mr.,Cory,Lisa,Jacobs,,,,other,nonhispanic,,Port Teresa MA US,0898 Boyd River,Boston,MA,Suffolk,24947,02118,69.935984,-141.428531,7790.86,15522.93,76732,(388)889-4630x6156,bryantjonathon@example.org,030770984,030301
8770f7ab-329b-4593-af3e-b8485c6a48d3,1971-07-17,,329-61-5916,S10484230,,Mr.,Brandon,Michael,Barnes,,,W,white,nonhispanic,male,South Daniellehaven MA US,3519 Mcgee Inlet,Boston,MA,Suffolk,53690,02118,-7.067161,175.530871,28288.68,13984.95,39593,2338344240,michael44@example.net,140714111,140401
9553bd65-1c19-4a90-a5ec-68ce2dc3b4d5,1961-01-21,,316-74-7048,S60408560,,Mr.,Michael,Lindsey,Smith,,,M,other,nonhispanic,male,Scottmouth TX US,3048 Shannon Gardens,Austin,TX,Travis,20032,78702,37.104072,-149.880148,97221.08,17185.75,132316,(691)487-4367x8326,trantammy@example.org,140127842,140401
f70a3c68-fae7-4ac3-afdb-8b8cec35628d,1960-02-25,,598-67-3790,S85051053,X43935704,Ms.,Amy,,Morgan,,,,black,nonhispanic,female,Barbaratown MA US,38901 Gomez Mills,Boston,MA,Suffolk,37670,02118,83.490804,18.962925,8532.07,15828.7,80008,263.883.3000,christinawashington@example.com,140546758,140401
248ccf43-c00e-4584-8bb5-f56b74c8ba23,1984-04-27,,162-63-6447,S36752822,,Mr.,Benjamin,Julie,Romero,,,,other,nonhispanic,male,Lake Emilyberg MA US,68727 John Lights Apt. 754,Boston,MA,Suffolk,25002,02118,-18.858717,179.714972,39637.14,1556.43,95521,343-667-4115x8458,martinjames@example.com,140162874,140401
2b2cae06-30c9-4a0c-b616-2e599b097844,1989-02-23,,813-66-3241,S37136007,,Mr.,Austin,Melissa,Berg,,,D,black,nonhispanic,male,Schwartzhaven AZ US,307 George Orchard,Phoenix,AZ,Maricopa,48540,85006,-62.309407,-165.881371,20406.1,8294.01,28259,001-411-513-1678x5082,joshua71@example.net,110318081,110501
6ad5bd7b-4a02-4263-8adf-83e85b8e03b5,1964-03-20,,328-30-0629,S29701778,,Mr.,Joseph,,Wall,,,,white,hispanic,male,Coleport GA US,4415 Martin Trace Suite 151,Savannah,GA,Chatham,42425,31404,40.874499,-78.730701,41149.56,6708.51,92718,306-748-7357x5325,sjones@example.com,110523216,110501
78472ff6-bdc1-4578-9448-b5bec212c81e,1973-08-14,,051-72-4737,S29151336,X82449110,Ms.,Kelly,Ashley,Washington,,Gomez,,white,nonhispanic,female,North Shawn MA US,65932 Anthony Ramp Suite 134,Boston,MA,Suffolk,05089,02215,27.719212,-114.673058,439978.91,72512.9,35777,+1-399-996-2167x5716,david48@example.com,110194678,110501
0922dcc9-1b82-4e5f-96c7-012978b92c5a,1988-02-26,,411-42-3902,S21011304,,Mr.,Jonathan,Tiffany,Sims,,,,white,nonhispanic,male,Connerfort TX US,269 Gonzalez Mission,Austin,TX,Travis,51169,78702,-20.532729,-39.983967,142143.81,9708.5,32537,(629)352-3697x780,vanessa35@example.com,330579322,330101
19bc78ff-157b-481d-b5af-1161e3e697d3,1952-05-22,,040-75-9422,S10171190,X30652080,Mr.,Tony,,Bradshaw,,,W,white,nonhispanic,male,West Gregoryfort MA US,62145 James Walks Suite 953,Boston,MA,Suffolk,54922,02215,63.530009,-9.500589,7411.5,10730.61,40925,236-636-0813,mayobrian@example.com,330361793,330101
1575fe5f-279b-4742-adf4-a9b1ea2aef31,1960-07-19,,786-64-7369,S70391749,X45252189,Ms.,Rebekah,Michael,Wheeler,,Gutierrez,,black,nonhispanic,female,West Natashaland MA US,04974 Gonzalez Flats,Boston,MA,Suffolk,53590,02215,83.743747,-112.253873,6656.59,9079.69,82100,900.694.9229,qcarter@example.net,330809264,330101
88ca2634-df98-488f-b22d-ed65f7c7a812,1971-06-04,,868-75-0228,S93559304,X95905693,Ms.,Chelsea,,Carter,,,D,black,nonhispanic,female,North Roseborough MA US,251 Mark Mountain Apt. 836,Boston,MA,Suffolk,44238,02215,83.425291,99.077706,16332.09,61038.99,29543,926-747-8654x93154,jonathan25@example.com,330336225,330101
c3b69763-e0c6-4e7b-92a7-f9300f6c55a4,1955-09-10,,173-80-9540,S89942911,,Ms.,Mary,Lawrence,Glover,,,,white,nonhispanic,female,Pinedaland GA US,5535 Barnes Station Suite 877,Savannah,GA,Chatham,22740,31404,-17.191794,168.520983,10514.5,6418.25,35000,694.614.6752x5217,leejohn@example.org,330703152,330102
5862cb08-2ca2-49c6-ba1a-55c51a6b4d16,1964-03-03,,628-54-9657,S21418917,X94373402,Ms.,Cindy,Robin,Wood,,,D,black,nonhispanic,female,Jonesberg GA US,9630 Hall Locks Suite 999,Savannah,GA,Chatham,38688,31404,30.82338,110.891721,23017.97,47459.23,91517,001-410-383-5632x349,maryjohnson@example.net,330479124,330102
e26c9460-d181-4b21-823b-e1911a0371cc,1987-08-23,,384-92-1150,S38594135,,Ms.,Annette,,Hammond,,,S,black,nonhispanic,female,Andreaview CA US,7437 Morgan Glens Suite 756,Oakland,CA,Alameda,11750,94609,53.543709,126.979254,32508.37,4367.25,27977,+1-503-204-9702,amber42@example.net,330296590,330102
64925dee-9629-4147-a23d-44bcd117bdc9,1956-11-29,,734-05-3056,S49041781,X88567231,Mr.,Francisco,Gabriela,Martinez,,,S,white,nonhispanic,male,East Samantha TX US,028 Kimberly Wells Apt. 033,Austin,TX,Travis,42038,78702,35.581497,143.434473,46091.02,10834.3,39011,288.608.4654x7721,dickersonsamantha@example.com,050796912,050201
c4cb1ceb-0502-4797-a6f7-e0aeb07f37a5,1984-01-05,,386-27-9973,S76371001,,Mr.,Matthew,Natalie,Washington,,,D,white,nonhispanic,male,Port Aprilburgh GA US,480 Greg Ford Apt. 129,Savannah,GA,Chatham,54853,31404,76.795001,39.202632,3151.71,27525.81,31528,+1-461-368-6823x105,scottpreston@example.org,050951261,050201
94b6963f-671e-4e4c-8c9a-9cda56ef14c4,1994-12-26,,735-12-0764,S89336310,X15298042,Ms.,Taylor,Nicole,Vasquez,,,S,other,nonhispanic,female,East Michael AZ US,703 Frank Ville Suite 716,Phoenix,AZ,Maricopa,46562,85006,-44.294823,-77.541553,83779.37,93037.66,14651,+1-940-421-9183x13324,nathanowen@example.com,050651670,050201
5453d45d-3fdb-492d-8b88-ef147652d74b,1984-11-16,,116-07-2790,S36824030,,Mr.,Patrick,,Hartman,,,M,white,hispanic,male,East Julia IL US,8937 Robert Pine,Chicago,IL,Cook,48938,60612,29.762443,15.155366,54736.91,6663.28,62897,954-336-1282,deborahweiss@example.net,030707328,030301
4073b2f1-9a3a-4b42-b8db-6ecd78068745,1955-02-16,,227-22-4397,S26559099,X77413784,Ms.,Judy,Jason,Arnold,,,,asian,nonhispanic,female,New William AZ US,451 Shane Forest,Phoenix,AZ,Maricopa,03419,85006,61.451879,57.837005,13036.21,83481.28,32933,3375547294,reyesashley@example.com,030736722,030301
da5fb60d-8f51-4b91-93f5-f0efea729f9a,1959-02-13,,819-12-1640,S55129135,,Mr.,Cole,Mark,Fernandez,,,S,white,nonhispanic,male,Emilytown TX US,43024 Jonathan Spur Apt. 077,Austin,TX,Travis,48228,78702,-86.432309,63.878578,122930.38,23284.92,16034,001-769-642-5131x26290,vangstephanie@example.com,140560904,140401
9201c87d-f420-486a-9637-8ccf94edbee5,1946-03-01,,526-20-4454,S70377300,,Mr.,Tony,,Jenkins,,,S,white,nonhispanic,male,Natalieshire CA US,660 Kaitlyn Well Suite 127,Oakland,CA,Alameda,20923,94609,-32.05329,10.285184,20874.67,7743.55,41904,001-980-255-5065,michael54@example.org,140308382,140401
cf791dee-02fe-42d6-bd76-9ae9b23705d8,1967-05-17,,584-03-2794,S45018723,,Mr.,Michael,,Brown,,,S,other,hispanic,male,Lisaland CA US,649 Perez Mountain,Oakland,CA,Alameda,07983,94609,-8.473068,-42.151058,22717.0,46377.73,66255,5366332825,sheilascott@example.org,140708063,140401
d905f936-0f3e-42f7-8a1b-7fb94648d799,1977-05-29,,299-77-6585,S81423447,X91585364,Mr.,Charles,Tiffany,Hopkins,,,W,black,hispanic,male,Baileyhaven MA US,26347 Christensen Stream,Boston,MA,Suffolk,01825,02118,39.381436,84.084683,8587.09,977.86,92659,(637)735-4990x95741,lopezmaria@example.org,110710949,110501
049cb3fe-1ee8-4311-8575-08652c87de72,1954-10-09,,827-99-6143,S70544344,X96920987,Mr.,James,,Pace,,,M,black,nonhispanic,male,Port Carolview GA US,335 Robin Shore,Savannah,GA,Chatham,26028,31404,80.246726,-149.155579,20979.17,2552.21,131274,460.331.6800x258,taylorrobert@example.net,110588587,110501
9d53c933-8fb2-42d9-ae61-edce240ac549,1997-09-08,,519-41-7064,S57522196,X95477859,Ms.,Joanna,,Thompson,,,M,white,hispanic,female,Port Stevenport CA US,253 Palmer Shore,Oakland,CA,Alameda,46411,94609,-89.312032,47.543412,73062.7,18836.35,184188,+1-682-967-0580x112,angelicamiller@example.com,110633625,110501
af37b8f1-908a-4adf-aeec-57d893b24dd7,1941-03-15,,170-65-8982,S15669145,,Mr.,John,,Pratt,,,S,white,nonhispanic,male,New Rachelbury TX US,2769 Joshua Via Apt. 937,Austin,TX,Travis,38765,78702,-35.933127,86.601259,209854.38,25947.45,30044,(916)313-3537,gthomas@example.org,050327600,050201
25f5397b-976f-4af7-95d8-5fe44629f8e4,1954-12-23,,019-97-3032,S89193511,X92379146,Mr.,Douglas,,Cook,,,S,white,nonhispanic,male,Lake Dariusbury TX US,2324 Yates Cove Suite 790,Austin,TX,Travis,46313,78702,-78.213534,-135.809262,22974.8,18231.89,75125,001-357-969-9567,tiffany22@example.com,050528377,050201
65bb2003-289d-44da-af2f-0e47753a97ac,1991-08-01,,031-33-7750,S95446884,,Ms.,Alexis,,James,,,D,white,nonhispanic,female,Joshuastad MA US,56003 Hatfield Inlet Suite 279,Boston,MA,Suffolk,06562,02118,-71.916358,157.532392,30027.95,17275.58,38208,+1-698-854-3958x6035,angela18@example.net,030863598,030301
d0448272-43fc-44a1-8629-374498120dee,1937-08-25,,234-05-6830,S38369643,,Mr.,Michael,Michelle,Smith,,,,white,nonhispanic,male,Jillville IL US,26309 Michael Plaza Apt. 438,Chicago,IL,Cook,17747,60612,-10.479487,-38.581749,10943.81,50382.86,46207,(690)666-5622,jleon@example.com,140707853,140401
ba122890-0379-4c17-aa99-4a64f291ef73,1987-12-19,,267-11-7158,S38594323,,Mr.,Marcus,Shannon,Sullivan,,,S,white,hispanic,male,East Debbie TX US,36345 Allen Fords Apt. 316,Austin,TX,Travis,42420,78702,-18.341359,-54.716081,101537.02,33359.96,131955,+1-319-957-7048x7504,pbarnes@example.com,140889653,140401
8b1abb8a-c7ad-44ad-bdac-51b5d0d4b010,1970-01-19,,585-16-7522,S11099615,X38516685,Mr.,Nicholas,David,Figueroa,,,S,white,nonhispanic,male,Port Josephberg TX US,03353 Joshua Flat Apt. 212,Austin,TX,Travis,32594,78702,78.703934,-167.72747,36554.14,3800.94,48264,546.976.8955,gracejohnson@example.com,140180404,140401
17f1b37f-550d-4232-bf53-c9ab31f1951c,1982-12-13,,819-06-1677,S11578272,,Ms.,Traci,Marc,Andrews,,,M,white,nonhispanic,female,Veronicachester AZ US,6496 Marks Camp Suite 033,Phoenix,AZ,Maricopa,26966,85006,-53.602148,5.099904,12146.59,17292.06,46142,540-697-3000x3735,gharris@example.com,330954497,330101
ec87d399-2bc6-4a28-8e83-23601546bb20,1975-12-08,,572-90-4409,S42315069,,Ms.,Carolyn,Christine,Pham,,Carr,M,white,nonhispanic,female,Butlerville AZ US,32003 Mia Square,Phoenix,AZ,Maricopa,55752,85006,-83.574703,-3.178962,119765.46,40290.71,19070,2756667313,turnerjill@example.org,330248872,330102
12f2cee6-7303-482d-a67c-6033da0506bd,1970-05-17,,692-35-4930,S94028578,,Mr.,John,,Wilkinson,,,,white,nonhispanic,male,East Markbury CA US,3456 Elizabeth Views,Oakland,CA,Alameda,37581,94609,52.992393,56.395771,16539.88,13396.96,51801,(956)938-8277,marygarner@example.net,330819256,330102
f5a9a619-23c3-4976-99e3-8dcf0bf23e2c,1987-11-04,,720-06-9921,S38684098,X51961045,Ms.,Heather,John,Pena,,,,white,nonhispanic,female,Hayesbury CA US,7534 Lucas Gardens,Oakland,CA,Alameda,48479,94609,38.603511,40.959027,7850.96,22334.71,42211,3058060762,scottmonique@example.net,330594940,330102
f4c5a34c-b53b-44ae-aad8-22e122246d56,1976-09-05,,017-95-4457,S21654613,X65622792,Mr.,Mitchell,David,Thomas,,,W,white,nonhispanic,male,Micheleside CA US,3337 Adam Pine Apt. 572,Oakland,CA,Alameda,17904,94609,-12.437702,-44.161591,5660.19,10527.17,30878,001-669-497-7416x79293,stephen48@example.org,330517571,330102
38592c49-9b8f-4559-8613-bd857023afc7,1951-07-13,,872-82-1151,S93846109,,Ms.,Samantha,Gloria,Smith,,Sutton,M,white,hispanic,female,East Biancaton CA US,160 Green Landing Apt. 634,Oakland,CA,Alameda,12349,94609,78.93212,97.09134,11625.89,9811.36,110477,773.486.5685x1297,matthewgriffith@example.com,050779725,050201
f2075249-d67d-4484-9f51-b885888577cc,1996-12-27,,438-84-4655,S25819330,,Mr.,Joseph,Amanda,Hall,,,W,white,nonhispanic,male,Andreashire GA US,34571 Butler Knoll,Savannah,GA,Chatham,25074,31404,59.287036,101.662951,10921.58,4000.87,22396,+1-909-217-8363x58200,rebeccabarnes@example.net,050900247,050201
85a4a002-116b-494e-8b75-64ccbec090d1,1968-10-24,,130-83-6257,S95651894,,Mr.,Dale,,Simpson,,,,white,hispanic,male,Weaverville IL US,5591 Richards Way Apt. 153,Chicago,IL,Cook,13468,60612,-87.769644,179.630906,5259.85,17165.88,52638,945.205.8783x25775,pcooper@example.net,030184501,030301
40bd5238-188a-4170-a901-8f0b839ff0dd,1960-07-01,,735-27-2681,S60562424,X41005358,Mr.,Brandon,,Franklin,,,,white,nonhispanic,male,Valeriemouth AZ US,23962 Ralph Wall,Phoenix,AZ,Maricopa,17500,85006,-76.895787,-88.904623,9787.88,39230.59,50427,+1-468-433-5429,hufferic@example.com,030235733,030301
b3b91bda-c055-4da8-83ff-55e4a2feaffa,1964-01-06,,661-30-8206,S67307800,,Ms.,Theresa,Lori,Olson,,,,black,hispanic,female,Jenniferborough AZ US,2085 Karina Corners Apt. 803,Phoenix,AZ,Maricopa,06886,85006,-69.562987,150.261632,11391.69,1682.85,66653,001-396-546-2088x052,cookgregory@example.com,140377331,140401
107e3a70-d29d-4ed0-9ec7-d6392aaff650,2003-08-02,,261-07-0771,S23193875,X46099915,Mr.,Matthew,Benjamin,Klein,,,D,other,nonhispanic,male,East Ryan GA US,71467 Gregory Knolls,Savannah,GA,Chatham,29369,31404,2.144057,-172.144413,31997.51,9260.82,75662,4303120672,luiswhite@example.org,140482862,140401
34326fef-ad48-4b17-8062-90e725c9cdf0,1997-09-14,,649-61-8290,S59398568,,Ms.,Lindsey,,Murphy,,,D,white,nonhispanic,female,Sarahfort TX US,7844 Allen Glens Suite 189,Austin,TX,Travis,05387,78702,26.361258,2.298151,16670.99,8564.94,76598,7123790124,heatherball@example.net,110644549,110501
969cefef-8292-4770-acb0-42dcf90712f2,1928-12-28,,267-02-1092,S67536872,,Ms.,Lauren,Christine,Le,,,D,other,nonhispanic,female,Dennisborough TX US,95436 Kevin Ferry,Austin,TX,Travis,31642,78702,30.977987,-125.52049,39888.36,14543.99,45433,001-794-516-3861x10773,belinda16@example.org,330620845,330101
1113a79f-a385-499a-8b0a-00b23b30626d,1959-08-30,,741-47-6641,S74431237,,Mr.,Joseph,,Cohen,,,,other,nonhispanic,male,New Bradmouth IL US,66050 Jackson Court,Chicago,IL,Cook,13553,60612,70.812759,-1.976244,11730.56,14041.6,67533,001-310-282-5164x423,dominguezamanda@example.com,330730121,330101
044e33e5-3b17-4f2c-98e4-3b96e705da53,1984-03-03,,249-41-8584,S14663694,X70863990,Mr.,John,Austin,Hogan,,,S,black,nonhispanic,male,Prestonmouth TX US,546 Victoria Springs,Austin,TX,Travis,23288,78702,-75.215491,149.956288,13906.71,30268.3,41262,(399)231-4020x2958,wrosales@example.net,330276198,330101
8540ed8b-3bf0-4cd1-a4e3-6b88469bbb9d,1982-03-17,,877-11-7412,S51641080,X17740613,Mr.,Cory,Jonathon,Hardin,,,D,asian,nonhispanic,male,Allenview AZ US,084 Hannah Station,Phoenix,AZ,Maricopa,23681,85006,83.039589,136.067793,29941.95,52914.84,42866,(925)429-6509,ncollins@example.org,330610370,330102
14b72e8a-82a6-4c2a-8103-f7ed77988c0f,1969-03-11,,414-16-5790,S94446589,,Mr.,Justin,Scott,Rubio,,,S,other,nonhispanic,male,South Lisaborough GA US,5697 Irwin Springs,Savannah,GA,Chatham,29205,31404,-62.763744,163.029835,14523.57,59148.28,20853,+1-312-631-8574,stephanie23@example.net,330352014,330102
5016002a-aadc-4336-8eb8-c503effeccfb,2012-03-06,,389-35-1779,,X25803361,,Natalie,John,Powell,,,D,white,nonhispanic,female,West Charleschester TX US,107 Hahn Mews Suite 798,Austin,TX,Travis,47485,78702,54.003726,141.128471,11606.99,15225.58,14129,366-884-8224x86852,matthewmills@example.org,050467338,050201
f1c3cd81-c637-44ab-bbb9-28ee1d5a453d,1976-06-07,,043-98-7980,S47956857,,Ms.,Sheila,,Martinez,,,W,other,nonhispanic,female,Patriciastad TX US,7517 Lopez Rest,Austin,TX,Travis,10428,78702,66.913905,59.723497,11795.33,3869.8,14296,4814903854,fhall@example.org,030115321,030301
944a45dc-8d69-45ff-b709-e8f28a725c86,1970-03-06,,778-69-4210,S19154823,,Ms.,Diane,,Ross,,,D,white,nonhispanic,female,Austinbury IL US,5174 Shannon Lakes,Chicago,IL,Cook,38522,60612,16.303891,-96.421962,17787.77,12347.94,16232,706.497.5187,cathysolis@example.com,030688114,030301
aaf78150-6263-4b6b-a741-810e2aff760d,1945-07-04,,813-51-8001,S86295999,X35947705,Mr.,Andrew,Robin,Shepherd,,,D,white,nonhispanic,male,Goodwinfurt AZ US,76199 Hernandez Park,Phoenix,AZ,Maricopa,48018,85006,-28.509452,-140.842142,64508.88,5522.48,20496,+1-810-734-9766x922,johnhodges@example.net,140891727,140401
e415a6bf-6388-480b-95db-21e40e2358d6,2018-07-17,,580-67-2974,,,,Sarah,,Wells,,,,white,nonhispanic,female,Paultown IL US,247 Rhonda Canyon,Chicago,IL,Cook,44434,60612,7.86966,146.867362,155049.84,15826.77,107690,571.570.0449x586,leekatherine@example.org,140471301,140401
601a918e-5f8e-4a95-9979-e1f9eb5ed248,1928-02-02,,195-55-9590,S24514168,,Ms.,Lauren,Monica,Newman,,Jones,W,other,nonhispanic,female,Lake Rebecca CA US,45521 Landry Drives Suite 019,Oakland,CA,Alameda,52375,94609,-58.119599,7.895701,72738.81,5690.32,29779,580.772.9797x315,rgarcia@example.com,140876108,140401
9e973ac0-eeb3-4476-8f15-746bfc03ca38,1935-09-13,,800-94-7820,S84797199,X33880041,Mr.,Clifford,Bobby,Davis,,,,other,hispanic,male,Lake Caitlynfort GA US,1208 James Heights,Savannah,GA,Chatham,07567,31404,25.50356,-91.837455,21183.97,2249.38,33783,404-313-2054,maurice99@example.org,330243824,330101
eee1cdca-a790-4528-a786-33f50b20e74b,1964-10-20,,506-30-1000,S37329946,X70526210,Mr.,Michael,Kari,Rodriguez,,,W,white,nonhispanic,male,Jenniferberg CA US,5943 Jones Causeway Apt. 077,Oakland,CA,Alameda,55223,94609,73.99316,-127.461603,80719.32,96791.37,23151,9687603635,bryan61@example.com,330961518,330102
6ea3df3d-b636-4dc6-8f96-ee2d6948e581,1980-11-25,,046-76-7928,S29204969,X59492801,Ms.,Amber,Brooke,Rasmussen,,Jensen,W,other,nonhispanic,female,Tamibury AZ US,26649 Erik Knoll Suite 133,Phoenix,AZ,Maricopa,41929,85006,7.747495,-154.5159,8589.68,21443.04,106407,+1-334-876-1915x379,rosenicole@example.org,030585292,030301
721099d6-f86f-4484-b4d8-c42ee44b1512,1970-08-31,,413-36-9173,S26102334,,Ms.,Deanna,George,Hall,,Ford,,other,nonhispanic,female,Harrisberg IL US,987 Jesus Drive Suite 982,Chicago,IL,Cook,11402,60612,73.600661,41.90125,12535.17,15117.57,111884,260-628-9297x9847,vtucker@example.com,140763320,140401
a54496c1-1159-43c0-a6a4-8e82eb1899ac,1973-08-11,,585-99-3789,S20533169,,Mr.,Don,Shelby,Oliver,,,,white,nonhispanic,male,Robertfurt MA US,082 Morgan Trace Suite 961,Boston,MA,Suffolk,46479,02118,-17.497507,71.207569,8144.39,32704.12,63095,001-746-470-4479x1226,riverataylor@example.net,140946016,140401
0606cbc3-637d-467b-8ebd-4a4454118eff,1998-09-24,,410-92-2925,S98574929,X20563434,Ms.,Rachel,,Wells,,,M,white,nonhispanic,female,Ruizshire GA US,2879 Jennifer Squares Apt. 452,Savannah,GA,Chatham,25556,31404,37.993552,-88.857479,6753.25,33343.7,53862,709-995-0200,lholmes@example.com,110458962,110501
526fd8d7-450f-499c-ad9b-dbf7c9dee8bc,1961-06-05,,534-48-9557,S95895453,,Mr.,Daniel,Robert,Miller,,,W,white,nonhispanic,male,Williamsville GA US,2366 Timothy Spurs Suite 510,Savannah,GA,Chatham,01335,31404,33.635597,-154.665016,26471.42,7274.02,83197,671.509.8176x2809,mooreronald@example.org,110937827,110501
164558e0-7775-4213-a530-5e881e4335d0,1939-07-03,,333-65-3623,S40046907,,Ms.,Haley,Daniel,Callahan,,,W,other,nonhispanic,female,West Adrianberg TX US,42634 Carpenter Keys,Austin,TX,Travis,39366,78702,28.332379,-149.394282,142416.57,39818.41,12751,656.632.4526x362,eric90@example.org,330711051,330101
fa519b47-58f9-459d-8fba-a1dfd008b24c,1945-01-04,,863-13-2468,S60881143,,Ms.,Bonnie,Marcia,Miller,,Hoover,,black,nonhispanic,female,Jonesburgh CA US,6577 Donna Burgs,Oakland,CA,Alameda,32743,94609,73.095211,-8.342895,11661.47,13223.19,22132,682-714-2185,xschroeder@example.net,330406062,330102
7661d43b-6d19-4bf9-8dd6-8555dc138945,1972-09-13,,143-09-7539,S73993320,,Ms.,Traci,Randy,Conley,,,W,other,nonhispanic,female,South Matthew MA US,4404 Brandon Mountain,Boston,MA,Suffolk,38043,02118,6.319546,-74.471315,112513.47,3324.19,182249,8286023835,ustephens@example.org,050408870,050201
01537035-8fc4-41b9-b3a4-4f839a1d74af,1966-02-20,,292-78-5081,S13679218,,Ms.,Nancy,,Richards,,,W,black,hispanic,female,Lake Barbaraside CA US,907 Davenport Drive Suite 473,Oakland,CA,Alameda,30953,94609,-9.132043,-114.912578,18491.57,5717.64,58519,683-637-7741x4124,brownannette@example.org,030171058,030301
796f1f97-0ac0-4396-b4bd-c0e478557bd3,1970-12-13,,684-21-7141,S78705425,X22249610,Ms.,Lindsay,Christina,Osborne,,,D,white,nonhispanic,female,Webbborough GA US,63290 Lucas Divide,Savannah,GA,Chatham,22989,31404,88.104895,-61.760485,75525.58,889.58,44695,(312)885-0772x6485,brooke58@example.org,140595635,140401
d97597b1-d5fd-4bf8-8fec-15c6cfaaa837,1972-10-06,,468-73-6404,S83113729,,Mr.,Jordan,,Scott,,,D,white,nonhispanic,male,West Mollyhaven CA US,3602 William Cliffs,Oakland,CA,Alameda,54360,94609,41.563454,-135.053093,138187.75,143482.31,15845,961.833.5973x46907,normanmegan@example.com,140512377,140401
ecb22d4c-a83a-4e2c-b7af-3b2ad5ffbdf3,1964-08-31,,416-92-8568,S60688236,X59706727,Mr.,Timothy,Adam,Gregory,,,D,black,hispanic,male,Shawnmouth MA US,038 Vanessa Loaf Apt. 740,Boston,MA,Suffolk,42182,02215,62.46904,-173.536651,210806.65,14823.69,113365,(741)320-1392x532,ambermercado@example.org,330823148,330101
5ae200ac-38e1-4f4f-a2e2-565ae3dc5b26,1977-01-22,,351-56-6924,S90825530,,Ms.,Jessica,Jessica,Lewis,,,D,black,hispanic,female,Lake Seantown MA US,6163 Norman Village,Boston,MA,Suffolk,10846,02118,-59.275289,-9.225102,83932.59,999.91,51642,(261)793-9613,jessicafoster@example.net,330989771,330102
95f0e303-a2f0-4599-b3ff-bfb49d6697d6,1974-01-15,,718-72-1779,S43069155,,Mr.,Tyler,Christopher,Allen,,,S,black,nonhispanic,male,Aimeeland CA US,802 Gill Creek,Oakland,CA,Alameda,32082,94609,-43.676023,101.572781,24881.6,2955.67,376383,+1-538-343-4694x64867,tammy85@example.net,050808198,050201
e9bdb3b1-a524-4dc3-82fa-265a5af802b3,1988-01-18,,159-83-1353,S23112492,,Ms.,Theresa,Samantha,Hunt,,Lopez,D,white,hispanic,female,Lake Rileyfurt IL US,91053 Morris Corner,Chicago,IL,Cook,30033,60612,-87.949491,-21.298263,30159.17,82133.45,169086,+1-782-678-2034x911,qvalentine@example.org,030929871,030301
1c36d337-768e-491c-9f79-f98e41e59f9b,1989-10-19,,628-68-9042,S72476674,,Mr.,Michael,Brianna,Dyer,,,,white,nonhispanic,male,West Cole TX US,63522 Baker Pine Apt. 108,Austin,TX,Travis,43520,78702,34.669806,172.459992,108778.67,7644.58,43674,001-685-846-1759x2013,potterkevin@example.org,030583734,030301
4fc2de84-689b-4032-b5f3-31e6cf446721,1979-09-20,,632-68-5205,S24070333,X58839537,Mr.,Eric,Christine,Gomez,,,W,asian,nonhispanic,male,Marissaton MA US,582 Gary Ferry Apt. 988,Boston,MA,Suffolk,36059,02118,87.33946,71.219343,12621.07,37681.53,53147,001-634-560-7004x1294,desireelewis@example.org,030103109,030301
04270989-69d1-4444-8656-9a0b1ab7e91f,1972-10-29,,402-44-8995,S79844251,,Mr.,Joseph,Timothy,Perez,,,M,white,nonhispanic,male,Hamiltonmouth MA US,640 Davis Cape,Boston,MA,Suffolk,35308,02118,-38.861571,57.361508,21145.81,41386.03,124372,(882)788-0153x263,justin31@example.net,140691532,140401
3b1ce7f5-e397-4d08-ad99-4efb4db41eff,1933-06-23,,448-06-1752,S35920260,,Mr.,Kyle,,Ellis,,,W,white,nonhispanic,male,Port Gary AZ US,64786 Aguirre Wall,Phoenix,AZ,Maricopa,38669,85006,3.51447,-51.412666,79257.14,3157.26,30950,001-206-791-6069,rossjohn@example.com,330102769,330101
93449455-1156-406c-bfe5-176768ada81a,1998-06-06,,753-43-3339,S39764253,X99256243,Mr.,John,Michael,Davies,,,M,black,nonhispanic,male,Port Jodyview AZ US,780 Smith Shoal Suite 749,Phoenix,AZ,Maricopa,33368,85006,84.606197,-43.528695,50451.5,7008.77,70587,593.659.0374x472,gonzalesmichael@example.com,330239092,330101
dc6168b0-1f9a-4544-a62b-583909f8e2eb,1991-07-03,,099-99-4697,S90689049,,Ms.,Danielle,Amanda,Moon,,,W,white,nonhispanic,female,Perkinsside MA US,96147 Wanda Stream Suite 261,Boston,MA,Suffolk,47916,02118,14.157419,-96.419417,114781.05,14121.58,21444,348.524.1871x1267,mcdanieltimothy@example.org,330771504,330101
f04c0165-c5aa-4607-be3c-909b873f4bdf,1997-07-10,,346-16-8723,S67138243,X88399441,Mr.,Terry,Tammy,Gallagher,,,S,asian,nonhispanic,male,Gwendolynbury GA US,554 Stevens Isle Suite 247,Savannah,GA,Chatham,02761,31404,-51.645325,53.952709,24724.61,9202.56,423848,001-506-774-0673x8797,fmejia@example.net,330831910,330102
be02eca9-d3d9-4af0-a403-6efbb6c19c4f,1994-03-09,,483-67-4531,S94409576,X52053594,Ms.,Megan,Michael,Whitehead,,,S,white,nonhispanic,female,Shermanville TX US,06236 Cruz Lake Apt. 899,Austin,TX,Travis,22361,78702,-15.384237,-81.082953,125584.3,14928.42,34866,+1-768-814-1125x634,eatonallison@example.com,330215372,330102
c7e84e34-f838-4d87-823f-5b28c3927e41,1994-05-30,,720-42-7212,S86304174,,Ms.,Lori,Jonathan,Moody,,,S,asian,nonhispanic,female,Paulbury AZ US,6676 Tammy Drives Suite 061,Phoenix,AZ,Maricopa,49989,85006,78.671501,17.315797,15327.07,583174.4,14905,456.345.7168x70496,fergusonlisa@example.com,330617124,330102
cb59fcf0-0ca9-42cb-a05f-47ff2d6778ce,1952-04-25,,006-53-1871,S43259078,X67639660,Ms.,Courtney,Shawn,Koch,,Gray,M,white,nonhispanic,female,Bradyton CA US,900 Austin Passage Suite 973,Oakland,CA,Alameda,50973,94609,25.845368,69.409665,22837.06,12252.62,57772,943-565-4528,terranceporter@example.org,330638903,330102
3046a5d6-0652-4fdc-95fe-f708e707aad9,1963-03-24,,341-14-7939,S76383663,,Mr.,Jeffrey,,Stevenson,,,W,other,nonhispanic,male,Port Stephentown MA US,0800 John Street Suite 065,Boston,MA,Suffolk,32670,02215,46.365665,-153.951049,97416.57,6387.16,47034,(404)860-8967x649,klarsen@example.org,330256489,330102
efbf0196-12fe-4268-84bb-ce0d30f93a8e,1994-05-31,,571-30-6635,S12012270,X43968744,Mr.,James,Thomas,Jennings,,,S,white,nonhispanic,male,Christophermouth IL US,0468 Hodges Mills Suite 223,Chicago,IL,Cook,22012,60612,1.805923,77.049578,24605.11,10569.34,78413,+1-833-657-0996x216,kristincolon@example.com,330419674,330102
c807f6ce-2b0a-44e8-bf87-438894dff146,1968-10-30,,570-49-1955,S93040094,X33989576,Ms.,Kimberly,Charles,Bauer,,,M,black,hispanic,female,South Robertstad MA US,043 Patricia Motorway,Boston,MA,Suffolk,30693,02118,-48.439355,-54.255272,86266.68,54108.11,114025,9182970976,kyleknapp@example.com,330377258,330102
0c45cfe9-5853-4dc4-bc45-b1d2fdd6afe5,1989-03-09,,597-84-5456,S25376028,,Mr.,Darrell,Mackenzie,Ayala,,,M,black,hispanic,male,New Tammy GA US,676 Munoz Route Apt. 854,Savannah,GA,Chatham,06496,31404,42.490384,179.411522,50785.57,6865.13,60253,+1-654-668-0300,hmartinez@example.com,330818866,330102
a9b25043-be14-4a51-a14e-a60f47415cf3,1990-07-01,,705-46-7238,S16239745,X35398984,Mr.,Robert,Destiny,Allen,,,S,white,nonhispanic,male,Danaborough MA US,29241 Kimberly Lake,Boston,MA,Suffolk,32366,02118,-29.869506,63.900811,13188.44,6931.8,30836,766-837-4948,qrosales@example.org,330799905,330102
42a136f9-3856-43aa-84ad-60034a674d2e,1949-12-23,,079-80-5486,S79301177,X11521091,Mr.,Michael,Jessica,Bass,,,S,white,nonhispanic,male,Colemanchester TX US,9825 Sexton Common Apt. 611,Austin,TX,Travis,21517,78702,-16.567107,-95.879432,9791.73,12143.68,63159,+1-600-237-4835x639,matthewallen@example.net,050197547,050201
d427358e-d0c6-4520-9563-98778a7b2de4,1970-08-09,,230-24-4922,S35073018,,Mr.,Andrew,Jonathan,Adams,,,M,white,nonhispanic,male,Jenniferbury IL US,950 William Village,Chicago,IL,Cook,18869,60612,72.951446,158.411833,6756.93,3543.29,66212,752.565.9461,thompsongina@example.net,050679002,050201
11bcbd07-e5a9-47f6-95b4-efddc379386a,1952-12-17,,053-39-7652,S56875291,X98919683,Mr.,Anthony,Brent,Williams,,,W,white,nonhispanic,male,Janicemouth MA US,3678 Katrina Tunnel,Boston,MA,Suffolk,54636,02118,-3.804882,-57.92274,172666.91,12854.68,22909,+1-532-266-5646x162,umccullough@example.net,050747722,050201
a33c80e4-8451-428e-b3a0-00db1b8e9284,2004-03-08,,168-15-1084,S56166574,,Ms.,Susan,Lisa,Kelly,,,,white,nonhispanic,female,Smithmouth CA US,2293 Todd Hill Suite 492,Oakland,CA,Alameda,54097,94609,-36.591173,166.068031,63418.1,5125.21,79905,+1-744-531-7051x22426,smithkristine@example.com,050789521,050201
2c99508c-c49e-42e3-8dff-86a97c2c274e,1971-03-14,,503-88-8429,S64046620,,Ms.,Linda,Ashley,Cruz,,,D,white,nonhispanic,female,Lake Allen IL US,2192 Patterson Drive,Chicago,IL,Cook,17974,60612,-73.133179,60.903218,53091.87,40267.08,142425,+1-623-245-4530x45681,pvaughn@example.org,050253762,050201
ba2c2dd9-6aef-42e7-bf41-e2abf46363da,2001-07-07,,870-72-5036,S16172583,X46026223,Mr.,Elijah,Ellen,Fuentes,,,W,white,nonhispanic,male,Smithchester CA US,89234 Allen Mews,Oakland,CA,Alameda,01042,94609,-28.732193,0.050972,14610.1,24769.01,22632,439-964-7547,cisnerossara@example.org,030385040,030301
a1642ac4-b0b5-49d5-93df-d2a1e8ce3433,1986-08-09,,162-73-9170,S10634889,,Ms.,Dana,Dan,Sawyer,,Hughes,,white,hispanic,female,Middletonmouth GA US,238 Scott Drive Apt. 501,Savannah,GA,Chatham,14090,31404,-65.375986,81.014573,37885.89,16854.95,55521,(241)718-1838x5872,travis81@example.com,030841647,030301
2f9a784d-b65d-4ca5-805f-31a1bf62a39c,1994-08-31,,191-77-0205,S89171304,,Mr.,Michael,,Davis,,,S,other,nonhispanic,male,East David TX US,75197 Yates Overpass,Austin,TX,Travis,41498,78702,-86.928285,69.203019,92577.9,144599.86,16000,656.374.6011,dwilson@example.org,030205136,030301
75f316fb-008d-4828-b129-e5591a79471f,1994-10-21,,271-48-4938,S31438710,,Ms.,Cathy,Bridget,Bautista,,,M,white,nonhispanic,female,East Amber MA US,670 Ramos Shoals,Boston,MA,Suffolk,05477,02118,57.007553,161.907526,11996.1,48781.52,46938,325-413-4108x74768,lchapman@example.com,140702229,140401
4b966e9b-a6f2-4f38-874b-af158474ecbf,1959-05-04,,779-36-1994,S29372169,X43963876,Mr.,Michael,Joseph,Le,,,W,white,hispanic,male,Evansberg TX US,778 Brian Roads Suite 524,Austin,TX,Travis,08962,78702,62.480202,67.77226,45873.49,2941.44,16420,001-690-416-6178x777,carlos66@example.com,110608682,110501
e09c7cd7-c935-4f2f-b92f-bf3d39cfb55c,2006-07-13,,677-67-4054,S93281737,,Ms.,Rhonda,Mark,Stone,,,M,white,nonhispanic,female,Port Jamesport AZ US,784 Robinson Alley Apt. 473,Phoenix,AZ,Maricopa,13011,85006,-47.30457,-147.953744,65040.26,5696.01,15831,(961)874-6548,dwashington@example.org,330661500,330101
16402154-f715-4d31-9c19-2f9826bf4c9e,1981-12-29,,108-67-0886,S93266756,X64458980,Ms.,Kimberly,Curtis,Vega,,Jones,,white,nonhispanic,female,Ayersview GA US,09914 Smith Crest Apt. 913,Savannah,GA,Chatham,21852,31404,66.566387,145.211878,12643.8,30698.64,113164,462-319-1991,fbrown@example.org,330595363,330101
e3339049-8fd2-4ab3-a69e-2b3c0eb4d28c,1951-06-07,,262-07-0912,S90146226,X62450499,Mr.,Seth,Sandra,Sanford,,,,black,nonhispanic,male,South Ryanmouth TX US,52849 Atkinson Throughway Suite 980,Austin,TX,Travis,26466,78702,77.461131,37.1316,10021.09,14432.47,58209,4967104795,chloe08@example.com,330581407,330102
1346973a-0463-4126-a988-da1d31417062,1929-07-30,,406-57-9772,S22042902,X87448634,Mr.,Pedro,Heather,Mcclure,,,S,asian,nonhispanic,male,Port Christopherton AZ US,49685 Green Shore,Phoenix,AZ,Maricopa,43041,85006,-54.370686,-11.076669,23011.28,23271.29,37219,+1-917-246-5459x66460,reyesblake@example.com,330441739,330101
6e537577-737d-4aa2-851d-fa1cbde9e219,1957-06-21,,763-82-2357,S92404554,X74299777,Mr.,Taylor,Christy,Bailey,,,D,asian,hispanic,male,South Glenntown IL US,0498 Cooke Parkway Suite 685,Chicago,IL,Cook,06386,60612,68.292473,77.773669,9173.78,1520.55,78953,(483)886-2019x8194,amiller@example.com,330496415,330101
265f1c4e-9d38-4360-91bd-6003262a3e29,2009-06-07,,352-85-5300,S75739076,,,Lisa,Evelyn,Mueller,,,W,black,nonhispanic,female,Abigailmouth MA US,381 Joshua Street,Boston,MA,Suffolk,24897,02118,40.697052,154.078673,87099.63,11019.54,36386,(979)998-0408x72943,fross@example.org,330267852,330101
b7e4cd91-4a86-4156-be9f-42b4535eeee1,2014-08-16,,802-47-6581,,,,Christopher,Mindy,Smith,,,D,white,nonhispanic,male,Camposborough MA US,407 Hardy Shoals,Boston,MA,Suffolk,45201,02215,-56.000386,-58.095814,119565.59,57722.6,144084,(651)887-8882,haley11@example.org,330523072,330101
528316cb-7e0d-4755-97eb-f1d3dbbca6f9,1972-06-07,,003-74-8053,S52747781,X67145259,Ms.,Erin,Leslie,Dennis,,,S,white,hispanic,unknown,South James GA US,697 Davis Ports,Savannah,GA,Chatham,03157,31404,51.284971,45.881593,20344.94,4815.1,41129,2936135887,davispamela@example.com,330441022,330102
21927783-c798-4de5-977e-8243db5a7bc4,1975-11-02,,482-96-8567,S71002397,X83684769,Ms.,Heather,Kevin,Rodriguez,,Martin,,white,hispanic,female,Yufort CA US,3736 Smith Valleys,Oakland,CA,Alameda,37025,94609,83.490393,-92.783685,9451.69,9330.22,26115,793-220-2720x02097,williamsmadison@example.com,330397476,330102
acb6f851-bdb4-424c-8658-f76db7891eb1,1957-11-20,,096-63-3938,S54377575,,Mr.,James,Anthony,Mcclain,,,D,white,hispanic,male,Port Janetmouth MA US,23586 Aaron Port,Boston,MA,Suffolk,15965,02118,67.349357,110.776605,40988.68,37048.05,21786,001-788-200-7443,ulindsey@example.org,330183275,330102
e980c429-228c-40d7-976b-2bb5531aca26,2006-07-26,,556-70-6446,S25364546,X38877778,Mr.,Cole,,Dunn,,,S,white,nonhispanic,male,Hunterchester IL US,725 Wilson Islands Apt. 212,Chicago,IL,Cook,33392,60612,-52.500188,39.954135,3546.38,21342.25,44729,277.811.3653x44043,russomatthew@example.com,330442532,330102
41839b45-d14b-4088-aea1-9323a53792b4,1960-03-13,,283-94-7858,S86762074,X79584202,Mr.,Stephen,,Zamora,,,M,other,nonhispanic,male,Danielston CA US,76731 Cooke Square,Oakland,CA,Alameda,47335,94609,4.193485,63.146095,29970.3,8864.33,15597,881.246.9875,sarah36@example.com,330498928,330102
6b1ca47e-bda4-45ad-b9e9-7cd9356e2f8e,1944-12-03,,114-43-0172,S21184654,X36725669,Ms.,Kelly,Matthew,Mcbride,,Contreras,W,white,hispanic,female,West Joan IL US,506 Jones Lock Apt. 749,Chicago,IL,Cook,23562,60612,40.088326,-87.016588,30369.05,13871.39,66351,(906)410-9709x5740,ckelly@example.net,330360230,330102
d0349941-f037-46c9-8406-c3d121ccaad2,1966-11-06,,125-89-3368,S36904538,,Mr.,Jimmy,Adam,Simon,,,S,white,nonhispanic,male,East Bryan AZ US,588 Allen Plains Suite 238,Phoenix,AZ,Maricopa,44504,85006,-34.459884,-177.573981,155417.79,25494.94,51618,951-494-2100,lwashington@example.net,330672091,330102
7afad38d-99a1-4ac3-b3fe-8affb9d1ebd9,1962-07-21,,449-02-6035,S20048649,X45783743,Mr.,William,Patricia,Page,,,S,black,hispanic,male,East Briantown AZ US,3198 Henderson Rapids Apt. 090,Phoenix,AZ,Maricopa,19665,85006,-46.99597,-53.972552,20811.71,73096.32,45192,(966)351-6805,christopherthomas@example.net,330778198,330102
0866429b-a82c-4cee-a0c2-93a07d1cda26,1960-01-30,,457-67-1247,S12324905,,Mr.,Steven,,Nelson,,,D,white,nonhispanic,male,East Kimberlyshire MA US,5911 Lori Avenue Suite 735,Boston,MA,Suffolk,02481,02215,-36.729723,115.134274,6632.51,22853.36,50802,331-595-6955,jessicadavis@example.net,050879842,050201
57d8e84b-42f5-4c39-b4d4-c07300143d99,1946-11-06,,714-10-4528,S15760344,X92136550,Mr.,Seth,,Duncan,,,,black,nonhispanic,male,Elliston CA US,427 Lawrence Burgs,Oakland,CA,Alameda,43996,94609,-30.386046,-156.309848,11926.2,54522.06,247876,944.235.5712,graveshenry@example.com,030397778,030301
30584cf1-8314-4fa4-8e65-469f56cd30d6,1963-06-18,,828-66-6493,S49405331,,Ms.,Jacqueline,William,Rhodes,,,,white,nonhispanic,female,Williamsville CA US,509 Margaret Ferry Apt. 090,Oakland,CA,Alameda,43766,94609,-15.884135,-143.098152,57917.15,7050.76,137796,+1-321-365-4122x76188,wprince@example.net,030401778,030301
5fb78195-9be9-403f-a14a-d0dd744edb71,1983-03-27,,895-62-2314,S69963904,,Ms.,Kimberly,,Hughes,,,D,white,nonhispanic,female,Port Dylan MA US,6741 Debra Keys,Boston,MA,Suffolk,01984,02118,67.531871,123.338307,23578.15,10219.28,84751,001-912-883-3495x3124,juliebell@example.net,030304685,030301
b3a0506e-59db-4f4f-a13f-fad36b8f14cd,1986-09-09,,235-03-0218,S24920263,X75816846,Mr.,Joe,William,Ward,,,S,black,nonhispanic,male,Tonybury GA US,4508 Curtis Keys Suite 358,Savannah,GA,Chatham,18888,31404,-49.301302,-48.308199,5983.34,43477.67,82159,7223857512,daniel77@example.com,030715227,030301
4350f1f5-69ba-4aba-843e-e018e90889a1,1963-10-31,,638-96-1255,S94831599,X98947936,Ms.,Nancy,,Phillips,,,M,white,nonhispanic,female,Kaylafurt GA US,878 Jeffery Crossroad,Savannah,GA,Chatham,53557,31404,82.611172,-79.186124,7672.88,1909.93,27349,+1-394-548-3859x508,michaelgill@example.com,140672792,140401
a98bb609-94eb-430c-80b2-982ddffea4c9,1971-02-12,,145-06-1401,S36824824,,Ms.,Kelly,Colin,Thomas,,,W,white,hispanic,female,Hendersonberg AZ US,50610 Colon Creek Suite 088,Phoenix,AZ,Maricopa,42360,85006,68.659574,62.504271,42566.28,7417.57,88447,666.858.1596,lewisjeremy@example.net,140542531,140401
a98bb609-94eb-430c-80b2-982ddffea4c9,1971-02-12,,145-06-1401,S36824824,,Ms.,Kelly,Colin,Thomas,,,W,white,hispanic,female,Hendersonberg AZ US,50610 Colon Creek Suite 088,Phoenix,AZ,Maricopa,42360,85006,68.659574,62.504271,42566.28,7417.57,88447,666.858.1596,lewisjeremy@example.net,140542531,140401
2550d4cc-7784-4875-98f5-9f993230d0b2,1960-11-09,,150-26-9451,S11319412,X36402211,Mr.,John,Brandon,Mosley,,,W,white,nonhispanic,male,Bethanyview MA US,8773 Richards Motorway,Boston,MA,Suffolk,40693,02215,31.137982,-171.329237,38465.89,2722.69,107746,+1-422-594-3842x792,bakerdaniel@example.net,140172686,140401
e56d5dee-b167-4799-93b8-dcb01c187366,1936-07-18,,716-60-3607,S46978278,,Ms.,Melissa,Sherry,Castro,,,W,black,nonhispanic,female,Harveytown CA US,91690 Craig Mountain,Oakland,CA,Alameda,14189,94609,11.213387,-167.752239,42422.57,43743.4,35167,684.598.7039x79936,richard72@example.com,140105722,140401
e1c3b293-a011-400d-9bac-880a025079fd,1970-09-04,,549-01-7587,S92765863,X84402739,Ms.,Pamela,,Chavez,,Graham,W,white,hispanic,female,North Rickborough MA US,756 Courtney Ports,Boston,MA,Suffolk,21861,02215,-45.060308,-62.422289,27280.76,15747.26,126316,001-235-743-9478x67585,josecardenas@example.net,140563409,140401
30ca6216-b90c-4500-959c-66de0a3f6dbb,1956-05-28,,351-96-4979,S93133205,X68958944,Ms.,Elizabeth,,Smith,,Schwartz,D,white,nonhispanic,female,North Annshire CA US,03385 Virginia Land Apt. 560,Oakland,CA,Alameda,30289,94609,-59.630387,8.309606,21851.76,9790.35,73932,203.977.0906x757,blackchristine@example.com,110483702,110501
0f5d5064-ec7c-498e-9e77-ac73fca7d7da,1925-06-25,,464-93-8444,S20736728,,Mr.,Austin,,Burns,,,D,other,nonhispanic,male,West Troy MA US,11987 Lyons Island Suite 782,Boston,MA,Suffolk,14865,02215,-85.7346,112.527008,37015.57,16349.49,28502,001-502-639-2587x93650,valerienelson@example.org,330820743,330101
3699081f-8ef7-4a5f-b1aa-ad959e119bb3,1968-07-26,,728-20-1625,S84117093,,Ms.,Sheila,Jeffrey,Boyle,,Escobar,W,white,nonhispanic,female,Justinmouth IL US,110 Michelle Fort Suite 618,Chicago,IL,Cook,24499,60612,37.949847,92.495498,95407.58,10446.36,32377,594-232-7421x2192,thomascox@example.net,330196283,330101
b62c8fe8-f4da-49ac-b6ce-062bd8a3a5af,1957-02-05,,601-07-1264,S38292830,,Ms.,Carol,,Cook,,,S,white,nonhispanic,female,South Melissatown MA US,2662 Kimberly Mill Apt. 525,Boston,MA,Suffolk,21955,02118,-75.411546,-115.940602,16611.47,9428.33,130035,923.636.1585x7084,fwatts@example.net,330771925,330101
d7aefd92-5e59-4b3b-805f-36f76dda3738,1951-02-06,,533-89-7789,S63753552,X33081572,Ms.,Michelle,,Jones,,,S,white,nonhispanic,female,New Rebeccabury MA US,72199 Williams Manor Suite 676,Boston,MA,Suffolk,09344,02215,-9.338126,-122.575296,30892.08,7586.27,41673,001-991-969-3960x48100,cruzjohn@example.net,330874261,330102
9b4c6766-a1aa-4cdd-958a-7b8c8159843d,1950-08-23,,717-06-7384,S12957090,X69717471,Ms.,Norma,Jodi,Tanner,,,D,white,hispanic,female,Andersonland MA US,388 Perry Knolls Apt. 473,Boston,MA,Suffolk,32929,02118,48.704702,-123.83501,6532.47,127860.78,33056,840-967-3235x99067,jacqueline29@example.net,330228153,330102
3ae9fa8f-4192-4120-937c-824094c4dbdc,1984-04-15,,122-13-5623,S38122751,,Ms.,Kimberly,Daniel,Perez,,,S,black,nonhispanic,female,Bellberg TX US,25884 Anthony Streets,Austin,TX,Travis,12428,78702,41.20525,152.847516,22819.34,5703.36,46825,+1-432-451-5381x33698,meganmartinez@example.org,330684716,330102
d90fe7f7-fe4f-4a8a-bee3-54b403a7f045,1976-10-20,,712-16-1382,S30237504,,Mr.,Daniel,,Burns,,,,other,nonhispanic,male,North Jamesland CA US,24558 Benjamin Pass,Oakland,CA,Alameda,25635,94609,21.727266,-45.962202,32207.32,10410.74,25764,392.268.9251,kaylawilliamson@example.com,330255443,330102
ce1dd1b8-3a66-44d6-921c-11d1ba5cbd3f,2000-04-03,,703-25-2757,S19214323,,Ms.,Michelle,Robert,Conrad,,,,other,nonhispanic,female,Scottside GA US,205 Steven Vista Apt. 785,Savannah,GA,Chatham,29176,31404,-68.298411,107.644547,101473.62,15668.65,33786,485.741.7501x12974,annacharles@example.net,330591044,330102
c77fac86-a676-4a71-955d-e3e76e291146,1994-11-16,,202-42-1745,S54910608,,Mr.,Bryan,Austin,Payne,,,D,asian,nonhispanic,male,North Sandramouth CA US,1922 Stephanie Route Suite 890,Oakland,CA,Alameda,01048,94609,10.141652,-57.811643,8097.86,6302.2,123643,446-365-9468x82286,acollier@example.com,330552313,330102
31fbf711-f1d2-4aec-9d95-d1f443a3fe41,1983-09-28,,055-83-8938,S39138358,X71876133,Mr.,Tyler,David,Wood,,,M,white,nonhispanic,male,Jasonmouth CA US,08616 Mccarthy Point Apt. 043,Oakland,CA,Alameda,35490,94609,50.581649,146.886191,89594.92,3947.55,35605,901.221.3447,mdaniels@example.org,330881196,330102
c4d9c6b4-6fb1-4e86-8865-aabb119abe64,2000-03-31,,491-30-6489,S72886672,X60675928,Ms.,Kayla,,Townsend,,,,white,nonhispanic,female,Knightmouth TX US,637 Brittney Glens Suite 571,Austin,TX,Travis,17757,78702,16.247216,17.884431,41032.23,15269.05,150245,(832)608-2517x992,kennethlowery@example.com,050288081,050201
0684d575-b997-4c5d-aa7e-613528c0b2f9,1937-06-09,,237-37-7610,S91158185,,Mr.,Daniel,Sherry,Schultz,,,D,white,nonhispanic,male,Brianshire MA US,67227 Dunn Union Suite 946,Boston,MA,Suffolk,35056,02215,53.861869,-178.592655,132350.14,7783.64,58713,861-937-0960x961,paulsmith@example.com,050306779,050201
f6b35ae4-1062-4b87-b865-dbab63542414,1960-10-06,,179-65-5647,S58082822,X31650255,Ms.,Jacqueline,Anthony,Holmes,,,D,white,nonhispanic,female,Port Lisa MA US,36566 Walton Squares Suite 723,Boston,MA,Suffolk,18589,02215,-68.28071,81.267595,91310.76,5247.03,39318,3466839230,andreaadkins@example.com,050198421,050201
c4a4259a-9eed-4423-aa34-61e5a41c82dc,1977-08-10,,651-27-7398,S31998663,X86965878,Ms.,Jessica,Michael,Adams,,,D,white,hispanic,female,North Adamland IL US,043 Jenkins Inlet Apt. 294,Chicago,IL,Cook,17135,60612,10.709475,107.611984,52368.17,6550.2,40267,+1-231-484-4822,unelson@example.com,050541106,050201
d032e4c5-7cc0-4e0e-94b3-8e8444c2de17,1979-03-04,,247-99-6483,S80807720,,Mr.,Alexander,Haley,Nolan,,,M,other,nonhispanic,male,Lake Katelyn TX US,63760 Ashley Fort Apt. 491,Austin,TX,Travis,52635,78702,65.178219,-155.430248,15060.66,2109.21,50056,454.611.5307x94592,wellsgail@example.net,050100309,050201
411f995c-88c4-4ac1-b364-40438b029703,1964-06-02,,851-90-6316,S98890238,,Mr.,Caleb,,Williamson,,,,black,nonhispanic,male,Johnsonland IL US,69045 Johnny Mount Suite 932,Chicago,IL,Cook,03265,60612,4.745659,8.580396,41584.54,30078.23,25947,2597787526,hbishop@example.org,050560906,050201
c14b1aad-155a-42dd-a65c-24ab0e96211d,1967-09-03,,514-21-8404,S99668492,X96058660,Mr.,Jeffrey,Jessica,Gray,,,D,other,nonhispanic,male,Thomasview MA US,80161 Phillips Pine,Boston,MA,Suffolk,40038,02215,65.012023,-17.319661,59262.44,50479.11,24589,466-491-4009x26990,angela96@example.org,050536259,050201
1e084fe7-5741-452e-8bb1-2c29bf5ad214,1976-02-12,,313-09-1515,S81277974,,Mr.,David,Steven,Strong,,,M,white,nonhispanic,male,Samanthaport TX US,49259 Jasmine Road,Austin,TX,Travis,10367,78702,48.509783,-154.291525,2770.45,6232.47,15875,001-287-977-1923,trevor98@example.org,050297363,050201
7185bc0d-bcb4-4741-8c75-a7f12bba122d,1968-08-17,,417-71-6463,S80681225,,Mr.,John,Nicole,Walsh,,,D,white,nonhispanic,male,Royview IL US,13057 Smith Falls,Chicago,IL,Cook,17242,60612,-18.860425,116.92243,46848.08,3344.4,100794,517.311.2686x6269,nixonjames@example.com,050859730,050201
ee2cb517-53ab-4829-a5c9-cbbbdc5a438c,1979-08-09,,770-30-7018,S67438600,,Mr.,David,,Murray,,,D,black,nonhispanic,male,New Erikaview AZ US,5607 Gary Fork,Phoenix,AZ,Maricopa,53367,85006,-5.024005,43.704557,169222.14,28364.72,21585,718.387.0707,bradleylinda@example.com,030605092,030301
2681b607-9502-4ffb-9f59-452a20fedc5f,1962-02-14,,472-95-6011,S18237703,X18972299,Ms.,Danielle,Dawn,Morrison,,Hurst,D,white,nonhispanic,female,Anthonyland MA US,1053 King Junction,Boston,MA,Suffolk,48178,02215,9.988321,0.935336,28103.3,28111.95,15772,+1-506-420-8545x087,chavezsusan@example.com,030145473,030301
e13bd97f-cb65-4c92-9b06-6b3dcc81f9e3,1932-06-14,,786-02-5742,S14829116,X46960923,Ms.,Claudia,Michael,Patel,,,M,black,nonhispanic,female,Travisborough GA US,3007 Lisa Meadows,Savannah,GA,Chatham,28441,31404,12.589217,-1.773365,34418.94,3851.49,171014,454-298-3447x0686,changalbert@example.org,140653966,140401
ed289200-012e-45f8-b2a2-ec07d6b84a18,1971-03-18,,189-34-5465,S72596286,,Ms.,Brenda,Maria,Ponce,,,M,asian,nonhispanic,female,Kimberlyfurt TX US,053 Paul River Apt. 663,Austin,TX,Travis,31759,78702,-59.434021,107.953613,25870.49,6033.58,55279,(923)313-8992x4864,hsoto@example.org,140219114,140401
b810a070-8b2d-45b4-8ae9-791a0aa22d88,1956-07-03,,540-19-2474,S49031433,,Ms.,Janet,Anna,Green,,Woods,S,white,nonhispanic,female,Thomasfurt MA US,717 Brown Ports Suite 165,Boston,MA,Suffolk,55336,02215,-33.62778,-11.24248,77835.55,32962.3,83325,(550)942-9572x12450,ppierce@example.com,140345855,140401
c1888b9f-a8dc-4a0b-8c76-5fde3c970ddc,1976-08-22,,355-32-6889,S85652699,,Mr.,Kirk,James,Nguyen,,,W,white,nonhispanic,male,Kirkmouth MA US,198 Haas Mountains Suite 456,Boston,MA,Suffolk,48101,02118,33.44467,37.650547,8844.53,11743.15,40329,643-690-1142,harrisbrandon@example.com,140569737,140401
abf05271-78da-4ffd-bfe7-38db1c3b9e1f,1958-07-23,,051-49-0039,S70944268,X31634794,Mr.,George,,Fisher,,,S,asian,nonhispanic,male,South Ericfurt CA US,528 Timothy Crescent,Oakland,CA,Alameda,30964,94609,-69.780451,-21.420436,49432.96,4541.29,38549,(577)413-7308x18982,ulewis@example.net,110227632,110501
355b199d-8c7d-472c-908a-e41604207bf8,1997-01-13,,796-29-9157,S58851420,X37875658,Ms.,Leah,,Espinoza,,,M,other,hispanic,female,Kirstenfort MA US,7355 Denise Ridges Apt. 223,Boston,MA,Suffolk,30979,02215,-60.862127,94.97497,58797.62,105864.21,47595,430-864-5825,herreramichelle@example.net,110624958,110501
42aad511-a97a-487f-a0ca-1b9b0c0cfd0e,1932-03-20,,186-43-8443,S27677762,,Ms.,Kristi,Donald,White,,,D,other,nonhispanic,female,South Rachelstad TX US,2861 Cooper Vista Suite 796,Austin,TX,Travis,33487,78702,-73.744448,-43.572548,54056.41,51767.89,71869,001-643-401-6067x4427,sandra34@example.org,110551132,110501
52daf0d7-3df2-43f2-9503-47304ab8bd87,1956-10-22,,686-51-5254,S99361668,,Mr.,Kevin,,White,,,M,white,nonhispanic,male,Codyberg GA US,165 Pamela Parks,Savannah,GA,Chatham,52201,31404,16.10663,-71.538862,62013.41,27818.18,15239,(838)301-6019,david95@example.net,330715559,330101
fbe91650-4759-477b-90cb-73877b924522,1989-01-27,,093-35-7828,S13933191,,Mr.,Robert,,Maxwell,,,,white,nonhispanic,male,New Amy GA US,99975 Ryan River Apt. 359,Savannah,GA,Chatham,10817,31404,4.82787,-89.376212,36828.33,4183.59,94025,6445469331,collinsmichael@example.org,330494184,330101
a5d0c681-8027-4e7a-be2a-a92457b3e3e5,1986-09-09,,631-44-3655,S34536234,X66672588,Ms.,Lisa,,Peterson,,,S,white,nonhispanic,female,Hendersonburgh CA US,91603 Larsen Shoals,Oakland,CA,Alameda,15560,94609,-41.99501,-13.368661,19316.44,32075.35,62025,(366)260-6948,nicolesantos@example.com,330235553,330101
31e23dc2-99a1-42e0-a46d-d18ba8b400d2,1963-02-01,,024-23-0690,S85134081,X39944322,Mr.,Richard,Susan,Francis,,,,white,nonhispanic,male,Lake Joshuastad IL US,4372 Pamela Port Apt. 041,Chicago,IL,Cook,47050,60612,-69.147415,-37.083953,8280.23,14123.0,81147,(670)838-6231,ryanhernandez@example.com,330358862,330101
3f8191ae-edb1-4cb4-954c-ec1bd16b862f,1956-02-13,,089-63-4182,S60438365,,Ms.,Rebekah,Colleen,Stewart,,Osborne,,other,nonhispanic,female,West Heatherstad MA US,4140 Julie Run Apt. 048,Boston,MA,Suffolk,30120,02215,-53.913235,-71.602506,34815.2,68697.54,46515,428.605.7264x8645,sarahjefferson@example.com,330187549,330101
9d942557-45d1-4e11-823a-b77c2166d9af,1972-03-23,,674-93-0563,S79469406,,Ms.,Angela,,Dominguez,,,,white,nonhispanic,female,Gonzaleztown IL US,2202 Williams Points Suite 249,Chicago,IL,Cook,08028,60612,-10.535557,-44.788517,296758.27,6795.28,40620,8559590506,lisathomas@example.com,330378800,330101
bc095992-2f69-4e37-8037-bd44aa01db70,1925-04-28,,308-83-2654,S32576276,,Mr.,Daniel,Donald,Burns,,,M,asian,nonhispanic,male,North Angel AZ US,140 Sarah Cliffs,Phoenix,AZ,Maricopa,10593,85006,43.197124,-116.867567,47552.8,36247.61,42587,001-607-686-7575x5457,bconner@example.net,330983007,330102
e5852979-8bb9-49fc-ba59-dfbcdecde760,2000-05-07,,143-09-2452,S29712097,X37595644,Mr.,Christopher,Megan,Gibson,,,M,asian,nonhispanic,male,Brittanyberg AZ US,6498 Virginia Corners,Phoenix,AZ,Maricopa,55805,85006,-43.25067,-178.270309,12177.9,9466.11,35135,606.842.1723x072,macdonaldmichelle@example.org,330713260,330102
2d56e9dd-5831-4296-9c61-2b3badd495d5,1956-08-05,,604-22-7091,S60908088,X16717389,Ms.,Pamela,Heather,Anderson,,,S,white,nonhispanic,female,Robertburgh GA US,995 Cervantes Meadows Suite 765,Savannah,GA,Chatham,43240,31404,71.93624,135.550849,21881.89,809.06,70937,859.775.6083,hunteranthony@example.org,330685275,330102
1c56dbc3-b77a-45e2-abb5-59d69fa555bf,1968-08-19,,824-64-3508,S74913683,,Mr.,Mark,Debbie,Jones,,,D,white,nonhispanic,male,East Phillipton GA US,1644 Lindsay Port,Savannah,GA,Chatham,44056,31404,-50.313078,3.633716,126577.19,69816.62,29642,(312)935-4527x1360,hhampton@example.net,330186753,330102
89828a1c-d1af-4bac-996e-1c672305f6cb,1977-02-07,,513-07-2807,S17160538,X63583643,Ms.,Carol,Carolyn,Harris,,,D,white,nonhispanic,female,West Andreatown TX US,7834 Lisa Lane,Austin,TX,Travis,07861,78702,84.67216,178.971236,57226.96,19929.32,110481,001-944-472-0788,ellisdarius@example.org,330580349,330102
8f2ad518-8efc-4499-9d92-51582f22d23d,1978-11-01,,359-67-1568,S66331092,,Ms.,Maria,Jasmine,Pitts,,Mullen,D,white,hispanic,female,Pattonshire MA US,542 Robert Wells,Boston,MA,Suffolk,21499,02215,-48.450637,148.525055,23324.01,2992.27,69168,001-203-364-1377x814,angelajohnson@example.org,050272230,050201
7ea221c5-2bc8-499f-ba0d-f98582524c06,1984-05-27,,612-35-1906,S70005457,,Mr.,Craig,Michelle,Nelson,,,W,black,nonhispanic,male,Sheltonshire AZ US,4671 Martinez Tunnel Apt. 511,Phoenix,AZ,Maricopa,47702,85006,78.507684,92.360038,55450.8,9296.1,35113,+1-313-731-7369x5560,brownbonnie@example.com,050242624,050201
ecffc0b4-e486-460e-af4d-c5f4667bef43,1987-09-08,,128-45-5907,S11859015,,Mr.,James,Sophia,Mitchell,,,S,white,nonhispanic,male,Kempton MA US,259 Bennett Ways Apt. 352,Boston,MA,Suffolk,51145,02215,-69.208973,176.200906,53014.12,13367.27,50747,643.580.2942,qmarks@example.com,030798573,030301
f298957c-3b24-4ed4-94c6-3a7a1d60bcb3,1963-10-11,,301-94-5098,S18830518,X92680664,Mr.,Ryan,Mark,Smith,,,D,white,nonhispanic,male,Ortizfurt TX US,647 Wiley Burg Apt. 307,Austin,TX,Travis,21010,78702,10.102711,-96.270431,12839.47,1455.95,34010,423-240-9903x024,harrelljoseph@example.org,030190018,030301
4f7da1cd-002a-4853-8c4b-8c9b4c0b7793,1976-07-22,,738-39-6105,S10783666,,Ms.,Candice,Luis,Bishop,,,S,black,hispanic,female,New Angelastad GA US,50776 Schmidt Station,Savannah,GA,Chatham,50313,31404,86.16536,-107.699489,59793.5,29964.15,32960,7099590097,rhondaflores@example.org,140776559,140401
f36087ee-91ec-407e-abf4-6e9bb7b66b77,1998-07-22,,679-98-5551,S11034353,X45032778,Ms.,Colleen,,Hunter,,,M,white,nonhispanic,female,Lake Jason AZ US,758 Michael Burgs,Phoenix,AZ,Maricopa,34314,85006,-55.972287,-159.287997,29503.15,4111.89,65717,342.566.6030x3340,scottfloyd@example.net,140468907,140401
51ea2d6c-4e1e-44c0-9d30-8afbaf3b8e93,1979-05-14,,628-18-3671,S66168308,,Ms.,Donna,Corey,Webb,,,W,other,nonhispanic,female,East Makaylafort CA US,00127 Maxwell Crescent,Oakland,CA,Alameda,06357,94609,57.872208,-37.75543,32544.02,11515.89,94840,716.673.7160x480,ianthony@example.org,140821221,140401
03410597-b43c-413d-bf11-f374ef8bc453,1988-05-01,,683-71-2597,S76314120,,Ms.,Angela,,Sandoval,,,M,black,hispanic,female,Donnamouth MA US,95514 Cynthia Landing,Boston,MA,Suffolk,47010,02215,1.111197,-13.965791,23528.55,17178.35,23368,874.743.1074x341,lindabrown@example.com,140393218,140401
2f044c0f-8bdb-4193-806d-a0ece8693153,1983-09-08,,355-65-2019,S44996729,,Ms.,Jamie,Laura,Mann,,Barrera,,black,nonhispanic,female,Hunterchester TX US,79136 Rhodes Motorway,Austin,TX,Travis,42899,78702,48.764942,-169.028437,66177.93,14619.42,33636,001-403-649-7949x7372,wsmith@example.com,140899391,140401
86773a85-5c45-4c29-8cf7-50dd3ad497ca,1971-10-10,,197-99-4205,S26298978,,Ms.,Angela,Timothy,Johnson,,Martin,,white,nonhispanic,female,South Danielleside GA US,514 Robert Walk,Savannah,GA,Chatham,16622,31404,-85.268991,127.258102,21845.91,71008.69,33553,+1-310-260-8119,nicolepage@example.net,110555586,110501
f93e6ceb-8af4-49ac-92c7-23bbfac7a375,1959-05-06,,248-72-8683,S12925558,X76966916,Ms.,Shannon,Eric,Dawson,,Fitzpatrick,D,white,hispanic,female,Lake Christopher MA US,154 Robert Estates Suite 329,Boston,MA,Suffolk,05572,02215,57.481857,49.945479,29282.54,34451.5,20378,001-243-895-5068x744,rebeccahammond@example.org,110706628,110501
2622dbbc-5bee-4b98-a134-b8ba7473146d,1979-11-01,,040-55-4069,S47918438,,Ms.,Amanda,Wesley,Hernandez,,,,white,nonhispanic,female,New Dawn TX US,61429 Graham Cove,Austin,TX,Travis,41883,78702,89.536849,-39.298008,12669.3,16607.41,34530,956-671-3023x4340,bshort@example.com,330649279,330101
6e0ee44c-76c9-48b1-9602-95839e46ae46,1946-12-27,,818-35-2216,S23719318,,Ms.,Amy,Brandon,Henderson,,,,white,nonhispanic,female,Morrisland IL US,7750 Zuniga Well Suite 532,Chicago,IL,Cook,46940,60612,-87.900148,-60.807986,69938.96,19314.12,79263,(999)683-0400,coxjimmy@example.net,330454668,330101
5da31a2b-ea0a-4146-8e9a-26d42f8d86b7,1991-12-17,,313-77-1621,S95029992,X26487019,Ms.,Jessica,Dillon,Valdez,,Villa,S,white,nonhispanic,female,Nathanielfort IL US,5304 Perez Square,Chicago,IL,Cook,24949,60612,-84.162202,24.262099,43071.34,32192.71,54609,(903)554-4606x150,dean88@example.net,330360743,330101
38118527-c94e-4b56-ae2b-6e9d1326f212,1970-06-12,,789-51-9097,S95163210,,Ms.,Gina,Randy,Schaefer,,,M,white,hispanic,female,Stephaniechester CA US,50770 Harris Burgs Apt. 824,Oakland,CA,Alameda,52948,94609,-6.605379,-66.442374,59326.77,6395.45,94019,898-900-2170x81746,woodanna@example.org,330898172,330101
3619f2a0-19cc-4567-b9c3-31b1bc90d3d6,1940-12-26,,311-43-8990,S22681237,,Ms.,Lauren,Tracy,Gomez,,,S,black,hispanic,female,Lake Catherine TX US,867 John Unions,Austin,TX,Travis,50884,78702,-12.37948,148.345697,17749.4,14049.09,22321,5673045936,christina43@example.org,330106304,330101
dd0021e1-6ea0-41b2-85a4-c3c4850394d7,1931-09-08,,056-63-0945,S18012342,,Ms.,Janet,Donna,Guerrero,,,M,other,nonhispanic,female,Rileyfort GA US,93805 Fields Prairie Apt. 777,Savannah,GA,Chatham,43871,31404,51.262476,120.719625,22859.33,2606.49,45708,5925774905,nelsonvirginia@example.net,330217048,330101
ce273c4c-a3c1-413f-9505-9c312e285c01,1957-11-21,,760-66-2496,S12753229,,Mr.,Matthew,,Johnson,,,,white,nonhispanic,male,Cynthiaview TX US,2997 Snyder Rue Suite 947,Austin,TX,Travis,36590,78702,-57.178851,-154.951308,38460.91,10383.02,121459,(452)623-2874x40952,jonesthomas@example.com,330469524,330102
fd0c0285-fa4b-41fa-af3d-7aa339c319ad,1977-01-24,,236-20-1098,S83556545,,Ms.,Janet,Beth,Galloway,,Frey,,asian,nonhispanic,female,Port Kevinberg MA US,395 Garza Corners,Boston,MA,Suffolk,15309,02215,69.449799,9.592727,30231.65,4889.13,89485,+1-732-732-2280x5894,melindajones@example.org,330329647,330102
8676a701-9c6d-4ba6-accb-d12d97864f3c,2013-07-28,,719-38-6558,,,,Mary,Kelly,Cook,,,,white,nonhispanic,female,East Scott MA US,89388 Wilson Crossroad,Boston,MA,Suffolk,31164,02215,-27.87497,-149.905657,24676.79,19499.32,29426,(230)359-3016x4388,kimkathryn@example.org,330236679,330102
552e8e03-a99b-4c3e-bd77-77899d46c963,1972-12-12,,867-67-4745,S56753598,,Ms.,Jessica,Justin,Bradley,,Murphy,M,other,nonhispanic,female,Angieview CA US,2537 Watkins River,Oakland,CA,Alameda,49174,94609,33.626663,-120.882556,51816.01,8301.16,50839,001-317-525-1906x56286,lsmith@example.org,330468659,330102
47498fc6-f46b-4836-9243-76f35f1e99c5,1981-08-29,,800-94-0375,S98777782,X23415401,Ms.,Sara,Robert,Mullins,,,,other,nonhispanic,female,Alexandriachester AZ US,3413 Juarez Views Suite 611,Phoenix,AZ,Maricopa,39556,85006,47.381228,-25.036485,31059.89,10768.23,60498,001-518-925-9353,melissa57@example.org,330225408,330102
19ce2c60-9212-4da7-84d1-c0ff94bdba92,1988-05-21,,543-98-8310,S97432441,,Mr.,Shawn,,Santiago,,,M,white,nonhispanic,male,Moodyport TX US,66482 Nathan Villages,Austin,TX,Travis,37354,78702,72.506702,-79.711602,17724.4,3352.16,16385,371-964-8410x362,bgreen@example.net,330636804,330102
455098c5-0399-41cd-a2a4-b085379b3028,1988-07-25,,313-96-7589,S23660206,,Mr.,Michael,Shane,Farrell,,,D,white,hispanic,male,Port Dantown TX US,72218 Dennis Burg,Austin,TX,Travis,23619,78702,27.417632,-17.450351,110269.53,7689.35,43141,959-890-1835x6280,justinrivera@example.com,330310376,330102
1f32d22e-8f1a-4d9f-9125-452248964b5c,2001-01-18,,080-61-4329,S39875142,X47148304,Ms.,Angela,Dustin,Nelson,,,M,white,hispanic,female,South Ronaldchester MA US,743 Burch Street,Boston,MA,Suffolk,47047,02118,59.652099,-105.799208,62615.19,41202.66,39837,486.914.5825x408,vatkinson@example.net,330488595,330102
4115e814-6c53-4d95-bb35-0609742f7406,1958-01-29,,055-70-5256,S35317324,X61352000,Mr.,Stephen,,Zamora,,,,other,nonhispanic,male,Lake Michael TX US,23399 Fisher Manors Apt. 074,Austin,TX,Travis,23172,78702,5.801823,125.652126,28869.27,5833.95,67639,001-653-659-9080x908,juliebrown@example.net,330777201,330102
631ecd12-cf80-4fed-8481-21b67f2788a5,1961-08-04,,819-74-8632,S84580105,,Ms.,Alexis,John,Hines,,,,asian,nonhispanic,female,West Davidville TX US,8940 Anne Springs Suite 652,Austin,TX,Travis,36629,78702,38.088004,-36.783655,63363.27,37752.64,38419,001-965-965-3912x8532,millertammy@example.org,050560486,050201
6d9bf0e0-bcbb-4e7c-b908-845e36b256eb,1960-06-04,,094-86-0440,S93675406,X39184523,Ms.,Elizabeth,,Hunt,,,W,black,hispanic,female,Robinmouth MA US,509 Jennifer Spurs,Boston,MA,Suffolk,20132,02215,84.513443,35.736851,23197.31,22467.68,61076,+1-326-670-8065x0514,nicole44@example.org,050545788,050201
952ba67b-fa39-4918-bd3e-5fa5495882f9,1976-01-08,,355-41-9182,S57985862,X11653947,Ms.,Stacey,Angela,Saunders,,,,other,nonhispanic,female,Port Rebeccaport MA US,232 Teresa Streets Suite 165,Boston,MA,Suffolk,27055,02215,-54.000357,114.797258,70171.41,44069.03,36537,(542)973-0472,uperry@example.org,050654958,050201
a9d5e687-7083-46a3-9b81-a296541ee98c,1962-05-10,,785-06-8020,S54308069,X33087839,Ms.,Sarah,Dale,Hansen,,Scott,M,white,nonhispanic,female,New Bethanyfort AZ US,053 Jessica Shoals,Phoenix,AZ,Maricopa,44219,85006,81.238607,-43.270741,19607.85,12805.38,74544,001-244-822-9793x32997,awilson@example.org,050948029,050201
6bb93f31-46c3-4065-a527-3082ea6105d1,1956-03-29,,239-74-6635,S34475823,,Mr.,John,Melissa,Holloway,,,D,asian,nonhispanic,male,Evansbury IL US,8768 Bailey Stravenue,Chicago,IL,Cook,37276,60612,-27.184642,136.238431,50926.23,21555.89,73282,+1-456-898-9584,mcgeejill@example.com,050417577,050201
b7914098-7806-4b24-93d5-5f9cfb20d951,1952-06-25,,112-25-9849,S24869445,X15346924,Ms.,Mary,Rebecca,Mendoza,,Wright,,white,nonhispanic,female,Kingview MA US,71190 Kirby Parks Apt. 662,Boston,MA,Suffolk,36396,02215,58.444364,-65.623257,47560.84,15128.02,142637,+1-850-640-7335x670,susanchen@example.com,050981698,050201
2327b3fa-01d7-4b49-8e20-e7478128f977,1974-02-13,,792-85-9938,S79842926,X96834525,Ms.,Brianna,Karen,Lambert,,Jordan,M,black,nonhispanic,female,Toddmouth AZ US,8502 Bell Corner Suite 039,Phoenix,AZ,Maricopa,42983,85006,-17.763395,-17.512587,32461.13,27730.59,150499,(206)449-6408,jenniferschaefer@example.com,050536177,050201
b450cec6-e87c-425d-8a4c-fd4a8e296978,1967-05-02,,388-83-0223,S71386524,X93747464,Ms.,Beth,,Richardson,,,M,asian,nonhispanic,female,Port Joseph IL US,079 Yates Drive,Chicago,IL,Cook,49469,60612,-6.930447,-146.45543,57906.88,44195.66,72611,575-428-5624,leemichelle@example.net,050324299,050201
47ac3cda-591f-4a01-906c-a1e14fcfb183,1946-05-20,,153-82-6161,S86538293,X63964580,Mr.,Ricardo,,Ortiz,,,W,other,nonhispanic,male,South Kenneth IL US,21498 Adriana Ways,Chicago,IL,Cook,16021,60612,33.147594,-121.202425,8648.39,74405.51,81462,221-390-4799,mcook@example.com,050916911,050201
81ee33e3-4d3e-45d6-ae4e-45a80f0151cf,1975-10-04,,187-13-9119,S23279589,X47051584,Ms.,Jennifer,,Murray,,,M,white,nonhispanic,female,Port Johnland MA US,12472 Sydney Union,Boston,MA,Suffolk,26368,02118,-82.331569,133.849901,11232.05,50234.97,42989,6732212852,kwalters@example.com,030610334,030301
5678b7ff-0080-4633-a8dd-33682bbb6438,1977-12-11,,789-26-2688,S55255006,,Mr.,Christopher,John,Rhodes,,,S,black,nonhispanic,male,Pachecohaven MA US,4292 Miller Station,Boston,MA,Suffolk,04507,02215,9.604166,-172.226549,47656.92,11015.92,20243,442-493-8996x0222,uoneal@example.com,030719252,030301
bbacfdd9-4c56-41e3-829b-a020ff1ff804,1973-05-30,,250-29-7696,S14592667,,Mr.,Mike,Tyler,Smith,,,S,white,nonhispanic,male,Juliaville AZ US,1883 Jackson Bridge Suite 158,Phoenix,AZ,Maricopa,11335,85006,65.445845,167.131377,11023.69,12326.73,63353,870.445.7842,tiffany33@example.net,030553048,030301
a2bae0ba-01e3-498d-a5f4-c7df724745b6,1959-04-10,,078-02-8003,S84155413,,Mr.,Jacob,Alisha,Stewart,,,S,white,nonhispanic,male,New Tyler AZ US,64905 Miller Drive,Phoenix,AZ,Maricopa,55971,85006,13.999787,-5.819938,81659.03,12167.17,90134,(877)484-8683x918,rnelson@example.net,030381897,030301
27127864-ec4e-4195-b963-e8f61d1ebb37,1946-02-25,,544-76-7996,S47009072,,Mr.,William,Lisa,Allen,,,S,white,hispanic,male,Kristenfort CA US,85886 Sandra Mountain Suite 012,Oakland,CA,Alameda,53688,94609,5.335721,-72.813294,11360.48,2773.52,26961,533.632.5481,joseph70@example.net,030914950,030301
c02ba9ce-102b-48d7-b109-bb880656a47f,1965-09-12,,459-47-3073,S55465008,,Ms.,Jasmine,John,Wright,,Hodge,D,white,hispanic,female,Brucefurt TX US,8177 Hart Turnpike Suite 426,Austin,TX,Travis,27572,78702,-31.739947,-7.850045,48017.05,4795.35,142351,(481)288-9773x0869,rbenjamin@example.com,030764488,030301
c6ca3a36-6629-4530-848e-b2c4da9fa567,1927-06-09,,474-83-3247,S73180389,X65849025,Mr.,Anthony,James,Diaz,,,S,white,nonhispanic,male,East Chelseaberg TX US,7954 Rodriguez Green,Austin,TX,Travis,33509,78702,-12.891143,-105.178582,7203.52,9382.54,40013,001-370-962-6482x19969,mcdonaldsteven@example.com,030129197,030301
2a778f17-3824-4c97-ad98-c17475de9022,1983-12-18,,256-25-9047,S84325672,X36057261,Mr.,Mark,,Gutierrez,,,M,black,hispanic,male,East Kimberly CA US,855 Collins Harbors Suite 272,Oakland,CA,Alameda,39927,94609,16.249105,-40.408706,51413.42,8086.91,78530,+1-786-805-2639x448,wanderson@example.com,140928672,140401
1dea3f55-f2c4-4ee8-b26f-3b391899221d,2006-03-10,,024-18-4071,S39483500,,Ms.,Jill,Gerald,Douglas,,,D,black,nonhispanic,female,Lake Elizabethmouth MA US,3612 Brown Rapid Apt. 311,Boston,MA,Suffolk,06045,02118,-54.281288,168.905304,37476.31,32940.74,99998,502.960.9995,jamesjenkins@example.net,140376366,140401
a191dd2e-998f-4dd8-8deb-473233b94f55,1993-03-15,,693-30-4246,S29836039,,Mr.,Christopher,Jacqueline,Cochran,,,M,black,nonhispanic,male,Markchester GA US,3958 Justin Inlet,Savannah,GA,Chatham,48487,31404,-81.852215,-10.813127,49274.41,31294.98,64474,816-462-0872x1127,charlesfaulkner@example.com,140579772,140401
59a0d706-8f9a-40f6-b1bd-86d84edcbd74,2015-01-06,,590-43-5926,,,,Jennifer,Michelle,Herrera,,,D,black,nonhispanic,female,North Jadefort CA US,759 Gregory Trail,Oakland,CA,Alameda,43395,94609,47.511522,-128.832144,47939.85,8080.55,51478,(669)205-1153x0529,cwallace@example.com,140987515,140401
fe944804-d85e-4a54-90e4-0561899c61cd,2026-03-30,,645-44-8954,,,,Karen,,Sharp,,,W,white,nonhispanic,female,Huntview MA US,846 Timothy Brooks Apt. 019,Boston,MA,Suffolk,24371,02215,-9.641229,-5.812098,77657.01,17376.96,42789,674.758.4392x742,mooredavid@example.net,140659700,140401
a51a345e-1873-4129-9b9f-7e0dfb7313f9,2009-01-26,,678-86-8600,S14892674,X83357864,,Marcus,,Phillips,,,S,asian,nonhispanic,male,Lauratown GA US,9981 Andrew Neck Suite 878,Savannah,GA,Chatham,08566,31404,-2.112312,32.654603,38787.83,5183.68,41786,474-580-9711x2202,jessica98@example.org,140271482,140401
5ef42d0d-7d2e-4a91-9b0d-dd27f90eafee,1953-09-16,,401-58-1904,S24992572,,Ms.,Rebecca,Sandra,Martin,,Reyes,M,white,nonhispanic,female,North Jennifer MA US,335 Robin Shore Suite 820,Boston,MA,Suffolk,08650,02118,-78.442736,-169.627086,10135.72,14555.56,30293,(756)708-0343x8110,tony75@example.com,110283859,110501
9b18a9fb-d270-4f67-9da5-3479c5499586,1949-01-26,,005-15-1035,S49575479,,Mr.,Matthew,,Buck,,,S,black,nonhispanic,male,South David MA US,354 Bryan Groves Apt. 451,Boston,MA,Suffolk,55436,02118,44.991383,0.502144,50788.23,15052.15,43148,838.891.5002x7892,dustinsmall@example.net,110690009,110501
c046aa56-2064-4a92-b8be-6b9d380defd2,1967-03-19,,097-15-7225,S25423998,,Ms.,Vicki,,Graham,,Clark,,white,nonhispanic,female,West Patricia MA US,8769 Alison Causeway,Boston,MA,Suffolk,20686,02118,18.165519,-40.9524,79586.68,6662.83,49893,(871)953-6607x116,jstout@example.net,050232822,050201
3cbcc3e1-bf87-4658-8b4e-5b6939c67d9e,1975-08-15,,320-52-3016,S29939718,,Ms.,Jennifer,Anthony,Brooks,,,M,white,nonhispanic,female,Banksmouth CA US,7431 Gregory Trafficway Suite 002,Oakland,CA,Alameda,24823,94609,67.272132,-74.684723,80124.93,11740.19,41659,832-697-3211,jhuffman@example.org,330981345,330101
80724330-9f90-4bd8-8710-13c1ce35f15f,2002-04-30,,638-53-0413,S81818416,,Mr.,Ricky,Jessica,Huynh,,,W,black,nonhispanic,male,Popeburgh GA US,5197 George Mews Suite 668,Savannah,GA,Chatham,21650,31404,-72.352082,-80.944768,33070.56,256940.83,53196,318-996-8165x6006,brennandouglas@example.net,330119500,330101
3d02d71b-271c-44a1-832e-bf029f08c88f,2006-04-18,,446-23-4338,S65033571,,Ms.,Julia,Jennifer,Haney,,,W,asian,hispanic,female,Bradleystad TX US,05340 Christopher Mountain Suite 411,Austin,TX,Travis,11722,78702,-85.378925,72.027057,13428.56,3430.1,17320,(656)409-1717,allen89@example.org,330435784,330101
e965e1cb-de8c-4fda-8eca-4a60f331dc89,1954-01-18,,449-77-5137,S68114147,,Ms.,Ellen,Ryan,Bernard,,Gardner,W,asian,nonhispanic,female,North Alexa IL US,7175 Eric Club Suite 328,Chicago,IL,Cook,12696,60612,44.672246,-176.099165,26218.13,11810.69,204541,336-728-0409x057,williamsdaniel@example.com,330985508,330101
96d0fee7-c22b-4e66-a8c4-da2320279d74,2004-12-21,,821-93-4392,S58789783,X69644087,Ms.,Tiffany,Travis,Wood,,,,white,nonhispanic,female,South Justinton CA US,75695 Lee Oval Apt. 942,Oakland,CA,Alameda,46026,94609,22.933361,131.67791,44560.88,27226.74,15005,361-729-5186x8970,carla06@example.org,330891693,330101
cf9a7d5a-e577-4a88-af69-ea53651ec73f,1969-07-18,,006-49-7259,S10625119,X19302728,Mr.,Ian,,Ford,,,W,asian,nonhispanic,male,Davidborough GA US,69293 Miller Plains Suite 435,Savannah,GA,Chatham,18232,31404,6.361542,163.564153,116260.55,45697.44,35079,001-686-726-8140x2246,figueroakatherine@example.net,330439768,330101
a8be09e0-fed2-4502-ac74-8bf8844ec5aa,1959-10-29,,524-71-6816,S14090912,,Ms.,Samantha,,Sherman,,,W,black,hispanic,female,Thomastown GA US,2926 Mcdonald Locks Suite 329,Savannah,GA,Chatham,18393,31404,63.878562,-120.130541,8134.75,29647.93,12356,(260)349-2681x239,robertsheather@example.org,330833547,330101
3fb28d67-6239-4829-bf39-f4345f7a0310,1976-06-27,,242-42-1943,S36148099,X25027389,Ms.,Michelle,,White,,Harris,W,white,nonhispanic,female,Shannonmouth AZ US,836 Nathan Circle,Phoenix,AZ,Maricopa,35490,85006,29.82235,-168.976165,121392.86,59125.7,91125,+1-546-886-1011,jennarussell@example.com,330494499,330102
d988bfa7-07ab-4ff8-9947-177a2f4a4359,1967-04-16,,550-50-4000,S76174614,,Mr.,Nicholas,Jesse,Bush,,,D,black,nonhispanic,male,Port Brian AZ US,4780 Valdez Burg Suite 247,Phoenix,AZ,Maricopa,47144,85006,-64.666642,-89.029107,10121.58,24463.87,94938,569-928-9050x48262,alexandria04@example.org,330935806,330102
6df63278-60bf-411c-b9be-779d81aee2ae,1952-03-27,,036-98-7268,S77372829,X70140577,Mr.,Stanley,Linda,Brennan,,,D,white,hispanic,male,Port Amy CA US,63777 Graham Common Suite 445,Oakland,CA,Alameda,17302,94609,-17.776063,-114.405832,52026.89,42277.83,45133,001-362-322-3313x6940,brandy87@example.org,330431903,330102
89175ff0-0447-418f-9add-3cb968f5505b,1967-10-26,,312-05-9757,S60506063,X56227954,Ms.,Roberta,,Ryan,,,M,white,nonhispanic,female,North Joshua IL US,8310 Donna Overpass,Chicago,IL,Cook,10280,60612,-13.774621,-78.006467,76650.97,5366.32,30537,(802)213-3023x0394,andrew61@example.org,330945035,330102
018d6199-fc2a-4ebd-b830-4ee991ed94c2,1980-09-05,,513-91-3447,S57004800,X70315716,Ms.,Rachael,,Bishop,,,S,white,hispanic,female,Kelleymouth CA US,7765 Williams Shores Apt. 166,Oakland,CA,Alameda,10733,94609,-49.117455,159.561557,24469.1,27601.03,21696,612-291-8709x17554,thomas60@example.com,330833396,330102
5b63a2c3-472e-40be-aec1-4b0ab1e36822,1996-10-12,,874-76-5655,S97582267,,Mr.,John,Rachel,Fuller,,,S,black,nonhispanic,male,Brownmouth TX US,95103 Charles Gateway Suite 370,Austin,TX,Travis,41134,78702,60.378267,158.209017,9670.83,3956.73,98438,(631)388-4155x32221,ydaniels@example.com,330894173,330102
2848924c-1857-4e8d-91c8-8c92208ed573,1943-06-02,,233-33-5311,S70058847,,Mr.,David,Amanda,Torres,,,D,white,nonhispanic,male,Roberttown MA US,223 Roberts Garden,Boston,MA,Suffolk,30725,02118,56.876254,-54.805449,33264.03,2967.58,74652,(862)736-0290,floresdaniel@example.com,330404962,330102
eb39bf42-9568-4e0c-ac45-07d8bee56239,1929-09-28,,213-91-1915,S60390006,X48292653,Ms.,Laura,,Richard,,,W,white,nonhispanic,female,Jessicaborough CA US,31517 Robinson Land,Oakland,CA,Alameda,11977,94609,-86.239125,152.646936,63485.73,3591.8,28838,671-878-1988x620,christopher19@example.net,330795108,330102
33615112-144b-4702-be48-c7b95316b2e8,1975-10-22,,677-38-4993,S30150881,X27018418,Ms.,Sara,Shaun,Gates,,Vargas,,other,nonhispanic,female,New Jenniferberg TX US,949 Elizabeth Forest,Austin,TX,Travis,14738,78702,-84.996443,16.624903,15201.07,39880.44,54553,+1-911-276-1651x2616,elizabethlove@example.com,330130363,330102
3c9ea338-3745-49e2-85c5-6866da153b0d,1965-11-07,,635-05-2934,S88785858,,Mr.,Joshua,Logan,Parsons,,,W,white,nonhispanic,male,Port Meghan TX US,744 Arthur Mews Apt. 791,Austin,TX,Travis,47795,78702,-2.442265,-178.386235,22846.5,13033.84,126357,572.390.0622x9663,cpalmer@example.net,330924107,330102
a031339b-8a31-48c4-88d6-36d3eeedcd8d,1951-03-22,,771-40-4486,S56490070,X49849066,Mr.,Richard,Renee,Williamson,,,M,white,nonhispanic,male,Lake Maria CA US,0521 Phillips Springs,Oakland,CA,Alameda,30874,94609,-34.859828,-10.898453,84292.94,23564.82,80777,882-876-8052x0206,kristenbryant@example.org,050763464,050201
9c86635a-f8bb-4cae-ada3-76222c56a043,1977-05-02,,629-40-0437,S64580816,,Mr.,Robert,Brandon,Griffith,,,D,black,nonhispanic,male,Lake Chelsea MA US,252 Hensley Summit Apt. 832,Boston,MA,Suffolk,27844,02215,-9.585065,-120.089339,281514.29,8357.12,57476,(544)278-7254,chapmanamanda@example.org,050263654,050201
6b8bc4ff-b3f7-4f4e-b5f5-1db129498f44,1988-07-06,,019-97-8978,S60581556,,Ms.,Brooke,Linda,Woods,,Frazier,M,white,nonhispanic,female,North Ashleytown GA US,811 Andrews Roads Suite 899,Savannah,GA,Chatham,18276,31404,54.069505,37.105256,18656.39,35339.29,32798,+1-804-362-7238,tbanks@example.com,030712815,030301
8608a581-ee8c-48ff-97e0-e4cc67302925,1958-01-07,,158-47-4198,S89841603,,Mr.,Brandon,Matthew,Buchanan,,,W,white,nonhispanic,male,East Christopher CA US,1981 Hughes Tunnel Suite 198,Oakland,CA,Alameda,45149,94609,24.585913,-28.781113,15816.51,53658.06,29604,520-959-4890,michael77@example.com,030203530,030301
241f9a3c-d1a9-46d6-8a65-de7b19e35fe1,1969-07-16,,853-85-1877,S69157156,X38097395,Mr.,Gregory,John,Marsh,,,M,white,nonhispanic,male,New Angela MA US,99957 Davis Mall Apt. 936,Boston,MA,Suffolk,35857,02118,24.088942,114.130888,33088.32,20414.46,36203,208.872.0771x24830,aevans@example.com,030834886,030301
de1d685d-48b0-4ae3-8c8c-e5a7d25c71a8,1994-04-11,,390-98-4495,S93610890,,Mr.,John,,Meyer,,,D,white,nonhispanic,male,West Johnshire GA US,86387 Jessica Stravenue,Savannah,GA,Chatham,32601,31404,-54.16409,28.737266,6261.71,9944.99,121769,6417159905,vlee@example.com,030464996,030301
4277e717-a499-4ab3-ae3b-18e77b461c8d,1950-02-13,,358-12-0531,S63204272,X71733565,Mr.,Kevin,,Anderson,,,W,asian,hispanic,male,South Nicholasshire MA US,6981 Sean Glen Apt. 755,Boston,MA,Suffolk,03744,02215,12.069847,-156.666628,33549.08,21498.01,23776,(278)301-6859x78176,tammymcfarland@example.com,030884975,030301
c11a4441-272f-4eb6-b45c-5aa7ba37fc1c,1979-04-28,,132-08-0587,S96092737,,Ms.,Lynn,Tyler,Anderson,,,D,black,nonhispanic,female,Velezhaven GA US,12053 Joshua Motorway,Savannah,GA,Chatham,43055,31404,-64.648083,-93.081546,42415.69,1799.31,44819,582.747.9704,howardmorris@example.com,140184196,140401
84b7662c-084c-4168-a905-70547414775a,1925-04-20,,820-44-6325,S96886903,,Mr.,Edward,,Mosley,,,S,black,nonhispanic,male,Claireburgh AZ US,759 Donna Drive Apt. 686,Phoenix,AZ,Maricopa,15908,85006,22.555083,-37.175288,43720.54,43054.97,47764,(706)847-6232,katherine32@example.net,140276385,140401
e3dbe6a2-0e5f-4455-bd5b-1089d5966667,1969-07-17,,891-37-6746,S90058995,,Ms.,Kristin,Erika,Carpenter,,,S,black,nonhispanic,female,Lake Stephanie IL US,312 Estrada Trail,Chicago,IL,Cook,31418,60612,-37.48527,-10.456138,33914.57,10941.8,35552,997.672.0271x7739,kenneth49@example.org,140595232,140401
f0da5eac-c264-4edd-9751-872716cfc796,1968-01-29,,679-52-2048,S56201007,,Ms.,Ashley,Nicole,Jones,,Adams,,white,nonhispanic,female,Dennischester AZ US,13149 Brittany Rapids,Phoenix,AZ,Maricopa,48362,85006,73.722748,-137.803553,40462.4,7400.01,57140,001-414-339-7567x6060,hallen@example.net,140110691,140401
cde57440-6da2-4f5c-83bb-df62f6b7136e,1958-09-26,,466-35-0009,S17158737,,Ms.,Laura,Joshua,Parker,,Martinez,W,black,nonhispanic,female,North Travis CA US,80559 Hansen Views Apt. 418,Oakland,CA,Alameda,50870,94609,42.597383,25.665458,16655.25,6181.42,38476,799.533.4859x439,joanna21@example.org,110673650,110501
de275aa1-af34-4a84-b74d-fe2aa6fb594c,1928-01-23,,236-87-6550,S19361150,X60001594,Mr.,Ethan,Ashley,Li,,,S,black,nonhispanic,male,Lauratown GA US,553 William Ranch,Savannah,GA,Chatham,01605,31404,66.778654,69.862272,73679.93,46721.68,33776,633.537.9485x10981,gbenton@example.net,110512292,110501
ce3ff8f6-1861-48be-ad59-07529aabc9cc,1956-09-10,,173-18-6529,S39769348,X61830024,Ms.,Theresa,Christopher,Powell,,Murphy,S,black,hispanic,female,Kathleenmouth CA US,5890 Cook Curve,Oakland,CA,Alameda,05586,94609,-73.923888,90.471371,83586.4,19676.85,73411,478.861.4910,sarah29@example.net,330128244,330101
ae248903-1b8d-4566-bba4-7289976b85e6,1995-11-07,,678-94-9932,S89472798,,Ms.,Jennifer,James,Howell,,,W,white,hispanic,female,Lake Helen AZ US,852 Marvin Common,Phoenix,AZ,Maricopa,09584,85006,73.037393,151.883996,15773.63,46307.35,43153,+1-521-438-8005,dominique84@example.net,330675716,330101
74c27584-5b78-43f0-b9e1-ca480d2f9797,1976-09-23,,178-72-5281,S28414141,X46525001,Ms.,Cassandra,Patricia,Ferguson,,,S,white,nonhispanic,female,New Elizabeth CA US,318 Brian Road,Oakland,CA,Alameda,07313,94609,36.701581,65.196302,6006.92,8782.37,76455,670.641.5426x595,teresa04@example.net,330381844,330101
6b40b0af-391f-477f-9c64-b0a9284325fe,2022-12-15,,448-66-4557,,,,Richard,,Cohen,,,D,white,nonhispanic,male,Allenchester AZ US,5455 Carpenter Glen,Phoenix,AZ,Maricopa,51102,85006,42.610954,56.553504,33906.9,24499.2,100241,672.936.7401x77351,adamsdawn@example.org,330530928,330101
8055cab6-bc3a-4b27-8b84-4d5e78db907c,2002-03-27,,667-43-9847,S96958101,,Mr.,Alexander,Jared,Patterson,,,D,white,nonhispanic,male,Georgebury MA US,346 Dustin Way,Boston,MA,Suffolk,03504,02118,-84.791422,39.402882,44484.36,2229.25,44358,(830)885-2980x064,annette24@example.net,330261812,330101
76074a65-9e57-47b4-9b77-e18ed9b8056d,1970-08-25,,860-57-3179,S66497010,,Mr.,Joshua,,Diaz,,,M,white,nonhispanic,male,Lake Joshua IL US,4423 Myers Passage Apt. 908,Chicago,IL,Cook,02947,60612,-52.543703,127.129936,42535.33,24082.55,99246,239.377.6087x3767,westgerald@example.net,330852113,330101
0d9d2377-1bc9-410f-88f3-93e25af0d8dc,2010-05-22,,172-77-8010,S71335975,X52867008,,Tiffany,Shelley,Greene,,,,other,nonhispanic,female,Gallegosfort MA US,558 Morris Loop,Boston,MA,Suffolk,43751,02118,60.222313,142.520584,134192.96,40851.13,139428,+1-783-633-0969x959,erica85@example.com,330539626,330101
bc6471b3-2f54-4be2-b300-456f8340d8fb,1986-05-05,,809-80-5336,S16123550,,Mr.,Jose,Amanda,Walter,,,,white,nonhispanic,male,Millerside TX US,70080 King Roads Suite 169,Austin,TX,Travis,34879,78702,8.816045,129.855478,21430.47,18046.8,28443,331.654.5347x0881,hardingmelissa@example.com,330239746,330102
da30b92a-cd01-463e-9785-2c41b96f4dea,1938-06-24,,494-06-8077,S95184764,,Mr.,Mark,Michael,Dominguez,,,,white,hispanic,male,Montgomerystad CA US,503 Timothy Via Suite 722,Oakland,CA,Alameda,02989,94609,10.713705,-164.21136,97294.11,33064.65,71776,001-955-822-3071,robertbradford@example.net,330451029,330102
61f8d2e4-4e4b-4886-80ea-b3b159a05b79,2002-09-16,,313-31-9262,S48319176,,Ms.,Lisa,Jeremy,Kent,,,S,white,nonhispanic,female,Wilkinschester IL US,564 Christine Land Suite 851,Chicago,IL,Cook,40578,60612,85.645594,83.322615,91284.59,2761.5,59267,001-405-408-8423x04220,thomastaylor@example.com,330116429,330102
e6186903-c96d-4bfe-b154-7c7ab160d3a3,1969-11-11,,705-48-2133,S48229799,X95734629,Ms.,Alexandra,Justin,Davis,,Irwin,D,other,nonhispanic,female,East Mark CA US,765 Shawn Inlet Apt. 593,Oakland,CA,Alameda,26076,94609,75.573727,-111.192053,4414.55,24678.03,54668,001-642-286-7925x32203,helen77@example.org,330507766,330102
c09b2b23-ea23-494c-b109-b53d02442b81,1988-05-23,,659-65-6672,S18873429,,Mr.,Luis,,Mullins,,,W,white,nonhispanic,male,Davidmouth MA US,866 Andrews Lodge Apt. 178,Boston,MA,Suffolk,28086,02118,-55.183217,140.984218,43682.84,3357.11,41919,001-515-827-4804,eric25@example.org,330532897,330102
0aef9905-162d-400b-a55b-4454100e8f55,1953-03-27,,663-15-6809,S43082956,X93535820,Mr.,James,,Peterson,,,S,white,hispanic,male,Careyberg CA US,01231 Tyler Mountains Suite 886,Oakland,CA,Alameda,10295,94609,36.915106,-156.323876,192094.45,24701.27,160668,(279)716-5640,vjohnson@example.com,330667090,330102
59ea6415-5955-48f6-8080-eb892a07057a,1971-02-22,,759-30-7021,S89016938,X43315304,Mr.,Christopher,,Lester,,,,white,nonhispanic,male,Melissaview MA US,09575 Jenna Path,Boston,MA,Suffolk,30299,02118,87.369282,15.010576,22713.62,5412.41,112736,590-207-2691,karensawyer@example.net,330707447,330102
303c0748-fc54-4cf7-89c6-36fe547ff0b7,1966-01-30,,796-34-4942,S18877025,X59530737,Mr.,Jack,,Hamilton,,,W,white,nonhispanic,male,North William TX US,437 Valdez Plaza,Austin,TX,Travis,09680,78702,-15.972962,117.202764,14126.48,70668.45,36339,+1-305-965-6251x729,justinchapman@example.org,330985402,330102
93a593e1-c9df-482b-9655-f624b98fe026,1924-11-11,,550-33-3491,S33032584,,Ms.,Stephanie,Laura,Boyd,,,W,black,nonhispanic,female,South Joshuaton IL US,860 White Neck Apt. 436,Chicago,IL,Cook,30778,60612,-55.785399,-63.016127,18838.41,38651.88,15579,438.730.1777x46918,lhuff@example.org,330741620,330102
f4e3a528-029f-4058-a1b3-972d60cfc37c,1958-04-23,,386-59-9442,S98492902,,Mr.,Nicholas,,Rollins,,,,black,nonhispanic,male,West Francismouth GA US,5620 Lee Course Suite 018,Savannah,GA,Chatham,17351,31404,31.933059,151.772572,38785.36,14318.36,124801,(279)513-6455x68092,ltorres@example.org,330361811,330102
4823a600-fa8f-4ae9-9219-d242ff39556e,1997-05-16,,705-24-2735,S66486993,X36871648,Mr.,Jason,Jennifer,Gould,,,,white,hispanic,male,Caldwellton AZ US,7356 Maria Vista Suite 542,Phoenix,AZ,Maricopa,12945,85006,-86.502817,-82.602516,36939.92,30290.59,186219,001-342-888-1073x4938,goodmantimothy@example.com,330104060,330102
0ef17c6f-6243-43cf-8649-0a2dfde32bf3,1954-04-14,,448-89-6824,S31897538,X15684708,Ms.,Kimberly,,Guerrero,,Torres,D,white,hispanic,female,New Stephanie AZ US,3312 Fischer Mills,Phoenix,AZ,Maricopa,24604,85006,-42.253033,38.824229,35073.75,4364.33,25355,(451)266-0953,creeves@example.com,330454790,330102
22b93f29-cbe4-4acc-b95a-235d7dcd6a7e,1997-11-11,,584-42-3148,S98903041,X92307929,Mr.,Jeffrey,Kara,Bird,,,W,white,nonhispanic,male,Kathleenville CA US,41709 Lane Ramp,Oakland,CA,Alameda,44023,94609,-27.655206,-115.333101,24165.7,19502.8,28863,595-335-6203,garciasarah@example.com,330477912,330102
1e9216b4-7fc0-4bdc-a9d7-ae216db3481a,1964-06-21,,025-49-0827,S80097116,,Ms.,Jillian,Erin,Peterson,,,S,asian,nonhispanic,female,Mcneilstad CA US,4383 Todd Fall,Oakland,CA,Alameda,37045,94609,12.867448,-172.90611,26152.06,43695.84,23870,221.664.8310x5156,twalker@example.com,050980645,050201
38699807-dbe4-45ad-9a2b-5d8902d3177e,1955-09-17,,512-33-3373,S69467737,X69659936,Mr.,Brian,,Norton,,,M,white,nonhispanic,male,West Mitchellshire MA US,6802 Warner Plain Suite 587,Boston,MA,Suffolk,53171,02215,85.256886,-56.678783,105431.91,14985.2,49129,563.279.3428x2197,zlewis@example.com,050701826,050201
4cf5d5aa-c6ff-42f7-bc34-f298204829fd,1983-09-03,,074-18-5799,S70459518,,Ms.,Brittany,Amanda,Garcia,,,W,white,nonhispanic,female,West Curtis AZ US,38908 Taylor Corners Apt. 094,Phoenix,AZ,Maricopa,49833,85006,64.395725,-16.654344,10939.21,12590.87,57255,(669)779-1285,lewisjessica@example.org,050867807,050201
58587b4d-c86c-4a34-9402-011476667a6d,1950-01-18,,855-41-0573,S12585244,X64710941,Ms.,Holly,Carlos,Rodriguez,,Hill,M,black,nonhispanic,female,Weeksbury AZ US,6731 Gill Corner Suite 060,Phoenix,AZ,Maricopa,20184,85006,-82.630224,-92.083394,9181.54,17943.64,96197,679-805-3483x2200,tspence@example.org,050921317,050201
6bda3e48-3d42-4a1b-8e44-82a6b7093525,1932-08-02,,151-81-8443,S37080914,,Mr.,Antonio,,Logan,,,D,other,nonhispanic,male,New Tracyborough MA US,9946 Bell Estates Suite 303,Boston,MA,Suffolk,19122,02118,87.935905,21.016102,14310.51,58839.62,36373,(687)215-6212,josephsilva@example.org,050964195,050201
f5778f14-2c77-46fb-ab94-10c8d6880670,1969-12-04,,306-24-3306,S36019553,,Ms.,Felicia,Kirsten,Cuevas,,Patterson,S,asian,nonhispanic,female,West Brendabury MA US,9478 Good Islands,Boston,MA,Suffolk,08080,02118,-87.716888,-133.439894,22684.27,101115.38,65741,710-426-4649x402,tonyasanchez@example.net,050458245,050201
50d027a3-d664-4210-8f24-4f0cdf1f7a40,1971-06-10,,216-44-7252,S22037372,,Ms.,Stephanie,William,Donaldson,,Watson,,white,hispanic,female,Timothyville AZ US,9943 Buckley Rue,Phoenix,AZ,Maricopa,47184,85006,-69.849783,-153.826168,42416.1,10687.58,110221,001-400-312-3747x148,carterkenneth@example.org,030430222,030301
4f3a9909-ddd9-46ad-99ca-392d889bcc70,1966-11-04,,018-29-0084,S31426081,,Mr.,Jeremy,Christopher,Moreno,,,D,black,nonhispanic,male,North Jasontown MA US,13861 Francisco Groves,Boston,MA,Suffolk,39002,02215,-71.782859,179.181477,17165.21,4597.44,135750,8155011038,williamsshannon@example.net,030660980,030301
fea167f4-49f3-405c-a498-ab067b6d4192,1987-11-29,,578-16-6904,S76552852,X62305718,Mr.,Darren,Brian,Aguilar,,,S,other,nonhispanic,male,Clarkport AZ US,2089 Lynch Drives,Phoenix,AZ,Maricopa,37150,85006,77.190319,143.449866,60661.23,34037.9,20388,987.252.4514x242,xcarter@example.net,030992412,030301
f255d617-204e-40cd-91b5-f9627529a960,1965-01-18,,331-57-1868,S39901857,,Ms.,Christina,Kelly,Mann,,,,white,hispanic,female,Ericview CA US,138 Mendoza Rest Apt. 426,Oakland,CA,Alameda,03738,94609,79.962276,153.443504,36833.98,81282.33,157281,+1-905-317-5205x019,westbrian@example.org,030546047,030301
261a9265-b88d-45cc-af9e-89293db583a0,1961-12-28,,077-23-0750,S64000617,,Ms.,Megan,Daniel,Cervantes,,,W,asian,nonhispanic,female,Sparkstown MA US,27097 Antonio Valleys Apt. 168,Boston,MA,Suffolk,05331,02118,-31.547848,-126.881584,4693.86,15953.82,51687,001-891-859-8309x53136,ysteele@example.org,140972528,140401
a07f4eb8-cf94-4a09-9319-6abfb93fb160,1949-02-15,,013-75-3481,S95129757,,Mr.,Steven,Jessica,Robinson,,,S,white,nonhispanic,male,East Monicaview TX US,1309 Darren Corner Suite 667,Austin,TX,Travis,24108,78702,11.229809,-146.818242,42396.67,4657.73,59196,363-387-9390,tbell@example.org,110167902,110501
1bc1b807-d819-4b29-b0a9-143f3df1248c,1985-05-10,,339-93-5514,S91641441,X21724244,Mr.,Nicholas,,Gonzalez,,,D,white,nonhispanic,male,West Nicole MA US,10386 Shaffer Inlet,Boston,MA,Suffolk,14829,02215,59.81584,-125.015742,89003.27,12219.33,35358,206.379.6700x6354,ashleycarey@example.net,110399405,110501
a527421c-0019-445c-bfb3-9b8df6407346,1974-07-17,,783-23-8543,S52931045,,Ms.,Amanda,,Serrano,,,,other,nonhispanic,female,Webermouth AZ US,642 Bryant Islands Apt. 335,Phoenix,AZ,Maricopa,37933,85006,79.997502,84.615932,60139.01,11781.63,69022,001-405-585-3233x42129,kevin03@example.net,330736789,330101
03f7df7e-0b13-42a6-b302-c026ca21cd3d,2002-12-06,,254-04-6199,S15904947,X23830911,Mr.,Alejandro,Bernard,Fowler,,,,white,hispanic,male,Anthonyview GA US,989 Morgan Shores,Savannah,GA,Chatham,16255,31404,81.739574,-96.51878,8937.02,1022.0,53018,+1-728-496-3604x723,robert63@example.com,330651403,330101
49e43fdf-4638-4439-ace3-61bf0b961b87,1996-01-22,,767-39-2863,S54459245,,Mr.,Charles,Carolyn,Wells,,,M,black,nonhispanic,male,West Ericton CA US,5624 Jones Row,Oakland,CA,Alameda,30312,94609,-59.069523,170.10372,46509.89,22080.78,28735,001-768-604-5866,ethanhenderson@example.com,330379885,330101
1775b964-f853-4987-93bd-01b4d48b7609,1961-12-06,,729-63-5980,S89208486,,Mr.,Justin,,Hernandez,,,S,white,nonhispanic,male,Port James MA US,7904 Campbell Prairie,Boston,MA,Suffolk,15898,02215,-25.577868,113.095566,36791.35,23866.49,79084,702.859.3454x75159,ssmith@example.net,330760276,330101
ab9d5607-0ca0-4a5b-99c7-aa97cd397561,2005-11-18,,213-84-6419,S45472728,,Ms.,Valerie,,Owens,,,M,white,hispanic,female,West Brandi IL US,0744 David Rest,Chicago,IL,Cook,13541,60612,-51.634074,-94.825392,11632.13,3332.88,28680,606-996-7014x59382,ywilliams@example.net,330407927,330101
5833b9d4-ee90-4b12-b2fd-efb765bc8f13,1965-02-24,,686-73-7492,S54582684,,Ms.,Nicole,Alan,Carter,,Sanford,W,white,nonhispanic,female,Mackfurt TX US,26755 Kayla Ferry Suite 795,Austin,TX,Travis,35664,78702,-69.774259,174.472037,20731.48,12180.47,36126,825.827.4098x03900,joshuahall@example.net,330455275,330102
15743a10-1f70-4609-9aeb-2ef306989b5c,2025-12-24,,583-73-1783,,X25568313,,Nicholas,,Hanson,,,M,black,nonhispanic,male,Matthewhaven MA US,15789 Deanna Expressway Suite 802,Boston,MA,Suffolk,17426,02215,87.765042,-132.201497,29390.47,14472.81,36929,269.503.5592x474,freemankatherine@example.com,330878027,330102
74102efe-bc67-4f37-bc60-051817a29dea,1993-03-04,,158-65-7580,S69972405,,Mr.,Benjamin,,Gordon,,,W,asian,hispanic,male,Sarahville IL US,643 James Viaduct,Chicago,IL,Cook,27677,60612,48.034589,-5.8394,21974.69,2882.15,12993,726.434.5003x36416,shanemartinez@example.net,330797041,330102
2c3a1d89-86b7-4a46-a043-b7c77c080cb2,2019-05-29,,134-46-7885,,X64888236,,Jennifer,,Ortiz,,,D,black,nonhispanic,female,South Ginaport TX US,84821 Zachary Knolls Suite 598,Austin,TX,Travis,10008,78702,35.180717,-154.128706,11675.84,3207.46,109673,(599)395-7809,robinsondaniel@example.org,330257997,330102
91571395-67a2-415f-a919-adbd4acdf145,1980-11-04,,539-53-6136,S90190724,,Ms.,Brandi,Lori,Moore,,,S,white,hispanic,female,Johnsonchester IL US,37937 Kara Vista,Chicago,IL,Cook,07675,60612,44.307724,121.42166,13135.32,38707.04,56039,+1-695-671-5278x537,gary81@example.org,330978640,330102
fca0988a-bfe6-4f8d-bb94-91f3f2668649,1963-11-21,,568-44-5702,S33318065,,Mr.,Steven,,Long,,,S,white,nonhispanic,male,New Kendraville MA US,493 Tate Plaza,Boston,MA,Suffolk,47629,02215,-43.571652,-167.27155,9879.61,9976.2,103189,2339552641,joanna36@example.org,330149919,330102
e4915774-1c21-4805-88ad-fac71c1e627d,1962-05-08,,377-15-8655,S98667652,X36659698,Ms.,Kristina,Peggy,Chambers,,,,black,hispanic,female,Joseshire TX US,6746 Kristina Mountains Apt. 310,Austin,TX,Travis,45480,78702,-16.383519,-71.461021,51152.6,3684.33,61458,824-576-0482x34771,janderson@example.com,330814297,330102
5b9ca789-fd28-47a5-bacf-fa8a91996775,1967-10-15,,174-98-2037,S18935375,,Mr.,Richard,,Wang,,,S,black,nonhispanic,male,New Markside MA US,41514 Christina Glen Suite 403,Boston,MA,Suffolk,20730,02118,-74.869887,81.63629,18926.84,10593.36,34816,(774)392-3496x905,amclean@example.net,330239581,330102
0bc5556c-6a2f-4643-96fe-249bb33ac140,1954-04-20,,123-65-0268,S64345025,,Ms.,Tracy,Kristi,Powell,,,,white,nonhispanic,female,South Kevinshire GA US,9754 Travis Villages,Savannah,GA,Chatham,13128,31404,67.800984,86.869165,6970.76,11456.33,76555,+1-331-514-0477x635,umartinez@example.net,330395462,330102
c798e325-b6a1-4631-92ee-f572ec49408f,1979-05-03,,480-18-0983,S98316375,X40213436,Ms.,Barbara,Jason,Jackson,,,W,white,nonhispanic,female,West William CA US,21149 Zachary Trail Suite 162,Oakland,CA,Alameda,23974,94609,56.527856,58.137486,11389.82,3313.18,161597,9913242380,rmoore@example.org,330868772,330102
51a06abd-9593-446a-a38a-c27fd399d6ab,1989-02-27,,474-91-8634,S47494389,X30423411,Ms.,Felicia,Christine,Holmes,,Knapp,W,asian,hispanic,female,Louismouth MA US,12660 Christine Valleys,Boston,MA,Suffolk,06152,02215,-7.021841,166.602083,32518.69,90678.58,25375,001-603-289-4979x94219,zmorales@example.org,050633996,050201
fd3f9ce1-a4ae-4161-a5c9-af29a1a95472,1936-01-21,,109-06-5695,S46506339,,Ms.,Ashley,Debbie,Wade,,,S,other,nonhispanic,female,Barberbury CA US,327 Martinez Station Apt. 739,Oakland,CA,Alameda,35840,94609,-68.692695,-33.016516,72624.96,15249.13,21238,001-974-899-6730x5897,dennisbrenda@example.com,050748047,050201
f946229f-893f-4f33-8808-a200a23949c8,1974-08-21,,488-19-3409,S19632367,,Mr.,Elijah,Stanley,Maynard,,,W,asian,nonhispanic,male,South Suefort GA US,558 Tony Road,Savannah,GA,Chatham,51070,31404,27.708808,-131.919233,41691.21,13872.49,54873,(809)217-6819,sosarussell@example.net,050914170,050201
91687334-5541-4cda-8d9f-dfc28e46cba3,1948-06-26,,149-68-7754,S61900209,X23384454,Ms.,Teresa,Kimberly,Glass,,Allen,M,white,nonhispanic,female,Jonesfort MA US,64914 Vasquez Springs Apt. 588,Boston,MA,Suffolk,15173,02118,-89.079221,-79.340776,24489.25,13968.45,46446,(280)968-5045x485,tserrano@example.com,050748858,050201
f02e0f62-8adc-4176-a0fa-84e73a5b5320,1984-09-26,,594-66-9662,S71903839,,Ms.,Melissa,Bryan,Brown,,Weaver,W,white,nonhispanic,female,Sarastad TX US,68980 Sarah Via Suite 083,Austin,TX,Travis,23300,78702,-52.070627,-96.151891,48894.13,3930.28,37009,282-991-5326x211,mpalmer@example.net,050990153,050201
6004c306-dd83-44a8-a7ad-15ca70e01494,1939-12-16,,664-36-8786,S95543618,X63034779,Mr.,Joshua,Sandra,Allen,,,S,other,nonhispanic,male,Garciachester MA US,15234 Decker Branch,Boston,MA,Suffolk,36455,02118,32.71763,-142.04539,17055.29,1934.94,37428,389-491-0204x984,michaelperez@example.com,050127444,050201
30770cd1-b3a6-4557-b4a7-7920fd149230,1990-03-28,,317-74-0353,S24676447,,Ms.,Nancy,Sandra,Mcdaniel,,,S,white,hispanic,female,South Laurenfort TX US,67347 Jeffrey Parkways,Austin,TX,Travis,30392,78702,85.461556,-41.50248,47555.59,6542.98,24405,747.603.0017x52591,pkline@example.net,050335078,050201
a9d80f69-d106-4f0a-b9bf-2aef236282cb,1952-04-03,,635-39-6954,S69637248,,Ms.,Nancy,,Moore,,,,white,hispanic,female,Wiseberg MA US,734 Williams Mountain Suite 924,Boston,MA,Suffolk,29590,02118,-78.431522,-12.535822,38788.95,40516.61,49137,719-758-6143x5337,hcampbell@example.net,050917765,050201
35cfbd71-bad8-49c0-990f-494be356088f,1984-11-07,,081-82-3088,S70286461,,Mr.,Jacob,Heather,Ray,,,W,asian,hispanic,male,Christopherburgh MA US,31251 Tina Mountains Suite 190,Boston,MA,Suffolk,03733,02215,-79.586035,-69.867569,49319.6,11383.51,69744,987-212-5307x680,cmayo@example.net,030786100,030301
62da86ad-b929-4956-806e-12b95d7139fa,1956-01-04,,550-66-7618,S58679500,,Mr.,Anthony,Melissa,Gutierrez,,,,white,hispanic,male,Salazarbury IL US,611 Wright Court Suite 662,Chicago,IL,Cook,12928,60612,-52.813964,151.514419,95805.76,16161.51,39832,896-512-0740x6816,tonismith@example.com,030809577,030301
f363649a-e9c0-4ec2-8688-8390e76c71d1,1925-06-22,,864-87-6980,S45238154,,Ms.,Kimberly,,Grimes,,,S,black,hispanic,female,New Brianside IL US,33601 Kramer Track,Chicago,IL,Cook,02527,60612,-56.927997,154.590787,19434.42,2029.77,72044,(764)566-8396,hollandanthony@example.org,030748571,030301
2d941951-844f-44af-9599-627c74cf2fd9,1947-03-21,,183-43-0297,S90965330,X54093397,Ms.,Elizabeth,Rachel,Berry,,,W,other,nonhispanic,female,Stevenbury MA US,10559 Jonathan Roads,Boston,MA,Suffolk,42351,02215,-79.832933,136.022553,65903.05,12910.46,49376,(522)503-1055,joshuafletcher@example.com,140166391,140401
001d8f4f-2a41-4efb-9e16-192e0c7a4131,1965-04-18,,852-05-5002,S45424116,,Ms.,Susan,Bethany,Knight,,,W,asian,nonhispanic,other,New Michaelburgh GA US,56521 Martin Rue Suite 081,Savannah,GA,Chatham,17793,31404,85.688574,87.322016,146583.82,3813.01,75644,(424)660-3556,yolanda55@example.org,140785127,140401
4225c397-ad4b-4903-ac2c-d2a15e4db2ff,1984-02-19,,440-75-9987,S31685119,,Mr.,Corey,Shannon,Morgan,,,S,asian,hispanic,male,West Karen MA US,2446 Maria Gardens,Boston,MA,Suffolk,21637,02215,-56.374423,42.359159,23681.36,22758.95,92275,(845)369-5948,douglasjohnson@example.net,140282881,140401
6bcb9121-c4a9-4d86-af17-b981459a45c7,1954-03-06,,545-47-4622,S30256657,,Ms.,Kathleen,Brianna,Jones,,,,white,nonhispanic,female,Littleburgh CA US,8064 Tucker Park,Oakland,CA,Alameda,37387,94609,70.839686,-91.644454,27859.63,11387.84,38008,4674265152,xjohnson@example.net,140116836,140401
27a7bf0e-a61b-4a8a-bf87-250362da0668,1986-04-18,,566-10-0352,S38462070,X87166833,Mr.,Cody,Susan,Hayden,,,W,white,nonhispanic,male,East Matthew IL US,1345 Quinn Mount Apt. 201,Chicago,IL,Cook,23210,60612,70.695711,157.778629,11476.71,30377.19,69297,7752138242,brandonjohnson@example.com,140569332,140401
b24539ed-2e2c-4204-97c8-c9ef4ad9b48d,1968-05-16,,838-13-2004,S56907863,X37820452,Mr.,Larry,Donna,Gonzales,,,S,white,nonhispanic,male,Evelynfurt AZ US,3646 Young Ports Suite 827,Phoenix,AZ,Maricopa,44509,85006,-76.590688,136.916158,22389.81,14809.2,50069,(465)673-0946x7531,ycameron@example.org,140651955,140401
7819a890-1585-4733-a22a-3df43228d655,1952-01-05,,676-53-7845,S17456889,,Mr.,Shane,Dennis,Mcclure,,,S,white,nonhispanic,male,New Abigail MA US,430 Brianna Road Suite 245,Boston,MA,Suffolk,39230,02118,86.705325,-49.662338,32856.37,33028.21,141431,(799)396-4692x126,hollyjones@example.com,140849242,140401
664673f0-c249-4804-a0ef-d06b3025160e,1978-02-16,,725-89-2616,S23479480,,Mr.,Jeffrey,,Clark,,,M,other,hispanic,male,New Kelsey MA US,10118 White Harbor,Boston,MA,Suffolk,23798,02215,31.796495,-111.305102,5522.74,33871.67,38420,455-658-6926,davismarissa@example.org,110283090,110501
afd946ea-48d5-4fb5-b374-8fdeb0b4feeb,2018-05-08,,323-52-0442,,,,Rodney,Michael,Edwards,,,S,white,nonhispanic,male,Estesfurt TX US,7414 Jeremy Causeway Suite 147,Austin,TX,Travis,37108,78702,-65.435915,-32.166255,20421.87,2765.91,37946,001-878-573-6664x60936,melissa43@example.net,330210186,330101
60b93edc-3432-4be5-8473-ed5fc902a19f,1970-05-14,,877-58-0913,S68749740,,Ms.,Rebekah,Zachary,Rollins,,,M,white,hispanic,female,Perezborough CA US,93664 Williams Islands Apt. 392,Oakland,CA,Alameda,48474,94609,-45.04934,-11.64218,69098.95,4028.76,63828,+1-823-359-8349x84369,jmurphy@example.net,330477226,330102
1237274f-a343-4517-8720-0af2042d8b8c,1958-05-08,,550-74-2519,S35930602,,Ms.,Laura,Stacy,Davis,,Clark,D,white,nonhispanic,female,Thomaston IL US,5340 Hawkins Shores,Chicago,IL,Cook,02406,60612,36.861446,-173.140925,283213.56,8009.59,65912,(510)412-4487,christopherhorton@example.com,330941153,330101
b025804e-a177-414c-ae28-2af6b21a2597,1983-05-23,,227-94-4981,S76324086,X47922483,Mr.,Alex,,Stephenson,,,M,white,nonhispanic,male,Aliceshire AZ US,5270 Brandon Mall,Phoenix,AZ,Maricopa,43643,85006,87.155186,-21.23787,10449.37,18319.85,47792,591-975-1530,jessicarogers@example.net,330250527,330101
83c08c7a-2bf5-4f91-9229-b7f6aa2d5306,1953-01-11,,788-22-4789,S67400863,X53147204,Ms.,Paula,,Velasquez,,,W,white,nonhispanic,female,Danielbury CA US,9718 Lopez Haven,Oakland,CA,Alameda,47545,94609,-55.363656,50.540455,29373.43,1916.94,124746,(605)388-2233x0694,kimberlycarson@example.org,330451017,330101
fc5b097d-7d0c-4755-b898-1129a8086f9a,1948-08-15,,401-47-7383,S62954044,,Mr.,George,,Larson,,,W,other,hispanic,male,Savageview MA US,0694 Harvey Valleys,Boston,MA,Suffolk,16334,02215,-52.11029,168.369585,35884.94,19153.59,212527,001-431-735-8235x427,johnmiller@example.net,330187356,330101
39d0f99f-9649-403c-9e07-b2bd9a56cd0f,1982-12-19,,564-49-1159,S20635432,X83832718,Ms.,Destiny,,Cline,,,S,black,nonhispanic,female,Khanport TX US,37400 Theresa Course,Austin,TX,Travis,06308,78702,28.358717,169.357109,358625.73,5050.78,29337,896-314-7761x1727,melaniewilliams@example.net,330435455,330101
9d1aa261-5e51-4054-805a-06fddcc65566,1953-11-01,,323-66-6560,S67990722,,Mr.,David,,Reyes,,,,white,nonhispanic,male,Lake Deannamouth CA US,96300 Lewis Place,Oakland,CA,Alameda,16480,94609,-75.932843,-62.724499,46814.29,18558.73,20253,(288)220-3618x54716,glennfowler@example.net,330397385,330102
990ca316-5cbe-4950-8b9c-ff98b080eed2,1986-06-23,,786-12-5052,S46485105,,Mr.,Shane,Nathan,Golden,,,,white,nonhispanic,male,Robertshire TX US,02954 Guzman Manor Suite 943,Austin,TX,Travis,27488,78702,79.28986,-101.149498,29505.74,14543.62,63623,368.598.2446,mnorris@example.net,330798453,330102
67594b45-0892-451d-b640-ac05c2547dfe,1976-06-20,,788-87-9802,S12393246,,Mr.,Raymond,Rebecca,Bell,,,D,white,nonhispanic,male,Lake Michaelside IL US,27617 Joseph Glen,Chicago,IL,Cook,11611,60612,35.964007,-115.283647,30817.19,29146.14,39848,983.874.3369x141,scottscott@example.net,330762527,330102
98af2f02-e33d-4899-91b8-19684bbea198,1994-05-31,,150-41-9545,S39358942,,Ms.,Allison,April,Russell,,,S,black,nonhispanic,female,South Emily GA US,437 Brian Lane Apt. 864,Savannah,GA,Chatham,25882,31404,81.833812,-120.185811,39723.85,8189.91,56123,711-680-0688,jason67@example.org,330774944,330102
fe956ba1-fce1-4fc8-93fb-a26044f89b8f,1958-08-02,,689-93-2139,S47937899,X70518822,Mr.,James,Jared,Pena,,,S,white,nonhispanic,male,South Roger TX US,19491 Frazier Squares,Austin,TX,Travis,20147,78702,83.528492,98.135053,21700.34,3684.03,34340,375.826.0975,colleen75@example.org,330231449,330102
1ba2c2b9-31a9-4bfb-8520-3ce8676c2269,1972-08-17,,581-45-9433,S90832596,X57681738,Ms.,Jessica,Charles,Thomas,,Sanchez,D,black,nonhispanic,female,Mcdanielbury GA US,75340 Rivera Freeway Apt. 418,Savannah,GA,Chatham,53613,31404,-86.98098,-51.140872,15616.46,7316.31,27380,001-243-932-0837x27681,parkerthomas@example.org,330104836,330102
d6c897de-b1fe-4157-a529-b0db93a9cd87,1999-03-04,,372-91-2354,S97601802,,Mr.,Phillip,,Evans,,,S,white,nonhispanic,male,North Gregory CA US,7682 Villanueva Mews,Oakland,CA,Alameda,48598,94609,-36.483507,83.750115,13823.55,4526.21,111304,001-854-598-6305x5611,gabriel35@example.net,330530327,330102
f489cfa8-7c28-420f-bf74-92d173afff29,1965-07-07,,647-99-0461,S59877679,,Mr.,Michael,Nicole,Norris,,,M,black,nonhispanic,male,New Richardshire MA US,7111 Christine Prairie,Boston,MA,Suffolk,03572,02118,-5.66439,152.79226,9789.47,13152.32,64697,9175477905,amanda17@example.com,330829382,330102
88f91be1-9e61-4c61-9dce-f05279cfb2b6,1984-03-19,,667-21-7464,S38416119,X54628967,Ms.,Angela,Tracy,Daniel,,Kline,D,black,nonhispanic,female,Tammymouth MA US,64318 Calderon Overpass,Boston,MA,Suffolk,02439,02215,-13.1689,-47.297375,28139.34,20029.36,65637,(207)717-8520x551,christophersmith@example.org,330253656,330102
7d97fac7-5ba8-4959-8919-02f9b345a3a8,1995-02-13,,893-18-4899,S22027293,,Mr.,Logan,,Mitchell,,,D,white,nonhispanic,male,Kathrynmouth MA US,23241 Williamson Stravenue Suite 586,Boston,MA,Suffolk,04363,02118,35.515333,-77.83535,241784.69,8998.18,31244,513.908.7149x2707,kenneth96@example.net,330289781,330102
bd2003ea-1170-49c3-b58f-586a0b95f8d6,1979-11-14,,128-99-0183,S27953242,,Ms.,Joanna,,Stone,,,W,white,nonhispanic,female,New William IL US,4374 Fry Turnpike Suite 792,Chicago,IL,Cook,28402,60612,87.332792,144.239148,37981.44,17929.79,101748,420.256.2791x0663,lauren40@example.net,330245243,330102
bd517445-4ed6-47ef-8f5b-bcad9ad579a3,1951-11-24,,780-63-7306,S21630105,,Mr.,James,Elaine,Davis,,,M,white,nonhispanic,male,Josephberg MA US,011 Cox Wells,Boston,MA,Suffolk,48962,02215,-82.306117,-86.538145,90016.89,63853.7,177107,210-605-0016x66222,garciaanthony@example.com,050928680,050201
3c9c31a2-a8c2-4c21-827a-479e257c70c8,1976-03-02,,556-95-0179,S64113860,X26681675,Mr.,Jason,Brittany,Johnson,,,S,black,nonhispanic,male,Porterchester MA US,1525 Reyes Neck Apt. 544,Boston,MA,Suffolk,53521,02118,24.392163,43.109599,41322.32,10590.04,92650,300.425.6649x5063,cassandralee@example.com,050985658,050201
3ab62fc0-3d2d-4514-afbc-14e2803e9f4d,2011-03-15,,534-69-2333,,X80663099,,Joshua,Erik,Bryant,,,,black,nonhispanic,male,Melanieton MA US,968 Kelly Pines,Boston,MA,Suffolk,46113,02118,-18.066551,-44.761413,56959.23,32839.03,49590,001-430-647-0025x8255,roger45@example.org,050452186,050201
50261b3c-ee00-41d7-8ed4-845f9b45ce41,2022-06-19,,122-68-4570,,,,Meghan,,Ingram,,,M,white,nonhispanic,female,New Lisa GA US,3098 Rodriguez Camp Apt. 660,Savannah,GA,Chatham,40489,31404,-63.164565,132.946159,32259.28,23956.38,33870,5299882631,phamlauren@example.org,030736086,030301
bc7396b6-049e-48dc-9bfc-dcf89f3a532e,1951-02-06,,165-28-0479,S35401216,X96465819,Mr.,Dennis,Leslie,Dean,,,,white,nonhispanic,male,Lake Caleb AZ US,1236 Lee Knoll,Phoenix,AZ,Maricopa,15335,85006,26.655743,136.634908,85763.09,53020.29,82814,+1-960-534-9099x91984,hwhite@example.com,030613123,030301
9e1456c9-f4e8-4b6e-8e76-a37eb2fa04c4,1989-05-05,,779-55-0305,S83275763,,Ms.,Lisa,Ricky,Tran,,Nguyen,M,white,nonhispanic,female,Amberborough CA US,674 Brian Alley,Oakland,CA,Alameda,09376,94609,13.152382,78.16827,127913.77,63256.31,94452,904-749-7663,cindy76@example.com,030265777,030301
4831d98b-6386-4421-a8e5-44052cce9d7d,1990-07-03,,189-46-1557,S95141596,,Mr.,Christopher,Anthony,Harris,,,M,white,nonhispanic,male,Carlstad MA US,7274 Delgado Valleys,Boston,MA,Suffolk,07167,02215,49.51722,-110.298156,9992.38,72678.53,84682,001-413-296-8911x089,stevenschelsea@example.net,030359200,030301
1af3a2c1-c078-4f14-99a2-b6fd344da14b,1944-03-14,,515-49-0516,S24668669,,Ms.,Amber,Jeffery,Nelson,,,W,white,nonhispanic,female,East Patrick CA US,14891 Christopher Islands Suite 209,Oakland,CA,Alameda,08913,94609,53.083441,-51.641337,56795.91,43415.74,33304,+1-932-268-5979x3011,robinwilson@example.org,030707315,030301
97f8d712-60c4-47d0-a03f-dbeccd9a3957,1972-09-11,,730-01-6984,S21461071,,Mr.,Billy,Nancy,Anderson,,,M,white,hispanic,male,East Deniseland AZ US,4725 John Streets,Phoenix,AZ,Maricopa,27292,85006,0.248606,122.911197,85157.96,47636.89,95690,001-455-699-8335x981,webbtracy@example.org,140735016,140401
1ad8c1a8-862b-4b42-bc6a-6ddfc63d22e2,1949-10-23,,282-85-4367,S72437932,X64362232,Ms.,Kristen,Martin,Tapia,,Sanders,,white,nonhispanic,female,East Jeffreyshire MA US,067 Hamilton Springs Apt. 273,Boston,MA,Suffolk,36901,02118,-36.593707,107.747036,38613.5,35884.74,79077,(931)353-1512,danielle07@example.com,140886745,140401
82aa4330-806b-4075-9542-8c8e2b6b2ec5,1981-09-25,,187-19-6979,S62682622,,Ms.,Nancy,Shawn,Lopez,,,,white,nonhispanic,female,Brockborough IL US,300 Davidson Groves Apt. 769,Chicago,IL,Cook,29221,60612,60.97106,-131.367454,18304.89,18194.66,91167,+1-642-414-9475x39973,gonzalezmichael@example.org,140193025,140401
38051b3f-9fa7-4a2a-af76-5633cfe479cd,1941-06-22,,485-69-5201,S39078874,,Ms.,Holly,,James,,,D,white,hispanic,female,Sophiashire MA US,862 Wilkins Park Apt. 615,Boston,MA,Suffolk,43443,02215,3.673135,-109.154084,12285.38,56285.98,48059,+1-533-249-6002x530,jenkinsmatthew@example.net,140375750,140401
4a9bb23a-3731-4577-8a80-9d290a142fa3,1988-07-09,,071-25-1230,S60936220,,Mr.,Brandon,William,Howe,,,M,white,nonhispanic,-,North Joan MA US,5893 Jackson Plaza,Boston,MA,Suffolk,17274,02215,-89.800224,-60.083823,31687.61,5101.15,19815,(915)413-1634x300,javierrichards@example.net,140651592,140401
c37daf1e-4d14-4935-a0dc-ed7006c84a05,1988-06-23,,178-03-7146,S76362561,,Ms.,Lisa,Frederick,Jackson,,,W,black,nonhispanic,female,North Jeffrey AZ US,42123 Graham Rapid,Phoenix,AZ,Maricopa,40083,85006,-67.917134,38.099764,17316.59,5940.66,64414,+1-449-671-3268x915,zfranklin@example.com,110480776,110501
1c2db15f-6dc9-4613-986d-c27c5d60080a,1972-06-13,,009-10-2600,S75325062,X52284756,Ms.,Alyssa,Sandra,Johnson,,,M,white,hispanic,female,South Jane MA US,31065 Haley Lodge Apt. 452,Boston,MA,Suffolk,30987,02118,83.728285,9.587797,16348.15,20107.26,117276,001-969-975-8853,matthew40@example.org,110238002,110501
a486d10f-e9b2-42cc-a031-5b70f49f9ee5,1969-08-21,,507-07-5807,S11655280,X51112286,Ms.,Lauren,Nicholas,George,,King,M,other,nonhispanic,female,South John CA US,2921 Rivera Drive,Oakland,CA,Alameda,21042,94609,-16.255554,-106.987713,6213.1,26764.8,25744,+1-893-256-8457x69776,fanderson@example.net,110894140,110501
1b9817b4-6eaa-4310-915f-767ef01616aa,1960-09-29,,639-54-7207,S52944777,,Mr.,Anthony,Kimberly,Mckenzie,,,D,white,nonhispanic,male,Parkerville AZ US,97168 Davis Motorway Apt. 621,Phoenix,AZ,Maricopa,09712,85006,10.031637,138.786683,53871.96,46683.23,23258,001-685-221-3293x5654,kathleen55@example.org,330695831,330101
2c55f0c0-0775-43cf-a0b0-4adc045857f3,1972-10-11,,899-27-4605,S57148805,X21774485,Ms.,Leslie,Lance,Wells,,,S,white,nonhispanic,female,Fernandezburgh MA US,4154 Sandoval Unions,Boston,MA,Suffolk,15127,02118,50.588515,178.483046,28389.29,14302.42,40342000,406.203.0033x5925,vswanson@example.org,330361177,330101
f72748b7-fcda-4bbd-9121-6567709014d4,1937-07-08,,413-05-0982,S37890451,X67789539,Ms.,Nichole,Lori,Owen,,Doyle,D,white,nonhispanic,female,South Gary IL US,51769 Martin Curve,Chicago,IL,Cook,49011,60612,84.03903,-126.441379,13201.63,6225.58,23045,778.834.7169,christian09@example.com,330440626,330102
70e9ea8c-528b-4b22-b214-0c60f2c8881b,2008-03-18,,211-03-9585,S41974965,X75534624,Ms.,Tammy,Brenda,Vasquez,,,S,black,hispanic,female,Lake Shaunburgh MA US,1061 Tammy Trafficway,Boston,MA,Suffolk,54666,02118,54.570295,143.302514,149452.12,8492.72,84954,328-366-1725,tmartin@example.org,330735753,330102
6a134776-acec-4ea5-98db-8a140cb82c85,1942-11-13,,884-53-7680,S82127522,,Ms.,Sarah,William,Mcgrath,,,M,other,nonhispanic,female,Cherylton AZ US,83018 Michael Village Apt. 748,Phoenix,AZ,Maricopa,34345,85006,-63.04314,47.925692,36973.79,13351.53,34531,7917475678,dannystewart@example.net,330506782,330102
0db04988-23d7-4629-b06c-b7284e19d9b8,1985-12-12,,289-47-6012,S56638393,X69439806,Mr.,Ian,Brian,Reyes,,,M,black,nonhispanic,male,Rogersport GA US,91484 Petersen Garden,Savannah,GA,Chatham,56045,31404,58.234462,-114.83713,7823.89,16889.03,57001,449-533-8457,haydenhall@example.net,330336389,330102
f59a59dc-9351-4954-b55a-7179ef07f0f0,1978-01-22,,208-12-5119,S22584101,,Ms.,Tammy,,Valdez,,Gregory,W,other,nonhispanic,female,Woodstad MA US,38797 Anderson Way,Boston,MA,Suffolk,39429,02215,42.908063,140.133972,18581.48,7895.49,105820,795.363.1005x99018,wrightjacqueline@example.com,330216675,330102
9d95d6e4-2576-4a72-b8e3-446385900605,1973-02-08,,152-70-6318,S54985809,,Mr.,Douglas,Sean,Wheeler,,,S,white,nonhispanic,male,Aprilberg CA US,4187 Thomas Valleys Suite 680,Oakland,CA,Alameda,08774,94609,65.154754,15.352422,29137.51,37493.07,109503,589-216-1915,msmith@example.org,330952458,330102
0e39ed20-d50c-4d88-8f7f-b7c101b65b5d,1982-08-22,,640-19-8295,S29562055,,Ms.,Jordan,Sherri,Perry,,Perry,S,asian,nonhispanic,female,East Dillon MA US,301 Deborah Flats Apt. 710,Boston,MA,Suffolk,54259,02215,12.842913,-94.600018,44628.14,9207.76,124890,794.343.5742x36247,hirwin@example.com,330571729,330102
d7a60c94-df12-497d-ae9a-0ed6ece57a56,1978-06-25,,160-40-9897,S18079634,X35574131,Mr.,James,Marie,Warren,,,W,white,nonhispanic,male,Charleneshire TX US,173 Sabrina Skyway Suite 290,Austin,TX,Travis,36710,78702,-41.577506,78.441614,3744.3,23629.25,73190,001-623-457-9930x600,reneelee@example.org,330630667,330102
b67064e1-83f0-4dd7-8ee5-1353482e86e0,1940-10-12,,297-45-6705,S20573214,,Mr.,Carl,,Wilcox,,,D,white,nonhispanic,male,Lake Sara AZ US,742 Kimberly Summit,Phoenix,AZ,Maricopa,13602,85006,2.559586,-98.345737,6010.21,31149.81,69747,304-295-1330x0160,derekoliver@example.net,330385145,330102
5c7fdbaf-20ba-4ef9-8b51-f7062d3a1a43,1970-06-17,,421-03-0538,S15553047,,Mr.,Danny,Megan,Lawson,,,D,other,hispanic,male,Josephtown GA US,6793 Ramirez Parkway Suite 533,Savannah,GA,Chatham,16166,31404,88.39049,159.64206,79967.59,5624.51,35535,938-369-9929x5476,townsendbrenda@example.net,330707623,330102
52878848-6826-423c-aa93-b96403c4c361,1978-03-02,,360-22-6940,S35219308,,Mr.,Joseph,David,Snow,,,S,black,nonhispanic,male,Ryanchester IL US,6622 Brown Canyon Suite 342,Chicago,IL,Cook,46334,60612,9.824477,37.337899,14297.48,12085.85,15991,(328)421-7507,wongangel@example.net,330924134,330102
da1556c4-db9e-401f-8164-28d11e874ae8,1946-12-19,,198-04-9510,S53427043,,Mr.,Corey,Aaron,Browning,,,D,white,nonhispanic,male,Vanessaburgh AZ US,234 Kayla Center,Phoenix,AZ,Maricopa,45282,85006,-14.749786,-117.137622,181693.34,113002.15,54029,001-772-928-0291,cynthia48@example.org,330336126,330102
f26e9021-dfbb-4637-a41e-15ee397c5366,1971-09-17,,029-82-7783,S16584661,,Mr.,Alejandro,Theresa,Thomas,,,,black,nonhispanic,male,Lake Melissa IL US,72682 Chelsea Spur Apt. 933,Chicago,IL,Cook,48933,60612,45.793784,-55.694326,153899.79,11328.04,37223,(953)342-3044x4063,rfigueroa@example.net,050957590,050201
de7598bb-1be3-4904-ad80-00a747d17af3,1977-06-08,,631-45-6711,S42286428,X92588735,Mr.,Brandon,Madison,Brady,,,S,other,nonhispanic,male,West Timothy IL US,2596 Kimberly Divide Apt. 528,Chicago,IL,Cook,49197,60612,25.323424,60.701847,200408.62,1750.63,78144,7189414667,vsmith@example.com,050756328,050201
33a48d9f-0357-4961-b918-905c704141c8,2001-07-11,,695-05-3001,S40504263,,Ms.,Christina,Wendy,Farmer,,,W,other,nonhispanic,female,Port Josephhaven MA US,9949 Clay Greens Suite 698,Boston,MA,Suffolk,25848,02118,16.64497,22.796883,8367.92,28544.58,41096,7867420669,tiffany28@example.org,050439427,050201
648670c0-b661-4809-9a01-6ad2714b86f8,1971-02-26,,391-92-8070,S11810562,,Ms.,Tracey,Tammy,Berry,,,M,white,hispanic,female,Feliciamouth IL US,9856 John Courts Apt. 374,Chicago,IL,Cook,48374,60612,-17.87482,-110.741147,98310.54,38732.01,41380,793-448-6850x1161,lbridges@example.org,050852699,050201
517d8d0a-001c-4d98-8463-17be17144b7c,1939-09-27,,031-60-8659,S72272417,,Ms.,Sharon,,Mcmahon,,,M,white,nonhispanic,female,Dillonborough CA US,4988 Clark Path,Oakland,CA,Alameda,54596,94609,-33.315833,-128.172655,11203.09,21894.62,39831,358-849-6340x7849,greenjacqueline@example.com,030327342,030301
84a0d7a0-f80d-41fc-a98f-ac92f3db5be8,1967-04-18,,646-23-6258,S49741843,X10663452,Ms.,Pamela,Shelby,Thomas,,,S,asian,nonhispanic,female,Ericamouth AZ US,086 Rebecca Valleys Suite 949,Phoenix,AZ,Maricopa,49272,85006,-84.180787,103.322789,28912.07,7690.27,122402,(838)272-9233x2915,costadennis@example.org,030665813,030301
712a17b3-0512-45df-9657-dc04d0de3ff4,1972-10-14,,028-37-6998,S95905962,,Ms.,Lori,Angel,Jennings,,Howell,W,white,nonhispanic,female,Lake Lisafort IL US,2628 Katie Mountains,Chicago,IL,Cook,16561,60612,-28.579408,127.740957,14336.7,12972.26,40866,422.300.2460,davisrachel@example.com,030666731,030301
0b2c7cdb-7f36-484e-8ffb-d7eb976b881a,1964-10-05,,776-76-6909,S51721896,X25106518,Mr.,William,Sharon,Arellano,,,M,white,hispanic,male,South Brenda AZ US,954 Mia Shores Suite 188,Phoenix,AZ,Maricopa,28767,85006,-75.904687,-25.327095,56344.05,9323.58,70802,001-499-525-9878x971,wagneramanda@example.net,030639765,030301
10a02c6c-fce7-46f0-8ab1-b966238bd8f7,1994-11-06,,798-17-4874,S85727899,X57594958,Ms.,Kaitlin,Timothy,Bailey,,,M,white,nonhispanic,female,West Alisonmouth GA US,7458 Lisa Extension,Savannah,GA,Chatham,36816,31404,68.068758,-18.384804,16632.24,21283.77,65945,507.702.5557,dianakelly@example.org,030793684,030301
56fb7854-6591-49fa-998e-2d4c21c3c075,1925-02-20,,863-78-9472,S28220125,,Mr.,John,,Sanders,,,M,white,nonhispanic,male,East Jacobstad IL US,7871 Courtney Passage Suite 273,Chicago,IL,Cook,15528,60612,48.945313,-119.009069,33894.63,17080.8,73778,(754)514-2849x92440,karamullins@example.org,030414626,030301
c18194e6-ab1b-4818-94d1-9e3e960676dd,1960-08-20,,459-04-4626,S37893789,,Mr.,Isaac,,Frank,,,D,black,hispanic,male,West Kimberly CA US,73234 Leslie Islands,Oakland,CA,Alameda,44939,94609,-39.217309,9.237026,37563.89,148429.21,41405,854.395.6246,schwartzjessica@example.org,030673500,030301
7945d570-05f1-4fb8-b0ec-eaec8ae4bddd,2004-01-14,,140-62-9356,S29910744,,Ms.,Christina,,Dawson,,,,white,hispanic,female,Sharonton CA US,2496 Kirk Gardens,Oakland,CA,Alameda,12596,94609,-85.630123,33.011026,48084.1,12010.0,94629,001-756-472-1465,christopher61@example.com,030927152,030301
20f1bb9e-1aaf-4de4-9489-8eb3945e54be,1941-07-15,,566-04-0608,S49311550,X25682390,Mr.,John,,Torres,,,M,white,nonhispanic,male,Jacquelinechester AZ US,6491 Kevin Mountains Suite 570,Phoenix,AZ,Maricopa,06534,85006,43.210549,-139.865032,42581.92,23946.97,47337,541-378-8673,ballardjessica@example.org,030280598,030301
e4fb0d44-743a-4b61-ad33-7d2e764e9e61,1966-08-18,,757-07-7660,S40358606,X99771963,Ms.,Mary,Matthew,Morales,,,D,black,nonhispanic,female,South Amyton TX US,17809 Laura Rapids Suite 689,Austin,TX,Travis,52961,78702,-31.595935,144.097463,9147.96,15310.55,47248,481-570-5054x380,escobarlaura@example.net,030234835,030301
e7a66e10-f874-4bee-8423-02c60abe4235,1984-04-16,,396-45-3612,S78712532,,Mr.,Andrew,Brenda,Sandoval,,,S,black,hispanic,male,Williamsville CA US,24133 Amanda Land Apt. 762,Oakland,CA,Alameda,22862,94609,-80.259241,-175.299008,127651.93,8770.6,132559,796.304.8414x15547,zfoley@example.org,140524125,140401
0f5e1f61-bbac-48d1-ac24-20b09d29976d,1975-01-10,,595-42-9522,S82410457,,Ms.,Heidi,Zachary,Thompson,,Miller,,white,nonhispanic,female,Ruiztown MA US,1914 Brittany Mews,Boston,MA,Suffolk,41037,02118,85.741489,-90.527817,25996.8,6134.47,120002,446.780.5172,jonesstephanie@example.net,140784182,140401
1785a6f1-16c7-490d-a43f-e94bb46ecb40,2003-02-13,,774-91-1261,S91283115,X49384644,Mr.,Joshua,,Adams,,,D,white,nonhispanic,male,Medinachester MA US,32663 Marshall Springs,Boston,MA,Suffolk,34640,02215,-80.200694,-144.192449,37227.76,11073.32,48826,618.744.8419,qflores@example.net,140360430,140401
caf3d44b-e02e-43dd-a769-5b09d88fbf65,1982-05-11,,895-74-1415,S56765959,X79371903,Ms.,Emma,Lauren,Davis,,,S,other,hispanic,female,Garciabury MA US,9983 Andrew Junction Apt. 111,Boston,MA,Suffolk,41723,02215,-24.469241,108.391184,34495.72,6567.09,47598,(819)625-2386x605,xwyatt@example.org,140374792,140401
91fc0032-e33d-427e-bfd1-d7f35b04dfd4,1934-01-30,,620-20-7105,S85174595,,Mr.,Craig,Cassandra,Barber,,,M,white,nonhispanic,male,Hubbardport MA US,2439 Jimenez Glens,Boston,MA,Suffolk,43593,02215,-89.627488,-135.077282,8389.98,55019.78,72397,211.474.7731x17667,davidvincent@example.com,140704262,140401
7eb26a6c-fc32-465d-8561-7123a3e70881,1985-02-01,,535-31-7830,S92257014,,Mr.,Rodney,Alexandra,Martin,,,W,white,nonhispanic,male,Smithshire GA US,86656 Mark Trail Suite 391,Savannah,GA,Chatham,03026,31404,-30.249716,-162.082592,53018.33,3713.57,71357,001-442-520-1704,pbailey@example.com,140288339,140401
539ef5ce-f0e5-4aaa-a097-f7636fc5dd22,1966-11-01,,627-35-0510,S33319593,,Ms.,Valerie,Lauren,Hurst,,,W,white,nonhispanic,female,New Sabrina MA US,01642 Banks Mews,Boston,MA,Suffolk,48373,02215,-11.551016,-164.235947,12558.76,10000.29,48805,2866867928,dgreene@example.org,140825892,140401
29bbaa91-2ff3-4928-8578-e5dce2ac9332,1987-03-23,,311-79-8440,S19515035,,Ms.,Sara,Joseph,Fischer,,Knapp,D,white,hispanic,female,Lopezmouth CA US,53758 Vazquez View,Oakland,CA,Alameda,27076,94609,-26.12172,173.229852,17849.56,22913.89,39933,001-646-715-8956,christygraham@example.org,140823900,140401
a50b5770-5679-42ea-9db6-58877634cc5b,1967-01-24,,814-42-4111,S63019281,,Mr.,Dennis,Michelle,Daugherty,,,,white,nonhispanic,male,Townsendfort MA US,30460 Keith Springs,Boston,MA,Suffolk,23675,02118,-20.150023,-87.89348,20369.41,4406.69,12937,+1-651-822-7372x260,kellystacey@example.net,140453279,140401
1330d18a-9888-453b-bd75-251745aa32ae,1994-02-26,,213-57-3439,S37392301,,Ms.,Jessica,Tonya,Greer,,Patrick,M,white,hispanic,female,South Chad AZ US,7541 Melissa Fords Suite 209,Phoenix,AZ,Maricopa,21022,85006,86.313008,-39.697767,9003.29,15922.22,43727,+1-363-925-4474,kathryndavis@example.net,110876537,110501
090989e5-fdba-47b7-9d1e-8cfd10f91c28,1985-12-06,,797-74-8546,S28806837,,Mr.,Steven,Kevin,Blake,,,W,other,nonhispanic,male,Theresahaven TX US,547 Hampton Valleys,Austin,TX,Travis,16193,78702,74.194819,95.903294,26930.09,6589.96,22456,761-790-1115,joseph18@example.com,330273201,330101
a8c4f577-884c-45fe-ab22-45bc54f99760,1988-02-25,,846-18-2801,S76942732,,Ms.,Anita,Don,Gonzalez,,Lewis,,white,nonhispanic,female,Port Anthonyfort IL US,570 Priscilla Divide Suite 107,Chicago,IL,Cook,41511,60612,-4.734451,56.456725,30635.08,21624.18,30619,001-785-596-5635,jamie84@example.org,330733390,330101
4b5e2a9a-2a4d-497e-a5a9-f2cbaff99d28,1969-05-05,,455-50-6986,S30259488,,Ms.,Kristen,Lisa,Dunn,,,W,white,nonhispanic,female,Nicholasberg MA US,4807 Hall Shores Apt. 102,Boston,MA,Suffolk,31411,02215,77.102156,86.601209,5592.88,105618.23,44441,7009494322,christophermartin@example.net,330910081,330101
44c1f5ee-4a2f-4903-a628-500162d634d7,2011-01-08,,612-45-8034,,,,Russell,,King,,,M,white,nonhispanic,male,East Karenborough CA US,271 Erin Grove Apt. 926,Oakland,CA,Alameda,12698,94609,-1.48049,-18.716664,26845.23,4272.06,24908,990.508.3107x86967,lserrano@example.com,330347033,330101
a92c99ba-03fe-4a48-8fba-f516024afb8f,1966-01-26,,500-11-8447,S51031265,,Mr.,Kevin,,Cohen,,,,white,nonhispanic,male,Lake Laura GA US,33116 Nguyen Roads Apt. 376,Savannah,GA,Chatham,01421,31404,-35.67655,-100.239294,37721.09,7554.33,49311,+1-611-407-8707x974,jasonsmith@example.org,330549210,330101
1fc24362-d194-4562-bbf8-38ff8422918e,1955-08-15,,447-85-8285,S13803304,,Mr.,Javier,Wesley,Landry,,,,white,nonhispanic,male,Lake Danielstad TX US,45074 Horton Burg Apt. 968,Austin,TX,Travis,55795,78702,-5.008133,168.367528,14129.89,81118.17,31987,(403)654-5787,michael11@example.net,330489514,330101
46fed7a6-77cd-43b6-ae19-7506e721ea69,1980-10-01,,234-10-1162,S75960789,,Ms.,Angela,Mary,Schultz,,,W,other,nonhispanic,female,Riverafort CA US,7633 Alexander Unions Suite 069,Oakland,CA,Alameda,55893,94609,-56.028022,166.296226,52040.2,32933.3,55178,8706799724,jacquelinecline@example.com,330107827,330101
daa98483-d40e-4760-b32f-da51845c4fba,1987-12-31,,225-89-2710,S53622757,,Ms.,Jacqueline,,Rodriguez,,,W,black,nonhispanic,female,Watsonport CA US,901 Vasquez Roads Apt. 756,Oakland,CA,Alameda,11073,94609,-53.582228,-148.494838,7056.44,70698.58,36510,9113065676,glenn65@example.net,330624778,330101
8fe20333-4ac7-4255-89ab-11a8d88aba76,1952-06-11,,611-75-6136,S16781693,,Ms.,Nichole,Elizabeth,Walker,,,,black,nonhispanic,female,North Brianmouth MA US,6714 Jake Ferry,Boston,MA,Suffolk,50705,02215,-0.170769,-149.424621,15356.05,47088.93,46706,9433132572,elijah60@example.com,330120014,330101
33c9583e-8908-4859-9b1f-5da0edbf962f,1956-07-18,,828-37-0647,S96257357,,Ms.,Debbie,Veronica,Mckee,,,S,white,nonhispanic,female,Lindsayfurt TX US,18708 Ellis Extension,Austin,TX,Travis,17914,78702,-66.486639,100.96077,93251.24,8670.14,144000,948.629.7067x441,perryteresa@example.net,330259051,330102
7b2477c4-c61d-4c3f-831a-a2f106e18b47,1982-07-09,,022-82-9199,S34980614,,Ms.,Tracey,Brooke,Rivera,,Schwartz,W,white,nonhispanic,female,New Robertville GA US,639 Peterson Green,Savannah,GA,Chatham,25894,31404,42.908091,-154.336053,49531.49,28201.26,30857,+1-914-678-2525x784,kvargas@example.org,330565590,330102
83e4c6f3-2d25-4625-8eff-c297fee9a848,1961-08-02,,466-52-5563,S13058072,,Ms.,Angela,David,Welch,,Bell,W,black,nonhispanic,female,Hardytown AZ US,5639 Dawn Circles Suite 823,Phoenix,AZ,Maricopa,32947,85006,5.567032,-167.390191,8867.54,14272.57,36411,8117181188,erinwolfe@example.com,330100585,330102
20451a64-e983-4c4f-976b-f6d30ce9e69b,1954-04-12,,384-51-9856,S32422475,,Mr.,Thomas,Erik,Smith,,,,white,hispanic,male,Garciaville IL US,9459 Kelli Stravenue Suite 410,Chicago,IL,Cook,05102,60612,-5.858968,75.631288,94695.65,6821.67,58362,001-532-777-8669x76227,hwilliams@example.org,330795246,330102
05d7a2da-9d35-4b2b-a108-c23d91ea54ab,1969-03-10,,504-40-6479,S37693749,,Ms.,Tara,,Brown,,James,W,white,hispanic,female,Daniellechester IL US,43413 Patel Drive,Chicago,IL,Cook,38948,60612,-87.003343,142.738344,26880.88,12869.55,34881,347-983-9572x54917,cjackson@example.net,330270610,330102
788d5a2c-a49d-419d-b9df-cc5e8a0b1840,1984-06-05,,728-49-7725,S21353531,X34539621,Ms.,Andrea,,Medina,,,,asian,nonhispanic,female,North Johnchester MA US,7028 Anthony Row,Boston,MA,Suffolk,21676,02215,68.419258,66.784635,34385.82,10899.07,32923,(765)983-7108,ericksonalexis@example.org,050832551,050201
e127e8fd-00d7-44e6-9029-aef6bd8df462,1952-10-08,,658-03-3359,S28048273,,Ms.,Kimberly,Benjamin,Anderson,,,,black,nonhispanic,female,Lake Alisha TX US,567 Cline Path Apt. 713,Austin,TX,Travis,32312,78702,14.323458,93.486447,11285.71,8943.17,24458,001-211-500-5354x357,igonzalez@example.org,050973700,050201
b1e66c82-7ed6-47f8-a9f2-782c8cb392eb,2007-11-07,,326-55-3461,S56531361,X90022699,Mr.,Christopher,,Fields,,,W,white,hispanic,male,Lake Suzanne TX US,214 Alvarado Ways Apt. 119,Austin,TX,Travis,43423,78702,30.757179,-178.689074,27529.52,70040.7,60245,001-277-776-7336x67445,obennett@example.net,050665931,050201
5e771f2a-2c40-4273-bdb6-ab2c666c1a6f,1945-02-15,,637-22-7152,S54547475,,Ms.,Jamie,,Huff,,,S,white,nonhispanic,female,Hendersonshire IL US,21827 Clark Lodge,Chicago,IL,Cook,04238,60612,71.753439,71.646598,81272.32,19124.72,90110,903.793.9830,halllaura@example.com,050906603,050201
a4c41162-c557-4ff4-91f7-ce15a9a43fb4,1939-10-14,,459-23-2304,S25307474,,Ms.,Cindy,,Grant,,Gallagher,D,white,hispanic,female,North Angelamouth AZ US,91116 Patterson Walk,Phoenix,AZ,Maricopa,55153,85006,28.235941,-137.104534,37080.44,33359.24,24533,297.347.2895,sextonjulian@example.org,050303749,050201
63c0a0be-9981-4ddd-9364-2b6fad80e5df,1970-09-05,,334-97-0786,S33974843,,Ms.,Tanya,Elizabeth,Hall,,,S,black,nonhispanic,female,Port Susan IL US,86624 Gregory Landing,Chicago,IL,Cook,03267,60612,-19.572653,45.18613,93414.75,9562.34,72446,669-397-4729x23707,amandahancock@example.com,050918582,050201
bc553df9-7397-485f-82cb-134c6b855947,1980-11-18,,453-28-8667,S43714996,,Ms.,Caitlin,,Hamilton,,,,white,nonhispanic,female,West Crystalport TX US,171 Wade Branch Suite 547,Austin,TX,Travis,17263,78702,25.634318,108.408294,6063.29,4706.8,23794,674.382.6788x818,robin02@example.net,050938071,050201
89afcd2e-3db2-435c-9ee8-8d7963977659,2003-04-01,,702-44-4915,S15509283,X98798868,Ms.,Karina,Stephanie,Elliott,,,W,white,nonhispanic,female,Lopezstad CA US,188 Barr Station,Oakland,CA,Alameda,29056,94609,-2.846329,6.177579,72635.99,17424.54,69696,(225)492-6712,davisbrian@example.com,050297987,050201
244ce2a9-a43d-43eb-8d3b-781f03e33e8c,1964-02-27,,382-46-0589,S14859770,,Ms.,Stephanie,Phyllis,Nelson,,,M,black,nonhispanic,female,East Catherineview GA US,296 Joshua Harbors Apt. 051,Savannah,GA,Chatham,07955,31404,-43.865685,-108.100994,11482.88,16208.11,69335,918-990-2642,littlemichael@example.net,030564056,030301
8abbca49-7412-4438-9728-7b2a10a3e70f,1952-02-06,,166-05-6001,S82505839,,Ms.,Priscilla,Allen,Watkins,,Pham,W,native,hispanic,female,North Jamie IL US,00837 Hancock Lock Apt. 281,Chicago,IL,Cook,42589,60612,-87.65187,-129.678642,34317.94,3154.15,121500,+1-975-510-3036x749,howardantonio@example.net,030918197,030301
234716a8-2b5b-4f6a-9c91-244164bc01eb,1993-06-15,,211-09-3330,S79646559,X22556245,Ms.,Rebecca,Melissa,Jarvis,,Yang,S,asian,nonhispanic,female,East Cody CA US,5505 Alyssa Island Apt. 850,Oakland,CA,Alameda,13998,94609,-9.630932,159.55695,16850.42,13690.63,63193,001-238-776-4348x33755,aweiss@example.org,030758977,030301
a0bb9885-31c6-4234-a324-88b623edd61a,1924-10-01,,200-93-4045,S88620339,X68810634,Ms.,Laura,Keith,Evans,,,W,other,nonhispanic,female,Tapiaside TX US,64207 Obrien Prairie Suite 766,Austin,TX,Travis,36092,78702,69.439686,124.652816,30478.71,3967.54,38494,2827379510,karenking@example.org,030999603,030301
2c37137f-1f11-4ea7-bf0c-ca50d829a56a,1996-12-22,,626-32-4362,S53305789,,Ms.,Kaitlyn,,Chavez,,,S,white,nonhispanic,female,Nathanielshire AZ US,152 Savannah Burg,Phoenix,AZ,Maricopa,23672,85006,-77.371072,20.583296,55937.53,29855.24,46478,001-730-882-8267x318,christopher35@example.org,030992844,030301
0cdda006-d14b-48b7-9539-8e30de52e2ad,1973-10-25,,169-56-7444,S46163078,,Mr.,Alex,James,Chase,,,D,white,nonhispanic,male,East Kyleville MA US,4439 Ashley Green Suite 782,Boston,MA,Suffolk,03074,02118,86.956092,6.618732,53999.34,29338.88,60852,759-443-3787x16028,orrrodney@example.com,030403090,030301
21419123-6355-4390-9f46-40f47a6f6bdb,1952-02-28,,355-44-2777,S56764132,,Ms.,Holly,Kristin,Moore,,,D,black,nonhispanic,female,Dawnville MA US,8830 Megan Trail,Boston,MA,Suffolk,26841,02118,-77.808157,156.584004,22550.44,29822.24,20938,(481)968-0909x1583,williamsdavid@example.net,140333932,140401
e46ba60f-e317-48e6-a1b2-07355b5fce4e,1971-03-27,,022-80-7854,S27042269,,Mr.,Rodney,Alison,Garcia,,,M,other,hispanic,male,Josephland AZ US,248 Cowan Junction Apt. 147,Phoenix,AZ,Maricopa,07703,85006,16.625508,-4.35933,19827.06,46497.15,28793,317.677.5609,stricklandbridget@example.net,140911543,140401
c8f3d884-5021-43f9-83e8-0217480fbe3a,1960-09-29,,711-09-9048,S12192603,X50840006,Ms.,Laura,Michael,Williams,,,M,white,nonhispanic,female,Ryanberg IL US,4855 Powell Shore,Chicago,IL,Cook,12645,60612,-84.557696,60.924372,139386.51,17784.11,81726,+1-281-787-1688x7776,kimdarren@example.org,140259388,140401
755151ee-e442-42d8-97ba-c686c6f47718,1981-11-30,,658-53-6789,S79119885,,Ms.,Sara,Samuel,Shepard,,Arroyo,S,asian,nonhispanic,female,Baileyside CA US,5086 Petersen Points Apt. 603,Oakland,CA,Alameda,22626,94609,-12.760388,20.312542,40800.53,12803.91,42161,391.835.2787x684,nicholasellison@example.com,140509450,140401
e78c77bf-318a-497b-8bcd-672f43f6651d,1979-09-15,,106-87-3013,S31356505,X55585918,Ms.,Leslie,Scott,Tran,,,,asian,nonhispanic,female,North Meganmouth IL US,2658 Cole Crossroad Apt. 639,Chicago,IL,Cook,20581,60612,75.504717,50.46926,47659.24,13143.18,81679,6175688108,fdougherty@example.org,140194798,140401
42e71c0f-7c96-4b71-9320-910b00f20629,1972-08-19,,750-71-7449,S57240086,,Ms.,Dorothy,Russell,Rios,,,D,white,nonhispanic,female,Paultown MA US,50052 Megan Meadows,Boston,MA,Suffolk,29643,02215,-63.495115,102.212543,21128.2,17412.78,37554,264.617.9032x5547,fharris@example.com,140995124,140401
0da4f0e1-c8d3-483f-9a2e-de8b62672f1d,1980-09-17,,648-37-1573,S84130535,,Mr.,Robert,Sarah,Rogers,,,D,asian,nonhispanic,male,East Mary IL US,5703 Charles Trail,Chicago,IL,Cook,21687,60612,57.372516,174.493195,158250.76,22500.42,77638,+1-535-275-9112x0930,ale@example.net,140408145,140401
a3ec0f60-1e89-4dd7-a3eb-b5bb7130d099,1980-02-18,,774-83-1364,S67807759,,Ms.,Tiffany,,Johnston,,,M,black,nonhispanic,female,Andreaport AZ US,32694 Cory Stravenue,Phoenix,AZ,Maricopa,47294,85006,-23.515294,98.939328,21497.25,6719.79,48936,+1-703-311-0875x10479,kimberlydixon@example.com,140836507,140401
2b962c89-cf98-4161-a0b8-553bae111be3,1982-09-26,,583-85-3254,S36191854,X90575124,Ms.,Laura,,Davis,,Lewis,D,black,hispanic,female,West David TX US,44748 Johnson Parkway,Austin,TX,Travis,04992,78702,-24.070339,62.814728,179166.35,39738.23,77646,(309)670-6140x25179,oramos@example.org,140115945,140401
d4212bbb-d5c8-4cf5-9c81-b8cd702d605f,1941-07-13,,188-93-3346,S26219683,,Mr.,Daniel,,Kerr,,,D,other,nonhispanic,male,Arnoldport TX US,8591 Richard Mews Apt. 037,Austin,TX,Travis,23372,78702,85.70084,-29.956992,35356.57,18581.37,55117,001-797-244-1393x1598,rebeccajenkins@example.com,110828366,110501
03e39889-2645-4020-bb40-c7a531958406,1979-02-11,,066-99-2154,S51676886,X15611285,Mr.,Tommy,,Savage,,,D,white,nonhispanic,male,Haleyside IL US,758 Sandra Station,Chicago,IL,Cook,22421,60612,3.366614,9.074653,52601.9,72980.11,92658,625.585.2490x5524,williamsjason@example.com,110346874,110501
1649b8fa-e773-4ddc-a7dc-40fba7ff6d79,1958-07-23,,330-37-5775,S36413592,,Mr.,Jeffrey,Brian,Elliott,,,W,white,nonhispanic,male,Hammondbury IL US,99401 Lucas Lodge Suite 697,Chicago,IL,Cook,49396,60612,-52.83669,172.689755,74302.06,62644.68,33126,(598)402-0184x32281,hayden11@example.net,110197018,110501
a740dca2-1cc5-42b2-8c3c-846cfc05c007,1964-02-12,,471-65-2131,S70764609,,Ms.,Jennifer,Peter,Scott,,Simpson,S,white,nonhispanic,female,Lake Jeffreymouth IL US,4093 Nguyen Lights,Chicago,IL,Cook,39643,60612,70.14059,-93.277087,4777.73,6937.27,49358,(839)274-7812,megan86@example.com,110662987,110501
f0e9dd7c-b340-4835-8761-f19f94214694,1934-01-18,,208-13-9795,S48101550,,Mr.,Andrew,Bill,Walter,,,W,black,nonhispanic,male,Amyborough TX US,5421 Moore Bridge Apt. 019,Austin,TX,Travis,12692,78702,-15.806862,69.210478,56954.82,10564.07,29879,228.343.2480,allen61@example.net,110617951,110501
6fc4d63e-fd70-464f-afe1-df7c9a301474,1980-12-18,,193-47-4074,S80087614,,Mr.,Edward,Corey,Tucker,,,W,white,hispanic,male,Nguyenview MA US,738 Jessica Street,Boston,MA,Suffolk,51565,02215,17.22599,3.410369,34900.18,15782.96,116610,001-537-396-5532,colekaren@example.net,330289272,330101
6bfd4138-4468-4178-bdd3-8f6001a038ce,1974-04-03,,891-01-9505,S77513601,X86640806,Mr.,Joseph,,Padilla,,,S,black,nonhispanic,male,Port Heathermouth MA US,8030 Wells Points Suite 980,Boston,MA,Suffolk,51001,02118,63.862363,58.804434,40125.47,6717.85,23703,(903)351-6309,mwiggins@example.org,330529349,330101
1df9eaae-5e01-47cc-9710-0bbc00d800cc,1969-01-02,,155-04-5741,S99279500,,Ms.,Megan,,Robinson,,,W,black,nonhispanic,female,Williamport AZ US,234 Dudley Views Suite 398,Phoenix,AZ,Maricopa,24638,85006,78.888033,-35.26459,9852.57,10278.87,34579,647-307-7405,janet83@example.net,330677081,330101
5e78ee3a-7866-4baf-b73d-a9ae10ee7c3f,1952-01-03,,743-43-8178,S77321329,,Ms.,Michelle,Brian,Dunn,,Anderson,W,white,hispanic,female,Simpsonburgh CA US,03629 Morse Way Apt. 875,Oakland,CA,Alameda,47523,94609,89.811727,-50.235915,11965.33,30044.0,24842,966.707.4673x54903,johnsondaniel@example.org,330474365,330101
2221ad0b-9879-4172-b24e-5eda04d40ec3,1981-09-12,,067-22-0609,S25315004,,Ms.,Tracy,Jonathan,Lewis,,Schmidt,S,white,hispanic,female,Port Jasonville MA US,6831 Carter Parkway Apt. 682,Boston,MA,Suffolk,19578,02118,-87.414767,-58.070788,53338.77,3962.38,71041,7758645849,stephaniecortez@example.com,330379559,330102
a3ef2a9d-0abd-42cc-b370-ad1071ea1b29,1953-05-23,,409-06-0121,S65821486,X31756061,Mr.,Christopher,,Johnson,,,M,white,nonhispanic,male,Garrettville CA US,86501 Jenny Highway,Oakland,CA,Alameda,27312,94609,59.970697,31.710905,6422.33,2971.38,56085,+1-365-801-0101x69483,patrick65@example.com,330638368,330102
7d1a4bff-a0f9-4b41-92f9-432b6170198c,1973-02-07,,487-23-7956,S17216160,,Ms.,Kathryn,,Johnson,,,W,white,nonhispanic,female,Markburgh GA US,272 Woods Extension Apt. 073,Savannah,GA,Chatham,34979,31404,-83.200705,-41.721174,28631.33,11638.27,91988,(934)667-1256,russellmatthew@example.com,330349310,330102
f67eff23-bf1f-45f1-a979-d639c985c2d8,1939-02-05,,235-07-3951,S10749687,,Ms.,Kimberly,Frank,Bell,,,M,white,nonhispanic,female,West Shelbytown TX US,26495 Ramsey Turnpike,Austin,TX,Travis,28777,78702,-64.341826,-22.33265,43309.97,11791.63,206841,360.514.2498x947,jeffery17@example.org,330326299,330102
0cf67992-a5ff-42a9-9057-e4388a53791d,1978-12-25,,753-38-5311,S17521456,,Mr.,Kristopher,,Howard,,,S,white,nonhispanic,male,Scottville AZ US,178 Washington Centers,Phoenix,AZ,Maricopa,18005,85006,-4.885163,-94.396631,8892.18,8557.4,63979,299.972.7567,estafford@example.net,330325599,330102
c3e335f0-0f39-4233-995d-a167303ae7e8,1978-10-17,,020-55-0593,S81960650,,Ms.,Yolanda,Derrick,Brown,,,D,black,nonhispanic,female,Rachelland CA US,3039 Adrian Spurs Suite 473,Oakland,CA,Alameda,01303,94609,-5.391516,16.845707,11877.5,6675.34,37145,001-276-565-5241x1653,jsutton@example.com,330415827,330102
ef16e878-06e7-494b-befe-793a8af8e951,1973-04-24,,396-45-7201,S32370271,X76764627,Ms.,Elizabeth,,Bird,,,S,white,nonhispanic,female,East Jacqueline TX US,90382 Zachary Shoals,Austin,TX,Travis,18510,78702,7.145043,-116.472289,7506.73,39616.91,27678,001-868-799-0968x94596,andre14@example.com,330369514,330102
c3799c69-31d2-43ca-b453-7254ace4a10b,1988-11-04,,554-74-6251,S62915291,X23275451,Ms.,Caitlin,Nicholas,Simpson,,,S,asian,nonhispanic,female,Pagefurt MA US,71223 Green Trafficway,Boston,MA,Suffolk,09156,02118,-77.670362,-38.079423,52973.02,30449.24,152893,3877745024,kingdonna@example.com,050233989,050201
be86c87d-4668-4f6b-9cfc-bc7fd055d6f9,1984-02-16,,766-90-1150,S32180293,,Ms.,Christy,Brittany,Stewart,,,S,white,nonhispanic,female,Nancytown TX US,9163 Ochoa Estates Apt. 068,Austin,TX,Travis,30171,78702,8.221799,49.586542,30715.49,35306.31,92766,767.683.4618x1602,hudsonrobert@example.net,050941419,050201
99b1f0bd-0b99-4243-bfe9-41601e8c0103,1967-02-19,,290-61-0976,S90609123,,Ms.,Melissa,,Stephens,,,,white,nonhispanic,female,East Yvonneton MA US,331 George Mountain,Boston,MA,Suffolk,55390,02215,-5.116716,-164.799145,44714.02,108562.72,40490,(251)626-2863,anthonymacdonald@example.com,050722046,050201
79101065-8cd1-47da-a51f-aa2b4a94e898,1978-03-15,,208-78-3981,S45652419,X46137662,Ms.,Monica,,Jones,,,M,white,hispanic,female,Theresabury GA US,3479 Dwayne Views,Savannah,GA,Chatham,22123,31404,-43.86253,23.138875,52345.94,18522.69,203687,473.925.6074,sarahsmith@example.net,050924075,050201
2a20923d-e814-463c-bf5e-37f839981b97,1985-09-09,,020-96-9274,S45888483,,Mr.,Jeffrey,Jodi,Nelson,,,M,white,nonhispanic,male,Port Ericaland MA US,8429 Kenneth Burg,Boston,MA,Suffolk,36208,02118,63.173609,-35.969287,12588.48,13855.37,168883,(620)931-6613x8289,jeffreymartinez@example.org,050569876,050201
3ae44d99-5227-4991-9fd3-700aedca6bfa,1987-07-02,,897-41-8860,S61133533,,Mr.,Jose,,Taylor,,,S,white,hispanic,male,Wrightbury GA US,496 Cooper Creek,Savannah,GA,Chatham,19366,31404,-64.606455,-119.505673,51140.97,2251.45,58491,966.867.7994,xjohnson@example.org,030309672,030301
851df670-67a4-4573-b11a-d04907bb3fd7,1925-02-26,,315-75-1289,S21070044,X64377564,Mr.,Nicholas,Patricia,Lester,,,,white,nonhispanic,male,South David GA US,716 Harmon Points,Savannah,GA,Chatham,16232,31404,79.329078,-133.543516,82616.32,14729.37,34698,001-438-692-7979x638,stephencurry@example.com,140216481,140401
ade033b7-2bd3-46ef-bbe7-e199794fa028,1939-09-26,,448-79-1884,S83407851,X30249428,Mr.,Martin,Anna,Walker,,,,white,nonhispanic,male,Victoriaborough MA US,499 Rowland Inlet Suite 478,Boston,MA,Suffolk,08043,02118,11.798098,40.426323,42558.21,334989.48,96658,001-291-488-8501x7275,michaelavila@example.org,140892669,140401
60596884-00cb-4de4-bc86-cf15dd9c0d48,1990-04-17,,330-90-9116,S82331740,,Ms.,Sara,,Torres,,,,white,nonhispanic,female,South Gina AZ US,97433 Edward Rapids,Phoenix,AZ,Maricopa,19459,85006,88.295284,108.857953,74052.1,1327.34,34052,553-239-1160x7411,oscott@example.com,110938512,110501
60d665eb-ca65-4c6f-a1ae-04b5fc3f70bf,1996-09-14,,559-66-8171,S20683539,,Ms.,Stephanie,Michael,Clark,,,,white,hispanic,female,West Markview CA US,13231 Simpson Row,Oakland,CA,Alameda,37939,94609,-47.013705,-5.732202,25942.21,30019.09,15519,+1-818-492-6186,pnelson@example.com,110192871,110501
ec3ba59b-390e-481b-b4d4-a0e133307dbd,1982-03-28,,392-05-4196,S13672370,,Ms.,Karen,Robert,Dean,,Perkins,M,asian,nonhispanic,female,Erinville TX US,78592 Ashley Knolls Apt. 172,Austin,TX,Travis,19580,78702,-82.176632,-113.415124,40850.92,7119.75,77190,(709)929-0805x587,wonglisa@example.net,110467183,110501
9b697a1a-4f26-4def-a67d-85952a238d8a,1970-02-16,,641-37-4420,S89694213,X82844699,Ms.,Amanda,,Swanson,,Santiago,D,white,nonhispanic,female,Walkershire TX US,1236 Hill Unions Suite 059,Austin,TX,Travis,12298,78702,58.812541,59.475451,27604.25,71670.39,54718,2416289232,rachelsaunders@example.org,330361166,330101
9ee9a3c8-accc-4d74-91c7-5db5d52078f5,1968-02-17,,262-35-0142,S50532578,X17069118,Ms.,Kimberly,Thomas,Bryant,,Jefferson,W,other,nonhispanic,female,Johnsonborough GA US,80701 Mary Square Suite 835,Savannah,GA,Chatham,19364,31404,-65.178427,172.608452,24136.93,10052.56,51690,838-317-3867,hbarber@example.net,330232519,330101
a834ab3d-1d24-4d5c-8456-46b7a6f67df6,1943-07-13,,556-68-1802,S94518621,,Mr.,Daniel,,Romero,,,M,white,nonhispanic,male,Justinton AZ US,6686 Mitchell Harbor Apt. 367,Phoenix,AZ,Maricopa,02375,85006,-9.325498,101.248962,17974.16,13643.24,37812,+1-534-208-8822x301,zbeck@example.net,330611184,330101
e24b12b3-7638-48fc-ad19-dc074ef28fce,1974-12-08,,659-05-0248,S46245132,,Ms.,Erin,Eric,Myers,,Dixon,,white,hispanic,female,Lake Johnchester IL US,98903 Harper Canyon,Chicago,IL,Cook,13792,60612,34.02256,-133.211759,226072.87,69718.4,37258,999.246.4313x81857,maurice52@example.com,330814346,330101
a8170e87-e395-4ad6-9740-289005dc0e7f,1956-09-09,,576-08-0775,S40311059,,Mr.,Craig,,Hamilton,,,,white,nonhispanic,male,Hillville MA US,5008 Dalton Green,Boston,MA,Suffolk,27395,02118,3.713263,119.401208,23957.13,16116.91,56890,+1-736-360-3688x15120,antonio51@example.net,330770782,330101
51714ea6-3735-48bf-9e97-943a79220b95,1947-04-25,,383-44-6669,S46594072,,Ms.,Linda,Katie,Elliott,,,,other,nonhispanic,female,South Jesse CA US,6347 Elizabeth Meadow Suite 041,Oakland,CA,Alameda,27127,94609,18.628296,123.254529,158311.77,13702.48,38597,+1-945-597-5723x23574,ushelton@example.com,330431958,330101
f99574fb-c88c-4087-86a0-c1d1228b78de,1955-04-17,,248-51-7312,S64719591,,Ms.,Alexandra,,Russell,,,D,white,hispanic,female,South Dennis MA US,5786 Logan Plaza Apt. 122,Boston,MA,Suffolk,47161,02118,-61.973498,-159.210404,15626.58,3147.99,74553,(856)322-8387x55314,kristin83@example.com,330235365,330101
2687032c-2023-4658-b06a-b29ea6b24a33,1983-09-27,,212-37-2145,S36263123,X12536911,Mr.,Joseph,Allen,Miller,,,W,white,nonhispanic,male,Emilymouth TX US,1769 Vaughn Manors,Austin,TX,Travis,34063,78702,9.597788,124.935609,45335.73,11567.4,194511,430-695-0776,davidjohnson@example.org,330842107,330101
f647e5ef-a1b6-4c02-a6c6-7031d9fd705c,1955-06-15,,252-71-3103,S39302322,,Mr.,Michael,,Solomon,,,,black,nonhispanic,male,Lake Ashleystad IL US,826 Mejia Fords,Chicago,IL,Cook,19120,60612,15.375875,50.663797,73386.34,1554.3,59942,001-413-636-7309x337,jakefuller@example.org,330368011,330102
1fa2eb9d-f637-402c-bae8-7d6c1c051ba0,1978-02-23,,548-65-4008,S37442998,X36734933,Ms.,Natalie,,Chen,,Pearson,S,black,nonhispanic,female,Lake Denise MA US,6827 Rojas Lodge Apt. 356,Boston,MA,Suffolk,24026,02215,5.28414,21.797692,63024.65,22710.92,18916,001-520-289-9381,wolsen@example.org,330810722,330102
69516519-28bd-45c7-af27-1601cd6e5ed3,1994-03-28,,563-79-5928,S95893294,,Ms.,Jessica,Alexandra,Orozco,,,,white,hispanic,female,Port Michaelside AZ US,67173 Gail Pass,Phoenix,AZ,Maricopa,46202,85006,83.879889,-118.31277,5270.42,2343.67,53520,7738228158,andrewherrera@example.com,330727552,330102
11e17eae-a72a-4ce4-af58-b9a61cfc71e4,1953-09-25,,328-06-7235,S88730415,X43668139,Mr.,Charles,Adam,Williams,,,M,white,hispanic,male,Raymouth MA US,899 Howe Light Suite 777,Boston,MA,Suffolk,22100,02215,-49.603434,-19.848865,30509.75,111506.42,36132,+1-582-692-1172,schwartzkenneth@example.com,330125612,330102
ec23412d-8ceb-4f54-99f0-986f7ac3c1b8,1959-11-15,,420-60-0662,S77361788,X49208480,Ms.,Kathryn,Samantha,Montes,,,S,white,nonhispanic,female,Markchester AZ US,2904 Hoffman Neck,Phoenix,AZ,Maricopa,16794,85006,48.988051,-114.436807,47911.47,19475.66,90024,+1-635-872-6066x536,jdouglas@example.net,330794507,330102
9d2d38b7-97db-4c1d-b149-952ad36d4f30,1988-06-07,,001-07-6773,S65618709,X84189112,Ms.,Victoria,David,Garcia,,,D,white,nonhispanic,female,East Jesus AZ US,422 Dodson Crossing Suite 738,Phoenix,AZ,Maricopa,12280,85006,-12.320503,40.490749,60539.05,16330.29,23313,001-579-723-3773,michaelking@example.net,330454071,330102
5fb3f38f-1688-4f60-a088-efb366ad7b30,1989-10-02,,705-13-1673,S34240085,,Mr.,Christopher,Terrance,Garcia,,,W,black,nonhispanic,male,Port Craig AZ US,7781 Mcknight Prairie Apt. 769,Phoenix,AZ,Maricopa,47816,85006,73.898619,58.742148,8634.03,34032.17,44334,223-307-2946,michael49@example.com,050554446,050201
48644b6b-9826-42b9-8fec-101b7ca272de,1929-11-19,,617-69-2209,S52573875,,Ms.,Kristen,Evelyn,Miller,,,M,asian,nonhispanic,female,Hornemouth TX US,16750 Fields Villages,Austin,TX,Travis,03525,78702,-58.84641,-68.446766,63262.72,25921.87,116648,(746)667-7026,tlang@example.net,050922514,050201
0147ee44-cd85-4f10-b996-e592ea0d0ec7,1968-08-06,,688-89-2634,S30809046,X58603748,Ms.,Rachel,Larry,Jensen,,Howard,W,white,hispanic,female,West Danielleview MA US,582 Russo Field Suite 419,Boston,MA,Suffolk,49338,02118,10.377856,-112.842538,9368.17,7793.91,23756,549-620-0006x288,pamela83@example.org,050227570,050201
4c1cc5b3-fc29-48a7-85c7-5f3e336564b2,1979-06-07,,830-14-7433,S78399401,,Ms.,Sarah,Madison,Gonzalez,,,S,white,nonhispanic,female,Scottfurt MA US,84810 Brown Isle Suite 821,Boston,MA,Suffolk,04646,02118,48.841647,88.371407,72109.23,5384.93,80092,5066257020,hernandezshannon@example.com,050375562,050201
f66ab9be-ff05-4291-b47e-959deeed232f,1985-10-14,,598-77-9645,S85147801,,Mr.,Rodney,Allen,Payne,,,M,black,nonhispanic,male,New Kathryn MA US,9542 Garcia Radial,Boston,MA,Suffolk,12576,02215,0.635659,169.811296,127663.58,27231.77,82038,(625)451-4746x994,isnyder@example.org,140689299,140401
bc379406-ff0c-4e53-8b64-d5ee709a3908,2000-10-21,,103-99-2516,S78634458,X44567835,Ms.,Jennifer,Zachary,Perez,,,D,asian,hispanic,female,Jameshaven CA US,380 Christopher Lake Apt. 126,Oakland,CA,Alameda,19922,94609,76.811212,121.973234,17680.19,43901.38,82750,+1-683-443-4047x26145,jparks@example.net,330934686,330101
92e514a0-6664-46b4-a7c3-c79ff075e844,1962-02-12,,101-76-3248,S35839826,X42095323,Mr.,Edward,John,Aguilar,,,W,other,hispanic,male,East Melissaton MA US,956 Martinez Mission Apt. 395,Boston,MA,Suffolk,36122,02118,-63.60655,27.734784,10395.84,22448.86,40797,5182788344,austin32@example.org,330263570,330101
8acf4d6d-ba08-40fd-bc26-b34f2e827443,1952-05-17,,032-84-3681,S34119107,,Mr.,Marco,Katie,Howard,,,S,white,nonhispanic,male,Tiffanystad TX US,2927 Pitts Knolls Suite 931,Austin,TX,Travis,27658,78702,-72.337891,-26.389529,45707.71,56694.64,56788,976.702.0589,heathersimmons@example.org,330864774,330101
b67c958c-a23b-49c7-afd7-8d6dd1c37013,1983-03-06,,228-93-9179,S62428072,X83061852,Ms.,Sandra,Tiffany,Diaz,,,W,black,nonhispanic,female,South Michelle MA US,26580 Emily Centers,Boston,MA,Suffolk,16356,02215,84.920235,46.556308,34715.32,15838.15,25684,+1-500-448-9569x95984,johnunderwood@example.net,330552824,330101
ec163c5a-6fa6-47a4-933c-182866a02915,1947-11-14,,138-70-9129,S10283417,X51018577,Mr.,James,Laura,Brown,,,S,other,nonhispanic,male,Marcohaven MA US,7180 Whitney Place Suite 517,Boston,MA,Suffolk,06516,02118,-29.713435,-127.743177,49461.03,14307.18,75714,+1-399-960-4490x87082,harias@example.net,330156559,330101
003e7ff8-26cc-42bc-b3c2-db98efb71671,1993-12-11,,172-93-5490,S91064087,,Ms.,Mary,Renee,White,,Hubbard,D,white,nonhispanic,female,East Charles IL US,0675 White Springs Apt. 960,Chicago,IL,Cook,28578,60612,-37.333678,130.6281,10354.08,146603.85,45626,(847)372-2131x63761,wsmith@example.org,330271442,330102
b0d1ee41-15b3-4011-a25d-22bae926af08,1952-04-26,,757-11-1060,S48274036,,Mr.,Brian,Jessica,Howell,,,W,black,nonhispanic,male,Wilkinsonburgh MA US,81787 Barbara Pines,Boston,MA,Suffolk,26294,02118,-66.863195,-163.101666,11156.99,3208.86,27701,(209)820-2534,rodriguezrobert@example.net,330536028,330102
13b8a188-c3bd-412e-9533-56d2b328de13,1957-05-27,,761-60-9946,S74028098,,Ms.,Jennifer,Jacob,Carney,,Rodriguez,D,other,nonhispanic,female,Jessicaland IL US,286 Daniel Port,Chicago,IL,Cook,16404,60612,29.559099,-39.470614,44498.94,5977.16,28440,(576)656-4093x27137,erica97@example.net,330872948,330102
6da1c362-6a63-40c7-8c06-4b84bbf8b8bb,1971-03-08,,016-99-9637,S19661849,X71771351,Mr.,John,Frank,Mclaughlin,,,M,black,nonhispanic,male,Lake Ericberg IL US,6887 Joyce Landing Apt. 602,Chicago,IL,Cook,39291,60612,-12.971825,-109.635915,52943.68,1680.12,22815,851.815.1157,lisa58@example.org,330716017,330102
e174a48c-def1-4002-8bdc-3308a27d4a56,1984-07-24,,808-67-8326,S98437760,X12672990,Ms.,Alicia,,Wall,,,,other,nonhispanic,female,West Zacharytown GA US,0471 Frazier Forks,Savannah,GA,Chatham,14205,31404,-19.449411,-178.866234,21572.95,11432.86,33269,+1-992-695-3797x654,daniel41@example.com,050924135,050201
1ef51fa6-8af2-4570-ba70-6f40f6760e57,1950-12-05,,542-54-7141,S71496760,,Mr.,Alex,Curtis,Kirk,,,S,white,nonhispanic,male,Port Ricky TX US,9542 Jeremy Mission,Austin,TX,Travis,12581,78702,70.080759,-117.133109,17285.34,3008.79,22795,274.765.2224,george97@example.com,050984935,050201
2d83f9a0-06c1-490f-b0b3-bd952c66deee,1958-04-12,,769-25-3084,S82627421,X84277649,Ms.,Kristen,Brittany,Ward,,Ayala,S,white,nonhispanic,female,North Brettfurt AZ US,84242 Myers Points Suite 515,Phoenix,AZ,Maricopa,53333,85006,-41.725527,-71.906588,28543.98,6186.18,100469,001-597-872-0263x114,marthasummers@example.org,050583255,050201
5444a2e1-c97e-434b-997e-8e807c2ac466,1965-06-30,,600-11-6103,S82721260,X90476610,Mr.,William,Alexandra,Larson,,,S,white,nonhispanic,male,Lake Jenniferhaven AZ US,61914 Hardy Tunnel Suite 636,Phoenix,AZ,Maricopa,34552,85006,-59.960919,-10.42714,52145.93,65798.47,20382,+1-492-592-3567x347,bowennicole@example.com,050456604,050201
4f4f8e22-34ed-4eff-931d-6278d7071784,1956-09-25,,561-59-4174,S85954114,,Ms.,Holly,,King,,,M,other,nonhispanic,female,Bryanton MA US,729 Lopez Alley,Boston,MA,Suffolk,40246,02215,15.14796,-122.96857,34120.19,11736.79,23819,736.917.1313,mercedeslara@example.org,030115403,030301
ee328fc1-ebc1-4a53-96ae-fd1906325ccf,1986-11-05,,188-82-8241,S13371887,,Ms.,Holly,Rhonda,Gallegos,,Glenn,,other,hispanic,female,West Terrihaven TX US,659 Harrison Loaf,Austin,TX,Travis,52088,78702,-32.907496,-154.231615,16560.96,3164.07,43231,+1-550-483-8416x049,carolsanchez@example.org,030736524,030301
886a3bd7-3568-4a9b-91ef-edfd6ea6cbcd,1957-08-04,,831-57-1871,S39456613,,Mr.,Steven,Jeffrey,Le,,,M,white,nonhispanic,male,Waltersland MA US,68846 Angel Squares,Boston,MA,Suffolk,42349,02118,-69.983364,149.176838,25045.99,13564.5,69719,4125497939,csmith@example.net,030952763,030301
c45d96a4-ca69-47c0-8fd6-3a86c3aaa786,1957-08-11,,362-24-8831,S67022512,X41279348,Mr.,Daniel,,Butler,,,S,white,nonhispanic,male,New Harold IL US,841 Carroll Port,Chicago,IL,Cook,32663,60612,56.279162,-119.468819,12121.24,44625.27,57464,001-946-890-3830x12515,dhenderson@example.com,030331893,030301
98929287-833d-4d60-8bdf-68b83a508752,1981-11-09,,210-08-2646,S35346951,,Mr.,Kenneth,Emily,Campbell,,,M,other,hispanic,male,Port Williamport IL US,8848 Salinas Port Suite 464,Chicago,IL,Cook,14036,60612,56.104422,-166.567573,83161.19,5791.46,56682,(790)513-3854x0886,leesandra@example.com,140242493,140401
ca382cb8-07d2-42cc-9c4d-424d597b765c,1984-07-28,,159-18-7279,S40839519,X96273199,Ms.,Samantha,,Lindsey,,Cooper,D,white,nonhispanic,female,West Jessicaborough GA US,94947 Ramirez Drive Apt. 809,Savannah,GA,Chatham,36628,31404,-58.914527,166.02855,160697.33,42829.75,11660,+1-837-865-7507x119,jacksonjohn@example.com,140393515,140401
62f70351-8b85-4a32-a651-2130348537ab,1966-06-09,,849-01-7611,S77879127,,Mr.,Richard,Christopher,Phillips,,,S,other,nonhispanic,male,Amandaport IL US,75496 Woodward Street,Chicago,IL,Cook,10651,60612,-4.182347,77.906578,42791.78,11356.5,70569,513-362-4801,tylervalentine@example.net,140782841,140401
41a7d0e0-6de9-40e0-99f8-94d4542eb12a,1973-08-06,,370-38-4970,S88771270,,Ms.,Andrea,Andrea,Bradshaw,,,S,asian,nonhispanic,female,Taylorshire MA US,269 Katie Crest Suite 898,Boston,MA,Suffolk,41067,02215,-23.138538,15.211879,83677.35,2460.19,69531,(627)477-3089x165,baileyerin@example.org,140837125,140401
ed628644-c379-42f7-97e4-1a2a1aaa41d4,2003-06-26,,288-66-6109,S26465743,X51025878,Ms.,Nicole,Vincent,Phillips,,,,black,nonhispanic,female,North William MA US,961 Burke Manor Apt. 103,Boston,MA,Suffolk,45780,02118,-53.089555,-130.298937,38121.59,25096.45,36589,953.807.1529x7333,madelinewang@example.com,140346508,140401
4ddc391f-e05a-41c3-a9b7-1b5d27fa1aa7,1932-08-08,,184-51-4595,S80319964,X18384023,Mr.,David,,Schmidt,,,S,white,nonhispanic,male,North Dale MA US,394 Matthew Springs Apt. 954,Boston,MA,Suffolk,38400,02118,63.422159,-29.870978,428501.49,44394.8,74949,001-716-807-2748x884,heidiharris@example.net,140395185,140401
7157eb8f-bdb0-49f2-ab7a-18cea84393c9,1991-05-13,,386-63-7860,S93945661,X12545673,Mr.,Richard,Christopher,Houston,,,W,asian,nonhispanic,male,Lake Laurastad CA US,245 Ricardo Key,Oakland,CA,Alameda,02042,94609,51.28911,-22.945432,87199.99,42763.98,24170,252.525.6836x4333,darrengentry@example.org,110345681,110501
45d683ca-37c1-4639-9d8e-4f1b7c52c07f,1924-08-27,,329-69-0254,S95478844,,Mr.,Richard,,Blackwell,,,W,other,nonhispanic,male,Gutierrezton CA US,3827 King Stream Suite 002,Oakland,CA,Alameda,16528,94609,-28.697537,-32.674273,7855.99,77606.17,29629,833-546-9702x13036,justinsmith@example.org,110503747,110501
985e742e-1975-4f8c-a963-6f908268e025,1925-07-25,,880-57-0122,S47762079,,Mr.,Cole,Shane,Garcia,,,D,white,nonhispanic,male,Sampsonshire CA US,46858 Jacob Loop,Oakland,CA,Alameda,55388,94609,67.24434,85.882562,22929.14,1522.71,23218,434.840.1428,anita95@example.net,330339035,330101
9b975846-5e41-43c6-b5c2-dd0e7afced14,1971-10-20,,577-70-1290,S11620802,,Mr.,Mark,Scott,Ball,,,M,other,nonhispanic,male,New Samanthamouth MA US,113 Jason Mount,Boston,MA,Suffolk,25105,02118,84.73581,-78.165958,167566.09,41768.83,36082,001-639-619-8127,qsutton@example.net,330299723,330101
752996ee-1ff1-4b11-80c1-fda171d27f03,1967-09-17,,715-56-0780,S81999241,X48358722,Mr.,Michael,Amy,Vasquez,,,W,black,nonhispanic,male,Allenberg TX US,784 Nicole Drive,Austin,TX,Travis,15676,78702,26.262761,-18.760536,137432.08,89249.17,50791,001-625-694-7317,cristinamartinez@example.com,330633790,330101
f7d996c2-9a48-40f5-8544-8c1e3344097c,1947-03-07,,303-66-9014,S97949482,,Ms.,Alexis,David,Abbott,,,M,white,nonhispanic,female,Port Frankfurt TX US,533 Ronald Corner,Austin,TX,Travis,44646,78702,-69.956756,18.853998,66251.67,14176.04,54553,001-916-322-5067x409,johnsonkimberly@example.net,330374486,330101
fede91bf-89ea-42ef-b8b0-67b8aa149fec,1949-10-23,,297-39-9330,S58728820,,Ms.,Erika,Tiffany,Zuniga,,,,white,nonhispanic,female,Port Johnmouth GA US,277 Teresa Land Apt. 979,Savannah,GA,Chatham,08175,31404,-31.302346,24.106231,83445.3,4991.5,88363,297.970.0542,barrerakevin@example.com,330931890,330102
5ec766ac-6f65-4be1-b181-6ddf4b0d1933,1973-06-24,,688-66-1304,S27716829,,Ms.,Rebecca,Eduardo,,,,M,white,nonhispanic,female,Rosestad IL US,95379 Cox Underpass,Chicago,IL,Cook,04303,60612,67.170501,-141.49036,13672.38,1160.62,64583,266-454-6254,wagnerthomas@example.org,330103884,330102
3da99dfb-8e4e-403e-8014-245ba76210e3,1982-06-11,,510-91-6765,S22396742,,Ms.,Michelle,,Brooks,,Schneider,W,white,hispanic,female,East Morgantown GA US,559 Kathy Pine Suite 386,Savannah,GA,Chatham,07616,31404,-51.303984,-85.708426,33977.18,11309.11,60363,(451)715-2713x77486,andrewssteven@example.org,330684913,330102
6072a364-86a7-482a-8f7b-5ab62ee2f3df,1967-02-03,,260-19-3526,S13112071,,Mr.,Scott,Ryan,Blake,,,S,white,nonhispanic,male,Port Eric MA US,66702 Morris Unions Apt. 145,Boston,MA,Suffolk,10918,02215,-4.260857,113.17113,44151.1,11587.93,20457,708.762.8355,dgross@example.org,140841072,140401
fd884f7b-7512-4402-91ec-c1ec01e13c6e,1925-03-24,,120-71-8199,S38161408,,Ms.,Lori,Christopher,Cummings,,,M,other,nonhispanic,female,Brownville GA US,1526 John Cliffs,Savannah,GA,Chatham,26987,31404,35.484395,-78.698299,22925.92,39067.26,47544,(406)719-7454x6846,michaelwright@example.com,110633570,110501
20586eeb-b3d5-4255-b550-d768b568e72c,1973-05-28,,112-70-0410,S78952762,,Mr.,Carlos,,Kline,,,W,black,nonhispanic,male,New Keithville GA US,9202 Gutierrez Mission,Savannah,GA,Chatham,25561,31404,-43.112858,46.515606,35904.43,49279.66,128834,(425)328-8916x3096,dylan68@example.net,330194848,330102
1538198e-089c-4698-aeac-80c423bb274d,1925-03-29,,187-32-2394,S34213122,X83319158,Ms.,Rose,Alyssa,Moran,,,W,white,nonhispanic,female,New Barbarabury AZ US,502 Laura Landing,Phoenix,AZ,Maricopa,27568,85006,43.030809,160.731378,80180.23,1298.96,8422,324.507.4698x2522,foxpaul@example.org,330223678,330102
b19130fa-9043-4c9e-9015-220ac388bfc5,1934-02-24,,435-99-0766,S75055949,,Mr.,Dylan,Danielle,Love,,,S,black,nonhispanic,male,Lake Markchester MA US,1764 Chang Harbors,Boston,MA,Suffolk,45846,02118,-81.357165,29.270612,9393.94,3689.69,42871,+1-924-456-6887,mariamckenzie@example.org,330504426,330102
1b017bdd-d1c5-4377-a770-da6056e8acfd,1978-09-15,,578-31-1421,S75586174,X58487885,Mr.,Brandon,Jason,Miller,,,W,asian,nonhispanic,male,New David MA US,77148 Wilson Forge Suite 969,Boston,MA,Suffolk,33779,02215,-85.097708,-82.810218,261833.9,67548.63,185804,+1-659-598-0705x02881,mcmahonchris@example.com,030452660,030301
3237adda-1321-4bd7-a36c-e8473cdaf2d4,1978-07-03,,342-55-6924,S52446574,X79194069,Mr.,Louis,Michelle,Kaiser,,,W,other,nonhispanic,male,West Debraton GA US,3110 Miller Mountain,Savannah,GA,Chatham,24175,31404,-31.095699,-88.90207,20261.51,63622.37,31556,(371)315-4710x112,whitenicholas@example.org,330676735,330102
