Id,BirthDate,DeathDate,SSN,Drivers,Passport,Prefix,First,Middle,Last,Suffix,Maiden,Marital,Race,Ethnicity,Gender,BirthPlace,Address,City,State,County,FIPS County Code,Zip,Lat,Lon,Healthcare_Expenses,Healthcare_Coverage,Income,phone,email,mrn,source_facility_id
87776e14-258a-42b2-b99d-b3f49f46412e,1969-11-28,,505-18-9357,S11501326,,Mr.,Larry,Thomas,Morrison,,,S,asian,hispanic,male,Baldwinmouth MA US,823 Robinson Highway Apt. 787,Boston,MA,Suffolk,20565,02215,-75.395437,39.139939,118018.59,5328.58,30193,(561)635-8750x344,lewisjennifer@example.org,330206993,330101
21606971-cec3-44d5-bf5a-782fcfd506b9,1984-01-09,,177-90-2154,S98991871,X78412276,Mr.,Harry,Lindsay,Farmer,,,W,white,nonhispanic,male,East Lisa GA US,3535 Adams Heights Apt. 534,Savannah,GA,Chatham,30419,31404,-77.588717,168.174518,15552.46,13630.57,115280,424-355-7255,zjones@example.org,330631380,330102
097b1d95-32ba-4c43-8118-e870e5b1a3ac,1971-04-28,,186-36-0176,S93589848,X18085481,Mr.,Nicholas,,Estrada,,,S,asian,hispanic,male,West Stephenland MA US,555 Howell Stravenue Suite 595,Boston,MA,Suffolk,22538,02118,67.729968,-50.858507,141319.17,13032.07,58324,+1-203-834-9907x7498,hgriffin@example.net,330132853,330102
98dba3e7-2945-48f1-acf5-8edda64ae9ab,1980-02-17,,857-28-2596,S26331241,,Ms.,Elizabeth,Susan,Boyd,,Robles,D,asian,nonhispanic,female,Lake Charles IL US,59078 Mccarthy Meadow,Chicago,IL,Cook,12426,60612,52.475086,83.88986,127508.16,9839.06,89081,295-774-9976,lholden@example.com,330837549,330102
fe01dd04-8031-44be-916c-7df1cf17bc3e,2007-10-20,,299-77-6390,S60005054,X80767691,Mr.,Donald,Reginald,Cook,,,,white,nonhispanic,male,Port Lauren MA US,8308 Richard Bridge,Boston,MA,Suffolk,23505,02118,69.329414,-125.122714,20817.29,42469.37,25524,001-706-393-9844x8995,mary72@example.com,330409666,330102
29d68c1a-7a5e-419f-b71e-f4d20cb33e9a,1961-01-13,,766-80-9554,S98816889,,Ms.,Anita,Joseph,Boyd,,Simpson,D,white,nonhispanic,female,Taylorport GA US,73668 Brianna Estates,Savannah,GA,Chatham,44290,31404,39.437941,60.986594,24847.55,9230.95,94556,629-421-1204x9665,thomas67@example.net,330863567,330102
e849a158-78c5-4f4c-a765-65596eee2e1b,1963-02-10,,454-20-0598,S27717665,,Mr.,Luke,Rachel,Walsh,,,S,white,nonhispanic,male,Elizabethland MA US,36112 Cynthia Mountains,Boston,MA,Suffolk,43235,02215,-12.236567,-48.1954,15240.26,20689.88,13776,(651)870-5849,glassdaniel@example.com,050746055,050201
0e40771f-70d7-42a4-ae12-0098a1e6a32d,1985-06-21,,800-64-0095,S62323054,,Mr.,David,Katherine,Cherry,,,S,white,nonhispanic,male,Lake Amanda TX US,181 Joshua Groves,Austin,TX,Travis,34742,78702,-55.049926,87.942295,30005.85,10761.45,27683,001-711-572-2216x384,daniel36@example.org,330748714,330101
bc6471b3-2f54-4be2-b300-456f8340d8fb,1985-08-10,,809-80-5336,S16123550,,Mr.,Jose,Amanda,Walter,,,,white,nonhispanic,male,Millerside TX US,70080 King Roads Suite 169,Austin,TX,Travis,34879,78702,8.816045,129.855478,21430.47,18046.8,28443,331.654.5347x0881,hardingmelissa@example.com,330239746,330102
d2e307a3-df3a-4920-acc8-06290dfbaf18,1990-12-19,,112-13-6097,S75843445,,Ms.,Ashley,Amber,Wright,,,M,other,hispanic,female,Grahamville TX US,487 Harper Islands Apt. 162,Austin,TX,Travis,37410,78702,33.713356,126.044193,46615.15,51769.49,35016,(889)280-8706,vsimon@example.net,330661070,330102
6cd89ed9-04c8-46ae-9517-48087748e755,1953-05-14,,740-65-5971,S40255573,X64008968,Mr.,Alec,,Wells,,,,white,nonhispanic,male,South Lisaview MA US,0033 Keith Row Apt. 384,Boston,MA,Suffolk,49446,02118,-1.708301,76.09327,31111.2,9666.61,30703,+1-264-554-8808x79375,bperez@example.com,050501437,050201
1208bb22-4906-4584-a481-e161e31d0601,1989-06-05,,550-74-7632,S41697470,,Ms.,Jenna,,Carter,,Holmes,W,white,nonhispanic,female,Nicholasshire CA US,741 Angela Mills,Oakland,CA,Alameda,08605,94609,-78.609995,171.885223,44587.78,47942.4,24261,5265332127,cameronsmith@example.com,330242448,330101
54cb34f9-9fd8-40ac-804e-cd09f0454eb0,1960-12-21,,417-47-7936,S80298028,X57493005,Ms.,Jennifer,Rachael,Mathews,,,,white,nonhispanic,female,Lake Samuel AZ US,364 Alicia Drive,Phoenix,AZ,Maricopa,19760,85006,65.234878,13.794079,3793.37,4183.07,54131,001-935-724-8135,pamelalara@example.com,330120945,330102
545d4a79-ddd6-4c20-81aa-5e032d692b17,1982-12-15,,399-36-1426,S36782646,,Ms.,Laura,,Cobb,,,W,asian,nonhispanic,female,Mannland GA US,104 Lisa Junction Apt. 646,Savannah,GA,Chatham,15453,31404,-63.766484,-62.800785,32165.54,4637.57,80855,(943)654-8148x373,gallowayashley@example.org,050847640,050201
39e8234f-d349-405a-a7ad-78a744bcdcc3,2010-12-08,,599-58-5752,,X90087772,,Sean,Joseph,Coleman,,,S,white,hispanic,male,Deborahview MA US,37010 Michelle Field,Boston,MA,Suffolk,41531,02118,-16.119805,115.775531,12196.16,7907.1,27733,996.838.1818,yramsey@example.net,050689192,050201
0baa43e7-225a-4488-9b9f-bb98d3e1026e,1976-05-21,,478-78-9429,S52803748,,Mr.,Daniel,Matthew,Rivera,,,,white,hispanic,male,Williamsland MA US,44375 Shane Lights,Boston,MA,Suffolk,29847,02215,-57.060594,23.402215,61623.85,6560.96,190411,+1-275-242-4346,hmartin@example.org,140707432,140401
13029529-462e-40ce-8aff-2e7ab27158f3,1924-09-11,,190-96-1584,S96276065,X24975378,Mr.,Steven,Laura,Bryan,,,W,white,nonhispanic,male,Reesehaven TX US,374 Cheyenne Run,Austin,TX,Travis,45747,78702,27.221501,28.301786,10535.54,57435.66,41848,(536)543-5939x879,millerchristine@example.com,140698417,140401
e7be9a63-dba8-4b80-a64a-d8593530f1d1,1998-03-29,,743-07-1194,S37345174,,Ms.,Melissa,Timothy,Taylor,,,S,white,nonhispanic,female,North Thomas AZ US,65117 Joshua Mount Suite 760,Phoenix,AZ,Maricopa,36604,85006,0.900747,99.973652,37330.47,53485.51,106624,(452)306-8704x26050,lopeztammy@example.net,140843682,140401
a196e7fc-51c5-4c60-9815-7acc61f4a683,1989-04-17,,060-55-7519,S59445507,,Ms.,Crystal,Angela,Jackson,,,S,white,nonhispanic,female,Collierborough AZ US,3421 Megan Bypass Apt. 552,Phoenix,AZ,Maricopa,05382,85006,29.341849,-62.16788,134467.42,36877.68,57316,(548)591-5714,mnelson@example.com,110547996,110501
6697eb78-315d-46d6-8144-d289b97bfc8b,1981-02-10,,052-86-7881,S35376551,,Mr.,Raymond,Roberta,Murphy,,,W,white,nonhispanic,male,West Kristen MA US,16414 George Islands,Boston,MA,Suffolk,05469,02215,69.380714,65.789568,281260.9,36015.31,32772,497.507.7081,andersontimothy@example.org,330198999,330102
356128a7-dde3-414d-9696-925fb7a141f0,2007-09-05,,736-03-6163,S58956562,,Mr.,Kenneth,,Davis,,,,asian,nonhispanic,male,New Juanside CA US,64198 Griffin Skyway,Oakland,CA,Alameda,34076,94609,44.389428,-45.699307,375858.51,20145.64,15078,+1-273-276-8173,alexis98@example.com,330896929,330102
7a8f7fa0-2056-4ab4-970f-8cfc24aace69,1970-11-08,,265-82-9836,S37503779,,Mr.,James,Cynthia,Mcgee,,,D,white,hispanic,male,East Glennmouth IL US,264 Woods Expressway,Chicago,IL,Cook,16604,60612,-81.339283,-96.827866,45687.78,71295.37,29007,214.729.5486x7459,michelehuber@example.net,330191975,330101
f748ceca-4309-41fe-a1e7-c41a1bca2f80,1972-08-03,,636-21-7355,S12254003,,Mr.,Craig,Alfred,Roberts,,,,other,hispanic,male,Villegaston MA US,045 Watson Union,Boston,MA,Suffolk,38548,02118,50.008521,172.109263,68525.73,2437.38,83172,500-372-7869,ericbass@example.net,140716857,140401
8ff7193d-a27f-428a-b801-6cfd5329077b,1987-11-26,,257-31-8976,S62423266,,Mr.,Nathaniel,Joan,Maldonado,,,W,black,nonhispanic,male,North Sue AZ US,5039 Burns Drive,Phoenix,AZ,Maricopa,19084,85006,-28.991689,132.818782,27272.42,2888.24,65435,(356)442-0076,emma28@example.net,050192890,050201
fb5975d3-b3fb-449e-b5c3-d33dd43d634b,1962-06-29,,076-87-4370,S60306243,X26953813,Ms.,Tammy,Monica,Martinez,,,M,white,nonhispanic,female,Jessicaport AZ US,97075 Smith Stravenue,Phoenix,AZ,Maricopa,30908,85006,11.122262,86.782492,347804.68,16577.58,47036,+1-527-477-4496x72744,sydney38@example.net,030289789,030301
b5a9a0d5-0160-429b-a14c-1b682810d8ca,1959-06-03,,265-79-3755,S21347631,,Ms.,Sonya,Suzanne,Ewing,,,,white,nonhispanic,female,Moniquefort MA US,5191 Santos Mill Apt. 812,Boston,MA,Suffolk,02107,02215,28.567843,-84.054404,10213.84,8703.71,49424,001-841-218-4700,cdelacruz@example.net,330625356,330102
6ae536c3-3707-4d46-be5d-24e553124b9d,1993-10-16,,286-52-2318,S65040389,,Ms.,Sandra,Kenneth,Lee,,,M,black,nonhispanic,female,Berrymouth AZ US,741 Dyer Brook Apt. 956,Phoenix,AZ,Maricopa,51970,85006,12.826346,-25.972508,53948.98,11990.22,51087,001-994-900-7182x5959,sarah08@example.net,050784502,050201
5c5b71c5-d39f-482f-871b-7c7c1a062bca,1956-04-13,,240-63-5875,S31511039,,Ms.,Rachel,Bradley,Morris,,,M,black,hispanic,female,Robertmouth IL US,5675 Ariel Parkway Suite 844,Chicago,IL,Cook,27150,60612,69.362796,-90.548394,25406.62,46545.44,66145,+1-602-561-4098x484,jeremy99@example.net,030620946,030301
138e70a6-6f82-4c54-b842-21bd9946d5d3,1990-11-01,,739-87-2530,S11205898,,Ms.,Christine,Lisa,Kirby,,May,S,white,hispanic,female,South Jason AZ US,0323 Roach Creek,Phoenix,AZ,Maricopa,43474,85006,21.133503,71.141703,65673.59,45337.02,113356,590-281-4053x5213,xterry@example.net,140681867,140401
dadd9830-a821-4d6f-b9aa-354c4821239a,1988-06-12,,787-08-3106,S56443451,,Mr.,Johnny,Steven,Davidson,,,D,white,nonhispanic,male,West Kendraside GA US,116 Nicole Springs,Savannah,GA,Chatham,16696,31404,-3.366023,-53.976593,123589.93,9832.94,51465,001-907-274-4271x3594,barneseddie@example.com,330959715,330102
d70591c9-c866-4ae0-9c75-a1a064e41c91,1974-08-23,,339-13-6702,S92997803,,Ms.,Elizabeth,,Hunter,,Morales,D,white,nonhispanic,female,Port Robert AZ US,510 Smith Courts,Phoenix,AZ,Maricopa,39884,85006,33.349572,21.46751,90545.38,14144.49,53496,001-909-934-9449x04154,samanthaluna@example.net,330544135,330102
93641fa1-b480-4b7a-9c9e-9afd586509be,1973-07-11,,166-04-4813,S96388956,,Ms.,Melissa,Tyler,Jackson,,,W,other,nonhispanic,female,Deniseshire IL US,64092 Jeffrey Streets,Chicago,IL,Cook,16643,60612,63.056389,36.460605,21257.81,24222.38,61346,308.311.8725,johncook@example.net,030967848,030301
c7c8ea33-3e18-4af1-b017-42bb8cb519a6,1971-12-29,,697-92-3417,S84953562,,Mr.,Sean,Kenneth,Weeks,,,W,black,nonhispanic,male,North Stevenfort AZ US,965 Yvonne Pine Apt. 613,Phoenix,AZ,Maricopa,44102,85006,-80.189734,27.860681,129260.45,148983.65,94238,249.231.5183x2216,kylefischer@example.com,330205927,330102
6edd72e1-54ff-4c24-a722-0a861b61a0af,1952-09-23,,515-94-8174,S48019312,X16690339,Ms.,Joan,,Kramer,,,W,other,nonhispanic,female,Port Daniel IL US,595 Peters Island,Chicago,IL,Cook,14989,60612,-66.829189,169.634717,103986.34,47214.34,68315,001-656-705-8985x72013,jessica57@example.net,330256871,330102
9fade9ea-4267-4184-a4e6-4911a4f091ae,1925-01-05,,454-43-8517,S58228471,X53603806,Mr.,Christian,Emily,Espinoza,,,M,white,nonhispanic,male,Larrymouth AZ US,0152 Weiss Pines Apt. 637,Phoenix,AZ,Maricopa,35039,85006,51.299371,-145.327052,47458.11,7664.16,38618,+1-534-201-7458x64421,cjones@example.com,050376528,050201
9e5ffdbd-b14a-42b8-903e-54d4ec03df1e,1981-10-20,,873-87-0727,S73917939,,Ms.,Janet,Bobby,West,,Schmidt,M,white,nonhispanic,female,New Michael CA US,810 Johnson Harbors Apt. 495,Oakland,CA,Alameda,13329,94609,84.066366,-47.435455,22740.85,7364.7,89220,812.875.6064x820,nicholasmartin@example.org,330695553,330101
de346d8d-ca3e-4c02-8e55-d73cc34ba43a,1975-03-25,,155-15-4685,S78277167,,Ms.,Amy,Nicole,Vega,,,M,white,nonhispanic,female,South Christopher IL US,591 Dillon Camp Suite 055,Chicago,IL,Cook,36324,60612,24.666151,-147.705213,20388.84,52051.3,33528,(659)528-1602,kristinwatson@example.net,330139402,330101
38b2ab76-2beb-4160-ba88-d00e72cdb68a,1952-07-31,,838-01-6948,S62536842,,Ms.,Patricia,,Schmidt,,Russell,D,asian,nonhispanic,female,Robertville CA US,668 Brock Shores Apt. 542,Oakland,CA,Alameda,03090,94609,79.945598,44.371064,122108.11,49490.42,47142,(677)955-0852x6535,scottbell@example.org,330337083,330102
afc6d459-94d0-4524-9d17-1766da262190,1960-11-29,,805-66-4926,S46657141,,Ms.,Felicia,Tiffany,Harrison,,,S,white,nonhispanic,female,South Brittany TX US,3891 Mandy Canyon Apt. 582,Austin,TX,Travis,46220,78702,8.001834,149.069238,84375.71,40432.94,61328,001-449-662-4351x5703,pjohnson@example.com,050730309,050201
fbd06b61-68f8-4cea-a996-462b237984e8,1970-07-17,,617-37-1288,S14666005,X15268961,Mr.,Ryan,Carl,Cooper,,,,white,nonhispanic,male,Christophertown MA US,9061 Shirley Forges Apt. 899,Boston,MA,Suffolk,27566,02118,-63.286442,8.145324,100457.0,17130.9,63717,348.476.9832x74362,michelemcfarland@example.net,050657137,050201
9f3982cc-f3ec-42a7-a483-ead6230993f3,1959-07-19,,623-23-5602,S77462211,,Ms.,Gwendolyn,Christine,Brock,,Jennings,W,white,nonhispanic,female,Jillburgh CA US,91077 Misty Meadows,Oakland,CA,Alameda,38929,94609,-4.26236,140.880046,45018.59,9658.8,83655,2749655383,ereyes@example.org,330682434,330102
0d643ac3-f868-4e39-bf6d-0dc37eff6732,1985-07-01,,363-32-3132,S29508512,,Mr.,James,,York,,,D,white,nonhispanic,male,Adamsberg MA US,86863 Horn Stravenue,Boston,MA,Suffolk,43615,02118,-24.519758,-4.514427,119991.3,22024.49,76575,759-885-2677,wbrown@example.com,330791858,330101
7dd76a77-4ad9-4e43-9e8a-aa52e947e915,1980-02-02,,839-57-4045,S69906137,,Ms.,Mary,Melissa,Welch,,Tran,,white,nonhispanic,female,Brownington GA US,72889 Mayo Roads Apt. 915,Savannah,GA,Chatham,44436,31404,-83.257739,154.326662,18770.34,52368.86,18499,(667)634-8290x498,tmills@example.net,330880926,330101
722b3714-d6f8-4f90-9a53-0cf730ea7ef5,1948-02-21,,679-42-5228,S14727823,X66537726,Mr.,Kevin,Corey,Spence,,,D,white,hispanic,male,West Brooke MA US,227 Matthew Inlet Suite 504,Boston,MA,Suffolk,26082,02215,56.923691,-0.708845,149483.34,63738.91,85565,425-318-9869,henry38@example.net,330828979,330101
d8b04cef-c1ed-4b77-b5e7-aa2ece6f0853,1976-10-25,,454-83-5519,S90804386,,Ms.,Amanda,Susan,Scott,,,M,white,nonhispanic,female,Anthonyberg AZ US,4861 Smith Vista,Phoenix,AZ,Maricopa,01873,85006,4.138968,104.31393,56978.8,111280.65,22761,477-751-2204x599,patriciamontoya@example.com,330436918,330101
600f71dc-261f-41b0-9718-26f37bce4034,1959-01-02,,896-37-2866,S30550324,,Ms.,Melanie,Dawn,Morris,,,W,white,nonhispanic,female,Sarahchester TX US,848 Brian Square Apt. 766,Austin,TX,Travis,17574,78702,-8.771163,80.314319,240218.67,19723.75,95020,773-957-6666,danielle20@example.com,050176669,050201
5893ce20-14f9-40d0-9dbc-66f91c857251,1948-09-08,,375-65-2203,S50710018,X14680511,Mr.,Joseph,,Kim,,,W,other,nonhispanic,male,Port Cherylchester AZ US,66357 Lori Oval Suite 795,Phoenix,AZ,Maricopa,33745,85006,-22.300003,46.77829,12342.86,99166.06,54857,889.639.7684x617,gregorycopeland@example.com,330439265,330102
ee146228-864a-4714-8e0a-96d3b241457a,1966-10-24,,124-72-4144,S16074310,,Ms.,Dominique,,Singh,,,,white,nonhispanic,female,Port Joanfurt TX US,674 Bryan Pass Suite 925,Austin,TX,Travis,40881,78702,-53.375558,-45.324969,33429.48,6349.81,21571,(833)550-2452x05762,annabowman@example.com,140589935,140401
b67c958c-a23b-49c7-afd7-8d6dd1c37013,1983-05-17,,228-93-9179,S62428072,X83061852,Ms.,Sandra,Tiffany,Diaz,,,W,black,nonhispanic,female,South Michelle MA US,26580 Emily Centers,Boston,MA,Suffolk,16356,02215,84.920235,46.556308,34715.32,15838.15,25684,+1-500-448-9569x95984,johnunderwood@example.net,050371082,050201
bf63cf19-4fce-4d2c-9538-30c54f2c8893,1925-06-24,,889-04-9394,S66848803,,Mr.,Troy,,Mercado,,,D,white,hispanic,male,Laurenside IL US,7730 Lawrence Fork,Chicago,IL,Cook,48196,60612,26.253663,-37.618911,95838.62,10284.21,32496,255.485.9892,jenningsdylan@example.com,330663326,330101
0eca861c-dbba-43dc-8e59-a7c1f44f89aa,1980-01-01,,208-18-7453,S82620985,X99258939,Mr.,Adam,,Johnson,,,S,white,nonhispanic,male,Debrastad IL US,7396 Brittany Circles Apt. 307,Chicago,IL,Cook,27402,60612,-16.678117,-95.519181,18455.04,28822.79,75722,740.763.6882,hernandeztammy@example.net,050203973,050201
539ef5ce-f0e5-4aaa-a097-f7636fc5dd22,1967-07-10,,627-35-0510,S33319593,,Ms.,Valerie,Lauren,Hurst,,,W,white,nonhispanic,female,New Sabrina MA US,01642 Banks Mews,Boston,MA,Suffolk,48373,02215,-11.551016,-164.235947,12558.76,10000.29,48805,2866867928,dgreene@example.org,330119684,330102
275392f7-1a65-4687-aa82-b5b09977a24a,1983-03-31,,051-93-5987,S22301099,,Ms.,Lori,,Nelson,,,D,black,nonhispanic,female,New Michelle GA US,7412 Brooke Turnpike,Savannah,GA,Chatham,49793,31404,45.632047,-28.983075,66043.34,2681.55,56510,7052551379,bowmanjerry@example.com,050237477,050201
616e1b3b-f4fd-4f66-9d37-6ff09d529c0e,1970-05-09,,738-59-5831,S54964227,,Ms.,Allison,Kevin,Freeman,,,M,white,nonhispanic,female,Daviston MA US,54671 Gallegos Overpass Apt. 612,Boston,MA,Suffolk,07163,02118,50.953714,-147.97987,102947.73,4789.05,50245,6893928853,travisoconnor@example.net,140793957,140401
df26e8ae-e5d4-4b01-b882-c21e12d26466,1961-12-18,,384-40-7555,S98739145,X73122330,Ms.,Kimberly,,Ortiz,,Brown,D,white,nonhispanic,female,East Vickiland GA US,1463 Dana Knoll Apt. 731,Savannah,GA,Chatham,21092,31404,6.183132,-85.388525,41337.06,6062.77,51789,+1-836-532-5468x368,richardbeard@example.org,330753846,330101
2b2b2c48-9116-42e6-a5a9-d7d9aac18883,1975-04-03,,738-70-2215,S99689327,,Ms.,Valerie,Erica,Harris,,,W,black,nonhispanic,female,Elizabethside MA US,9112 James Inlet Suite 973,Boston,MA,Suffolk,42601,02118,-30.436725,150.149732,31389.01,3024.59,17323,+1-627-949-6242x186,gloria43@example.org,330967638,330102
26f5b394-7ccd-45e0-b119-f01c2fca708a,1984-08-11,,353-09-7883,S12901554,,Ms.,Tina,Andrea,Fernandez,,Munoz,,white,nonhispanic,female,Victoriashire MA US,1317 Matthew Bridge,Boston,MA,Suffolk,19113,02118,-20.120058,-72.307125,21978.14,56686.62,21326,603.264.8542x3471,rossadams@example.org,050521446,050201
b52f8771-c913-4e63-80d7-e073241740cb,1951-03-30,,505-30-8412,S73365928,,Ms.,Mary,Tiffany,Fisher,,,D,native,nonhispanic,female,Wagnerville GA US,94141 Martinez Streets Apt. 931,Savannah,GA,Chatham,07073,31404,-41.538745,74.74705,22246.8,10500.8,35568,001-334-955-7674x7603,eolson@example.net,140188306,140401
25d00b98-39da-4290-8303-c1a1c9b1188f,1965-10-24,,407-76-2935,S21751576,X50115908,Mr.,Michael,Jacob,Vargas,,,S,native,nonhispanic,male,Gonzalezfort CA US,941 Simmons Glen,Oakland,CA,Alameda,37518,94609,30.167082,-40.013084,93640.79,18782.72,159609,001-295-718-8448,mariojones@example.org,030949267,030301
5fa997d9-540b-49d4-9c96-59231970825e,1977-11-02,,802-70-4384,S12099543,,Ms.,Jennifer,Crystal,Torres,,,M,white,nonhispanic,female,Patriciaton MA US,4012 Jones Forge,Boston,MA,Suffolk,31402,02215,-5.158219,114.037429,17981.48,88430.83,35160,+1-524-939-1500x581,shannoncurtis@example.org,330355294,330101
d1751542-ea1f-47d0-9aa7-5da51944cec9,1952-07-13,,500-35-3376,S51829553,X50473666,Ms.,Kathryn,,Brown,,,M,white,hispanic,female,Christinachester GA US,204 Webb View Suite 891,Savannah,GA,Chatham,27031,31404,-84.727407,144.484125,5970.43,6539.44,54017,+1-812-705-8559x3882,kevin17@example.org,330676243,330102
948f88e9-4624-4b85-b960-b3043f09c586,1973-06-19,,050-62-4536,S17172162,,Mr.,Eric,Christy,Wilson,,,S,white,nonhispanic,male,Sarahstad CA US,261 Taylor Ranch Suite 531,Oakland,CA,Alameda,54463,94609,-40.020741,23.930182,432282.42,2319.27,95618,+1-662-981-9272x7491,lisa31@example.com,140374949,140401
4c99d620-83f2-42b5-a71c-75c9815ac532,1940-09-17,,004-90-1548,S73688020,,Ms.,Valerie,,Hernandez,,Jimenez,M,asian,nonhispanic,female,Adamborough MA US,98267 Williams Prairie Suite 396,Boston,MA,Suffolk,45235,02215,-19.983755,5.063616,9605.38,7912.46,241837,217-444-0138,rcarter@example.com,330835839,330102
174ba74a-834e-4217-ad5a-b89bb0b2fcfa,1978-01-15,,644-55-6338,S65409838,,Mr.,Peter,,Cervantes,,,M,white,hispanic,male,Sandrashire CA US,3682 Breanna Port Suite 320,Oakland,CA,Alameda,05449,94609,-79.346301,114.696549,5314.69,5634.94,35988,271.994.6129,timothywillis@example.org,050225759,050201
cf0c8939-1f09-4a19-8a25-bd198dadac94,1940-08-18,,574-24-4550,S32634817,,Ms.,Sharon,,Haynes,,Kelly,M,white,hispanic,female,Angelabury MA US,16061 Sean Locks,Boston,MA,Suffolk,44417,02215,7.657688,-57.448154,121205.59,2520.1,46344,933-948-2943,mberry@example.org,330484104,330101
a8c16918-f083-46c9-bb67-8af81a53eb5a,1965-12-24,,624-66-6636,S67570467,,Ms.,Misty,Ryan,Shea,,,S,white,nonhispanic,female,Murraymouth MA US,092 Ramirez Curve Apt. 483,Boston,MA,Suffolk,50508,02215,71.877537,67.038526,37317.96,31186.19,94177,(845)928-8716x64080,angelarodriguez@example.org,140725379,140401
f706c842-f3c5-43e5-bccc-b05bd060174c,1938-07-30,,312-84-4147,S33632609,X12818749,Mr.,Jermaine,Nathaniel,Powell,,,W,black,hispanic,male,Johnside AZ US,1453 Clements Orchard,Phoenix,AZ,Maricopa,21747,85006,3.664369,-5.308637,36412.51,5787.82,68089,(307)863-4764x51844,john51@example.com,330626575,330102
0917acaf-bed2-4e08-9a53-fd1ca330856c,1940-08-10,,091-25-9659,S39346079,,Ms.,Cheryl,Scott,Phelps,,,D,white,hispanic,female,Port Danielside MA US,3070 Sherry Ports,Boston,MA,Suffolk,13501,02215,48.758339,81.000391,98233.99,45303.71,374634,338.264.6116x930,patriciajohnson@example.net,140515972,140401
409dd8b4-9315-469a-8544-ee23f370b6a8,1965-03-01,,427-57-1847,S16737166,,Ms.,Kathleen,Antonio,Weiss,,Stokes,,white,nonhispanic,female,Port Norman CA US,403 Hammond Burgs Suite 721,Oakland,CA,Alameda,28899,94609,36.856047,128.940811,20934.46,24664.37,46923,547-337-8206x626,kelly29@example.org,330183426,330102
5c2e75b8-0478-4d89-a75c-dd2e45b64fd9,1970-08-21,,139-43-8771,S31664261,X49740624,Ms.,Jill,,Mendez,,,D,other,nonhispanic,female,Harrisville TX US,89284 Douglas Ridge Apt. 416,Austin,TX,Travis,25335,78702,-36.345329,-30.408254,176244.81,2024.25,83466,+1-557-662-8870x316,tinasteele@example.org,140254314,140401
be59447b-c8a1-43b0-9aea-3f99e634b48e,1961-03-20,,514-97-0015,S72782010,X69443770,Ms.,Erika,,Evans,,Henry,D,white,hispanic,female,New Jeremyport CA US,1808 Christine Cove Apt. 202,Oakland,CA,Alameda,52622,94609,-19.064514,13.223149,32591.91,14309.82,40581,726.856.5554x357,mtaylor@example.org,030564571,030301
2d3463b2-6c74-4a5d-8f76-228eeac144f0,1997-04-08,,489-59-4311,S82001863,,Ms.,Jennifer,,Horne,,,D,white,hispanic,female,Port Elizabethport IL US,282 Osborn Streets Suite 511,Chicago,IL,Cook,20566,60612,12.211856,98.51406,118693.93,7155.88,167686,001-447-830-3047x174,michelle60@example.com,330332637,330102
2adb1fb0-158e-405b-bd23-749417246548,1972-09-23,,287-80-4866,S73586007,,Ms.,Ashley,,Salazar,,,W,white,nonhispanic,female,Patrickview MA US,9688 Sherry Drives Apt. 253,Boston,MA,Suffolk,10079,02118,8.658021,144.950407,12226.63,52214.06,54858,374.975.3812x69310,yburnett@example.org,330556055,330102
9791654f-9560-47f2-bf69-03caa7432af9,1953-10-29,,088-77-8058,S65493381,,Ms.,Jasmine,,Allen,,,S,white,nonhispanic,female,Lake Taraside GA US,012 Richard Loaf Apt. 133,Savannah,GA,Chatham,30848,31404,-63.323078,-28.359944,29495.57,3775.64,32531,445.496.6981,xriley@example.com,050230162,050201
31cde0a2-2d3c-4c12-b086-d5cd29ce8e81,1979-11-13,,712-35-9304,S46485330,X61779822,Ms.,Carol,Joseph,Mcgee,,,W,other,nonhispanic,female,South Benjaminshire IL US,66932 Hopkins Lodge,Chicago,IL,Cook,21394,60612,-36.568275,31.442748,56821.08,13300.1,39077,+1-416-348-6494,isabella94@example.org,050715907,050201
7c37f44d-8662-486e-9748-e67ffd680b4e,1979-02-27,,244-50-9668,S44379199,,Ms.,Kara,Dennis,Reyes,,Morgan,,white,nonhispanic,female,Lake Allenburgh GA US,54742 Kimberly Drives Apt. 432,Savannah,GA,Chatham,35668,31404,7.151741,78.91795,40467.76,22811.62,222533,644-607-2457x89373,marissalindsey@example.org,330201748,330101
33cf98b6-cd39-4d90-bfd5-3fd74dbe7c03,1936-08-21,,091-09-1352,S87190066,X82686246,Ms.,Terri,Jeffrey,Hanson,,,W,asian,nonhispanic,female,Herrerashire AZ US,208 Klein Coves Apt. 258,Phoenix,AZ,Maricopa,55316,85006,-44.938387,124.011044,109578.5,17366.68,70500,+1-636-648-8658x4662,danieljames@example.net,050309628,050201
3cc2f3e2-0257-4673-bb07-314a4b7f7e4d,1965-11-30,,636-32-7922,S28203412,,Ms.,Stephanie,Daniel,Warner,,,D,white,nonhispanic,female,Brianfort AZ US,75607 Ricky Landing,Phoenix,AZ,Maricopa,55689,85006,-76.549577,158.981364,10641.6,12292.28,42518,001-413-425-9118,lisa20@example.net,330846954,330101
9c8902a2-5c38-4f3f-8e44-ed0b23d6e113,1959-03-17,,459-19-4755,S38040943,X61952168,Ms.,Pam,,Nunez,,Ashley,W,white,nonhispanic,female,East Timothy GA US,907 Chad Common Apt. 721,Savannah,GA,Chatham,04451,31404,69.729206,-172.687067,156884.98,15727.61,96090,4225993315,wilsonthomas@example.net,050521077,050201
de44b519-2aa6-4067-b07d-5c71112bde48,1943-07-06,,395-52-3120,S93184214,,Ms.,Ann,,Brown,,Newman,S,white,nonhispanic,female,North Elizabeth GA US,271 Curtis Glens,Savannah,GA,Chatham,11174,31404,67.703478,-112.080743,7766.84,14353.27,44653,870.771.2755x86972,david72@example.net,140497943,140401
b63cfd05-9a37-4cd9-8f8b-2f4a436660e3,1958-02-26,,008-24-9387,S77839395,,Mr.,Michael,,Wheeler,,,S,other,nonhispanic,male,Powellville IL US,04487 Cardenas Tunnel Suite 276,Chicago,IL,Cook,34661,60612,-28.393767,9.740661,162575.91,1590.56,72753,281-741-8883,juliemclaughlin@example.org,330739551,330102
899d7a8a-00fe-45af-a80d-d0670431be88,1928-07-29,,567-11-7897,S28653266,X44022778,Mr.,Daniel,Joy,Shaw,,,S,white,hispanic,male,Lake John MA US,0024 Erica Radial Apt. 455,Boston,MA,Suffolk,06292,02118,30.050239,167.170909,10411.91,5068.11,24959,+1-669-467-5105x00231,latoya01@example.org,140162815,140401
5fdd3663-99f5-499a-bffd-0ac6a471ea8c,1940-01-22,,514-20-1502,S85791278,,Ms.,Alyssa,Emily,Rodriguez,,,S,white,nonhispanic,female,North Theresa CA US,033 William Parks,Oakland,CA,Alameda,14918,94609,-80.605548,178.789795,3267.52,16821.86,20112,810.253.4956,xkennedy@example.org,140319977,140401
3237adda-1321-4bd7-a36c-e8473cdaf2d4,1978-07-03,,342-55-6924,S52446574,X79194069,Mr.,Louis,Michelle,Kaiser,,,W,other,nonhispanic,male,West Debraton GA US,3110 Miller Mountain,Savannah,GA,Chatham,24175,31404,-31.095699,-88.90207,20261.51,63622.37,31556,(371)315-4710x112,whitenicholas@example.org,330768797,330101
dc74111c-7090-4a15-8ec8-30688c122ebb,1977-08-17,,192-36-9745,S54558109,X49952606,Ms.,Priscilla,Brian,Gardner,,Poole,M,black,nonhispanic,female,Russellchester GA US,24623 Brittany Drives,Savannah,GA,Chatham,03657,31404,56.306647,35.65792,47343.04,11715.58,43827,328-964-6607,emily75@example.org,050208814,050201
0c7b3b13-4c0f-45ad-b72a-8e9cd6f680fd,1944-05-03,,804-81-8869,S65440162,,Mr.,Christopher,Matthew,Thomas,,,,white,nonhispanic,male,Lake Jean AZ US,42303 Andrade Summit,Phoenix,AZ,Maricopa,47713,85006,-75.745153,125.741143,37785.78,24047.99,42215,5658652506,tpalmer@example.net,330546430,330101
7c7af22c-f3f8-4939-873e-b37d7ff7fbb2,2010-04-08,,244-65-6141,S19803899,X55239319,,Michael,,Calhoun,,,W,black,nonhispanic,male,Lake Shelly TX US,8967 Robinson Cape Apt. 297,Austin,TX,Travis,25023,78702,47.226193,-177.539951,115623.92,45242.05,55349,(464)601-2258x7720,jose89@example.org,330656606,330102
f370f639-87ac-4a8f-8c2f-4cd34031538b,1941-04-21,,372-20-3926,S48530916,,Ms.,Rebecca,Tamara,Dougherty,,,,white,nonhispanic,female,Port Vincentfurt CA US,724 Megan Burg Apt. 413,Oakland,CA,Alameda,25725,94609,73.139782,-23.536481,44236.72,7529.27,83342,6555714042,melaniegonzalez@example.org,030303022,030301
9cf72bbe-2b2b-4c33-8304-f92739101da5,1960-05-04,,187-50-7392,S82707418,,Ms.,Shari,Raymond,Guerrero,,Turner,W,white,nonhispanic,female,Grayport MA US,459 Chelsea Knolls,Boston,MA,Suffolk,31097,02118,-64.249618,-157.417514,9922.54,31778.9,107882,+1-951-623-6186x6843,ilutz@example.org,140190053,140401
acaf0bef-9c14-49b3-b0b4-e3a1fe5ebf8c,1924-08-29,,849-13-8219,S16680514,X16951436,Ms.,Toni,Susan,Torres,,Kelly,D,black,nonhispanic,female,Blakemouth IL US,58265 Joseph Park,Chicago,IL,Cook,13474,60612,-70.349756,149.625844,5457.48,169764.06,26350,391-839-2341x94932,usantiago@example.com,330386616,330102
3d7d1f85-71bd-4d63-a508-b7c44e0d05ae,1996-02-02,,282-55-2983,S96621434,,Ms.,Melissa,,Campbell,,,W,black,nonhispanic,female,Wiseport AZ US,9095 Riggs Fields Suite 133,Phoenix,AZ,Maricopa,19437,85006,58.26746,65.760775,37667.13,1969.45,23060,2029345142,zreid@example.net,330580421,330102
6e356e1d-def8-41b8-89ae-930eece3aa87,2001-01-22,,474-05-2657,S46125688,,Mr.,Gabriel,Janice,Diaz,,,,white,nonhispanic,male,Arnoldhaven MA US,218 Tracy Square,Boston,MA,Suffolk,21856,02215,5.469038,-33.618749,25747.25,9437.13,35195,722-569-3300x1198,bowmansamantha@example.org,030124429,030301
decb7809-995c-46cc-bb9e-8c096286a6b5,1957-08-07,,652-14-3149,S81326540,X81255292,Mr.,Richard,Michael,Ramirez,,,S,white,hispanic,male,Davidchester TX US,01099 Michael Mall Suite 261,Austin,TX,Travis,18913,78702,1.104479,140.956587,54224.31,41306.61,20361,+1-804-781-9338x899,martinezchristopher@example.net,330932799,330102
b262d1ca-9397-4616-a886-f7f2f9b3fdcb,1975-10-02,,207-93-1569,S53179281,X44262866,Mr.,Joshua,,Howard,,,,white,hispanic,male,Bryanttown CA US,6500 Wilkinson Flats,Oakland,CA,Alameda,38269,94609,-85.042896,130.637667,11710.57,108422.86,82930,592.575.1476x5467,anna21@example.com,050973598,050201
058e4f85-aa1c-472b-94d9-91f641425a9c,1970-03-04,,817-14-2283,S24450722,,Ms.,Kathy,Shane,Peterson,,,D,asian,hispanic,female,North Harold AZ US,48310 Nancy Mountains,Phoenix,AZ,Maricopa,36271,85006,-83.103269,-156.393727,26711.33,25375.83,27358,963.891.0505x7190,lindawarren@example.org,330217910,330101
3fa9478a-17ef-400d-8dc9-524ac5284e2d,1977-04-17,,433-03-2821,S29160457,,Ms.,Courtney,Gordon,Gallagher,,,,black,nonhispanic,female,Johnsonside IL US,0439 Alyssa Locks Apt. 901,Chicago,IL,Cook,01316,60612,14.750181,94.331716,45144.42,16786.78,62514,913.504.6017x94201,tiffany70@example.net,330807276,330102
f192871e-bf52-4581-a17e-1d69726395f4,1960-06-06,,768-16-0535,S82443777,,Ms.,Sarah,Kevin,Ray,,,,black,nonhispanic,female,Matthewberg MA US,68827 Paul Trace Apt. 939,Boston,MA,Suffolk,04724,02215,51.475372,-51.078572,4819.7,8269.71,68880,284.211.7579x555,jarvisrobert@example.com,330256092,330102
ee1fb032-bff4-4e2b-9cbb-17238e16e767,1997-05-13,,168-46-4802,S43750720,X68862736,Mr.,Kevin,Jonathan,Wilson,,,W,white,nonhispanic,male,West Heatherview IL US,870 Parsons Port Apt. 700,Chicago,IL,Cook,43289,60612,79.733124,-98.384365,35590.51,4846.6,40671,362.792.1448x918,william42@example.org,030144236,030301
3c7b2276-e3ee-4230-a634-8a97546ab727,1955-05-13,,836-72-1123,S13772389,X93575678,Ms.,Christine,Maurice,Salas,,,W,white,nonhispanic,female,South Lydia IL US,87764 Melissa Bypass Apt. 109,Chicago,IL,Cook,37511,60612,-7.177537,-120.022044,133863.93,12336.72,17410,479-544-9773x87514,christinahudson@example.com,140542775,140401
379fae5f-0449-493a-a810-d7718da70107,1984-11-25,,697-02-4900,S61992107,,Mr.,Steven,James,Turner,,,D,other,hispanic,male,Olsenland TX US,6367 Katelyn Keys Suite 836,Austin,TX,Travis,27057,78702,-5.979769,71.468986,14843.25,104033.81,34709,(664)893-9400,guerrerostanley@example.com,140525520,140401
69d16b5a-e689-471d-9c95-d18ebd3e1f6f,1953-10-18,,795-02-8080,S39580022,X20089602,Ms.,Tina,Jessica,Washington,,,M,white,nonhispanic,female,South Heather TX US,73591 Frank Squares,Austin,TX,Travis,53345,78702,75.361328,11.607404,16696.51,15841.57,43432,(551)505-4510x4276,fsanchez@example.net,140958931,140401
649941f2-0edf-4a0e-80f7-a62d0b08298f,2000-02-10,,649-52-0126,S54201190,X34461472,Mr.,Michael,,Robinson,,,D,asian,nonhispanic,male,East Austin GA US,9146 Anthony Lane Suite 949,Savannah,GA,Chatham,50730,31404,-81.128034,173.30051,54926.72,37496.39,100989,5019902784,xholland@example.net,330832598,330101
00b21c96-f538-4ecf-83e6-26c764e2616f,1953-01-25,,671-44-6358,S67606937,X90250758,Mr.,Peter,Brianna,Jones,,,,white,nonhispanic,male,North Karen AZ US,347 Hutchinson Spring Apt. 149,Phoenix,AZ,Maricopa,19220,85006,87.575885,80.663234,69012.2,23304.85,202456,433.442.1565x6084,obrienheather@example.net,330114157,330101
9a594029-bb88-48f1-99dc-9c65376140ae,1978-12-15,,176-13-7667,S36950017,X57354166,Ms.,Dana,,Miller,,Flores,S,white,nonhispanic,female,West Pennyside AZ US,72721 Taylor Cove,Phoenix,AZ,Maricopa,10566,85006,-18.202619,25.539829,25382.63,128564.15,52794,(982)642-8858x8159,gabrielflynn@example.net,330556701,330102
af207cce-84fa-46e5-8dd6-581326584a89,2014-08-21,,874-46-9512,,,,Timothy,Jessica,Green,,,S,white,nonhispanic,male,Leeborough AZ US,8974 Adam Manors Suite 905,Phoenix,AZ,Maricopa,07558,85006,71.643074,-128.085054,60058.68,9867.69,131212,001-585-948-8292x18874,crystal89@example.com,330208956,330102
9f26df26-2285-478e-8f31-60f6d307c601,1979-09-26,,304-11-0479,S91635903,X26432833,Mr.,Kenneth,Christopher,Diaz,,,W,black,nonhispanic,male,Ramostown TX US,43905 David Dam,Austin,TX,Travis,33365,78702,-24.447927,139.485614,93261.63,11333.01,54693,+1-319-402-2067x8659,clarkashley@example.net,330742567,330102
d46a8d3e-08da-401f-8f86-25e15b2f59b3,1973-10-22,,009-23-8260,S97322026,,Ms.,Jessica,Michael,Alexander,,,W,white,nonhispanic,female,New Richardfort AZ US,4475 Colleen Roads,Phoenix,AZ,Maricopa,13420,85006,85.212788,85.13087,48803.64,4858.78,39656,+1-221-852-2130x39946,iwarren@example.com,330402910,330101
3c9ea338-3745-49e2-85c5-6866da153b0d,1966-01-20,,635-05-2934,S88785858,,Mr.,Joshua,Logan,Parsons,,,W,white,nonhispanic,male,Port Meghan TX US,744 Arthur Mews Apt. 791,Austin,TX,Travis,47795,78702,-2.442265,-178.386235,22846.5,13033.84,126357,572.390.0622x9663,cpalmer@example.net,030571816,030301
b603e747-96ea-4b59-bdaa-10059751b9af,1969-06-06,,041-89-6163,S71099786,X34572309,Mr.,Benjamin,David,Mejia,,,S,white,hispanic,male,Hartmanport IL US,5492 Klein Village Apt. 404,Chicago,IL,Cook,53881,60612,-42.497056,-30.988089,292908.85,28421.58,32207,649.586.5118x35602,pittsangela@example.com,110976544,110501
087ea9ca-1e89-42af-b05c-ac1c4e4d42d2,1969-11-09,,115-53-7578,S68329761,,Ms.,Stephanie,James,Garcia,,,,other,nonhispanic,female,Grosschester AZ US,970 Khan Springs,Phoenix,AZ,Maricopa,12444,85006,48.268488,20.317058,12890.93,16915.74,46351,001-634-458-7444x342,rick59@example.com,030464903,030301
520f413d-a846-4372-96dc-75b0528c872c,1969-10-27,,212-41-9851,S11035066,X56793408,Ms.,Sara,Jose,Evans,,Davis,S,white,nonhispanic,female,Romeroland AZ US,9512 Allen Hills Suite 350,Phoenix,AZ,Maricopa,29206,85006,-60.400956,-47.943712,12147.07,4981.34,41183,+1-520-947-7372x871,jacobwilson@example.com,330499232,330101
77d652cc-3ebd-4b72-9c82-b5c20f2ce711,1966-04-03,,793-31-0340,S20532994,X43026650,Ms.,Kelli,Aaron,Ingram,,Baird,D,asian,nonhispanic,female,Johnland TX US,527 Crystal Point Apt. 877,Austin,TX,Travis,33716,78702,-60.765105,160.192834,51679.69,11439.12,37010,001-931-371-9274,kaitlyn74@example.net,330797212,330102
621838b8-8957-4e6c-8988-6e8d0e9e22ef,1941-04-01,,393-04-2062,S44978744,,Ms.,Leslie,,Young,,,W,white,nonhispanic,female,Noblemouth IL US,883 Green Groves,Chicago,IL,Cook,49880,60612,47.416589,1.805006,50939.05,9457.97,33692,397.814.7637x4366,peterduncan@example.com,050714624,050201
15a87d96-777a-4f71-8fb6-d2976061bca3,1984-02-01,,496-68-8793,S88102829,X35273282,Mr.,Keith,Lisa,Smith,,,S,asian,nonhispanic,male,Schneiderside MA US,68543 James Forest,Boston,MA,Suffolk,45127,02215,-81.781777,112.428297,81310.15,36084.47,141776,001-443-952-6145x721,contrerasanthony@example.net,330516042,330101
126a7827-36ca-4443-b70a-eb6e8b3850ec,1978-07-15,,032-33-0141,S25876480,,Mr.,Kelly,Alexander,Wilson,,,M,white,nonhispanic,male,New Scottshire TX US,20061 Glenn Ways Suite 999,Austin,TX,Travis,07494,78702,59.166311,-51.172634,21048.38,25266.07,51855,553.458.3612,avelez@example.net,330523198,330102
a633f241-23f4-4028-91b0-d869f988426e,1959-08-29,,207-42-5778,S40310311,,Ms.,Christina,Carolyn,Mcconnell,,,M,black,nonhispanic,female,Kingstad CA US,34241 Rebecca Islands Suite 137,Oakland,CA,Alameda,02041,94609,9.506907,-116.156325,19338.87,20242.57,44567,+1-541-449-6659,nsantiago@example.org,050104878,050201
712304d5-f49c-4e00-9797-8979da4dc384,1976-06-03,,586-60-6571,S66388594,,Mr.,Walter,Donald,Vincent,,,,black,nonhispanic,male,Juliaberg CA US,71207 Ariel Gardens,Oakland,CA,Alameda,55816,94609,63.008587,46.322226,4964.83,5020.34,106423,231.662.6583x486,dschwartz@example.com,330530189,330101
d8746c25-9abf-4f82-9559-acf3344af21a,1961-10-08,,753-42-7967,S31973679,X17791695,Mr.,Todd,Lauren,Porter,,,,white,nonhispanic,male,Andreaview GA US,35182 Jamie Union Apt. 442,Savannah,GA,Chatham,07158,31404,58.81313,-122.185922,33209.86,80300.41,75386,001-280-415-2282,brandon64@example.org,050388625,050201
6791d11f-719f-4bfd-8972-00c6405ee5aa,1960-11-22,,599-17-6802,S49436628,,Ms.,Diamond,Robert,Nguyen,,Bean,S,white,nonhispanic,female,Lake Amandastad CA US,242 Michael Hill,Oakland,CA,Alameda,07794,94609,8.30524,1.585053,39691.94,11358.1,88526,(802)550-2236x91119,xdillon@example.org,330355562,330102
0d8b8fd9-77fa-4622-9e2d-bc2458db5272,1971-08-12,,096-76-3824,S20539290,,Mr.,Kevin,Brian,Fitzpatrick,,,,other,nonhispanic,male,West Carly IL US,357 Adam Spurs,Chicago,IL,Cook,12365,60612,-11.414542,138.292922,11939.3,11697.07,74454,(681)276-4274x632,thomas43@example.org,030762420,030301
3cbae013-7778-4778-b5b5-63c447064c16,1929-05-12,,428-08-5157,S78577697,,Ms.,Sandra,Sandra,Flores,,Miller,,black,nonhispanic,female,South Leslieview IL US,71136 Carter Locks Apt. 604,Chicago,IL,Cook,12471,60612,-64.586059,-100.039549,15808.73,11434.77,30205,552-710-8724,james05@example.com,330731943,330102
724de41a-16ee-4c99-9242-a37eabb00602,1987-08-20,,318-22-6119,S79886442,,Ms.,Mary,Adam,Miller,,,M,white,nonhispanic,female,Cooleyton TX US,795 Hodges Groves,Austin,TX,Travis,52610,78702,-47.166069,125.394544,63745.82,24132.24,56968,(987)712-1858x9981,sylvia46@example.org,330238237,330101
65a88d76-1ba9-4a92-b98b-4783bc6a457f,1938-06-20,,690-90-0956,S29120202,,Ms.,Natalie,Richard,Benjamin,,,,white,nonhispanic,female,Darrenview CA US,6265 Kim Tunnel,Oakland,CA,Alameda,50330,94609,-51.402745,54.792613,46852.14,17818.78,83884,(746)592-0927x25158,dominiquecantrell@example.net,330249816,330102
359df132-7d47-4468-a9b3-4c75748b4232,1924-08-14,,637-06-5296,S37667286,,Mr.,Ryan,Kimberly,Harmon,,,M,white,nonhispanic,male,Cruzport AZ US,090 Garrett Inlet,Phoenix,AZ,Maricopa,42518,85006,87.981906,-111.35265,46526.57,7148.26,97513,+1-528-399-0774,bperkins@example.com,050491482,050201
d49818ac-11ff-4fca-8115-977c9cb9dc7d,1924-09-28,,667-08-6210,S37575864,,Ms.,Suzanne,Kathleen,Edwards,,,S,other,nonhispanic,female,Ramosmouth GA US,9839 Adam Oval,Savannah,GA,Chatham,03085,31404,71.997781,-59.112763,5002.49,5883.14,41797,(821)399-3085x60629,sanchezmark@example.com,330600588,330101
4e61d5bf-0119-4846-b0a8-59eda83b5d47,1937-05-28,,839-54-5025,S59686935,,Ms.,Diana,Ashley,Harrison,,Wilson,D,white,nonhispanic,female,Rodriguezview MA US,2647 Pamela Pass Suite 646,Boston,MA,Suffolk,45552,02118,87.41874,-83.698291,17920.48,9022.92,56155,(357)758-3761x46237,micheleharrington@example.com,030133374,030301
42b59f88-e37d-4a38-953c-ccee36f2c156,2001-06-23,,849-42-2030,S94052087,,Mr.,Gabriel,Joy,Smith,,,D,white,nonhispanic,male,Ricardostad GA US,9529 Diaz Turnpike Apt. 840,Savannah,GA,Chatham,47729,31404,65.909194,60.251599,60235.38,9928.66,14960,001-554-222-0634x11705,hannah80@example.com,330373180,330101
ca71c55f-4de7-4db7-98df-f417dfa509b8,1972-04-10,,769-70-3352,S89187251,,Ms.,Jessica,Jessica,James,,,S,white,nonhispanic,female,Darrellfurt MA US,50791 Phillips Lights,Boston,MA,Suffolk,32277,02118,61.408819,-100.236982,64784.67,19903.95,29768,220-709-4531x672,mariah95@example.com,050863865,050201
dd12fd83-e982-4619-b038-bb9ea179311c,1979-09-28,,423-93-2171,S72535817,,Ms.,Anna,Keith,Evans,,,W,white,nonhispanic,female,Sanderstown MA US,673 Cynthia Haven Suite 931,Boston,MA,Suffolk,17985,02215,-18.107446,176.145546,14224.27,40016.19,47245,692-335-9111,cmason@example.net,140985748,140401
1c289f03-a799-4c8d-af51-fea7ef7e1098,1984-02-10,,414-71-6469,S61893596,,Mr.,Jonathan,James,Hart,,,D,white,nonhispanic,male,Port Lisafurt TX US,16825 Lester Ports,Austin,TX,Travis,47432,78702,-52.142683,73.706077,17033.64,14323.72,79862,+1-481-613-5346x48832,johnstonaaron@example.com,330779460,330102
30c95ce9-9e25-484f-8436-26b1e4bc4c15,1995-08-10,,328-22-0242,S87307223,,Ms.,Sandra,Jenna,Curtis,,,,white,nonhispanic,female,West Melissamouth GA US,767 Bishop Motorway Suite 617,Savannah,GA,Chatham,47995,31404,69.504877,-117.065525,18006.12,6595.88,66884,(586)413-3373x515,curryandre@example.net,330968186,330102
b662b603-0612-48fb-88c4-586b1dba067a,1993-08-04,,667-57-6837,S87748023,X64491536,Ms.,Alexis,Seth,Hunter,,Calderon,S,black,nonhispanic,female,Flowersstad AZ US,74818 Acosta Port Suite 327,Phoenix,AZ,Maricopa,41518,85006,77.956229,109.089602,16986.97,10157.77,34766,001-736-352-0339x7413,kaylaknight@example.net,050776265,050201
2b7398c8-bea8-49a8-8280-866bf084ab3b,1978-08-28,,554-43-1532,S95131683,,Mr.,William,Dakota,Lawrence,,,S,white,nonhispanic,male,Lake Stephaniemouth IL US,222 Ballard Island Suite 050,Chicago,IL,Cook,42356,60612,-86.709461,-69.701977,18020.81,86740.31,81992,+1-942-455-5746x37702,espinozakelly@example.com,330675862,330102
b1302bab-3f47-4f58-ac20-edfcb34af599,1979-10-13,,333-67-4520,S78979115,,Ms.,Caitlin,,Davis,,,D,white,hispanic,female,Amandashire MA US,790 Melissa Parks,Boston,MA,Suffolk,20200,02215,-81.205309,-150.772749,26543.95,9334.47,33388,(561)512-2529,kristen61@example.org,110499413,110501
980d1ca8-8aea-4866-989b-1ad12758e190,1947-03-24,,133-10-8001,S11344734,,Ms.,Jennifer,Derek,Rodriguez,,,S,white,nonhispanic,female,North Kevintown GA US,322 Forbes Harbor Suite 638,Savannah,GA,Chatham,49280,31404,-46.254056,-175.405433,11904.29,7014.27,35626,785.732.6772,mcfarlandkelsey@example.org,330225664,330101
43200308-8fec-4212-ba6c-a8a92d60fa60,1974-12-30,,149-78-6106,S32235028,,Ms.,Mary,,Jones,,Wallace,S,asian,nonhispanic,female,Port Dawn CA US,174 Rodriguez Brook,Oakland,CA,Alameda,29223,94609,-64.703262,-39.015484,38535.23,7925.44,53580,(970)584-1750x641,rflores@example.org,050614738,050201
c8e661e0-1d9c-4bd7-85fc-a9431cf683d3,1984-03-14,,724-38-9801,S66769960,,Mr.,Jeremy,Michael,Chang,,,S,white,hispanic,male,Chadville AZ US,5122 Garcia Creek,Phoenix,AZ,Maricopa,53841,85006,50.293099,-155.86189,36686.82,45741.9,37128,001-869-425-6254,christopherspencer@example.org,030560261,030301
232552f6-c19d-4fc7-a3b2-7f17fc6f9035,1946-03-10,,636-04-0294,S60209601,,Mr.,Daniel,,Johnson,,,M,asian,nonhispanic,male,North Carrie MA US,382 Raymond Trail,Boston,MA,Suffolk,10670,02118,-37.888771,-22.792186,274177.99,12365.83,48692,613.344.2846x97794,martinmonica@example.org,140925945,140401
f6b35ae4-1062-4b87-b865-dbab63542414,1960-10-16,,179-65-5647,S58082822,X31650255,Ms.,Jacqueline,Anthony,Holmes,,,D,white,nonhispanic,female,Port Lisa MA US,36566 Walton Squares Suite 723,Boston,MA,Suffolk,18589,02215,-68.28071,81.267595,91310.76,5247.03,39318,3466839230,andreaadkins@example.com,050198421,050201
63ee90aa-2a6a-4e94-b73d-d7138fff8d60,1999-12-21,,450-19-4540,S69374054,,Mr.,Brandon,,Shannon,,,,white,nonhispanic,male,New James GA US,98708 Michelle Garden,Savannah,GA,Chatham,02516,31404,-61.948794,115.265491,11349.69,4157.81,40706,(882)225-5772x52858,bschroeder@example.com,110501730,110501
e20fcd27-3669-41e7-93bc-1a8a8abc3f79,1968-01-01,,156-20-7846,S57132938,X61737893,Ms.,Brenda,,Johnson,,,W,white,hispanic,female,Jamiemouth GA US,899 Jennifer Circles,Savannah,GA,Chatham,06369,31404,15.610971,67.738262,64422.22,6646.88,88552,742-695-1223x72420,lindseyreed@example.org,330461099,330102
d4fa17dd-2378-439a-902e-e995e41709ca,1973-01-10,,359-02-9435,S99566965,,Mr.,William,,Lopez,,,M,black,nonhispanic,male,South William IL US,737 Karen Throughway,Chicago,IL,Cook,29071,60612,-16.056431,132.123296,29229.34,73513.64,43354,4697237407,richard21@example.net,050997016,050201
f90ba171-4b90-4ebf-8dfd-25697259997b,1950-03-30,,051-62-6734,S62287888,X22434766,Ms.,Marilyn,Jamie,Hernandez,,,M,native,nonhispanic,female,Kimshire MA US,2493 Caitlyn Forge Suite 360,Boston,MA,Suffolk,15744,02215,-10.232584,155.193077,22232.99,18274.46,73734,693-213-1814x7016,pittsevan@example.net,330119545,330101
b66e127a-b390-4ecf-88f9-2f5cdf01dbd7,1942-11-20,,110-66-4176,S87511638,,Ms.,Michelle,Holly,Hansen,,,,black,nonhispanic,female,South Nicholas AZ US,0344 Powell Run,Phoenix,AZ,Maricopa,43280,85006,-76.924231,7.103723,28787.92,47229.06,15781,252.777.4569x36371,arosario@example.com,330299120,330102
1613822e-c4d9-4f9e-9adf-6d4854947549,1985-01-14,,856-05-6783,S43611460,,Ms.,Kelly,,Sharp,,,D,white,hispanic,female,East Jasmine GA US,444 Torres Crest,Savannah,GA,Chatham,39238,31404,83.01867,-134.738462,53678.08,6072.97,267778,8473425891,smithkristen@example.org,330324849,330101
1caf8412-6152-4962-8230-17400cbd098d,1988-01-24,,235-47-3560,S26001960,,Mr.,Andrew,Charles,Williams,,,W,white,hispanic,male,Lake James MA US,14516 Jennifer Summit Suite 077,Boston,MA,Suffolk,28948,02215,-24.608013,29.665256,36006.94,4715.87,83231,931.626.1031x740,cynthiascott@example.net,330187926,330102
e4c7c5ec-4936-43ea-a3a7-a7ef3799d561,1957-12-11,,670-28-5373,S62444301,,Mr.,Marcus,,Schultz,,,S,asian,nonhispanic,male,Paulberg IL US,6886 Felicia Mountain Apt. 820,Chicago,IL,Cook,13401,60612,38.791617,-53.253599,17990.13,7658.45,48051,470-634-0454,christinaweber@example.com,330859887,330102
0bf6358e-d81a-4c82-aa90-9cf9107cc064,1962-03-31,,272-70-5285,S21532014,,Mr.,Daniel,,Valdez,,,W,white,nonhispanic,male,West Deborah AZ US,495 Castillo Island,Phoenix,AZ,Maricopa,53633,85006,80.461044,38.113795,64987.08,1579.69,34461,(209)717-2276x16373,reyesrichard@example.org,330106896,330102
f2a7868f-aabd-4a3d-9fde-17d251804b21,1958-12-19,,132-32-7530,S75763808,,Mr.,Tony,,Byrd,,,W,black,nonhispanic,male,Gregorymouth TX US,567 Curtis Spurs Suite 446,Austin,TX,Travis,38525,78702,-17.411071,-75.988856,52168.65,4980.39,59448,6863338058,virginia27@example.net,050743501,050201
3509647f-95dd-4d92-a1cf-12680f153661,1964-05-15,,202-71-7602,S36694272,,Ms.,Heather,Nancy,Webb,,Cook,D,black,nonhispanic,female,Port Paulfort MA US,10125 Brown Drive Suite 650,Boston,MA,Suffolk,23393,02215,6.076304,16.111767,54456.19,8106.98,21812,507.490.8009x139,anna24@example.com,140911399,140401
7bc56ca8-23fe-42e1-9306-50575f26e157,1928-05-02,,715-09-0987,S97441945,,Ms.,Carrie,Kimberly,Gomez,,,W,white,nonhispanic,female,Scottmouth TX US,10472 Velasquez Cove Suite 047,Austin,TX,Travis,22320,78702,58.485716,-87.606593,58536.57,17395.89,45991,981-267-0933,shane67@example.com,330450223,330101
ef7bd50a-bee2-4209-9d95-335b4ce91536,1941-11-11,,560-57-2374,S66743737,X64763946,Ms.,Katherine,Ronald,Kennedy,,Fitzgerald,W,white,nonhispanic,female,Flynnport IL US,21255 Jacob Spurs,Chicago,IL,Cook,23948,60612,75.843927,138.238924,13182.01,35239.03,17310,+1-749-422-1188x928,dunncaroline@example.com,330859180,330101
944a45dc-8d69-45ff-b709-e8f28a725c86,1969-08-11,,778-69-4210,S19154823,,Ms.,Diane,,Ross,,,D,white,nonhispanic,female,Austinbury IL US,5174 Shannon Lakes,Chicago,IL,Cook,38522,60612,16.303891,-96.421962,17787.77,12347.94,16232,706.497.5187,cathysolis@example.com,030688114,030301
75dc7d97-0d27-4039-864c-9e77562a07af,2004-10-13,,333-70-4463,S82208255,X24022812,Ms.,Teresa,,Norris,,,D,white,nonhispanic,female,Sandrachester TX US,447 Mccarthy Burgs Suite 823,Austin,TX,Travis,36113,78702,59.104514,2.748731,12047.59,4794.26,80316,(224)747-8479x63237,khicks@example.com,330765273,330101
95e1fd76-d86d-4635-aac6-85cd478aa852,1982-02-16,,027-34-7616,S39574022,,Mr.,Patrick,,Cooper,,,S,white,nonhispanic,male,Kimberlyport IL US,1147 Hayes Locks,Chicago,IL,Cook,37887,60612,44.023376,31.617743,95213.24,39036.55,36268,001-671-984-4881,timothywong@example.org,330262461,330102
afa5d873-bcd5-4334-afc6-b10e93471bb9,,,384-49-9377,S56797208,,Ms.,Julie,Lisa,Lewis,,,S,white,nonhispanic,female,Williamtown AZ US,41116 Andrews Pike Suite 828,Phoenix,AZ,Maricopa,02774,85006,86.342077,174.859928,94964.82,8805.59,207356,597-224-0759,davidhall@example.org,030986366,030301
55ae910a-8c89-4c0b-8172-378ed6d2ca53,1954-12-13,,562-30-0401,S72130777,,Ms.,Monica,Michael,Hoffman,,,M,white,hispanic,female,West Alexafurt CA US,610 Theresa Island Apt. 315,Oakland,CA,Alameda,54995,94609,6.130098,42.975808,9772.05,21679.15,54254,001-294-490-2440x377,kimberly45@example.com,140666930,140401
59b5906e-4313-41ae-a7bf-2035e45017b8,1940-07-29,,275-92-4489,S22454275,,Ms.,Amy,Morgan,Hernandez,,,,white,hispanic,female,Wilsonbury MA US,584 Alexandra Grove Suite 631,Boston,MA,Suffolk,13529,02215,59.26727,-163.295066,17272.13,17145.74,20665,464-528-1994x8110,arodriguez@example.com,330303719,330101
cf6fdf02-ea5d-41f7-9dd4-16774fb9b2a1,1983-09-21,,399-62-3593,S75380076,X41093101,Mr.,Thomas,Mary,Butler,,,D,white,nonhispanic,male,Robertsonland TX US,304 Yvonne Freeway,Austin,TX,Travis,52727,78702,-35.359069,-101.662663,53587.23,13118.42,27921 mg,(638)426-5851x8401,lmartin@example.org,030302963,030301
10801a8a-0b35-4a40-a688-6b61cc7292da,2001-03-01,,809-33-1532,S82750778,X87260617,Mr.,Joshua,Shannon,Walters,,,D,white,nonhispanic,male,Port Charles IL US,4660 Burton Lane,Chicago,IL,Cook,46304,60612,-8.78735,-98.756089,24134.08,10286.9,59447,(496)637-9568x73979,karenwilson@example.org,330433167,330102
c8bbb2ed-a8ef-46f0-9f5c-c42ce2bb9d87,1999-02-15,,792-85-4237,S39362444,,Mr.,Larry,Karen,Hill,,,,white,nonhispanic,male,West James GA US,361 Jasmine Loaf Apt. 036,Savannah,GA,Chatham,38316,31404,52.639091,88.231949,37324.97,4942.31,72347,(635)594-5024,curtislawson@example.net,050247483,050201
1f84eca4-f3f0-4621-af64-d7521763af26,1980-12-01,,276-10-0363,S59940446,X77492933,Ms.,Debra,Jonathan,Rogers,,,W,asian,nonhispanic,female,Emilyberg MA US,45302 Campbell Courts Suite 442,Boston,MA,Suffolk,01432,02215,-86.42486,-20.71262,47740.66,99858.72,100889,501.812.8541x50522,qrobinson@example.org,140437117,140401
b7e4d1fa-d29e-4c56-90eb-14eee00a3044,2011-08-21,,527-60-6596,,X62449095,,Scott,,Williams,,,S,black,nonhispanic,male,Perezside AZ US,0315 Sarah Terrace Suite 983,Phoenix,AZ,Maricopa,04596,85006,-75.42002,115.630156,42207.97,55745.0,25968,(361)530-6513x0334,edwardsrobert@example.com,140406055,140401
68ac616b-a0c9-46a8-ab09-6bbc1b107197,1942-01-02,,698-02-7221,S22850353,,Mr.,James,Micheal,Olson,,,M,white,nonhispanic,male,West Alexaborough GA US,76158 Teresa Land Suite 224,Savannah,GA,Chatham,42003,31404,21.059029,-13.378274,23361.19,7415.67,44855,001-857-944-3836x2510,juliejohnson@example.net,330685356,330101
1de630a4-5b85-42fe-b24f-2ad5ccaf55f5,1958-08-14,,181-45-0616,S32475329,X99969190,Mr.,Michael,Noah,Suarez,,,S,other,nonhispanic,male,Christinamouth TX US,3556 Stephanie Vista,Austin,TX,Travis,16625,78702,63.942906,-62.609006,64740.56,16621.89,126005,001-732-649-2889x142,amanda90@example.com,330351274,330102
a61d509a-674a-4d59-bb72-7dace7829479,1968-03-17,,888-38-1218,S58106496,X65494788,Ms.,Sherry,,Vaughn,,Fuentes,,white,nonhispanic,female,Garciastad MA US,2622 Campbell Lakes,Boston,MA,Suffolk,42191,02118,39.196844,70.881223,23317.04,35761.51,42115,+1-752-791-9433,jimenezvalerie@example.net,330219218,330102
21edcab7-dfe8-4ff4-a7a9-e104ce7053f7,1979-11-13,,335-97-7474,S36907478,X90061722,Mr.,Eric,Nichole,Clarke,,,,white,nonhispanic,male,Karlastad MA US,3692 John Crescent,Boston,MA,Suffolk,21675,02215,-88.192183,149.643533,42601.19,11544.28,105900,917-354-5510,cbullock@example.net,330584399,330102
f3cb7bc0-e678-4816-9870-6595a098e8db,1938-10-06,,142-77-6294,S21212227,X58642675,Ms.,Shannon,Laurie,Olson,,Martinez,W,asian,hispanic,female,Smithtown MA US,137 Robert Rapid,Boston,MA,Suffolk,08593,02215,-82.99412,-82.966625,48666.25,39275.7,40731,925.396.2110x839,jamesmatthews@example.net,050744103,050201
46a858d9-1d58-4154-9f7b-d019c772aec6,1956-03-29,,448-36-6814,S93418075,,Mr.,Keith,Jessica,Rodriguez,,,D,white,nonhispanic,male,Welchmouth GA US,6036 Sims Parks Suite 226,Savannah,GA,Chatham,37882,31404,33.641466,-158.83909,8501.3,15622.64,22726,(607)844-9648x007,hintoncaleb@example.org,030194270,030301
c29cfd09-4a59-47f1-90dd-6a42b0e03354,1992-09-12,,586-82-0329,S35288762,,Ms.,Faith,Erica,Watson,,,S,white,nonhispanic,female,Elliottberg CA US,766 Hensley Port Apt. 994,Oakland,CA,Alameda,35087,94609,-71.004375,-158.768675,13062.17,29848.47,26645,(240)897-6278x5273,xsmith@example.org,330717121,330102
daa957b9-a511-4c57-b0be-d65796df7571,1999-05-03,,184-27-8466,S98248195,,Ms.,Rachel,Timothy,Stevens,,,S,white,nonhispanic,female,Keithville TX US,8255 Desiree Via Apt. 451,Austin,TX,Travis,03233,78702,-49.662853,176.65249,50247.09,8622.28,51119,699.250.5597x53629,douglashansen@example.com,330662954,330102
c537ea87-b1a6-442f-88e7-e079b3057eb0,1976-11-11,,149-32-5907,S71769530,,Mr.,Daniel,Paul,Silva,,,D,white,nonhispanic,male,Port Natalie MA US,532 Weber Park,Boston,MA,Suffolk,02551,02118,11.40422,111.347907,22785.08,49276.09,112888,001-920-372-7693x338,andersondavid@example.org,030870974,030301
097e8f01-4839-4442-94bb-faa0c6952134,1976-09-07,,349-89-6214,S14583090,,Mr.,Joshua,,Payne,,,W,other,nonhispanic,male,Port Donald AZ US,20177 Tricia Isle Apt. 443,Phoenix,AZ,Maricopa,26502,85006,39.254381,110.521529,26087.8,19833.74,60370,853.363.4179x284,parklori@example.com,330121764,330102
126dae42-c1e9-4959-83fc-836cb37bf3f1,1974-01-29,,440-44-4896,S34737513,X86166384,Ms.,Stephanie,Alison,Mejia,,,S,asian,nonhispanic,female,Port Sean MA US,18346 Haney Wells,Boston,MA,Suffolk,24969,02118,-62.640979,21.205444,104047.56,44302.51,46095,(492)510-8157x539,kmiller@example.com,330959513,330102
06d9365f-6c8b-4130-92da-c458ca67164f,1975-05-30,,707-73-2020,S96173902,X88765684,Mr.,Thomas,Marie,Chandler,,,M,asian,nonhispanic,male,Lake Johnchester AZ US,797 Kelly Point,Phoenix,AZ,Maricopa,10383,85006,9.044105,110.986164,75919.11,11593.63,60923,920-473-8957x7483,cdeleon@example.org,330526203,330101
c74a72f5-c418-44f8-810c-68241ca8b58f,1982-08-18,,322-28-5086,S99238031,X72197184,Ms.,Olivia,,Webb,,,S,black,nonhispanic,female,Jacobsport MA US,89263 Richard Road,Boston,MA,Suffolk,39208,02118,76.216792,-167.671594,16206.38,22091.45,67310,+1-252-292-9688x0315,jessica17@example.com,330614628,330102
15fc1d2d-a1a3-4279-933e-904cc9497460,1943-01-07,,595-67-1295,S81206451,,Ms.,Amber,Jeffrey,Gonzales,,,S,black,nonhispanic,female,New Eric MA US,1491 Beltran Fort,Boston,MA,Suffolk,13938,02118,39.44637,114.494328,24827.46,7879.32,34182,267.870.0397,martinmichael@example.com,050400417,050201
84877e08-caf8-42b7-82de-d26755c75ecd,1929-10-12,,313-43-2466,S95720090,,Mr.,Justin,Laurie,Carroll,,,M,black,nonhispanic,male,Justinville MA US,936 Espinoza Plaza,Boston,MA,Suffolk,34473,02118,-35.920605,147.721687,44085.09,4159.47,64782,(435)985-2556,vincent65@example.net,050219520,050201
84877e08-caf8-42b7-82de-d26755c75ecd,1929-10-12,,313-43-2466,S95720090,,Mr.,Justin,Laurie,Carroll,,,M,black,nonhispanic,male,Justinville MA US,936 Espinoza Plaza,Boston,MA,Suffolk,34473,02118,-35.920605,147.721687,44085.09,4159.47,64782,(435)985-2556,vincent65@example.net,050219520,050201
e23991a1-366a-4639-8db4-1d9ab7171e30,1968-04-22,,683-80-9407,S23103045,,Ms.,Misty,,Chapman,,,S,white,hispanic,female,South Marymouth TX US,076 Tammy Stravenue,Austin,TX,Travis,20496,78702,7.54136,-146.72106,47870.42,51040.67,53604,001-688-644-1162x995,ecook@example.com,140256550,140401
d2c97a3e-078a-4733-b84f-f422cc8c66e7,1952-02-23,,499-47-4699,S58400770,,Ms.,Sheena,Jessica,Baker,,Patterson,M,white,nonhispanic,female,New Matthewview MA US,186 Tiffany Island,Boston,MA,Suffolk,17962,02215,-39.829538,108.108492,43322.52,45613.57,47897,(554)329-4253,gmorales@example.com,330216155,330101
b929048d-920e-45d7-be0d-3efcce35802d,1965-09-25,,719-93-8974,S71625215,,Mr.,Francisco,Michael,Hines,,,D,white,nonhispanic,male,Lake Christopher CA US,2183 Justin Loop,Oakland,CA,Alameda,41767,94609,0.294859,31.887219,31480.39,24513.2,25544,(317)396-7613,loricoleman@example.net,030901112,030301
5ef1e075-c4f1-44ea-8005-3a1cba562856,2010-02-13,,734-94-9175,S19495746,,,Becky,Kayla,Burch,,,W,white,hispanic,female,Tracyfort MA US,703 Thomas Estates,Boston,MA,Suffolk,43998,02118,32.721368,-121.616085,44147.17,2889.53,67818,+1-264-748-4237x089,clopez@example.com,030927251,030301
37d8d6b4-2d81-4e50-9d87-41585764351b,1968-03-21,,675-33-2745,S58415425,X44110219,Ms.,Laura,,Vaughan,,,D,white,nonhispanic,female,Richardshire AZ US,3437 John Junction,Phoenix,AZ,Maricopa,46258,85006,-29.5655,-143.854425,20762.85,29073.1,73153,001-784-784-9984x92237,joshua53@example.com,330701680,330102
0c2ad27b-39c3-4823-88e6-43ee2e1704b2,1963-11-27,,724-70-9466,S70838803,,Ms.,Jennifer,Charles,Mann,,Bradley,M,white,nonhispanic,female,Patelland GA US,5333 Kimberly Wall,Savannah,GA,Chatham,48512,31404,-9.920395,-132.8172,156769.13,7129.28,81443,001-861-785-2569x825,vargaswilliam@example.net,330618982,330102
61f16a87-ac32-45ac-862e-68bf4a5f279f,1949-10-21,,468-81-1654,S68582792,,Mr.,Jeffrey,,Scott,,,M,white,nonhispanic,male,Matthewton CA US,1940 Cunningham Center,Oakland,CA,Alameda,47984,94609,-72.541098,-133.688138,69630.69,14478.04,12885,001-805-603-8944,ggarrett@example.org,030626534,030301
0e93500c-e205-4726-8955-0047aaf10016,2011-10-07,,876-66-5054,,,,James,Rachel,Castillo,,,S,white,nonhispanic,male,Hudsonhaven IL US,09341 Mendez Locks,Chicago,IL,Cook,39086,60612,-85.45951,118.61695,90339.44,9054.39,110018,772-681-7125,johnmartin@example.org,140769683,140401
ad7b47a5-69a1-4e57-9b6b-100939a3b158,1951-03-14,,817-85-5526,S25447216,,Ms.,Colleen,,Harper,,,W,white,nonhispanic,female,Mitchellside IL US,85201 Hoover Throughway Suite 105,Chicago,IL,Cook,14393,60612,46.731762,-43.755707,63283.54,20329.7,61274,298-309-0409,zjones@example.net,330149670,330102
1a3325d7-3eda-4178-a1a9-b94493d0078f,1965-04-03,,260-25-5360,S37324534,X51402059,Ms.,Morgan,,Horn,,Franklin,,white,nonhispanic,female,Smithberg GA US,749 Thomas Branch,Savannah,GA,Chatham,22837,31404,44.535874,-81.008772,27827.62,19551.22,132667,+1-305-825-5803x1641,joel60@example.org,140160684,140401
7d1d2cde-46e0-42ce-8050-0e0ae64861cf,1977-09-16,,675-96-6812,S76373147,X53380664,Mr.,Steven,Tracey,Miller,,,M,other,nonhispanic,male,Brooksmouth CA US,089 Timothy Forks,Oakland,CA,Alameda,05615,94609,-21.933656,168.909342,19857.46,17788.57,46533,(565)790-9791,bphelps@example.com,330124814,330102
dd197e69-4aa2-4391-b871-7f23347f94d7,1991-10-25,,866-08-3992,S88288281,X82620993,Mr.,Craig,Michael,Torres,,,W,black,nonhispanic,male,Danieltown GA US,10397 Gloria View,Savannah,GA,Chatham,39714,31404,-84.727923,118.874833,36300.57,5403.81,36238,(642)906-2345x73862,amanda02@example.com,050303988,050201
d989986a-8985-4ea4-aae4-04384c02b38b,1954-11-10,,051-31-1522,S62747356,,Mr.,Ryan,,Smith,,,S,black,nonhispanic,male,West Christopher IL US,9635 Patel Court,Chicago,IL,Cook,28727,60612,-60.101594,64.68545,189727.3,8889.91,62823,900-875-2542,wphillips@example.net,140454401,140401
8d919443-9765-4eae-94d9-df13dff4e198,1958-04-23,,358-03-3970,S69393368,,Mr.,Michael,,Stone,,,,white,nonhispanic,male,South Catherineborough MA US,79498 Jacqueline Freeway,Boston,MA,Suffolk,26970,02215,-0.480171,16.746709,18617.76,30453.46,49251,001-446-361-4448x9021,ibaker@example.org,330458761,330102
3740accd-8b14-4428-babe-93e9827f2781,1980-07-27,,246-62-0979,S77225611,,Mr.,Gary,David,Sanchez,,,W,white,nonhispanic,male,Port Dianaborough IL US,89138 Atkins Shoal,Chicago,IL,Cook,44074,60612,-22.780976,158.935007,106510.91,11100.48,167876,622.283.6104,robin00@example.org,330522804,330102
f9146df4-1094-4fff-9c59-1cc537c8e50f,1973-03-19,,550-66-4822,S32043743,X10459976,Ms.,Sydney,Justin,Gibson,,,W,white,nonhispanic,female,Juliafurt GA US,99366 Daniel Springs Suite 076,Savannah,GA,Chatham,01337,31404,-14.283965,137.753834,69249.78,24467.68,59513,636.725.5680,kristinlynch@example.com,330523588,330102
a19788b1-e4f9-4a92-b655-accc361c1c33,1964-05-31,,399-20-2742,S93695630,,Ms.,Lauren,Justin,Lee,,Fritz,M,black,hispanic,female,Guzmanberg GA US,9065 Romero Path,Savannah,GA,Chatham,48934,31404,-23.776888,-107.745066,45021.42,14042.84,79064,001-962-879-5617,alice16@example.net,330611978,330102
2dd434cb-b208-48b5-bf23-4e5519033ceb,1938-11-02,,114-50-9922,S32398571,,Ms.,Shannon,Pamela,Thompson,,Underwood,,white,hispanic,female,East Tracey MA US,409 Wilson Dale,Boston,MA,Suffolk,52017,02215,-16.535732,60.429008,57892.01,23472.11,55945,(768)531-5008x406,tbishop@example.net,330440094,330102
e466b434-f0b3-4738-a02b-0d85863177e5,1933-08-30,,482-66-1988,S60059440,,Ms.,Morgan,David,Roberts,,Morris,D,other,nonhispanic,female,Hodgesmouth AZ US,68406 Stevens Harbors Suite 661,Phoenix,AZ,Maricopa,22298,85006,-63.718561,-50.026321,6897.48,70343.72,24777,(416)749-3512,jenniferrogers@example.org,330974340,330101
87eac5a9-dacf-4339-9083-68edefb6838a,1977-04-17,,367-98-7161,S35402618,,Mr.,Richard,Evan,Harris,,,S,black,nonhispanic,male,New Jackmouth GA US,9129 Miller Stravenue Apt. 798,Savannah,GA,Chatham,52106,31404,-65.482983,-63.388158,19704.69,76721.53,80409,001-908-998-2730,ifleming@example.org,050244808,050201
8df312af-19c9-4e92-88f3-c95f837feb0f,1993-03-21,,096-64-0828,S80064508,,Ms.,Barbara,,Nelson,,,M,other,hispanic,female,Crawfordborough GA US,79019 Davis Stream,Savannah,GA,Chatham,55477,31404,-18.736554,-154.020974,45664.37,35179.77,94551,686-383-1781,tina59@example.com,140993726,140401
b97047ed-2fcc-4fc5-9d1f-796e2ac0e228,1964-03-01,,219-88-0284,S16935823,X75435828,Mr.,Jaime,,Quinn,,,M,black,hispanic,male,Port Kevin TX US,095 White Knolls,Austin,TX,Travis,55478,78702,-24.969527,-105.869066,25358.38,10678.32,76212,+1-478-498-3228x397,dianejackson@example.org,330727591,330101
9d57c3a2-24e0-4941-bbcf-baaa321e8520,1933-10-13,,690-35-0495,S10567338,X78696591,Mr.,Alex,,Bruce,,,D,white,nonhispanic,male,Johnstonfurt MA US,371 Jamie Tunnel,Boston,MA,Suffolk,50365,02215,61.006003,-100.770065,11517.37,15009.23,94465,345-425-4032x663,imartinez@example.net,050317274,050201
723d0029-9b9f-4b68-ab54-066a7098c6aa,2004-01-27,,026-54-6211,S66774360,,Ms.,Sherry,Jennifer,White,,,D,white,nonhispanic,female,South Robertmouth TX US,165 Lane Place,Austin,TX,Travis,04879,78702,-22.314731,136.788843,25812.54,2307.24,15893,9497385463,bakereric@example.org,330983918,330102
ea4cb96b-3790-4184-b9fe-db8a7ad7f13c,1960-03-20,,419-97-2281,S14920060,,Mr.,Billy,Lisa,Dillon,,,D,white,nonhispanic,male,Port Brendaport IL US,1748 Berg Street,Chicago,IL,Cook,47245,60612,-63.90898,-91.111204,14021.64,8234.5,47287,(386)284-3218x02781,abigailandersen@example.com,050101002,050201
ccdf463d-55e1-4554-8d06-ef22d887fa13,1984-04-07,,771-92-7485,S20000706,X22051915,Mr.,Ronald,,Gray,,,M,white,nonhispanic,male,Farmerhaven AZ US,9577 Theresa Station,Phoenix,AZ,Maricopa,42190,85006,-73.352062,-44.405484,8828.86,67098.24,78426,6144514698,denise06@example.org,330600035,330102
9d5daddf-fcfc-4dcf-b103-80ebf3613282,1986-03-05,,276-36-2089,S82925199,X90613428,Ms.,Rebecca,,Murphy,,Hudson,,white,nonhispanic,female,Lake Donna GA US,99957 White Canyon,Savannah,GA,Chatham,37254,31404,-53.40863,-47.601702,37092.32,40602.51,72769,(269)352-8375x447,psmith@example.com,140730879,140401
048fe1b8-9aa7-4e9b-8b7d-d25ad7fed984,1949-05-19,,003-04-0206,S32147236,X79025845,Mr.,Brendan,Theresa,Abbott,,,S,white,nonhispanic,male,Joelburgh IL US,810 Xavier Gateway Apt. 669,Chicago,IL,Cook,26915,60612,31.298935,-158.325726,13585.83,47170.94,71179,(470)712-8427,rowlandnancy@example.org,330886597,330101
9f5b5d4e-e8a9-4515-b5ac-d9719dccb5c2,1961-04-10,,331-46-1573,S63417927,,Ms.,Rebecca,Wanda,Townsend,,,D,other,hispanic,female,West James MA US,555 Samuel Canyon,Boston,MA,Suffolk,21522,02118,-82.980239,178.393186,94043.2,1505.03,30647,255.659.8024,oburns@example.org,330302217,330101
c028cd1d-964a-419d-8039-6f424d63b81e,1933-04-29,,761-13-0136,S91581313,,Ms.,Maria,,Cole,,,,white,hispanic,female,Lake Ann MA US,91304 Baker Prairie,Boston,MA,Suffolk,12958,02215,-53.114049,-65.977362,65356.23,12449.87,47553,259.979.0181,jeffrey23@example.com,330303204,330102
728a8f19-28ca-4a37-a868-b1e024b569e3,1962-01-12,,398-74-7860,S94571004,,Ms.,Donna,Nicholas,Hill,,,D,white,nonhispanic,female,Youngbury IL US,7386 Ross Garden,Chicago,IL,Cook,10842,60612,79.96384,105.941223,29526.45,64891.53,111187,001-562-267-8081x80593,bpreston@example.org,330621160,330102
de87077c-4e04-47c8-906a-d61dfb598015,1961-04-29,,778-49-6833,S93034209,,Mr.,Kyle,,Ramsey,,,,black,nonhispanic,male,Jonesside AZ US,824 Page Crossing Apt. 501,Phoenix,AZ,Maricopa,42921,85006,20.718039,163.19799,50072.09,3474.74,19545,(798)354-9367,qhale@example.org,030134584,030301
2da260a5-a97d-4640-bc63-d30b2d9d4e2f,1968-09-21,,723-94-1102,S58696343,,Mr.,Kerry,Sarah,Haas,,,S,other,nonhispanic,male,East Elizabethport MA US,7223 Ayala Union Apt. 136,Boston,MA,Suffolk,19702,02118,-67.446316,-146.230693,49328.37,108279.89,30402,(267)895-9594,johnmartinez@example.net,330482759,330101
04999f90-ed55-4802-b4fb-da4594542c14,1937-07-27,,797-42-2485,S59043430,X37188944,Mr.,Samuel,,Yoder,,,M,white,nonhispanic,male,New Jennifer TX US,174 Sean Road,Austin,TX,Travis,36267,78702,86.485218,122.922216,21733.95,17873.5,15799,(522)633-3920x350,zadams@example.org,140203737,140401
590c3469-cc64-42d3-b8c2-2090793988ce,1949-09-17,,342-50-6878,S72420492,,Ms.,Andrea,Alex,Hart,,Hudson,S,white,hispanic,female,Port Gregorychester CA US,11416 Smith Ways,Oakland,CA,Alameda,02939,94609,59.890209,-172.548977,87875.86,6528.05,87948,399-934-3276x24945,bryan55@example.com,330287347,330101
1d29682c-59cc-46e3-9678-e944a1ce644a,1937-03-04,,215-44-7939,S45298307,,Mr.,Austin,Daniel,Williams,,,S,white,nonhispanic,male,East Williammouth AZ US,99115 Zamora Plains,Phoenix,AZ,Maricopa,39730,85006,66.644847,177.814412,340558.52,57643.86,37806,413-963-5591,sandrathompson@example.net,140295728,140401
2a601c03-aedb-40e6-bec7-189c26672229,1978-04-29,,384-49-1984,S14641105,,Mr.,Dustin,Joanne,Myers,,,D,other,nonhispanic,male,Cabreraborough MA US,521 Henry Road,Boston,MA,Suffolk,09221,02215,1.114178,-6.575233,75727.46,11364.52,101184,(516)398-4214x01485,tannerjane@example.net,330600095,330101
52daf0d7-3df2-43f2-9503-47304ab8bd87,1957-05-29,,686-51-5254,S99361668,,Mr.,Kevin,,White,,,M,white,nonhispanic,male,Codyberg GA US,165 Pamela Parks,Savannah,GA,Chatham,52201,31404,16.10663,-71.538862,62013.41,27818.18,15239,(838)301-6019,david95@example.net,330885682,330102
695f5aad-5fb3-43a1-8e38-9100c2c47e74,1997-10-09,,282-62-4598,S37028393,,Ms.,Karen,,King,,,D,white,hispanic,female,Gregoryfurt IL US,8245 Albert Avenue Suite 367,Chicago,IL,Cook,41890,60612,-8.339569,40.779746,53163.82,39422.87,53783,294-799-5650x788,snyderpamela@example.com,330222643,330102
6d6280bc-c7bf-4204-a7b4-075af78f80c0,1969-11-01,,663-83-2862,S93078744,,Ms.,Kayla,,Jenkins,,Lane,W,white,nonhispanic,female,South Rebecca TX US,583 Rodriguez Radial,Austin,TX,Travis,20455,78702,14.167142,22.514329,77429.78,4015.57,27338,001-515-214-3937x9267,davisbrian@example.net,330951607,330102
232802d6-dcea-4e80-8396-8a46fca06582,1962-07-14,,129-82-5206,S13470715,,Ms.,Sierra,,Hill,,,S,white,hispanic,female,East Bryan MA US,1091 Jason Groves,Boston,MA,Suffolk,43592,02118,-50.604485,112.285301,99774.57,10803.94,45881,+1-698-645-9369x8327,jjenkins@example.net,330551158,330102
d4d1a373-9850-4d76-b3f9-96b5628a8889,1993-10-15,,080-03-4231,S98934339,,Mr.,Matthew,William,Gonzalez,,,W,asian,nonhispanic,male,North Theresatown IL US,602 Bennett Pine,Chicago,IL,Cook,02318,60612,25.369803,-62.007019,28608.18,4798.71,86588,(296)330-7473,mstevens@example.net,330207969,330102
cec3992f-2d59-4da1-aa04-ee0511859b96,1980-03-18,,539-18-7617,S82971608,,Mr.,Edward,Gabriel,Richmond,,,,white,hispanic,male,Brewerfort CA US,703 William Shoals Apt. 809,Oakland,CA,Alameda,19660,94609,59.196494,-132.148216,8803.82,21299.54,58583,(823)988-3898,carlsondawn@example.org,330629714,330102
fd8150de-8fc9-4b13-a3cb-dc373bfcd596,1931-02-01,,190-90-4894,S91942789,,Mr.,Joseph,Zachary,Brown,,,S,white,nonhispanic,male,Georgeville AZ US,081 Gwendolyn Pines Suite 194,Phoenix,AZ,Maricopa,54663,85006,81.82741,-50.997467,11954.23,17376.8,18901,001-475-447-0689,vshah@example.net,330279690,330102
0ecfd4c3-9dd0-4957-a9a9-bff21abcd789,1999-04-23,,024-56-9923,S78677682,,Mr.,Erik,,Holmes,,,W,white,nonhispanic,male,West Danielland TX US,049 Kelly Rapids Apt. 764,Austin,TX,Travis,16599,78702,9.269037,-132.730169,203881.11,11018.96,17247,+1-224-912-2857x48247,jenkinsvincent@example.org,330314942,330101
33517bc2-a739-48a5-b0a4-7e6ccb638818,1997-06-15,,047-27-1220,S67990866,,Ms.,Deborah,Andrew,Rodriguez,,,D,white,nonhispanic,female,Duranside MA US,4494 Tanya Neck,Boston,MA,Suffolk,09077,02215,-8.036698,2.779027,33996.5,10782.55,76735,992-816-1181,davidyang@example.com,330769780,330102
b9951ee3-32b4-4c7f-a618-5d429790747c,1959-07-21,,214-34-6440,S48639451,X63999368,Ms.,Jodi,Tiffany,Jackson,,,W,white,nonhispanic,female,Amandamouth CA US,292 Odonnell Camp Apt. 491,Oakland,CA,Alameda,33042,94609,37.374173,-144.293627,13768.95,6393.28,16296,(788)550-6354,jonathan29@example.net,330162056,330102
94b3068a-2f1b-47dc-b454-e6f7a6a30edb,1949-07-02,,855-50-1585,S48198271,,Mr.,Benjamin,Timothy,Jackson,,,W,white,nonhispanic,male,Carrollmouth MA US,3582 David Circles,Boston,MA,Suffolk,31204,02118,-78.727271,168.529367,24084.44,64855.44,29430,+1-461-304-2645x895,charleswagner@example.com,140421529,140401
d85a075c-06ec-4db1-a98d-7b41d261c1d0,1952-06-13,,329-58-8893,S34962127,,Mr.,Michael,Blake,Johnson,,,M,white,nonhispanic,male,Simpsonmouth AZ US,632 Kimberly Views,Phoenix,AZ,Maricopa,05599,85006,-46.592987,-90.447598,30062.8,6089.71,47666,+1-274-347-9160,michaelgutierrez@example.com,330275862,330102
181d3d85-102e-495e-a680-e0c3b30fe99a,2006-06-07,,004-82-7203,S51217293,X26478993,Mr.,Jose,Martin,Mccann,,,D,black,nonhispanic,male,North Dylanberg GA US,702 Teresa Burgs Apt. 038,Savannah,GA,Chatham,40316,31404,2.267703,28.313474,14168.77,59836.87,62728,001-792-879-3595x21602,gregory68@example.com,050582290,050201
59a0d706-8f9a-40f6-b1bd-86d84edcbd74,2014-09-27,,590-43-5926,,,,Jennifer,Michelle,Herrera,,,D,black,nonhispanic,female,North Jadefort CA US,759 Gregory Trail,Oakland,CA,Alameda,43395,94609,47.511522,-128.832144,47939.85,8080.55,51478,(669)205-1153x0529,cwallace@example.com,330350173,330102
b50f48d1-4224-45af-9d47-99ccb4ceb48b,1971-01-13,,330-09-5153,S33766300,X97200994,Ms.,Amanda,,Smith,,Farmer,,white,nonhispanic,female,Nataliehaven MA US,45589 Green Views,Boston,MA,Suffolk,37110,02118,78.068336,-134.933185,7501.47,1683.25,61883,001-981-233-1905,cynthiagriffin@example.com,050520239,050201
64931774-e4a2-4bf5-b779-67b28c117de5,2004-12-11,,223-67-5543,S74378871,,Ms.,Sue,Hannah,Williams,,,,other,nonhispanic,female,Angelaport MA US,91760 Luna Fall,Boston,MA,Suffolk,26464,02118,-44.23805,-77.638967,24756.31,150125.19,84968,(566)850-9792x6092,angela93@example.net,050165232,050201
f7fce8ad-ed81-4752-b1d9-54a4cc78e70a,1956-10-26,,331-17-8595,S48840000,,Ms.,Andrea,Zachary,Wong,,,D,white,nonhispanic,female,Johnmouth GA US,5983 Ryan Fork,Savannah,GA,Chatham,19010,31404,-64.168306,12.60173,29407.27,23389.29,186266,801.490.9704,jason52@example.org,050519080,050201
c524ee2d-73c2-4b38-9752-6de73fa4dc9b,1955-10-22,,128-70-5386,S48718460,,Ms.,Deanna,Brianna,Gordon,,,,white,nonhispanic,female,East Renee AZ US,833 Park Road,Phoenix,AZ,Maricopa,36246,85006,-62.807394,51.459813,14779.27,5750.76,13851,001-775-661-8225x0687,christophergallegos@example.org,030805294,030301
a0404ece-f36a-443f-a03d-d705c66a6c08,1937-02-06,,783-53-5661,S86855781,X69695585,Mr.,Kevin,Jeffrey,Kelley,,,W,white,nonhispanic,male,North Caitlin GA US,5374 Bell Track Apt. 233,Savannah,GA,Chatham,32973,31404,68.953694,125.365011,3761.82,20709.15,59176,(438)210-5985x3497,michelethomas@example.net,030401834,030301
2f49e35e-e9a6-44aa-a2a5-9678ce928982,1971-09-17,,319-91-6287,S63716944,,Mr.,Todd,Samantha,Johnson,,,S,white,nonhispanic,male,Charlesburgh TX US,42380 Hernandez Lights,Austin,TX,Travis,28663,78702,-89.729057,-12.768985,171366.8,43827.23,38157,001-335-277-5424x72349,reynoldstravis@example.com,050990985,050201
1c36e8f9-17fb-47c3-8100-cb2a76e401c9,1958-09-19,,419-99-0254,S81171868,,Mr.,Albert,Timothy,Maldonado,,,,white,nonhispanic,male,Lake Nicholas MA US,86742 King Summit,Boston,MA,Suffolk,03853,02215,-76.283974,28.927969,33802.97,15788.56,8807,+1-625-284-4798x68341,harrisbrooke@example.net,050431761,050201
df6bf486-b523-4019-a589-2b704616c7a8,1945-05-29,,011-91-6571,S59888918,,Ms.,Linda,Roberto,Kim,,,W,white,nonhispanic,female,Port Rebeccaburgh TX US,3070 Kerri Shoal Apt. 603,Austin,TX,Travis,26918,78702,-76.155783,-35.689337,30303.76,11093.45,97487,810-928-9689,samanthasanchez@example.net,050420492,050201
a8f0bfdd-b1b0-48e8-b05d-4654c40e7532,1944-10-11,,209-24-6748,S29967287,X15591084,Ms.,Samantha,,Edwards,,Johnson,W,black,nonhispanic,female,Sheilahaven GA US,0306 Hill Squares,Savannah,GA,Chatham,08330,31404,14.136137,56.640225,127328.36,20296.04,40676,330.929.9622,brownkimberly@example.net,330355295,330101
fc54df0f-ce0f-430a-b7e1-d5d98cf99f24,1945-08-20,,765-18-5960,S99836240,,Ms.,Carla,John,Gardner,,,S,white,nonhispanic,female,West Kathryn TX US,63631 Kennedy Stravenue,Austin,TX,Travis,29095,78702,81.044761,-15.974505,23376.77,62978.86,145268,748.376.0298x29422,pmaxwell@example.com,330162854,330102
4b441523-3687-4280-8de5-8437bb7099af,1971-02-24,,355-16-8082,S99919810,,Ms.,Amber,,Wilson,,,D,black,nonhispanic,female,Jeffreyburgh MA US,71563 Ward Plaza,Boston,MA,Suffolk,26498,02118,42.138843,-129.162956,15572.27,18193.22,47623,001-514-630-8248x164,gouldjenna@example.org,330910372,330102
a5f6255c-86c1-4df0-8112-16c21319e261,2005-11-28,,271-91-6572,S92443411,X14771772,Mr.,Ronald,,Clark,,,W,other,nonhispanic,male,West James AZ US,254 Leon Terrace Suite 641,Phoenix,AZ,Maricopa,46741,85006,62.830877,172.833075,49545.14,32865.8,40217,+1-734-462-6142,shannonpierce@example.net,330785222,330102
c529599b-c74a-4059-9bd7-574788cdb804,1961-03-22,,049-11-5101,S68472823,,Ms.,Ashley,Allen,Shaw,,Henderson,S,white,nonhispanic,female,Duranberg CA US,277 Odom Lake,Oakland,CA,Alameda,55312,94609,-16.790735,172.853914,11779.5,42488.77,20430,+1-810-555-3973x88586,patelroy@example.org,330542962,330101
e52a6d5a-c2a3-480e-bafc-5666c8093dc6,2001-03-16,,574-46-3329,S18525157,,Ms.,Janice,Kristina,Lee,,,D,white,nonhispanic,female,Port Barbaraville AZ US,7427 Heath Drive,Phoenix,AZ,Maricopa,35535,85006,65.376396,31.262345,38449.48,23883.31,108170,308-211-6047x3479,shaneyoung@example.org,330784653,330102
4bbee0bd-06c9-4759-b759-be57b2aef007,1932-09-21,,652-62-9743,S76426459,,Ms.,Jamie,Misty,Olson,,Rodriguez,W,other,nonhispanic,female,Mclaughlinhaven CA US,0919 Garrett Spur Apt. 941,Oakland,CA,Alameda,25293,94609,45.082899,59.042955,44808.32,7096.05,54260,567-513-9527,qbuck@example.net,330932434,330101
7a7ba2c0-c321-492a-825a-933a3b5d6710,1961-08-27,,044-05-8665,S42807142,,Ms.,Marissa,Casey,Rodriguez,,Santos,S,white,nonhispanic,female,Tamaraborough CA US,50308 Valenzuela Turnpike Suite 610,Oakland,CA,Alameda,46224,94609,74.447429,61.286214,26951.08,15300.87,21484,626.836.3490,mparker@example.org,330264252,330101
0c4fda00-0539-453e-b4f7-9961394560ca,1958-04-07,,138-88-8455,S89173057,,Mr.,Christian,Mary,Harding,,,D,black,hispanic,male,Lake Williamburgh GA US,8610 Walker Highway Apt. 216,Savannah,GA,Chatham,54065,31404,-38.803179,166.31183,299423.44,3460.19,101583,5977667537,rmitchell@example.com,330106181,330101
c62623e4-3350-4ade-a3de-757cea41645c,1950-04-08,,780-27-1833,S23823169,,Ms.,Misty,Eduardo,Allison,,,W,white,nonhispanic,female,West Shannonhaven TX US,0275 Kimberly Ports,Austin,TX,Travis,23743,78702,38.310747,168.693304,158287.39,49650.77,217060000,488.806.5471x61028,brandon54@example.com,330654690,330102
3d4e1b1b-8d91-4593-ab94-00b0f8322bff,1961-10-31,,375-39-1933,S15409280,,Mr.,Joseph,David,Newman,,,M,native,nonhispanic,male,Sullivanborough CA US,4183 Carter Parkways,Oakland,CA,Alameda,43831,94609,30.278901,54.375751,226688.58,3313.22,22626,(737)687-6692x652,jjohnson@example.com,030149224,030301
99ea4f4c-2609-4dbe-8626-9d6b45e00d25,1926-08-05,,861-37-4890,S19305825,,Mr.,Austin,,Turner,,,,black,nonhispanic,male,New Sandraberg AZ US,1050 Tucker Walk Suite 194,Phoenix,AZ,Maricopa,22939,85006,-45.365951,61.943828,12969.53,2909.11,30178,665.469.6190x5911,jeremy57@example.com,140648438,140401
6c7ee5c6-6d5f-4b55-a7bd-1dbb23efbfb9,1963-01-18,,494-33-3042,S97049485,,Mr.,Nicholas,,Curry,,,S,white,hispanic,male,Lake Joshuashire AZ US,332 Danielle View Suite 092,Phoenix,AZ,Maricopa,48182,85006,-29.815494,67.143556,36665.62,5987.83,37311,001-528-475-0314x220,estradageorge@example.net,330599161,330101
1297eb23-c3ce-4d2a-8209-8fca3e60c4b0,1978-10-16,,833-35-6186,S58384338,,Ms.,Whitney,Rhonda,Myers,,Hunt,S,asian,nonhispanic,female,New Reneechester CA US,3491 Raven Rapid,Oakland,CA,Alameda,18071,94609,52.390633,89.608483,36008.88,35128.42,65174 mg,001-252-611-7286x57487,daisygeorge@example.org,330396308,330102
f9cd56fa-9ad7-49ab-9819-5ea2717c90e6,1981-05-09,,431-69-6627,S43520217,X22418029,Ms.,Lynn,,Larson,,Dominguez,,white,hispanic,female,West Angela IL US,368 Derek Loop Apt. 175,Chicago,IL,Cook,29757,60612,29.288479,-128.273135,14482.63,15894.41,82004,001-613-694-3505x4476,jeremy70@example.net,030844614,030301
d756aaa4-393d-4c0a-b554-833be69e0de9,1925-07-16,,485-45-2056,S82288313,,Mr.,Jonathan,Laura,Schmitt,,,W,white,nonhispanic,male,East Cody TX US,3811 Garcia Canyon,Austin,TX,Travis,12514,78702,14.264924,42.109037,30613.85,83205.54,35581,+1-437-977-1946x35920,lisa94@example.net,330368765,330101
a89745e8-ce87-4b68-8b9a-0d906285dd59,1924-08-17,,635-66-4215,S74198636,X32730146,Mr.,Jeffrey,Tyler,Velazquez,,,W,other,nonhispanic,male,Port Josephland AZ US,41464 Lopez Viaduct Apt. 828,Phoenix,AZ,Maricopa,40451,85006,36.921376,-43.682191,17932.44,25967.27,43645,+1-764-752-7674x015,phillipsteresa@example.org,050719252,050201
27c225db-dcb2-4794-be1c-5342c7e96384,1946-01-21,,824-53-1209,S44620986,X34673112,Ms.,Amanda,Barbara,Johnson,,,,black,hispanic,female,East Kristen AZ US,026 Kelsey Rapids,Phoenix,AZ,Maricopa,50447,85006,55.043019,159.713027,42582.28,6121.91,106616,981.290.1676x995,matamelissa@example.com,140294391,140401
dc11d29a-b5e9-4caf-bea3-708e3ab50544,1934-08-26,,220-35-9167,S61034205,,Mr.,Johnathan,Kayla,Owens,,,M,white,nonhispanic,male,Ryanborough TX US,621 George Pike Apt. 114,Austin,TX,Travis,50516,78702,70.28068,-144.11307,127762.73,32479.6,53318,(996)548-4138x251,grubio@example.com,330820770,330101
eae97b83-9ebf-4c73-99cc-46e54abd67cc,1975-05-23,,804-96-7732,S23943663,,Ms.,Jennifer,,Simmons,,,M,white,nonhispanic,female,Schwartzhaven MA US,41743 Smith Avenue Apt. 705,Boston,MA,Suffolk,03997,02215,40.4281,-45.132999,12099.75,22525.04,20807,001-401-291-4480,eruiz@example.org,050427587,050201
ec98e0ab-737f-45f3-8393-56329a3fdbe5,1975-02-20,,289-78-1934,S94374699,X18717036,Ms.,Teresa,Bethany,Jensen,,,,other,nonhispanic,female,Freemanbury MA US,339 Tyler Prairie,Boston,MA,Suffolk,40187,02118,9.544996,169.73395,23838.1,13925.48,47206,703.747.0644x6858,steven07@example.com,140339403,140401
2ff966f7-8bdc-434a-b4d5-6e587bd7cd55,1998-04-16,,444-31-0247,S80818904,X14062446,Ms.,Brittany,Adam,Lang,,,M,white,nonhispanic,female,Smithside AZ US,31222 Martin Green,Phoenix,AZ,Maricopa,07394,85006,-10.616176,-137.000386,5922.24,26315.03,37366,(730)537-3458x392,pmontoya@example.net,330510168,330101
c60fc073-53bc-4ea1-b7f1-14275da3cbee,1932-02-08,,206-38-4753,S59034993,,Mr.,Justin,Shane,Dalton,,,S,white,nonhispanic,male,Andrewshire MA US,716 Emily Parkways,Boston,MA,Suffolk,18279,02118,-11.41172,-139.82036,33580.02,31400.42,79298,617.209.2934,pamelaleon@example.net,030202338,030301
26271f83-bdff-47cc-a7b8-a641635d840d,1973-05-17,,323-02-3728,S96947517,,Mr.,Michael,Kelly,Yates,,,S,white,hispanic,male,Aliciaton GA US,247 Daniel Manor Apt. 583,Savannah,GA,Chatham,22048,31404,3.712293,-116.758995,13545.48,14962.38,58587,440-332-1630,kbell@example.com,330461416,330101
dcb120c1-1987-462e-bd72-015157286b99,1978-07-25,,870-58-7352,S75990105,,Ms.,Linda,,Lee,,,W,white,nonhispanic,female,Jackieton IL US,081 Bailey Route,Chicago,IL,Cook,44897,60612,-40.488493,-71.617742,27416.64,16874.08,52922,9705966745,choover@example.net,330840366,330101
7c710252-a1b2-431a-abd9-b7c41a7999c8,1993-02-15,,878-02-7209,S78782481,X32441548,Ms.,Alicia,Gary,Rodriguez,,Meyers,,other,nonhispanic,female,North Jacobport MA US,482 Deborah Prairie Apt. 812,Boston,MA,Suffolk,17821,02215,-2.324698,-168.790754,24293.62,5478.7,15786,719-355-7460,kaylee91@example.org,330360644,330102
0070e711-c43b-4f8d-9d81-357aa5787037,1986-06-09,,377-98-5859,S90405389,X91396553,Ms.,Pamela,Jared,Baker,,,,other,nonhispanic,female,Port Rachel TX US,3518 Erika Mission,Austin,TX,Travis,37069,78702,7.950108,-5.395772,26074.41,12661.13,42660,811.948.2266x0658,teresamason@example.org,330366635,330102
e024c4f1-1ec2-4b93-8bdf-da2926229e92,1956-12-20,,477-64-2486,S25957472,X70268274,Ms.,Kimberly,,Shannon,,Harris,S,white,hispanic,female,West Dawn GA US,5329 Gregory Drive,Savannah,GA,Chatham,53266,31404,-89.751424,88.871326,43646.09,11151.85,40755,974.578.2501x95898,woodsjulia@example.net,050820027,050201
999fcf98-d965-4924-9bfe-ed9ed09d21f5,1961-12-21,,800-66-8766,S95460769,X27176504,Ms.,Carla,Matthew,Bowen,,Moore,S,white,nonhispanic,female,Martinezview CA US,82696 Smith Ports,Oakland,CA,Alameda,34397,94609,-1.545432,-69.759302,25408.24,16281.0,25803,532-508-8678x46893,connorweaver@example.com,330792550,330101
db8dba37-775e-4e99-bb6f-b30eb2e6f7a6,1975-10-11,,357-99-7673,S51090154,,Ms.,Angela,Roger,Bradley,,,D,white,hispanic,female,Lake Derekfort IL US,65195 Montgomery Circle,Chicago,IL,Cook,04462,60612,-62.589664,-27.073627,42674.82,9233.01,109800,429-228-5809,simonjared@example.org,030355245,030301
8aea5f1b-f03b-4858-a9b4-93ba265be237,2006-03-22,,241-25-4976,S59443775,,Mr.,Gregory,Daniel,Wright,,,M,white,nonhispanic,male,Lake Katherine MA US,7364 Lane Squares Suite 321,Boston,MA,Suffolk,43788,02118,67.51552,71.071621,23752.57,34504.06,50176,001-450-805-6585,franciscoolsen@example.com,050482447,050201
15657a74-440b-416e-9497-a37d44062eec,1988-07-14,,582-89-3063,S80223826,X96646634,Mr.,Dustin,Marcus,Miller,,,S,black,hispanic,male,Lake Kennethshire CA US,3920 Austin Manors Apt. 221,Oakland,CA,Alameda,24697,94609,49.378385,146.498083,9026.08,45252.99,21285,245.885.2485,stephanie83@example.net,050527644,050201
76ac5c17-57ed-4862-8813-b603ba282daa,1980-03-29,,583-39-5490,S32397959,X49071501,Mr.,Christian,Jennifer,Rhodes,,,S,white,nonhispanic,male,Jenkinsland MA US,15561 Christine Ranch Apt. 502,Boston,MA,Suffolk,44538,02118,-83.690494,-130.115761,43391.34,37186.35,97110,+1-777-793-3813x3010,chelsea56@example.com,050549856,050201
0bdc40f2-6e81-4360-9ccd-26835425f270,1955-12-12,,460-43-9180,S17539368,,Ms.,Alexandria,Leonard,Benson,,,S,white,nonhispanic,female,Lake Debbiehaven CA US,492 Jaime Fields,Oakland,CA,Alameda,13043,94609,-62.840353,60.003313,73238.79,1715.12,48258,947-777-0503x406,james65@example.net,140908136,140401
9793587a-eb88-4f48-9d39-3b60021ca528,1974-12-25,,408-83-9709,S45847496,,Mr.,Cody,Mikayla,Adams,,,D,white,nonhispanic,male,West Kristenfurt CA US,3431 Curtis Turnpike Apt. 498,Oakland,CA,Alameda,21873,94609,-72.957392,125.068172,60722.7,2211.82,21770,315-709-9676x8613,huntroger@example.org,140615406,140401
de7598bb-1be3-4904-ad80-00a747d17af3,1976-08-23,,631-45-6711,S42286428,X92588735,Mr.,Brandon,Madison,Brady,,,S,other,nonhispanic,male,West Timothy IL US,2596 Kimberly Divide Apt. 528,Chicago,IL,Cook,49197,60612,25.323424,60.701847,200408.62,1750.63,78144,7189414667,vsmith@example.com,330877625,330101
76ebe2e0-44c5-476a-abaf-010d077d6838,1959-09-05,,487-07-0894,S81357220,,Mr.,Clifford,,Brown,,,S,white,nonhispanic,male,Wrightland TX US,0817 Jean Crossing Apt. 326,Austin,TX,Travis,38590,78702,69.469425,-9.000086,23178.52,21592.19,42280,771-267-0539x76098,olivia35@example.net,330542584,330101
8e8293e3-7977-46f9-aef3-cf683cc5f0e6,1995-01-04,,827-93-2339,S49715939,,Mr.,Jackson,,Matthews,,,,white,hispanic,male,New Emilyside TX US,00188 Obrien Creek Apt. 800,Austin,TX,Travis,15939,78702,-31.919716,63.747447,16192.13,5471.52,120161,718.945.9985,christian65@example.net,330701139,330102
4ef54042-4cad-4997-be65-e9b76c0a814b,1925-05-14,,721-85-6381,S53107934,,Mr.,Thomas,Russell,Garza,,,W,other,nonhispanic,male,Erinton TX US,1392 Henderson Squares Suite 229,Austin,TX,Travis,39451,78702,58.685321,133.152519,35144.05,7981.35,56236,577.806.2401,rjensen@example.org,330657329,330102
316826cb-708a-4040-b767-5916f9f2c290,1980-06-11,,809-92-6721,S29504665,,Ms.,Angela,David,Hudson,,,D,white,nonhispanic,female,Grayfurt MA US,21095 Rivera Springs,Boston,MA,Suffolk,34542,02118,83.595704,67.03872,21178.32,2087.62,99139,756-565-4523x7414,johnsonelizabeth@example.com,330159453,330102
328b835e-c691-487b-8ad9-7a2606d59afc,1999-08-05,,364-23-6527,S12565002,X56256097,Mr.,Jacob,,Kelly,,,W,white,hispanic,male,Kimberlymouth MA US,346 Huffman Path,Boston,MA,Suffolk,34748,02215,74.768415,141.645036,15781.29,13283.12,41777,+1-909-538-6085x8410,xmeadows@example.org,330513418,330102
93aacd5b-fdb9-4f1a-b1a9-662e29281f93,1948-09-07,,035-77-6713,S62318974,,Mr.,Brent,Carlos,Burton,,,D,white,nonhispanic,male,Christophermouth GA US,404 Christian Fork,Savannah,GA,Chatham,47485,31404,-77.97859,-130.771638,157173.9,2829.53,32091,8963200826,john17@example.com,330325274,330102
9a93ae89-be9a-4131-9ac8-def5175ea627,1924-09-13,,680-18-9850,S16066188,X37043981,Mr.,Patrick,John,Yates,,,,white,nonhispanic,male,Jessicaton CA US,4841 Tracy Park,Oakland,CA,Alameda,33011,94609,57.749674,-71.534068,52132.93,10988.26,42294,(393)974-1652x77181,ryanallen@example.org,050273697,050201
48d5167f-ff17-47a1-9781-51a32c3a0ff3,1988-08-20,,720-22-4126,S81153059,,Mr.,Brandon,Shane,Branch,,,W,other,nonhispanic,male,Lake Hannahhaven AZ US,525 Elizabeth Mountains,Phoenix,AZ,Maricopa,09753,85006,10.741224,-43.220089,7856.23,55675.84,26118,515-440-9474x7635,grayanthony@example.net,030789254,030301
752d76f9-5a9b-43bf-a045-b458019567db,1964-12-17,,744-36-1150,S16321518,,Ms.,Crystal,Alisha,Rodriguez,,Roy,D,white,nonhispanic,female,Andrewshire MA US,385 Joshua Junction,Boston,MA,Suffolk,47695,02215,-24.911099,-167.175183,4321.44,16386.57,15488,596.353.4774x12046,bautistaelizabeth@example.com,030562621,030301
64b8f7de-0d29-47a5-9356-b38f301a1d89,1952-03-22,,623-18-8940,S74849868,,Mr.,Timothy,Jennifer,Brewer,,,W,white,hispanic,male,North Graceport GA US,433 Barber Orchard Apt. 980,Savannah,GA,Chatham,01864,31404,53.942036,-6.5492,47016.24,4894.01,161858,4295654500,danhenderson@example.com,030637559,030301
6d825057-737e-4783-ba35-d844060809c2,1984-11-03,,656-99-2576,S77180040,,Ms.,Amanda,Dennis,Hanson,,,W,white,hispanic,female,West Sean AZ US,201 Garcia Villages,Phoenix,AZ,Maricopa,16371,85006,-6.174733,-64.314838,29786.41,26572.91,178500,001-336-391-2487x35125,kellymorris@example.net,030280594,030301
4eee2b8c-c476-4672-8b4b-fc010b387676,1964-05-12,,122-42-9795,S45062244,,Mr.,Chase,Daniel,Williams,,,,asian,hispanic,male,Sergiotown AZ US,08258 Patrick Dale Suite 002,Phoenix,AZ,Maricopa,48949,85006,-32.781731,68.594491,25782.92,45105.4,49017,+1-745-741-3061x07547,bonnie09@example.com,140148564,140401
1baeb387-84e5-405c-839e-81230579a3b5,1949-09-20,,676-72-9884,S89958060,X34290999,Mr.,Mitchell,Elizabeth,Bates,,,,white,nonhispanic,male,North Martin TX US,8006 Thompson Village,Austin,TX,Travis,49059,78702,66.530999,108.878706,24667.09,6112.02,40093,001-491-571-6242x0662,linda71@example.com,140859957,140401
93a593e1-c9df-482b-9655-f624b98fe026,1924-08-19,,550-33-3491,S33032584,,Ms.,Stephanie,Laura,Boyd,,,W,black,nonhispanic,female,South Joshuaton IL US,860 White Neck Apt. 436,Chicago,IL,Cook,30778,60612,-55.785399,-63.016127,18838.41,38651.88,15579,438.730.1777x46918,lhuff@example.org,140799588,140401
01b833b7-e3e8-4146-80be-e8362269e0f3,1969-03-19,,288-40-2524,S85350772,,Mr.,Glenn,Karen,Gonzales,,,D,black,nonhispanic,male,Patriciaview MA US,0642 James Ramp,Boston,MA,Suffolk,52076,02118,44.195407,68.437942,59967.58,109657.83,47681,001-274-746-1656,mpatrick@example.org,330903291,330101
5de5b213-05f8-4119-ba68-e6b7ad0c6de0,2021-07-19,,510-26-8379,,,,David,Glenda,Dougherty,,,W,white,hispanic,male,East Patricia CA US,038 Marilyn Parkways,Oakland,CA,Alameda,33715,94609,-46.177985,52.03075,8864.14,17630.37,22678,8609156354,kdickerson@example.org,330578317,330101
51470894-0907-4250-8dca-4182b22f41b6,1925-02-24,,862-16-6819,S19419832,,Mr.,Wayne,Randall,Perez,,,W,white,hispanic,male,Lake Robertburgh IL US,30432 Thomas Tunnel,Chicago,IL,Cook,45271,60612,55.139826,172.307808,85541.8,26347.58,118097,+1-608-466-6402x656,obrienjoel@example.net,330250979,330101
8f2c57b6-7faa-4c22-9b01-5b60bfb3b2c7,1963-12-06,,618-87-6987,S87286077,X83672585,Ms.,Leslie,Jamie,Fernandez,,Miller,D,white,nonhispanic,female,Johnsonmouth MA US,03806 Patel Underpass,Boston,MA,Suffolk,16192,02215,88.826751,33.735172,77213.47,12229.79,95787,+1-276-739-5911x63555,dean05@example.com,330887188,330101
0f1f9e8d-fe04-4cee-b638-eff052d6aa79,1939-02-19,,541-72-7796,S14956994,,Ms.,Andrea,Gary,Mercado,,,S,other,nonhispanic,female,Evansview MA US,511 Robert Spurs,Boston,MA,Suffolk,54090,02118,53.634656,-69.051943,17172.77,26424.88,19852,203.641.4329,ryan43@example.com,330758354,330101
ed6a8dfc-2c67-49d2-875c-8a459d8a6a7c,1983-04-23,,775-33-9789,S56975484,X86375688,Ms.,Claudia,James,Cook,,,,asian,nonhispanic,female,Katherineview GA US,3571 Thompson Prairie Apt. 641,Savannah,GA,Chatham,51933,31404,58.086901,-11.324098,38878.21,3572.12,31277,001-854-291-3327x52775,kristen50@example.com,330592370,330101
5be92c16-1790-4ed7-8832-92171f37cba3,1971-01-13,,852-10-8010,S51397131,,Ms.,Crystal,,Jimenez,,Johnson,,white,hispanic,female,East Jesus AZ US,669 Hays Brook,Phoenix,AZ,Maricopa,48025,85006,62.806039,143.121692,20778.21,38418.48,44807,(327)513-3976,lucaslauren@example.org,330332837,330102
069c930b-6ad3-495d-be78-0496409c6315,1964-01-25,,802-90-0194,S12227092,,Ms.,Joy,Troy,Johnson,,,,white,nonhispanic,female,East Ruben TX US,35550 Walker Crescent Apt. 346,Austin,TX,Travis,17532,78702,-87.300524,-1.461586,383925.71,16749.84,25449,289-813-0539x261,deanna10@example.org,330466126,330102
2ab92ed2-5931-4c5c-a7d0-e1ca0d963fac,1933-03-06,,401-30-7125,S53622083,,Mr.,Ryan,Katherine,Armstrong,,,W,black,nonhispanic,male,Derrickchester GA US,0574 Jonathan Prairie,Savannah,GA,Chatham,17531,31404,85.947889,-10.612349,23880.28,16574.96,35674,574-899-4563,lisa68@example.org,330930258,330102
f99574fb-c88c-4087-86a0-c1d1228b78de,1954-10-26,,248-51-7312,S64719591,,Ms.,Alexandra,,Russell,,,D,white,hispanic,female,South Dennis MA US,5786 Logan Plaza Apt. 122,Boston,MA,Suffolk,47161,02118,-61.973498,-159.210404,15626.58,3147.99,74553,(856)322-8387x55314,kristin83@example.com,330545202,330102
6c00da14-d11b-4620-b1c8-ada5b40af63b,1992-06-19,,256-30-9415,S66006986,,Ms.,Sydney,,Washington,,,W,white,nonhispanic,female,East Nicholas MA US,656 Mendez Forks Suite 386,Boston,MA,Suffolk,31564,02215,78.988487,-117.975675,102395.08,35750.58,122479,894.480.4999,urichards@example.com,030476961,030301
4ada49fc-0135-4efd-b699-b42c17afdf56,1993-12-12,,175-12-4042,S76203242,X79547909,Mr.,Julian,,Rosario,,,W,white,nonhispanic,male,North Jonathan TX US,592 George Mountains,Austin,TX,Travis,02715,78702,72.090015,-135.043984,93410.82,3414.68,27049,219.543.6240x566,kevin97@example.net,030319215,030301
7d11c34f-7590-4746-9cb4-3714b5d72bf8,1964-05-11,,699-14-2176,S64217496,X49087879,Mr.,Stephen,Danny,Schultz,,,,white,nonhispanic,male,New Thomas GA US,58802 Gutierrez Inlet Suite 135,Savannah,GA,Chatham,06977,31404,16.98555,122.258879,18593.16,44476.44,20305,(590)394-1392x797,lbarber@example.org,030592309,030301
5ff678b7-0c05-4e32-8470-d1afab6e71c1,2025-11-13,,319-91-3873,,X70729160,,Valerie,Kenneth,Wilson,,,,white,hispanic,female,Lake Davidbury IL US,44475 Andrea Courts,Chicago,IL,Cook,12297,60612,-77.095568,9.061263,32935.78,5487.31,12810,470-479-3939x675,smithjason@example.net,030112034,030301
daaee6c4-50e2-446a-9746-e330f816a311,1989-06-01,,098-23-4548,S23403713,,Mr.,Tommy,,Clark,,,D,black,nonhispanic,male,North Carolchester MA US,617 Spencer Via Suite 233,Boston,MA,Suffolk,23748,02215,21.164381,130.37318,94246.59,1235.88,66755,692-731-5191,owalls@example.org,140859351,140401
5701f3fc-94ac-4078-951f-2a6dc6c3ab0b,1960-02-16,,883-23-7322,S70505545,X19242285,Ms.,Angelica,,Gonzalez,,Padilla,,black,nonhispanic,female,Beasleymouth CA US,7566 Edward Freeway Suite 128,Oakland,CA,Alameda,10445,94609,-54.281143,-84.493051,289798.91,35376.07,73907,650.296.7891,ronnie16@example.com,140136745,140401
35e4f412-623f-40f6-ba0f-b3a15000f016,1934-07-19,,727-11-6769,S61823945,,Mr.,Terry,April,Baker,,,D,white,nonhispanic,male,Dayton IL US,99134 Catherine Stravenue,Chicago,IL,Cook,48053,60612,-36.362368,89.810379,21148.37,14895.86,36809,001-258-424-3340x15432,ruthingram@example.net,140458102,140401
08c2985c-4a94-414a-8f5f-3948653d9495,1973-07-25,,480-90-4519,S83708175,,Mr.,Gavin,,Williams,,,D,black,nonhispanic,male,North Sheriburgh MA US,0912 Wise Island,Boston,MA,Suffolk,21197,02118,73.607332,98.204713,332567.04,12914.97,44052,001-672-397-6635x844,caitlinshannon@example.org,140828797,140401
10bf68a2-1a41-4f80-a5c8-f1318f8bcb1a,1993-04-06,,896-07-8596,S28995084,,Mr.,Calvin,,Oliver,,,M,other,nonhispanic,male,Hayesside CA US,308 Frederick Shores Apt. 391,Oakland,CA,Alameda,30970,94609,21.938171,161.191374,78300.93,23758.9,56428,8835224741,joanna10@example.com,110823673,110501
4c948866-32c0-4515-b787-2cbcaec5acb6,1985-12-02,,329-34-2773,S81382344,X18944790,Mr.,Christopher,Steven,Dixon,,,S,white,nonhispanic,male,Lowerymouth MA US,55134 Phillips Crossing,Boston,MA,Suffolk,07218,02118,86.457921,130.871566,16412.3,18294.76,87066,(590)362-5338x675,gardnernicholas@example.com,110847868,110501
7ebc381a-1339-4327-b126-7c8837a9b357,1972-01-30,,406-87-4826,S43556850,,Ms.,Deanna,,Gonzalez,,Kramer,W,black,nonhispanic,female,Arroyoland AZ US,4428 Ashley Haven Apt. 745,Phoenix,AZ,Maricopa,24308,85006,-51.095264,-79.923858,29765.72,46811.2,142215,5903471844,erikharper@example.com,110507217,110501
8ade839b-6337-44f6-9d8c-04e20072fbd0,1934-05-02,,034-75-4387,S32399155,X49808105,Ms.,Tammie,Jasmine,Turner,,Martin,S,white,nonhispanic,female,South Jason MA US,7032 Morgan Gardens Suite 155,Boston,MA,Suffolk,44992,02118,13.496303,25.923809,95305.34,5211.54,104928,(883)395-0026x1237,hudsonsonya@example.org,330517924,330101
1fb29980-af49-43b0-b140-41c0662ed73e,1984-12-26,,670-17-2228,S23623207,,Ms.,Sheri,,Rose,,,S,other,nonhispanic,female,Lake Amanda MA US,9173 Lewis Junction,Boston,MA,Suffolk,30042,02215,86.671322,-165.211687,15425.69,53215.07,162069,+1-514-784-1339x207,robertowens@example.org,330954697,330102
325bb465-fdf8-425c-b596-b70b996d1994,2000-07-31,,684-99-6322,S69395890,X73462480,Ms.,Alexandra,,Tran,,,S,black,hispanic,female,New Ashleymouth CA US,97059 Mercer Rue,Oakland,CA,Alameda,39537,94609,-0.679925,21.328841,13873.65,38608.79,33096,571.944.4623x79512,angie41@example.org,330631397,330102
9b3db553-7ede-47a2-9834-4aed732f598a,2004-09-20,,082-11-0579,S32835152,X73569482,Ms.,Adriana,,Flores,,,S,other,nonhispanic,female,Braystad AZ US,70906 Brian Mills,Phoenix,AZ,Maricopa,07471,85006,62.140289,68.316504,18396.5,5332.39,37519,+1-390-689-6487,kgarcia@example.net,330985123,330102
3e0df418-20c7-40d6-a63f-a2fa6d7b9d03,1987-01-25,,566-29-1397,S94321306,,Mr.,Jeremy,Joseph,Elliott,,,M,white,nonhispanic,male,Angelahaven TX US,697 Glenn Mountain Suite 368,Austin,TX,Travis,25985,78702,-10.716137,-111.005704,5320.93,45687.12,31729,281-687-4892x8136,scott46@example.net,330147816,330102
b58b7dd2-57b2-4bdc-a3d6-1d7a23a80767,1925-04-18,,802-56-6787,S64046058,,Mr.,Christopher,Amanda,Drake,,,W,black,hispanic,male,Longchester AZ US,452 Hernandez Union,Phoenix,AZ,Maricopa,07511,85006,37.581628,-92.799914,165747.52,13434.89,42559,877.702.0481x935,margaret83@example.net,330656103,330102
8abbca49-7412-4438-9728-7b2a10a3e70f,1951-12-02,,166-05-6001,S82505839,,Ms.,Priscilla,Allen,Watkins,,Pham,W,native,hispanic,female,North Jamie IL US,00837 Hancock Lock Apt. 281,Chicago,IL,Cook,42589,60612,-87.65187,-129.678642,34317.94,3154.15,121500,+1-975-510-3036x749,howardantonio@example.net,050133054,050201
44cf0bd6-7720-4c53-a2e7-d22f3e56f940,1999-01-15,,542-42-2188,S76407043,,Mr.,Melvin,,Davies,,,M,white,nonhispanic,male,South Jodi GA US,25017 Martinez Ranch,Savannah,GA,Chatham,12894,31404,-6.330666,-14.88924,91385.11,2570.78,27839,001-553-695-7594,dmejia@example.net,050905965,050201
74a82e37-43e1-43e3-ab2a-c58866a24577,1963-03-28,,797-50-2217,S92171371,X79385867,Ms.,Lisa,,Webb,,Woodward,M,white,nonhispanic,female,North Sarahbury GA US,66262 Mcdonald Avenue,Savannah,GA,Chatham,44269,31404,-63.996349,128.93261,60241.37,7384.54,22010,001-946-923-0338x457,anthonylloyd@example.net,050367728,050201
7ea82fa9-f2d6-4a72-989b-e6afa723e8ab,1966-09-05,,154-01-1866,S96376794,,Mr.,Shawn,,Meyer,,,M,white,nonhispanic,male,Josephshire GA US,6641 Anthony Spring,Savannah,GA,Chatham,14185,31404,74.086628,122.378474,14425.34,29858.61,23802,(643)845-7748,jennifer13@example.org,140666714,140401
267c3bce-c214-4546-80a0-d2b6b26c3130,1937-06-17,,417-25-9557,S42347706,X30435591,Ms.,Renee,Deanna,Morris,,,M,black,hispanic,female,Scottview AZ US,07298 Jacobs Ramp,Phoenix,AZ,Maricopa,13308,85006,22.52632,128.560324,15074.19,20272.86,42634,+1-672-738-6352x920,patricia65@example.org,140207305,140401
5edecde2-6dd2-43e8-a896-6f74129dea3c,1997-09-15,,515-01-7962,S79987281,X92211259,Mr.,Jeremy,,Powell,,,D,asian,nonhispanic,male,New Jamesville TX US,71386 Noah Squares,Austin,TX,Travis,36826,78702,-89.171413,-54.902156,6325.58,10590.65,103037,358-948-1738,ericksonjohn@example.net,140881482,140401
f59e5958-b969-45a7-b1a9-25df0da21a6d,1976-02-10,,813-65-5995,S11517966,,Mr.,Joshua,Matthew,Turner,,,S,white,nonhispanic,male,Port Amanda CA US,855 Garrison Mountains Apt. 181,Oakland,CA,Alameda,03504,94609,60.92792,60.511058,58156.17,12600.92,29814,725.753.1309x2804,dmalone@example.net,110473547,110501
ef93d9db-edee-4535-b0fb-30992c33f934,1977-07-12,,506-92-7327,S85609145,,Ms.,Diana,Lisa,Burke,,,M,black,nonhispanic,female,Powellfort CA US,5993 Alexander Street,Oakland,CA,Alameda,25338,94609,-23.303591,-41.307097,4326.07,4387.7,51835,(896)539-9011x34713,mark20@example.net,330671664,330101
3a7679c1-f166-47c2-8e2e-e31df759a17c,1967-04-29,,519-03-5638,S33106880,X33185933,Ms.,Cheryl,,Murphy,,Ramos,D,asian,nonhispanic,female,Phillipsfort AZ US,295 Robert Lodge,Phoenix,AZ,Maricopa,31164,85006,0.005928,-114.637495,40331.81,10663.67,94424,(727)976-7370,amyblake@example.org,330654451,330101
e12a2572-a170-470d-a171-d9bac69e1ecc,1959-11-25,,430-22-1921,S52314160,,Mr.,Derrick,Renee,Hill,,,,asian,hispanic,male,North Tim CA US,6780 Nguyen Club Suite 924,Oakland,CA,Alameda,14586,94609,-47.128714,-61.936162,4878.35,5840.17,45349,+1-297-960-0483x9319,ralvarez@example.com,330834681,330101
da26785a-a171-4fe1-966f-4fd5a106428f,1991-09-08,,579-66-7489,S68302706,X80940393,Ms.,Jessica,,Nelson,,,,black,nonhispanic,female,Port Aimeeberg AZ US,51812 Ryan Vista Apt. 066,Phoenix,AZ,Maricopa,19489,85006,-74.827927,-84.269347,27712.57,16494.77,32161,378.965.7655x345,corr@example.com,330623005,330102
f8a1886e-1c39-46a4-ae54-f91ae258491e,1959-05-02,,517-15-0091,S59262904,,Ms.,Angela,,Smith,,,D,white,hispanic,female,New Jeffreyview GA US,7720 Andrea Turnpike Suite 795,Savannah,GA,Chatham,10161,31404,-47.527886,-108.672429,19402.91,6996.72,50519,2712980966,zpena@example.net,330748036,330102
8c3dd4e4-fab5-4b87-ab54-12acf31dea02,1941-06-24,,776-73-6491,S16993802,,Ms.,Darlene,Jeffrey,Rogers,,,S,white,nonhispanic,female,Georgemouth MA US,30238 Taylor Way Suite 079,Boston,MA,Suffolk,10226,02215,83.228945,24.478586,7009.85,12507.58,20932,001-383-707-0440x85191,eclayton@example.net,050367868,050201
5dd0c03d-2e4e-4e5b-8299-1dcaa7be84df,1964-09-08,,191-53-6033,S24702677,,Ms.,Yvette,Heidi,Gonzalez,,,S,white,nonhispanic,female,Port John IL US,170 Fischer Summit,Chicago,IL,Cook,19609,60612,4.909381,-119.28758,91578.41,9412.17,74677,+1-819-319-7195,joseph66@example.com,050904526,050201
38118527-c94e-4b56-ae2b-6e9d1326f212,1969-08-18,,789-51-9097,S95163210,,Ms.,Gina,Randy,Schaefer,,,M,white,hispanic,female,Stephaniechester CA US,50770 Harris Burgs Apt. 824,Oakland,CA,Alameda,52948,94609,-6.605379,-66.442374,59326.77,6395.45,94019,898-900-2170x81746,woodanna@example.org,050994462,050201
deed976f-2cad-4679-8d63-101d2e9305c3,1941-03-08,,710-54-8466,S68708538,X85822340,Ms.,Amber,,Chandler,,,M,white,hispanic,female,West Jacob GA US,43961 Edwards Mission,Savannah,GA,Chatham,08907,31404,38.596958,-50.25151,56107.29,17601.84,68858,(540)616-2508x295,anna32@example.org,050864276,050201
b681ce74-e4ae-4fbe-935b-fb7823e6d0cd,1981-05-28,,212-82-4018,S52971611,X33971880,Mr.,John,Lauren,Barton,,,D,black,hispanic,male,Sandrabury TX US,207 Kenneth Mountain,Austin,TX,Travis,25517,78702,53.47238,-21.050317,42465.79,13524.14,37996,452.616.7747x67808,barbarabrennan@example.net,050964271,050201
764e957a-db01-4e7a-92b6-f7c5cc52c4fe,1932-07-31,,404-96-9518,S40941962,,Mr.,William,,Bailey,,,D,white,nonhispanic,male,South Joseph IL US,05979 Johnson Plaza Suite 247,Chicago,IL,Cook,25097,60612,-48.664733,101.767868,43371.23,1626.41,33688,001-300-348-4164x204,lonniehansen@example.com,050411373,050201
aab3d5c6-7b94-4e55-bda4-1a54e7b39569,1944-09-20,,762-11-5834,S43141007,,Mr.,Joshua,Jeff,Bryant,,,,white,nonhispanic,male,Lake Johnside IL US,33428 Kyle Path,Chicago,IL,Cook,27561,60612,-35.663233,-171.967264,114581.06,52777.67,52077,277.918.6458,ryantyler@example.com,050420253,050201
61eee871-e5a6-499c-a8e1-6def7c09dbbb,1993-04-21,,602-40-8708,S57915453,X48656720,Ms.,Lisa,Adam,Andrade,,,S,black,hispanic,female,Waltershaven MA US,4825 Farmer Valley Suite 950,Boston,MA,Suffolk,20018,02118,76.77932,-67.58545,15700.8,36257.76,54893,+1-327-793-3089,jenniferlong@example.net,030922739,030301
f2b5bcb9-7ed1-429f-b5e0-a3769075ef02,1951-01-23,,531-08-1364,S24514857,,Ms.,Adrienne,Antonio,Graves,,,S,other,nonhispanic,female,North Nancytown MA US,995 David Village,Boston,MA,Suffolk,42272,02118,21.854877,83.565414,6080.04,9109.66,28285,620-325-3379x10257,lloydalisha@example.net,030484331,030301
cb289ffb-9e0a-417f-81f4-25725469a672,1925-05-27,,179-96-9886,S70832474,,Mr.,Brad,Edward,Gilbert,,,,other,nonhispanic,male,Lake Masonchester AZ US,811 Daniel Shoal Apt. 108,Phoenix,AZ,Maricopa,34078,85006,-55.06465,117.645563,28341.51,10365.1,38897,(403)455-1552,marshalljasmine@example.org,140787810,140401
16e138a6-3e06-4ba7-98a1-250511159be6,1972-10-27,,256-89-9359,S20269223,X11628335,Mr.,Stephen,,Webb,,,W,white,hispanic,male,Nunezland MA US,23893 Jacob Glens,Boston,MA,Suffolk,09424,02118,-46.59055,-117.038998,3159.73,33020.15,37446,(213)644-0361x8027,carlsonwillie@example.org,140932770,140401
9d8a54d4-01ba-412e-875b-f8393e471f45,1989-05-22,,330-80-4205,S80656440,X83204144,Mr.,Matthew,Timothy,Davis,,,,asian,nonhispanic,male,East Brandi IL US,289 Oconnor Haven,Chicago,IL,Cook,06951,60612,-30.174322,127.051354,7743.22,59744.74,16779,(393)967-0635x66088,shelby12@example.net,330297812,330101
247fa70e-c7ad-4aac-bd98-c1320f8b73ab,1972-03-18,,001-59-6166,S77912009,,Mr.,Joel,Kristi,Fleming,,,D,white,hispanic,male,South Daniel TX US,29858 Stuart Plaza Suite 256,Austin,TX,Travis,30237,78702,-68.147854,-1.379637,21689.03,17621.04,44736,+1-539-851-9288,tjohnson@example.net,330820255,330101
87fc423c-4a32-4e92-8d5a-a22d84587034,1979-04-29,,838-92-9065,S76906647,,Mr.,Mark,Kendra,Gross,,,,other,nonhispanic,male,South Noahhaven MA US,75974 Harmon Views,Boston,MA,Suffolk,08129,02215,7.075817,-42.102038,75877.6,19687.6,78799,+1-630-468-0334x694,sherry57@example.net,330927863,330102
bc245c5c-094f-43a3-b95b-d5835cf5ae1b,1986-04-02,,503-97-6068,S55076166,,Ms.,Caitlin,Lauren,Rodriguez,,,,black,nonhispanic,female,East Jacob TX US,77910 Knight Points Apt. 444,Austin,TX,Travis,10211,78702,27.529854,-49.778066,9734.6,35035.58,26651,8128207308,janice10@example.org,330399473,330102
be372022-08f7-4768-9e7b-d02674f790d1,1995-07-27,,426-85-3480,S31555746,X55586937,Mr.,Craig,Jennifer,Melendez,,,D,other,nonhispanic,male,Leslieside GA US,6783 Edwards Road,Savannah,GA,Chatham,23446,31404,-32.714242,6.396096,74176.99,8293.7,102204,+1-429-760-8516x42389,omayo@example.com,330979389,330102
e8db9f75-1aee-4e67-844e-756ced9157d5,2012-09-02,,549-49-0339,,,,Lisa,Kathleen,Sanders,,,M,white,nonhispanic,female,Marshallside GA US,584 Webb Pike Apt. 328,Savannah,GA,Chatham,45880,31404,22.76472,-36.15985,44721.05,6854.43,26088,639-332-0365x524,bhawkins@example.net,330274104,330102
0f9ebe3f-d447-4b5b-9aaf-6d5ce84a3398,1997-12-01,,517-15-7464,S28111688,X65395499,Ms.,Erika,Krystal,Tucker,,,S,white,nonhispanic,female,New Ritashire GA US,1950 Wendy Squares,Savannah,GA,Chatham,08442,31404,68.90053,-153.034705,40900.15,21329.0,52289,+1-500-695-1749x7448,christopher80@example.com,330943025,330102
da4d25b3-3b69-459d-a1ba-5ae89a7596c1,2015-08-08,,165-13-8977,,X88856465,,Mark,Frank,Drake,,,W,other,nonhispanic,male,Nicholasstad TX US,129 Joann Springs Suite 400,Austin,TX,Travis,05560,78702,83.784179,-174.038839,26100.82,11408.62,24226,960.354.9829x14299,donaldreed@example.net,330129079,330102
cd18fb53-27cb-49aa-b0c4-d8f04b72d15d,1998-01-01,,284-77-9730,S21426848,X59263462,Ms.,Krista,Nicholas,Weaver,,,D,white,nonhispanic,female,Maryview TX US,303 Duncan Harbor Apt. 496,Austin,TX,Travis,19535,78702,-61.927782,50.514371,123315.91,20525.91,27883,001-854-996-4194x19897,jillianfinley@example.org,050520561,050201
30d83021-189f-491d-92db-b212cafcd834,1980-05-18,,805-40-3456,S78224938,X13820146,Mr.,Stephen,Timothy,Hughes,,,S,white,hispanic,male,West Joyborough MA US,82087 Marshall Brook Apt. 964,Boston,MA,Suffolk,08657,02118,-35.94255,-64.849939,26128.11,37070.79,229235,001-566-854-7273,carla01@example.net,050809852,050201
293dd7de-f775-44f3-9929-f1cde1ded8ca,1988-08-15,,722-65-3383,S81662736,,Mr.,Calvin,Curtis,Wolfe,,,M,white,nonhispanic,male,Brandonton GA US,4651 Solis Junction,Savannah,GA,Chatham,39715,31404,-36.006983,94.04565,22909.25,4725.18,67521,909-909-5028,barbara21@example.net,050826194,050201
c8aade1d-61d0-49be-8e86-13f4df77d71e,1954-10-28,,806-79-4593,S82733179,,Mr.,William,,Gonzalez,,,M,white,nonhispanic,male,Michaelberg CA US,289 Thompson Radial Suite 621,Oakland,CA,Alameda,10585,94609,-30.763994,11.813771,15164.67,17904.03,36077,399-996-4165x818,kellyhunter@example.com,050886915,050201
671e847a-5ed4-481a-b2d5-76c9421674af,1929-12-03,,508-97-0042,S90405781,X75496721,Ms.,Ashlee,,Dawson,,Malone,W,white,nonhispanic,female,Rowetown AZ US,647 Mayo Haven Suite 513,Phoenix,AZ,Maricopa,51919,85006,-33.251706,-160.837394,49957.96,73697.33,138959,+1-949-222-7590,scott94@example.net,030131241,030301
4ca71ded-0545-4d91-ada6-2046d201330b,1987-06-08,,090-98-8536,S15606588,,Ms.,Kathy,Danny,Ray,,,M,white,nonhispanic,female,Amandamouth GA US,38472 Davis Glens Apt. 318,Savannah,GA,Chatham,47743,31404,-79.684985,-67.69201,43287.21,16169.83,27099,556.295.8302x2290,taylor55@example.com,140217707,140401
3fd0cb33-744c-4a97-9d93-ad4bfc9769cf,1948-06-30,,578-34-1048,S44427418,X60573745,Mr.,James,,Jones,,,M,black,nonhispanic,male,Millerport MA US,83589 Timothy Road Apt. 955,Boston,MA,Suffolk,41301,02118,-31.456527,-81.36631,136285.1,23661.43,69630,204-687-4294x65606,amiller@example.net,140704774,140401
6422187b-8038-465a-aab4-04cd7e60e72f,1954-08-19,,134-52-1914,S52496797,,Mr.,Zachary,Chad,Rocha,,,S,white,nonhispanic,male,South Austin MA US,5373 Rodriguez Shore,Boston,MA,Suffolk,35868,02118,-51.516599,136.70489,27256.79,2184.8,52472,001-978-974-9717,bradley15@example.org,140920828,140401
25e64484-f71b-493a-84bb-7ea72bc8c655,1953-12-01,,149-40-7742,S62990874,X85477397,Mr.,Logan,Christy,White,,,M,black,nonhispanic,male,East Joelhaven IL US,976 Michael Stravenue,Chicago,IL,Cook,03484,60612,-39.400595,-91.015433,15136.51,26265.5,32134,+1-825-730-6681x246,taylor71@example.org,140632415,140401
79a8b167-bc09-4b3f-b4a4-4ba61fb4828e,1973-04-27,,593-84-8431,S10780373,X30387865,Ms.,Linda,Tyler,Henderson,,Weaver,,black,hispanic,female,Fosterborough TX US,85224 Derrick Walks,Austin,TX,Travis,18253,78702,-13.023334,81.033506,17281.44,1536.22,58245,001-824-569-5267x41230,wanderson@example.com,140585755,140401
3ea7618d-b625-4afe-8c1f-e202714ea325,1971-07-12,,848-35-2099,S63373537,,Mr.,Andrew,Donna,Valdez,,,,white,nonhispanic,male,Jennamouth MA US,235 Williams Tunnel Suite 415,Boston,MA,Suffolk,26940,02215,16.602954,143.81845,109264.83,19249.46,23805,(499)861-4800,wperez@example.net,330321255,330101
ab150bdc-a612-4bfd-9b11-1a9ae52876d3,1973-07-05,,809-78-5866,S94469267,X25829253,Mr.,Daniel,,Holmes,,,M,white,nonhispanic,male,Port Jessica AZ US,425 Grimes Crescent Suite 935,Phoenix,AZ,Maricopa,03143,85006,-18.206432,77.993623,12209.2,27067.06,50331,+1-861-322-9938x2619,christopher93@example.net,330677468,330101
3ea74696-16de-4513-a513-3b327a504bbf,1967-07-10,,704-69-7015,S25178105,,Mr.,Derrick,,Williams,,,M,other,nonhispanic,male,West Erica CA US,9497 Green Union Suite 514,Oakland,CA,Alameda,39932,94609,3.814721,-135.423308,24783.76,7338.87,24126,2589785908,timothy70@example.org,330199741,330101
bf3b4ece-a379-402d-aeab-d8ba3a8e1142,1954-08-30,,163-83-7028,S66884794,,Ms.,Samantha,Stephen,Brown,,Harding,M,other,nonhispanic,female,Duncanberg CA US,47401 Jessica Coves Apt. 698,Oakland,CA,Alameda,48374,94609,-60.054037,-174.198207,35647.7,22735.47,86514,(291)512-4556,greyes@example.net,330546856,330102
62703edb-c637-436b-99e5-8c9389541f0e,2025-08-12,,399-73-4214,,X44505475,,Dawn,Thomas,Mitchell,,,W,white,nonhispanic,female,Beltranburgh AZ US,3280 Gary Estate Suite 860,Phoenix,AZ,Maricopa,36336,85006,-41.038888,-35.889508,21074.11,8958.65,21492,+1-757-205-1945x79998,amanda87@example.com,050497332,050201
d0e450c1-9552-4ee8-ab9d-4e96eaa7a732,1965-10-18,,307-25-9086,S52619384,,Mr.,Steven,,Perez,,,M,black,hispanic,male,Port Charles MA US,4798 Michael Route Suite 919,Boston,MA,Suffolk,51386,02118,-71.587679,-149.100704,186024.6,9513.06,52657,367.982.5993x9011,amywilliams@example.com,030329859,030301
09500744-5ce5-4b5d-a81b-ee8e45615726,1960-05-05,,782-67-1870,S35578481,X84727361,Mr.,Reginald,,Edwards,,,M,black,nonhispanic,male,New Richard MA US,91669 Mary Motorway Apt. 215,Boston,MA,Suffolk,37120,02118,25.302136,-47.132236,55818.65,35111.85,77938,+1-292-256-7424x248,lstone@example.net,030641128,030301
f542353a-e3e0-4ec7-b535-5f621f2d9220,1959-06-18,,370-99-3455,S66669305,,Ms.,Deborah,Vanessa,Woods,,,S,white,hispanic,,Gibbshaven MA US,90605 Anderson Streets,Boston,MA,Suffolk,10946,02118,34.927112,-109.420122,11291.5,14237.86,88015,+1-877-481-2965x75087,gmedina@example.com,140721584,140401
57a72ebe-11f3-4770-bdbc-71ce605752b3,1981-09-30,,828-95-7685,S55444680,X57794572,Mr.,Paul,Melissa,Moody,,,D,white,nonhispanic,male,Jakeshire CA US,255 Potter Wells,Oakland,CA,Alameda,42625,94609,-77.774477,-20.902547,39973.41,40702.88,37693,(630)812-5784,michael43@example.net,140102943,140401
b0d5f418-35cf-498a-99e9-9674ca31621a,1989-01-17,,240-25-7633,S77521907,X46570584,Mr.,Ryan,Brenda,Hunt,,,S,white,nonhispanic,male,Rodriguezton IL US,59687 Julian Fields Suite 883,Chicago,IL,Cook,01543,60612,-16.270426,0.277615,58848.38,30873.49,14410,7397119130,charles70@example.com,330767170,330101
16dd4d84-ff9d-4f19-905d-9c8622602066,1973-06-07,,844-98-1927,S36486472,,Mr.,Thomas,Richard,Cole,,,D,black,nonhispanic,male,Alejandrashire AZ US,27763 Montoya Plains Suite 033,Phoenix,AZ,Maricopa,40951,85006,-50.225972,41.957161,122025.96,28147.01,32600,+1-564-467-0709x592,rodriguezphillip@example.org,050617826,050201
f0b33c55-c9de-4a82-b468-d178134f7d87,1988-08-02,,559-10-7857,S26886243,X33138097,Ms.,Tanya,Eddie,Sanders,,,M,asian,nonhispanic,female,Wardville AZ US,2937 Brown Meadow Suite 114,Phoenix,AZ,Maricopa,55129,85006,-21.202605,96.809371,71404.22,7913.89,15808,(882)621-2693,robbinsjoshua@example.org,050599900,050201
c631c620-227c-41f3-bb03-f2e4b6e5bebc,1943-02-14,,630-37-8107,S49430921,,Mr.,David,Mitchell,Smith,,,M,other,nonhispanic,male,Lake Victoria AZ US,7840 Richard Landing,Phoenix,AZ,Maricopa,33438,85006,-73.434877,167.031877,164548.84,4398.4,65560,+1-272-830-5591,whitemichael@example.org,030464180,030301
00b0f501-4dde-4ff3-8591-b1cd76dd5c08,1965-08-23,,715-10-9635,S38397044,,Mr.,Matthew,Nathan,Clark,,,,white,nonhispanic,male,New Richard GA US,18294 David Plains,Savannah,GA,Chatham,48693,31404,-46.0935,-150.815491,65340.14,38665.39,51127,001-865-889-6540x84023,janice17@example.com,140952522,140401
79297402-86fa-497f-8f84-a97627f1c95f,1996-06-03,,742-78-9558,S18261161,,Mr.,Peter,,Thomas,,,W,white,nonhispanic,male,West Matthewmouth AZ US,948 Elizabeth Corners,Phoenix,AZ,Maricopa,46157,85006,-53.317858,-130.140022,77035.39,13090.69,71186,(420)259-8458x61949,nunezkelly@example.net,330157386,330101
8c6e53b6-92fb-4ac1-94b5-88cff4fb64fd,1945-07-11,,465-88-6475,S63136217,X32333640,Mr.,David,,Kent,,,D,other,nonhispanic,male,West Justin TX US,4504 Christine Isle Apt. 144,Austin,TX,Travis,30399,78702,-0.392036,-149.065959,13543.9,8698.32,19643,+1-611-636-4071x66994,justin89@example.com,330125191,330101
36e7cd9d-b302-46cc-9b04-1efadecf7b49,1984-02-07,,830-21-5759,S53370322,X85108306,Ms.,Natalie,Kayla,Mills,,Harris,M,white,nonhispanic,female,Jasonfurt AZ US,964 Cooper Pine,Phoenix,AZ,Maricopa,26301,85006,-79.069812,-178.138552,12170.79,2732.56,43889,+1-239-206-9474x11274,rachelthomas@example.net,330271741,330102
a7189963-4292-4a09-92be-3a7be6a93f1c,1961-10-13,,428-74-3285,S48776485,,Ms.,Ashley,,Sosa,,Perkins,M,asian,nonhispanic,female,Jacksonchester MA US,0082 Ford Lane,Boston,MA,Suffolk,55703,02118,-76.552855,120.190185,129858.38,34872.94,33261,2573787428,benjamin94@example.org,330857772,330102
4c782743-3934-4bc9-8162-15740bf7b114,1989-11-20,,569-49-1561,S35199658,,Mr.,Juan,Jasmine,Long,,,S,other,nonhispanic,male,East Joseland TX US,744 Kelly Fort Suite 834,Austin,TX,Travis,04640,78702,64.210472,139.956859,15436.68,8418.1,65869,(383)583-8925,brownjulie@example.org,330451025,330102
3c26aaa3-1338-4d45-a440-a1a115e00de6,1958-01-05,,101-55-1306,S11019959,X73967091,Mr.,Brandon,Stacy,Murray,,,M,white,nonhispanic,male,West Christopherfort MA US,4263 Glenn Expressway Apt. 395,Boston,MA,Suffolk,51371,02118,77.338444,-70.221244,61774.84,6602.15,89180,(604)697-7312x428,cabreraalexander@example.com,050896352,050201
b5c2fde6-05be-4f4a-9905-0778b5b98705,1949-01-28,,881-25-3018,S15977827,X39650886,Mr.,David,,Reid,,,M,black,nonhispanic,male,Carsonfurt MA US,26139 Andre Stravenue,Boston,MA,Suffolk,28989,02118,28.657172,0.848493,45069.22,12132.55,64182,781.830.9589x219,keithpeter@example.org,030595452,030301
902b9bea-5a4c-4a04-a40f-58b7c65ae680,2011-07-01,,686-85-0296,,,,Kim,Amy,Wilson,,,D,black,nonhispanic,female,Juanhaven MA US,74785 Ball Highway Apt. 405,Boston,MA,Suffolk,16714,02118,47.163398,76.576941,75870.77,29888.04,65883,687-507-3555x49379,longdenise@example.org,030920540,030301
44a9abdc-31a0-4809-a958-86cc9fb775ac,1935-01-24,,142-32-2961,S84945000,,Ms.,Janet,James,Myers,,,M,white,nonhispanic,female,Williamsbury AZ US,73099 Melissa Fort Apt. 840,Phoenix,AZ,Maricopa,18411,85006,-31.719286,133.848661,55158.96,43065.62,25702,406-599-2690,cohenanthony@example.com,140597944,140401
bc1dc47f-1104-4c43-8338-c2208e3546cd,1989-07-21,,877-69-5905,S66784048,,Ms.,Zoe,,Nguyen,,,D,white,nonhispanic,female,Port Wendyview AZ US,9670 Monica Fort,Phoenix,AZ,Maricopa,32870,85006,84.790175,132.70824,14437.05,8119.39,47650,+1-799-316-7605,baileymichael@example.org,110369537,110501
db06883a-cc71-4307-b217-4d939dd32fe3,2014-01-27,,605-10-4810,,,,James,,Williams,,,D,white,nonhispanic,male,Brianaberg MA US,5430 Nathan Port Suite 421,Boston,MA,Suffolk,12746,02118,89.500816,111.54278,138885.54,49286.29,7642,+1-415-979-2611x55289,xbarnett@example.net,110743205,110501
014b793a-099d-47be-bca8-5e57a81678b1,1924-12-16,,384-76-9702,S93450887,,Mr.,Stephen,Paula,Hobbs,,,M,white,nonhispanic,male,Lake Christine MA US,062 James Mill Apt. 794,Boston,MA,Suffolk,02119,02215,27.59478,167.224318,70728.16,4920.02,42583,3508399732,tanya79@example.com,110220719,110501
c139ce56-913b-4ccd-8e11-1f2e29b5c7b7,,,284-17-6271,S74013883,,Ms.,Elizabeth,David,Day,,Pierce,M,black,nonhispanic,female,Port Kimberly MA US,9733 Erika Brook Suite 843,Boston,MA,Suffolk,43677,02118,31.200685,-149.6713,30652.58,59649.73,8740,748.458.6756,anna10@example.com,330387966,330101
299839a1-530d-4cf4-8698-170505b0c5f3,1976-11-13,,676-83-5372,S98150265,,Mr.,Miguel,Alyssa,Perry,,,M,white,nonhispanic,male,South Kathrynborough IL US,1868 Morris Lock Suite 507,Chicago,IL,Cook,23565,60612,-38.948267,-58.142464,52057.39,7496.13,216659,(733)991-4843,warren84@example.com,330626864,330102
89a6fc5f-729e-4435-a1fc-291a763f9d82,1960-09-07,,424-45-3520,S52220992,X59789112,Ms.,Victoria,David,Fischer,,,M,white,nonhispanic,female,East Richard AZ US,0407 Smith Plaza,Phoenix,AZ,Maricopa,21984,85006,-51.797792,-173.658147,124438.6,14132.93,78325,519.601.5285,suzanne97@example.org,030909511,030301
c1cf2a13-66bc-46b5-849d-1141e505698f,1986-02-24,,241-53-1452,S98383157,X83880629,Ms.,Kristen,Lacey,Turner,,,S,other,nonhispanic,female,Kennedyton CA US,1805 Mccoy Vista Apt. 540,Oakland,CA,Alameda,11898,94609,3.082666,60.440987,48477.05,5067.64,24138,683.808.9774,jamesdavis@example.org,140480002,140401
54607e1f-d3bf-4383-bb1a-76adf7ce310d,1937-11-09,,849-87-0722,S25876533,X19873167,Ms.,Jessica,Jennifer,Bolton,,,S,white,hispanic,female,Joshuaton MA US,1112 Jessica Route Apt. 581,Boston,MA,Suffolk,22104,02215,47.977426,-13.689259,35481.81,31505.7,76444,001-988-244-8057,clarkkristina@example.net,330505349,330101
189d9652-b5d9-4edf-a968-d69985c94371,1949-03-10,,455-56-2244,S81185193,,Ms.,Wendy,Erika,Sims,,,S,other,nonhispanic,female,Jacquelineborough MA US,6354 Shane Wells Apt. 644,Boston,MA,Suffolk,49316,02118,84.185941,-58.770526,42537.25,21158.19,55566,+1-439-541-7831x26604,chadjohnson@example.net,330869373,330101
a6c671e9-5275-4502-ab99-ab37c5ad8ffc,1984-04-03,,176-70-3388,S30402498,X32067489,Mr.,James,Franklin,Kelly,,,W,other,nonhispanic,male,New Jessica MA US,8838 Amy Parks,Boston,MA,Suffolk,25906,02215,41.949042,98.220444,31196.65,4410.72,29999,880.292.8551x5172,sherry94@example.org,330771085,330101
51528965-7489-4596-82cc-844a0c2223e2,1983-08-13,,115-98-8775,S17610589,X99286805,Ms.,Morgan,Michelle,Richards,,,,asian,nonhispanic,female,North Cameronville AZ US,07071 John Ridge Apt. 172,Phoenix,AZ,Maricopa,42789,85006,11.996305,124.764546,15073.78,17770.95,21737,001-327-695-9962x097,emiles@example.org,330287804,330102
749c08aa-545e-4f42-933e-7bd4f7d2508a,1963-06-11,,221-47-1123,S58178197,,Mr.,Joshua,Peter,Meadows,,,S,white,nonhispanic,male,South Timothy MA US,39387 Kathleen Land,Boston,MA,Suffolk,24370,02118,-11.726048,-97.15678,27121.57,2281.35,63906,8945015760,alexandriasmith@example.net,330690072,330102
03763e44-854b-4d0e-8031-1d69849730ec,1977-03-22,,055-80-4677,S88290901,,Mr.,Douglas,,Swanson,,,,white,nonhispanic,male,Richshire MA US,8369 Lawrence Vista Suite 849,Boston,MA,Suffolk,37385,02215,-35.085611,-171.312858,22364.29,4494.36,57291,001-912-513-2121x2826,ysnyder@example.com,330750509,330102
bf2b9c92-f3ea-45e2-84b9-7781c1dbf4c8,1994-12-20,,762-82-2536,S81920889,,Mr.,James,,Holloway,,,S,black,nonhispanic,male,Port Amyshire GA US,31866 Welch Throughway,Savannah,GA,Chatham,26602,31404,16.184296,-96.503846,13101.25,8338.49,28979,001-525-801-0476x1101,robertnguyen@example.org,330887067,330102
6ad7a72e-702a-469d-8c57-2874bf52235c,2001-10-16,,626-88-4507,S14690558,,Mr.,Nicholas,Barbara,Dominguez,,,S,other,nonhispanic,male,Danieltown GA US,0041 Stephanie Keys Suite 491,Savannah,GA,Chatham,41574,31404,85.780259,-68.374324,30248.34,31325.28,39319,427.561.0174x94760,lindsay47@example.com,050477133,050201
8af648f5-83fc-4f16-b994-90cd2b6ad6f7,1962-09-07,,005-42-5336,S64420315,X16140181,Ms.,Donna,Jessica,Martinez,,Craig,W,white,nonhispanic,female,Turnerburgh TX US,542 Shelley Way,Austin,TX,Travis,46851,78702,40.930436,82.939695,2775.3,7605.17,56242,884-314-7761,brian04@example.com,050755610,050201
bc7396b6-049e-48dc-9bfc-dcf89f3a532e,1951-07-11,,165-28-0479,S35401216,X96465819,Mr.,Dennis,Leslie,Dean,,,,white,nonhispanic,male,Lake Caleb AZ US,1236 Lee Knoll,Phoenix,AZ,Maricopa,15335,85006,26.655743,136.634908,85763.09,53020.29,82814,+1-960-534-9099x91984,hwhite@example.com,050948721,050201
019c9cb2-9683-4d40-bc78-479fee64f608,1969-12-16,,495-91-2134,S16284371,,Ms.,Pamela,,Harding,,,W,other,nonhispanic,female,Ricemouth AZ US,831 Diaz Viaduct,Phoenix,AZ,Maricopa,49940,85006,7.625102,-80.776872,8055.95,26147.24,118526,(547)774-9545x89791,timothywatson@example.com,050597212,050201
56dcc453-b644-485a-a66a-abff16dba963,1953-06-04,,775-96-5142,S40752346,,Ms.,Courtney,,Webster,,,S,black,hispanic,female,North Christopherton AZ US,738 Edwards Viaduct Apt. 340,Phoenix,AZ,Maricopa,35179,85006,-24.804585,95.209129,11630.92,103099.51,51757,220.984.3790,jyoung@example.net,030598123,030301
d01473c9-7170-4617-b0fe-f27dfd9cc93a,1959-07-03,,138-05-4348,S26718556,X27781159,Mr.,Juan,,Lowe,,,,white,nonhispanic,male,Port Barbaraberg GA US,0273 Thomas Summit,Savannah,GA,Chatham,46933,31404,-54.183476,-139.579001,45225.36,23062.89,58916,531-525-1863x24543,obaker@example.net,140530913,140401
2636e32f-48a3-4513-807c-0889ca3569d2,1968-05-12,,293-14-6903,S94771398,X95469737,Ms.,Gina,Joshua,Gordon,,Anderson,S,white,nonhispanic,female,East Kevinfort CA US,16537 Michelle Ramp,Oakland,CA,Alameda,50754,94609,-86.562213,-56.890285,9255.68,113908.42,55284,560.730.0443,webbmaria@example.com,140746414,140401
de74a4ce-6883-4842-bf52-c02d4ef777e4,1952-10-25,,570-45-6422,S52605200,,Mr.,Robert,Victoria,Mcfarland,,,W,white,nonhispanic,male,Port Kyle MA US,244 Reese Shoals Apt. 979,Boston,MA,Suffolk,41242,02215,2.732705,-117.139927,34714.26,25569.83,47540,375.359.2080x411,vincentweaver@example.com,140217313,140401
113bb1ed-a929-4300-b941-1657ca5898b1,1998-05-23,,713-99-8103,S98448633,X89801262,Ms.,Stacey,Erin,Thompson,,,D,white,nonhispanic,female,Murphychester MA US,45507 Dwayne Crossing,Boston,MA,Suffolk,25133,02215,81.18947,93.932288,30227.55,3215.71,74868,743.349.9200x890,daniel19@example.net,140510806,140401
e28db5c2-16be-48fb-b0ed-eb446f4089e3,2025-11-14,,230-08-6592,,,,Christina,John,Nguyen,,,M,white,hispanic,female,Nguyenburgh CA US,078 Allen Ridges Apt. 342,Oakland,CA,Alameda,20492,94609,-83.488442,-117.754082,12506.98,25321.26,51133,627.443.7542x3419,lwagner@example.com,110982241,110501
c9c41928-a92b-4fae-9de3-844d4c9e307f,1985-01-18,,274-82-0825,S11129197,X80964419,Mr.,Scott,Kenneth,Diaz,,,,black,hispanic,male,Zacharytown MA US,04879 Wendy Mountains Suite 166,Boston,MA,Suffolk,40211,02118,-27.713981,-144.292306,8524.71,19066.11,94779,839-321-1523x962,anna29@example.org,330883967,330101
08f77ed5-41f8-48a9-8405-d68957c84d7e,1951-09-08,,715-64-9391,S59196999,,Mr.,Dennis,Dustin,Adams,,,,white,nonhispanic,male,Port Robin AZ US,3310 Nicole Road Suite 573,Phoenix,AZ,Maricopa,38769,85006,10.233021,78.853356,43728.97,10330.32,76666,001-398-703-5836x599,saramartinez@example.net,330168308,330102
e2e7b880-6e9a-40c5-a6af-badc87119361,1941-12-09,,008-65-7189,S47142997,,Ms.,Judy,Todd,Pham,,Myers,W,white,nonhispanic,female,East Corey CA US,56158 Joseph Brook,Oakland,CA,Alameda,01654,94609,-72.225902,33.91582,34748.59,8476.8,28294,891-940-7665x904,robertmorrison@example.com,330585220,330102
f3b28a73-8734-4a38-86f6-43042c5b6c39,1971-10-03,,464-99-7320,S34100305,,Ms.,Taylor,,Crawford,,,W,white,nonhispanic,female,North Kevinton CA US,5907 Jamie Shore,Oakland,CA,Alameda,24001,94609,-17.34537,-78.894125,33963.51,15528.57,49415,725.804.3483x944,charlotte62@example.net,330976277,330102
e6e03146-dc7b-4fd8-bf47-aebd7ac7483a,1925-06-19,,268-33-8029,S93118163,,Mr.,Maxwell,,Salinas,,,,white,nonhispanic,male,Johnsonborough MA US,964 Cohen Spurs,Boston,MA,Suffolk,11681,02215,89.056472,77.860147,27588.29,29482.81,51716,+1-639-921-5589,tluna@example.com,330580726,330102
bee6547e-e2cf-45cb-a265-3ef7007c3ca4,1960-10-23,,467-49-4151,S23819821,,Mr.,Paul,Krystal,Paul,,,D,black,nonhispanic,male,Melissamouth IL US,3129 Gomez Fort,Chicago,IL,Cook,44961,60612,2.655381,-141.818193,63657.73,13272.48,53810,806.602.9277,feliciaruiz@example.net,330415352,330102
62cd6bb8-9beb-4413-a1d4-2c576d84a817,2005-10-08,,498-39-6261,S39641771,X91488802,Ms.,Abigail,,Hardy,,,D,asian,hispanic,female,Joneschester MA US,463 Bradley Circle,Boston,MA,Suffolk,27779,02118,-65.918093,-83.818299,27137.81,40936.03,64961,3206504144,ocain@example.com,050292928,050201
e32db15d-5999-4b8c-a63a-a7a613c8f0dc,1978-03-03,,739-33-6707,S24143526,,Mr.,Jay,James,Nicholson,,,S,white,nonhispanic,male,Brownbury MA US,15255 Williams Lane Apt. 175,Boston,MA,Suffolk,47953,02215,-21.446908,146.491025,23388.57,3762.09,16581,+1-453-446-0920x050,tyler23@example.com,050324671,050201
98e43092-2190-4057-abe9-cb3880856407,1924-10-11,,020-79-2235,S24467195,,Mr.,Bryan,Susan,Rosario,,,,black,hispanic,male,Port Derrickview AZ US,706 Charles Brook,Phoenix,AZ,Maricopa,51028,85006,70.421772,1.918598,85338.17,2092.4,49803,(552)460-0473x1595,andrewcook@example.com,050328115,050201
ad968b9f-938c-4c34-847d-757d3c376afd,1962-05-16,,437-16-1817,S56911884,,Mr.,Howard,Scott,Ibarra,,,M,white,nonhispanic,male,West Eric AZ US,2866 Cuevas Bypass,Phoenix,AZ,Maricopa,28534,85006,-8.277625,-167.410038,102946.98,15123.52,35929,3745556861,allenpatrick@example.net,030438566,030301
75d50633-fa40-4aa5-b98b-174ebb1a976e,1989-12-01,,134-24-7847,S15278684,,Ms.,Alicia,Katie,Zamora,,,M,white,nonhispanic,female,Robertchester GA US,35770 Jennifer Inlet Apt. 420,Savannah,GA,Chatham,04121,31404,-14.241236,-88.729288,50078.57,38357.31,83615,+1-349-891-3413x780,john88@example.com,030160251,030301
b6ce1ceb-fd98-4a26-93b6-76c731229d79,1948-05-22,,308-44-5841,S82862580,,Ms.,Alison,Dennis,Diaz,,,D,black,nonhispanic,female,Port John GA US,939 Ponce Village Suite 887,Savannah,GA,Chatham,13753,31404,-78.199984,-133.479949,31887.79,11210.2,122670,001-671-601-6251,spencer09@example.org,140730299,140401
044e33e5-3b17-4f2c-98e4-3b96e705da53,1984-03-15,,249-41-8584,S14663694,X70863990,Mr.,John,Austin,Hogan,,,S,black,nonhispanic,male,Prestonmouth TX US,546 Victoria Springs,Austin,TX,Travis,23288,78702,-75.215491,149.956288,13906.71,30268.3,41262,(399)231-4020x2958,wrosales@example.net,140443597,140401
c02db49e-a879-417f-aafe-6da864555c57,1960-05-28,,720-15-2890,S74174155,,Ms.,Barbara,Megan,Ross,,Hernandez,S,white,nonhispanic,female,New Andreaberg GA US,862 Sherry Fields,Savannah,GA,Chatham,49578,31404,24.936417,123.590034,56066.91,14130.69,65236,239.748.6087x7128,copelanddorothy@example.com,140600665,140401
f03ed381-0ab1-4798-a369-982ea5e41ee6,1980-07-15,,308-59-5730,S35865784,,Mr.,Erik,Penny,Smith,,,,white,nonhispanic,male,Velezton GA US,8072 Karen Fall Suite 909,Savannah,GA,Chatham,32585,31404,-84.321149,136.134771,32251.79,4205.57,77672,636-860-0722x25894,michael67@example.org,140906827,140401
09aaedc7-c9a4-4d71-ba07-381179e2d863,1991-10-08,,326-01-9773,S49031161,X68585349,Ms.,Kathleen,,Martinez,,Ramos,S,black,nonhispanic,female,Kennethfort GA US,63681 Jones Green Apt. 267,Savannah,GA,Chatham,46621,31404,-61.99874,128.625483,15926.43,27102.31,49425,+1-558-291-0017x945,troymassey@example.com,050776321,050201
756a7a8e-180e-40c6-877b-a70df562df27,1986-02-19,,180-84-8263,S48063024,,Ms.,Catherine,Christian,Casey,,,W,white,nonhispanic,female,West Sara IL US,216 John Stravenue,Chicago,IL,Cook,21874,60612,25.841976,-123.579917,50354.7,9058.37,26295,9224304132,parkergarcia@example.net,330187548,330101
7dbdb053-9e39-46d9-8591-a75f9fed0871,1958-12-23,,682-58-2829,S91327529,,Mr.,Brandon,Chelsea,Collins,,,S,white,nonhispanic,male,Garyborough IL US,380 Peterson Plaza Apt. 962,Chicago,IL,Cook,39917,60612,-80.120932,-83.532287,10819.57,10484.95,39884,449.358.8065x020,jgarcia@example.net,330868590,330101
87abbbba-b5fc-46fa-8ae7-8ce0efe48ea9,1937-07-08,,725-32-5755,S40275904,X64361586,Mr.,Jonathan,,Stevens,,,D,asian,nonhispanic,male,South Meganside MA US,64070 Acosta Ridges Suite 420,Boston,MA,Suffolk,25000,02215,28.009899,-66.036379,32051.36,62617.56,42471,258-921-1341,cohenbrittany@example.net,330159702,330101
916134ee-8474-439a-b0cb-d78db4e57929,1936-04-19,,703-87-3290,S56192566,,Mr.,Russell,Maurice,Walton,,,S,white,nonhispanic,male,Lynchstad MA US,1941 Kurt Club,Boston,MA,Suffolk,07511,02215,31.84089,-83.405373,61234.08,7434.28,76563,001-948-971-0423x3509,claytonnorman@example.com,330129426,330102
922f0faa-b0f3-40cb-85c7-5d1408cc1cf3,1958-04-22,,432-85-2880,S99087332,,Mr.,Nicholas,Michael,Porter,,,M,other,nonhispanic,male,Jennifershire CA US,03601 Harris Squares Suite 528,Oakland,CA,Alameda,20803,94609,39.712649,169.8118,10776.12,9502.88,40269,+1-328-905-7688x1672,pamela92@example.com,330486870,330102
a22288ac-559a-4055-9b1d-133951d2c326,2002-12-12,,210-05-2294,S18785487,,Ms.,Jessica,Barbara,Henderson,,,W,white,nonhispanic,female,Sarahton CA US,43248 Jessica Field,Oakland,CA,Alameda,02781,94609,-52.897484,-177.111261,12106.41,23850.28,48236,979.457.6193x5581,johnathanfowler@example.net,330504230,330102
888f0bc8-f628-4e78-8c8c-2697d3d11e91,1986-04-15,,728-32-2958,S78901453,,Mr.,Erik,,Montes,,,,white,nonhispanic,male,New Jacksonville TX US,186 Craig Isle,Austin,TX,Travis,41941,78702,44.705086,-2.733268,97935.35,30198.19,54197,001-857-464-6753,toddnunez@example.org,330775093,330102
0d7501d4-dd13-4b04-bd45-f894ac9dc437,1981-02-23,,487-97-6370,S93734045,,Mr.,William,Christopher,Smith,,,,asian,nonhispanic,male,Port Valerie AZ US,54777 Ingram Expressway Apt. 427,Phoenix,AZ,Maricopa,01287,85006,32.571781,122.381096,84652.62,7324.98,90495,(631)854-8392,kimberlywatson@example.com,050995356,050201
cb97b487-4c30-436d-86bf-117e7008fb48,1980-05-17,,679-75-6431,S65195977,,Mr.,Richard,Morgan,Johnson,,,W,asian,nonhispanic,male,Johnsonstad AZ US,412 Tamara Track,Phoenix,AZ,Maricopa,08149,85006,-81.234943,-133.666411,22606.7,11795.59,19879,(398)776-8660,blakemadison@example.org,050210452,050201
4d2ad418-f0ad-4fea-9cfc-8061deb4abba,2026-04-29,,837-64-8754,,,,Michele,,Weber,,,,asian,nonhispanic,female,South Matthew TX US,455 Benitez Port,Austin,TX,Travis,17870,78702,-55.302702,-65.371011,91990.89,44754.09,70350,001-275-787-9368x613,jacksonandrew@example.net,050802844,050201
4beb1797-7718-4ba9-a842-26db601efae6,1997-03-07,,388-23-3645,S38441222,X62421106,Ms.,Alicia,Ricky,Banks,,,S,black,nonhispanic,female,West Antonio TX US,10133 Santiago Drive,Austin,TX,Travis,36702,78702,80.404551,43.568177,42269.32,4807.15,44292,+1-219-959-2347,lkirk@example.com,050341745,050201
de54d126-e184-47ee-8338-0e9aed9df798,1927-09-03,,296-01-0882,S34108923,,Mr.,Kevin,Leslie,Gibson,,,D,other,hispanic,male,Port Carlosview GA US,74549 Mosley Grove Suite 669,Savannah,GA,Chatham,08268,31404,-38.435369,119.741007,39540.29,22637.34,47501,814-294-4504,nolanwilliam@example.net,050143870,050201
da15dc53-9c63-4849-80cc-cf09c3e7b501,1956-01-29,,121-93-8543,S79733624,,Ms.,Melinda,,Marsh,,,,white,nonhispanic,female,East Janiceland IL US,9878 Doyle Trail Apt. 308,Chicago,IL,Cook,13790,60612,17.962426,77.290696,22880.36,10572.43,104470,001-265-826-1750,oashley@example.org,050857987,050201
efe060cf-55ae-48b2-ba47-904a40b18b2a,1996-07-31,,490-03-4401,S53542357,,Ms.,Denise,Jennifer,Lawson,,,S,black,nonhispanic,female,West Mary MA US,2189 Brian Center Apt. 006,Boston,MA,Suffolk,43538,02118,4.794396,-109.202138,66156.31,3978.64,58422,(647)965-1390x259,kayleeweiss@example.org,030966317,030301
a7e85f44-e0d2-4f8f-8f3e-55360d7cad45,1990-01-17,,895-78-9340,S38221419,X61107246,Ms.,Sarah,Amanda,,,Andersen,M,black,nonhispanic,female,Garrettburgh CA US,9950 Derek Meadows Apt. 367,Oakland,CA,Alameda,30479,94609,-73.331655,-82.766201,4852.51,32722.87,47418 mg,234.980.2609x29512,robert45@example.org,140258781,140401
bb09330a-1b17-4532-bdce-09d48da28351,1925-03-12,,130-62-0379,S39410328,,Ms.,Kaitlyn,Andrew,Price,,,M,white,nonhispanic,female,South Steve AZ US,13026 Callahan Ways,Phoenix,AZ,Maricopa,42614,85006,-4.619726,108.280542,13938.11,12677.53,9227,001-475-755-0223,lpowers@example.org,140132587,140401
100b0bb4-d4cf-4958-863a-90305c82751c,2019-01-26,,133-22-0870,,,,Victoria,Stephen,Higgins,,,D,black,nonhispanic,female,Christinamouth GA US,0823 Cody Crescent Apt. 738,Savannah,GA,Chatham,27407,31404,-14.506521,-125.359371,162529.9,5447.75,81924,(942)364-5472x00965,robert25@example.org,110230194,110501
9ee9bdfc-7bb8-418d-9d1b-9b1493388751,1941-05-30,,297-18-3213,S68472162,,Ms.,Lori,Zoe,Daniel,,,W,white,nonhispanic,female,Michelleland TX US,1706 Lynn Island,Austin,TX,Travis,22494,78702,25.034008,-137.02073,13932.16,14774.01,25404,(490)238-9001,michaellucas@example.com,330624510,330101
70cb0dba-4459-43f9-a8f7-94ca0ab127ea,2001-09-28,,613-98-2400,S51237744,X64449355,Ms.,Samantha,Crystal,Brennan,,,,white,nonhispanic,female,Howardton MA US,55061 Elizabeth Prairie Suite 348,Boston,MA,Suffolk,43016,02118,-88.290657,52.664535,10666.59,6963.17,37594,(862)253-5535x8832,robert52@example.com,330455849,330101
3146bcc5-ffd9-4138-8be2-8e94a70d308e,2012-05-14,,010-29-9615,,,,Walter,,Bell,,,M,black,nonhispanic,male,Walkerburgh MA US,1466 Kristin Mall Apt. 013,Boston,MA,Suffolk,06001,02118,89.943352,120.827581,15048.03,6309.93,20619,(753)567-3860x44992,dharris@example.org,330901309,330101
812e1dca-8eb9-4f5d-9e0d-976c8211f20a,1952-03-02,,822-70-5252,S76831743,,Mr.,James,David,Parks,,,M,white,nonhispanic,male,West Jason IL US,56798 Shane Village Suite 799,Chicago,IL,Cook,14229,60612,87.273841,3.590643,33331.26,3718.06,37287,+1-307-284-2902x7149,thomasmanning@example.com,330928990,330101
a1101a8e-307c-440a-bbd7-7951971a8d2b,2016-02-15,,001-91-1900,,,,Adam,James,Shaw,,,,white,nonhispanic,male,Kimberlyland MA US,32774 Mark Crossroad Apt. 991,Boston,MA,Suffolk,05002,02118,-62.425053,160.843258,9927.11,49053.89,52347,(578)238-2498,erin09@example.com,330747020,330102
28ba6b8e-6b2e-4acc-a3b2-b778910cbfb9,2015-06-04,,651-11-2010,,X57372837,,Valerie,Lisa,Chapman,,,D,black,nonhispanic,female,East Brandon MA US,1129 Katherine Park Apt. 591,Boston,MA,Suffolk,20713,02118,14.858185,110.286837,39819.88,93778.59,95401,6697969386,ldoyle@example.com,330191611,330102
d1b28b1a-8325-4fc9-bfc2-daf2eaa88940,2017-08-03,,120-63-8741,,,,Jennifer,Lisa,Miller,,,W,white,nonhispanic,female,New Scott AZ US,5317 David Parkways Apt. 027,Phoenix,AZ,Maricopa,44981,85006,-55.897959,115.821646,44272.53,10968.89,40687,+1-655-408-9649x8812,vgarcia@example.org,330622797,330102
2e86da11-f48e-48fe-af71-00691bdd9002,1950-10-08,,067-11-3954,S87165671,,Ms.,Tanya,Kristie,Villarreal,,Gates,S,white,hispanic,female,Port Johnton IL US,200 Gregory Harbor Suite 528,Chicago,IL,Cook,42810,60612,-19.866176,-80.656798,26677.12,157561.07,29590,+1-664-928-4281x7435,rgonzales@example.com,330132792,330102
e154f9eb-0464-4dea-8984-1897fef797c6,1973-11-28,,507-59-8904,S96572986,,Mr.,Jonathan,,Peterson,,,,black,nonhispanic,male,Whitneyport MA US,06164 Dunn Expressway,Boston,MA,Suffolk,38914,02118,-40.616967,17.604757,30519.11,4583.32,47702,339-791-8639x39067,brianhamilton@example.com,330524669,330102
08b61d1a-1160-4079-814e-afc099e1f9dd,1967-05-12,,258-35-1740,S56110187,X90479891,Mr.,James,Tony,Ramirez,,,W,black,nonhispanic,male,North Kimberly IL US,9931 Kim Ridges Suite 050,Chicago,IL,Cook,17537,60612,18.541192,116.27521,324856.04,1597.6,52270,+1-297-493-9917,brittney66@example.net,330275375,330102
42827528-c451-4a89-9ec0-a442181137a6,2017-11-01,,842-06-0736,,,,Lisa,,Thornton,,,,white,hispanic,female,Lake Ashleyland GA US,95577 Bruce River Suite 906,Savannah,GA,Chatham,08052,31404,-1.178709,31.722204,58820.79,11462.15,170336,641.905.2329x164,lisa07@example.net,050906815,050201
f3e58a5a-5b85-4f61-80ea-a26f9f853449,1947-01-11,,255-11-4543,S95008693,,Mr.,Joseph,Jennifer,Hall,,,,black,nonhispanic,male,Catherinefurt AZ US,814 Ashley Meadow,Phoenix,AZ,Maricopa,13557,85006,7.141498,136.896348,8979.11,9022.15,69234,919.322.1678,mwatson@example.org,050458472,050201
50ecb064-c8b0-4949-90fe-746f434537b1,1980-07-11,,655-28-1115,S87003203,,Ms.,Tanya,Matthew,Cobb,,Jones,W,white,nonhispanic,female,West Nancyshire GA US,3354 Angela Pass Apt. 055,Savannah,GA,Chatham,53318,31404,45.632281,151.288676,27673.74,5915.42,80550,5664577415,elizabeth72@example.com,050670516,050201
11dc142f-5c84-4c5a-8636-01dc0b78bcf8,1958-10-30,,368-43-2252,S63277549,,Ms.,Vicki,Jennifer,Wang,,,D,white,nonhispanic,female,Melissatown MA US,183 Gray Prairie,Boston,MA,Suffolk,25929,02118,-26.505509,-52.304237,17976.78,31710.94,48880,(342)785-0392x50920,snowjay@example.org,050467546,050201
c73775d0-726b-4d5c-8433-eed3b880eb0c,1963-08-21,,211-07-5328,S35720049,,Mr.,Ricky,Daniel,Dixon,,,D,black,hispanic,male,New Cameronhaven MA US,89654 Nielsen Spring,Boston,MA,Suffolk,26491,02118,84.431098,159.055356,15650.41,14482.81,35680,(360)786-0875x62283,parsonsrebecca@example.com,050417156,050201
f5a9a619-23c3-4976-99e3-8dcf0bf23e2c,1988-01-31,,720-06-9921,S38684098,X51961045,Ms.,Heather,John,Pena,,,,white,nonhispanic,female,Hayesbury CA US,7534 Lucas Gardens,Oakland,CA,Alameda,48479,94609,38.603511,40.959027,7850.96,22334.71,42211,3058060762,scottmonique@example.net,050195707,050201
a2b038fd-98a8-44ba-a1be-dc5dec82b438,1999-01-28,,735-91-5861,S33517149,,Ms.,Lisa,,Hamilton,,,S,other,nonhispanic,female,Port George AZ US,24213 Lewis Well Apt. 353,Phoenix,AZ,Maricopa,52858,85006,64.615743,61.714317,49210.25,50146.84,227429,202-967-7940x928,ewingdouglas@example.com,050922503,050201
77585c53-cec0-40a2-a497-0989e9d52697,1965-09-24,,204-86-2535,S85841875,,Mr.,Gregory,,Riddle,,,D,white,nonhispanic,male,Maryfort TX US,8528 Johnson Mill,Austin,TX,Travis,54899,78702,50.543945,178.270383,15917.2,16170.96,105356,705.937.2397x68609,eddie05@example.net,050418839,050201
dc6168b0-1f9a-4544-a62b-583909f8e2eb,1991-03-05,,099-99-4697,S90689049,,Ms.,Danielle,Amanda,Moon,,,W,white,nonhispanic,female,Perkinsside MA US,96147 Wanda Stream Suite 261,Boston,MA,Suffolk,47916,02118,14.157419,-96.419417,114781.05,14121.58,21444,348.524.1871x1267,mcdanieltimothy@example.org,030917214,030301
e1f6b835-4304-4651-aba0-a9b953971e83,1941-05-20,,138-85-2642,S75593373,,Mr.,Jason,Brandon,Evans,,,D,asian,nonhispanic,male,New Johnfort CA US,9702 Johnson Corner,Oakland,CA,Alameda,50531,94609,7.959579,152.969106,24411.4,12025.6,107953,724-521-4601x18107,rlawrence@example.org,030208942,030301
7eba861a-a0f4-4e2c-92b3-4a8fea2e1f87,1954-12-20,,072-51-5153,S50222019,X39118386,Ms.,Kimberly,Adriana,Clark,,Wilson,S,asian,nonhispanic,female,North Kellyville IL US,7573 Baker Mountain,Chicago,IL,Cook,13072,60612,34.118591,-166.845548,45455.84,30288.33,19446,001-235-927-1649x29263,youngashley@example.com,030320312,030301
14eeb77f-cad5-461a-aa81-d9f785a69667,1955-06-08,,343-48-6736,S33602809,X71468501,Mr.,Terrence,Veronica,Phillips,,,W,white,nonhispanic,male,Alvaradoshire TX US,82404 Derek Mews,Austin,TX,Travis,34128,78702,50.630464,40.847082,47447.95,7203.11,65471,001-366-908-8724,allenmatthews@example.net,030262095,030301
b0b4898d-183a-44c7-8cb9-d6323c81fd59,1935-09-18,,637-59-6826,S29923406,X75600439,Mr.,Ryan,Kimberly,Swanson,,,S,black,nonhispanic,male,South John CA US,87763 Jennifer Curve,Oakland,CA,Alameda,44669,94609,-3.92553,178.405712,26067.87,4455.3,49481,001-478-441-1005x7208,michelle37@example.org,140809579,140401
ab534b51-5282-48b9-85de-f29848b3172f,1942-06-10,,667-18-1493,S75222053,,Ms.,Deanna,,Baldwin,,Brown,W,other,nonhispanic,female,North Peter GA US,2056 John Causeway,Savannah,GA,Chatham,34466,31404,-2.344797,90.057317,5627.43,14843.27,31854,641.611.5356x79361,rwarner@example.org,140853152,140401
0037b2c0-e44a-464c-9057-97bee2c2a0c3,1944-02-14,,120-83-3704,S34528343,X44337497,Mr.,William,William,French,,,M,black,nonhispanic,male,Lake Catherinehaven MA US,0374 Sarah Rest,Boston,MA,Suffolk,03724,02118,24.110623,24.745395,11794.76,46125.77,20068,(527)857-2473,kathryn68@example.com,140344171,140401
21a2cfe4-9d61-431a-a8e2-ef4d9fa57186,1978-11-08,,662-32-5619,S99065141,,Ms.,Amanda,Jennifer,Martin,,Holland,,black,nonhispanic,female,North Katherine MA US,663 James Squares Apt. 985,Boston,MA,Suffolk,21501,02215,-61.355029,-111.994457,34917.68,6143.59,18629,7046713652,brianjackson@example.net,140717462,140401
339ee54d-9009-44a5-a4a9-769753885034,1938-07-21,,712-27-0078,S45751069,,Ms.,Sarah,Francis,Stokes,,Trevino,W,white,hispanic,female,West Thomas AZ US,4091 Andersen Stream Suite 133,Phoenix,AZ,Maricopa,34239,85006,-54.257139,-35.184524,32413.88,4223.69,46588,+1-800-646-5477x4736,tjones@example.org,110859297,110501
d9431527-dd9d-477f-b4e7-a59bcdd22c6b,1974-06-28,,069-73-6871,S34254533,,Mr.,Keith,Caitlin,Mills,,,M,asian,hispanic,male,New Jessicatown GA US,8024 Ruiz Alley,Savannah,GA,Chatham,36471,31404,-27.081186,-167.438625,19331.92,10748.46,37972,859.476.7819,frankmax@example.com,110370667,110501
c472268a-43d3-4141-adc4-bee18bb5cfad,1960-06-22,,869-97-2646,S78476115,,Ms.,Hailey,Peter,Dunn,,Garcia,D,white,nonhispanic,female,East Carloshaven MA US,3190 Parks Radial Apt. 797,Boston,MA,Suffolk,50720,02215,-45.380258,-159.828447,23190.82,14601.98,30956,690.534.9338x649,qtran@example.org,330156999,330101
dde5ddf5-c97c-4a92-8414-a33f409579a2,1996-12-08,,287-56-8383,S95737060,X43325294,Ms.,Cynthia,Emily,Patrick,,,S,white,nonhispanic,female,Sanderstown IL US,61834 Elizabeth Crest Suite 963,Chicago,IL,Cook,12720,60612,-9.898262,38.126118,26252.73,5317.27,38844,+1-628-236-2521x973,hberger@example.com,330666480,330101
66173f61-0306-4ed3-94db-66f28f3c3013,1958-02-18,,392-93-8345,S41878395,,Ms.,Sierra,Lisa,Giles,,,,white,hispanic,female,Fieldsview TX US,996 Berg Shoals Apt. 410,Austin,TX,Travis,55073,78702,-37.979864,131.83889,246376.2,14332.97,17400,(866)572-5782x2287,qjoseph@example.com,330484493,330101
5c5c8026-abdb-4cbb-bb42-cd9da77c2392,1925-05-27,,195-64-2533,S19087810,X34008121,Mr.,Zachary,,Williams,,,,white,nonhispanic,male,Payneport MA US,34140 Katherine Lock Suite 819,Boston,MA,Suffolk,10738,02118,45.57195,-66.856616,40915.19,6546.15,54942,918.563.7930x08784,mreyes@example.org,330495557,330101
737f9b17-8180-452c-b5df-98549d484e2f,1951-11-08,,880-71-4731,S73069319,,Mr.,Andrew,Miranda,Adams,,,W,black,nonhispanic,male,Francisport TX US,368 Nichols Islands,Austin,TX,Travis,03754,78702,-25.508519,-97.738026,14896.5,18740.31,36810,(771)242-3366,torresjennifer@example.org,330505669,330101
f45fc697-2a57-430d-86a1-3f4f13997645,1995-02-11,,266-84-2886,S73308702,X63084181,Mr.,William,Michelle,Rodriguez,,,,black,nonhispanic,male,Jamesstad AZ US,3425 Shaffer Glens Suite 364,Phoenix,AZ,Maricopa,38486,85006,-65.249105,92.444923,13732.84,4533.2,70053,001-595-871-4754x70941,michaelanthony@example.net,330995723,330101
43553782-21da-4913-aecf-15b5d8abac52,1986-11-05,,803-76-6423,S74576942,X62466777,Ms.,Jennifer,Kimberly,Nelson,,,D,white,nonhispanic,female,Lisabury MA US,5270 John Mountain Suite 042,Boston,MA,Suffolk,38866,02118,-28.565887,160.352973,19273.69,2731.03,105022,(304)878-8212,zpage@example.com,330294366,330102
44e05bc5-95f4-4cd8-a39e-37a7b17d0329,1943-08-29,,283-74-7700,S36625931,X37817549,Ms.,Gina,,Brown,,Garner,S,black,nonhispanic,female,West Alyssaview MA US,8408 Elliott Pines Apt. 470,Boston,MA,Suffolk,16745,02215,-75.625047,-154.232862,47568.1,8647.36,31591,206.434.5669x24633,lynn06@example.org,330655827,330102
d9de34d2-18d8-4398-99a1-34bda01f782b,1962-08-11,,065-76-8286,S57222748,,Mr.,Peter,Cynthia,Johnson,,,D,white,hispanic,male,Lake Elizabeth AZ US,26167 Debbie Forges,Phoenix,AZ,Maricopa,26787,85006,44.884121,-117.311742,26581.22,43967.53,61312,(764)778-0856x7417,jackiedougherty@example.org,330610151,330102
51c242a7-3df2-4f67-acbb-4a9508d94852,1950-08-08,,568-85-1961,S24985305,X92622297,Ms.,Kayla,Jessica,Atkinson,,Sanders,D,other,nonhispanic,female,Lake Richardview CA US,2261 Jesse Shore Suite 596,Oakland,CA,Alameda,25670,94609,-2.714349,25.685045,8642.11,20459.07,91729,264-648-0808x149,xmiller@example.com,330807231,330102
8b187e29-9f4c-443c-8768-3e49eb02e4d3,1969-07-15,,437-45-4643,S59014262,X30033945,Ms.,Laura,Christian,Lane,,Thompson,,black,nonhispanic,female,East Gregoryshire GA US,81408 Charles Glens,Savannah,GA,Chatham,07155,31404,13.476303,-12.13841,38159.87,13541.2,194811,832-415-2703x3251,bennettmichael@example.net,330128379,330102
dc85a32a-8fc3-42e1-bd6a-1500f4adfafc,1954-06-01,,227-92-7970,S78031960,X33501833,Ms.,Nicole,,Kline,,Ortiz,,white,nonhispanic,female,West Christinemouth MA US,908 Santos Port,Boston,MA,Suffolk,14015,02215,-11.530787,-50.874542,33571.69,10656.03,46158,438.701.1263x6009,amy45@example.org,330744075,330102
3b3835d3-058e-4c50-88f6-1929e38d2e7d,1975-05-15,,571-46-4502,S69157072,X31879088,Mr.,Gary,Dawn,Guzman,,,W,white,hispanic,male,Hernandezville CA US,586 Macias Extension Apt. 536,Oakland,CA,Alameda,05239,94609,-32.41104,25.060747,63381.9,24252.77,22245,681-396-4456x311,sparkskathryn@example.com,050711870,050201
5d95e8d9-d29e-45a1-bac0-b0bbb6234d95,1956-09-10,,428-59-8704,S20377260,X95227617,Ms.,Amanda,Jeffery,Massey,,,W,white,nonhispanic,female,Port Jeromemouth MA US,5047 Gomez Neck,Boston,MA,Suffolk,42368,02215,-14.186026,-32.095754,161452.24,6860.53,24704,466.370.0858,joshua89@example.net,050767191,050201
1a09b4e3-5136-4026-a2bc-acf7245d8a82,1931-08-11,,039-55-7087,S32966405,X19926457,Mr.,Christopher,Anita,Smith,,,M,black,nonhispanic,male,North Coleton TX US,83019 Jackson Land,Austin,TX,Travis,05509,78702,-75.819215,0.778868,70767.26,7481.1,47164,001-895-722-8338x70535,pwilliams@example.net,050174489,050201
7cf2bf97-cddb-4cb3-b420-7a2c98203a57,1957-03-11,,259-74-9294,S12934373,,Ms.,Taylor,Larry,Hawkins,,Stephens,M,other,nonhispanic,female,Murrayburgh TX US,83609 Gabrielle Meadows,Austin,TX,Travis,18414,78702,62.989973,39.22313,5270.78,7454.56,45088,687.588.5756,xpatterson@example.com,050349346,050201
a2fdbd3f-3838-4b28-a4b4-1d2e1c3cbd53,1972-04-02,,771-58-1676,S94374986,,Ms.,Alison,Margaret,Lee,,,M,white,nonhispanic,female,Garyview CA US,9650 Sanford Plain,Oakland,CA,Alameda,05640,94609,25.620034,-18.15321,45049.91,38306.36,49345,858-634-3207,dlloyd@example.com,050200474,050201
17f1b37f-550d-4232-bf53-c9ab31f1951c,1983-02-27,,819-06-1677,S11578272,,Ms.,Traci,Marc,Andrews,,,M,white,nonhispanic,female,Veronicachester AZ US,6496 Marks Camp Suite 033,Phoenix,AZ,Maricopa,26966,85006,-53.602148,5.099904,12146.59,17292.06,46142,540-697-3000x3735,gharris@example.com,050555736,050201
310be157-3b69-440e-84f4-724c92e014bc,1934-01-10,,863-32-8985,S45018956,X47107154,Mr.,Roger,Mark,Harris,,,W,white,nonhispanic,male,Michellebury AZ US,505 Brett Cape,Phoenix,AZ,Maricopa,15925,85006,-67.977895,-95.628193,77546.4,6262.67,45576,(540)293-5839,james43@example.com,050365076,050201
81ade276-2f2a-4743-ab4d-37c790e19f8d,2007-05-04,,469-54-4533,S59819443,,Ms.,Robin,Tammy,Brewer,,,M,black,nonhispanic,female,Castroport AZ US,110 Brenda Bypass Apt. 400,Phoenix,AZ,Maricopa,35284,85006,44.320827,-45.429652,14853.71,20877.47,69265,+1-265-839-8601x42524,keithgabrielle@example.com,030676702,030301
9c86635a-f8bb-4cae-ada3-76222c56a043,1977-01-26,,629-40-0437,S64580816,,Mr.,Robert,Brandon,Griffith,,,D,black,nonhispanic,male,Lake Chelsea MA US,252 Hensley Summit Apt. 832,Boston,MA,Suffolk,27844,02215,-9.585065,-120.089339,281514.29,8357.12,57476,(544)278-7254,chapmanamanda@example.org,030753787,030301
343bfc5b-62c7-43f8-8079-bba79c8ef64c,1966-08-23,,759-11-4227,S60957250,,Ms.,Jessica,,Taylor,,,S,white,hispanic,female,North Markburgh CA US,1434 Pamela Stravenue Apt. 042,Oakland,CA,Alameda,09799,94609,-73.670002,-119.568748,17095.99,4214.32,53043,8974670479,pdaniels@example.net,030367212,030301
530dddaa-de5a-4b27-9886-9a31d30221d8,1945-07-22,,784-15-1228,S16391974,,Ms.,Deborah,,Johnson,,,M,white,nonhispanic,female,Jimmyhaven MA US,566 Torres Shores,Boston,MA,Suffolk,11440,02118,83.714129,118.687075,34539.33,7755.4,26372,494.918.3313,bwalter@example.com,030352203,030301
f7d7ebbe-9bfa-4282-b940-c868a7919651,1959-09-02,,352-82-9587,S47028514,,Mr.,Andre,Anthony,Mcclure,,,S,white,nonhispanic,male,North Elizabethview TX US,94200 Daniel Landing,Austin,TX,Travis,50327,78702,-32.964129,132.440226,29013.09,37669.23,43367,001-732-930-0480x2587,christinethompson@example.org,110975794,110501
c176d10b-7488-407e-9c5b-0152c1be405b,1973-12-12,,787-58-9187,S63877324,,Mr.,Gary,,Love,,,W,white,nonhispanic,male,Wrighthaven AZ US,8499 Roberto Trail,Phoenix,AZ,Maricopa,54870,85006,12.522284,46.428318,170597.28,13567.05,22362,692.718.7890x0046,mckinneyseth@example.net,110262263,110501
3bca8203-22e9-4f14-8016-fac3eff027e9,1986-08-16,,409-09-2448,S87063139,X95312200,Ms.,Heather,,Rodriguez,,,M,black,nonhispanic,female,New Victorialand MA US,16473 Michael Way,Boston,MA,Suffolk,49375,02215,42.217891,-44.227211,27330.99,15567.81,55584,001-677-444-0445x7096,lindaday@example.org,330207734,330101
74e25d84-ba09-47d4-80cb-39c4e109fc8e,1949-07-09,,755-25-3807,S59067551,,Mr.,Adam,,Anderson,,,S,other,nonhispanic,male,Lake Joseph IL US,850 Scott Avenue,Chicago,IL,Cook,25849,60612,16.785525,157.976765,117042.3,6017.26,63458,(523)660-8574x6385,hpark@example.net,330185958,330101
42b7b3a0-1bf3-4835-a050-e76d6c31b0ef,1937-06-03,,603-46-2626,S42899866,,Ms.,Michelle,Cassandra,Smith,,,S,other,nonhispanic,female,New Omar TX US,31018 Robert Falls Suite 442,Austin,TX,Travis,18595,78702,-83.576813,-21.738336,23267.13,3771.1,97081,(846)315-8133,rodriguezjustin@example.com,330784163,330101
9df67ab1-d222-4446-b222-4ae1f08b156f,1966-06-09,,768-70-4815,S67939155,,Mr.,Trevor,,Perez,,,M,white,nonhispanic,male,Davilaburgh CA US,6751 Reynolds Light,Oakland,CA,Alameda,13823,94609,13.970928,-48.516199,33145.03,23545.03,33819,259-208-6118,james42@example.net,330341670,330101
0bd1db0a-c6f3-47c8-b85d-3977dcd6197b,1984-04-02,,602-05-9360,S78347817,,Ms.,Jennifer,Robert,Gonzales,,Gill,W,white,nonhispanic,female,East Carol TX US,374 Nelson Pines Suite 371,Austin,TX,Travis,50874,78702,25.792732,-125.165513,34279.99,67269.35,99002,001-501-454-9936x91285,wallercody@example.net,330750939,330101
9141bfa9-bac7-4bc7-9870-2cb5a04ccdec,1987-02-09,,456-06-6575,S84205284,,Mr.,Christopher,,Mcdaniel,,,,asian,nonhispanic,male,East Amy IL US,5530 King Views Suite 905,Chicago,IL,Cook,25635,60612,6.527734,-149.410806,41168.4,9711.6,31368,333-648-4637x59513,msmith@example.net,330664814,330102
b659a6a7-7778-4c79-bf01-84e4150bfb61,1949-02-28,,200-62-0436,S49500949,,Mr.,Robert,,Doyle,,,,white,nonhispanic,male,South Kristy IL US,766 Rogers Trafficway,Chicago,IL,Cook,28997,60612,-59.965908,178.393848,32783.3,7769.62,127409,643-702-1870,hendersongeorge@example.com,330927509,330102
75c6d9de-271f-4062-b94a-a129a22f04b3,1983-11-16,,728-39-2080,S31999741,X11781993,Mr.,Michael,,Morrow,,,,white,nonhispanic,male,Conradmouth TX US,92685 Moore Via,Austin,TX,Travis,35435,78702,38.308355,48.011537,24319.86,17772.18,35543,(618)216-7474x9947,avillegas@example.com,330404182,330102
c12bc4a3-7697-49ff-bc3d-839c1d45d92b,1934-10-13,,432-86-5508,S10270868,,Mr.,Jason,Felicia,Orr,,,M,other,nonhispanic,male,West Jasmin TX US,5018 Donald Views,Austin,TX,Travis,13503,78702,57.261153,110.409548,21164.2,8675.48,51944,001-417-368-4678x03480,april93@example.net,330735685,330102
48ecd8b1-e6d3-487b-9e4e-aa39f0577ce4,1978-02-27,,796-14-6458,S44336924,,Ms.,Emily,Alexander,Vincent,,,S,other,nonhispanic,female,Andersonshire CA US,871 Davis Street,Oakland,CA,Alameda,01303,94609,-82.902299,169.481889,32188.33,7191.36,60338,307.217.2387,debra51@example.net,330513202,330102
7c1a5d68-25e6-4949-aefc-0d24a6940730,1953-12-31,,679-88-1860,S49138787,,Mr.,Steven,Cynthia,Martinez,,,M,white,nonhispanic,male,Lisaside AZ US,57979 Villarreal Turnpike,Phoenix,AZ,Maricopa,35149,85006,-38.554721,-112.265481,49028.7,39938.22,36447,270-998-2125,towens@example.net,330899777,330102
1d587946-3f43-4510-9911-ef7fdca9f819,1962-02-19,,102-55-9873,S61239026,,Mr.,Peter,Daniel,Reed,,,W,white,nonhispanic,male,East Andrew CA US,7791 Ortiz Port Suite 368,Oakland,CA,Alameda,17134,94609,20.090543,-36.243361,22442.91,14611.65,25281,901-721-0780x0293,dschmidt@example.com,330952474,330102
0fca3f14-e778-42ba-b7c9-5cab5cdd7c5b,1946-08-16,,246-62-4562,S85929055,,Ms.,Nicole,,Webb,,,D,white,hispanic,female,Port Tony GA US,61288 Dave Crossing,Savannah,GA,Chatham,39638,31404,80.16122,84.79184,15503.99,15078.43,28912,001-288-629-3201,gregoryamanda@example.net,330997475,330102
93438db6-1fd8-4b51-b9e1-d86c70e41782,1994-01-31,,019-77-8067,S11813378,,Ms.,Beth,Angela,Smith,,,D,black,hispanic,female,Christinaside TX US,6218 James Fields Apt. 346,Austin,TX,Travis,31843,78702,45.484982,-27.548254,27666.42,91250.51,32748,758-872-7950x2304,carlarodgers@example.net,050515844,050201
f02e0f62-8adc-4176-a0fa-84e73a5b5320,1984-12-30,,594-66-9662,S71903839,,Ms.,Melissa,Bryan,Brown,,Weaver,W,white,nonhispanic,female,Sarastad TX US,68980 Sarah Via Suite 083,Austin,TX,Travis,23300,78702,-52.070627,-96.151891,48894.13,3930.28,37009,282-991-5326x211,mpalmer@example.net,050990153,050201
d3f83451-4ea9-4611-be1c-e66657f1d7d2,1934-09-16,,588-10-6283,S56167648,,Ms.,Elizabeth,Matthew,Thomas,,,S,white,nonhispanic,female,East Susanport GA US,638 Smith Roads,Savannah,GA,Chatham,28578,31404,53.017553,62.604057,98320.06,8181.44,80817,452-740-7860x4457,toddrios@example.com,050155699,050201
9b085839-26a5-4ecc-9533-76c87194ba5a,1962-11-17,,622-68-7177,S43821568,,Mr.,Frank,Kristen,Bond,,,,white,nonhispanic,male,North Rachel GA US,88044 Evelyn Ranch Suite 449,Savannah,GA,Chatham,41104,31404,-6.074761,-60.831369,62067.98,19970.32,41183,538.838.1100x51402,walkermark@example.com,050874252,050201
7d1a4bff-a0f9-4b41-92f9-432b6170198c,1972-11-16,,487-23-7956,S17216160,,Ms.,Kathryn,,Johnson,,,W,white,nonhispanic,female,Markburgh GA US,272 Woods Extension Apt. 073,Savannah,GA,Chatham,34979,31404,-83.200705,-41.721174,28631.33,11638.27,91988,(934)667-1256,russellmatthew@example.com,050848091,050201
4e04a16c-a6af-4130-980b-60db0e909aa7,1966-08-05,,625-37-9858,S39507018,,Mr.,John,Lauren,Hinton,,,M,asian,nonhispanic,male,Taylorstad AZ US,8522 Brian Hill Suite 643,Phoenix,AZ,Maricopa,11309,85006,-36.709012,17.760724,16761.4,48440.5,18729,001-596-236-5804x7321,kelly47@example.org,030324580,030301
187c00f1-4df6-4442-8607-b40fd8fcf8ea,1966-03-09,,431-89-8196,S44115663,X56942810,Ms.,Joanna,,Tate,,Lopez,D,black,nonhispanic,female,Matthewport MA US,215 Gutierrez Ferry Suite 612,Boston,MA,Suffolk,23585,02118,19.350473,-75.443822,38575.77,17511.72,27704,421-783-1708x583,xcopeland@example.org,030581962,030301
ffc26862-5bae-4ffa-88eb-0c2f92b1c347,1959-02-20,,036-21-1637,S61186155,,Mr.,Dwayne,Nicole,Curry,,,W,white,nonhispanic,male,Heatherbury AZ US,6749 Danielle Hill,Phoenix,AZ,Maricopa,43260,85006,6.542306,-54.746594,86351.51,6899.92,38766,5204944430,james20@example.com,030221232,030301
319e2403-edc0-419f-9a00-44bf021d73d3,1934-09-29,,010-90-4042,S61726335,,Ms.,Carolyn,Nancy,Lopez,,Robertson,S,white,hispanic,female,Lake Rebecca IL US,222 Rivera Heights,Chicago,IL,Cook,31053,60612,11.460824,-146.462483,69854.59,8297.11,78771,768-316-9778x703,hmiles@example.org,030657312,030301
d1fc21a5-f42a-417a-9ee3-2b3e08961651,1969-07-25,,881-22-9918,S71197441,,Ms.,Andrea,Gwendolyn,Stevens,,Rice,W,white,nonhispanic,female,Port Nathanfurt AZ US,05190 May Mill Suite 796,Phoenix,AZ,Maricopa,24842,85006,-4.274104,115.086918,148629.61,7397.37,33629,001-406-653-6672x351,nicholsonjoseph@example.com,030658291,030301
bf50d367-f776-4713-9de1-dfc68865b3aa,1925-06-16,,848-63-1325,S13619901,X33904073,Ms.,Kathryn,,Hopkins,,,D,other,nonhispanic,female,Port Jasonhaven GA US,8363 Morton Points,Savannah,GA,Chatham,15219,31404,4.934553,136.120425,30057.19,17258.21,53973,4935061697,thomaslucas@example.com,030884973,030301
11f7dcab-7914-406c-8082-100e1ce96316,1977-04-10,,810-89-0072,S63292051,,Mr.,Eric,Robin,Hunter,,,,black,nonhispanic,male,New Antonio TX US,007 Wright Rue,Austin,TX,Travis,17789,78702,6.949367,87.703948,74162.71,39450.15,34165,001-611-673-7100,browndanielle@example.com,140969116,140401
1343055e-bb31-4cbe-b130-ab2af5c07593,1963-10-01,,174-57-8426,S55597664,X44722828,Ms.,Melinda,Ashley,Peterson,,Coleman,W,white,nonhispanic,female,Smithbury CA US,61786 Nancy Stravenue,Oakland,CA,Alameda,10159,94609,-30.741438,-27.72671,30472.58,7117.93,55397,(229)878-0319x8329,sara90@example.com,140997612,140401
9c3189e5-981b-42b9-a02d-719b48966de8,1951-09-19,,830-81-7565,S66887180,,Mr.,Joshua,,Perez,,,D,white,nonhispanic,male,New Amyfurt GA US,204 Alexandra Radial Apt. 612,Savannah,GA,Chatham,04486,31404,-46.688716,-144.153882,41462.33,133929.16,75164,688.247.8111,george74@example.org,140607153,140401
6dbe29ba-f5c0-42ac-b13e-864d383bec6c,2005-01-21,,359-97-5823,S28815100,X27241845,Ms.,Bianca,Timothy,Peterson,,,,white,nonhispanic,female,Troyhaven IL US,348 Suarez Mission,Chicago,IL,Cook,37068,60612,-23.815545,-19.851873,10642.4,10853.26,115379,(495)353-4666,cporter@example.com,140923579,140401
0e44d166-092e-4851-bc06-e4520d6b0d65,1993-12-15,,742-68-0027,S45035526,,Mr.,Benjamin,Garrett,Lewis,,,,white,nonhispanic,male,Lake Dakotaburgh CA US,41691 Paul Viaduct Apt. 483,Oakland,CA,Alameda,06594,94609,-83.639297,-155.25091,10822.43,60298.91,47020,(405)332-6993x841,whitney97@example.org,140483939,140401
68f7dc7e-d373-4276-aeb3-a95d586ae7e4,1967-06-20,,403-36-4452,S59449283,X52182670,Ms.,Katherine,,Alexander,,,,black,hispanic,female,Port Gabrielborough MA US,5692 Ashley Wall Apt. 951,Boston,MA,Suffolk,29292,02118,-53.409365,86.716575,45791.68,77534.32,44867,8937442792,austinarcher@example.com,140840161,140401
697882be-e050-4f00-88d1-c9db9e72483a,1953-01-03,,662-57-5952,S11845895,,Mr.,Miguel,Samantha,Mills,,,S,asian,nonhispanic,male,Alexisburgh IL US,4758 Clark Canyon,Chicago,IL,Cook,24672,60612,-60.895259,70.786918,41455.92,3537.73,24360,001-665-516-4899,bellsandra@example.com,140594990,140401
e856108f-8ceb-42c8-a7f6-9b9fe6f3ee9d,2013-11-05,,039-07-2895,,,,Daniel,Melissa,Diaz,,,D,white,nonhispanic,male,Manningberg TX US,5520 Ortega Turnpike,Austin,TX,Travis,07172,78702,-24.84026,-134.735128,3379.86,36237.36,70720,751-445-8270,baileymarie@example.com,110771643,110501
71c64942-cfa5-4b7f-8ecc-e2ffaa3509bb,1973-06-27,,346-38-1676,S23598976,X51131344,Ms.,Melinda,John,Johnson,,Johnson,S,asian,nonhispanic,female,Derekton TX US,7346 Nicholas Lodge,Austin,TX,Travis,44136,78702,-57.253775,176.360135,5730.97,10890.08,51912,001-568-551-3518x838,fisherdarlene@example.org,110297358,110501
29b0e2aa-dc87-4bf8-9fb4-29df1a8d9a0f,1976-09-01,,314-07-6299,S41776912,,Ms.,Lisa,Ronald,,,,,white,nonhispanic,female,Martinezberg CA US,01897 Moody Summit Suite 082,Oakland,CA,Alameda,39035,94609,57.263253,-23.517056,12008.09,53572.86,38296,001-690-949-5910,cindyhill@example.org,110228143,110501
655aaf14-1129-404d-993c-9891b8fb2165,1990-06-14,,127-56-2566,S60326340,X91308366,Mr.,Joseph,Rebecca,Hicks,,,,black,nonhispanic,male,Colemouth IL US,7087 John Road Apt. 022,Chicago,IL,Cook,16850,60612,39.693035,-159.414103,15612.61,4891.33,40797,001-838-729-8840x709,alexander22@example.com,110473257,110501
da1bc983-fddf-404f-99da-9fd0d1bf4cb6,1975-05-03,,160-95-4345,S82677003,,Mr.,Jonathan,Timothy,Santos,,,S,white,nonhispanic,male,Ryanside GA US,929 Michael Rest,Savannah,GA,Chatham,06373,31404,2.51932,159.943992,14724.02,10539.01,30467,(801)847-8152x460,mthompson@example.org,330479520,330101
9a2565e5-c85f-4ed6-a598-508ad117ce83,1980-04-21,,061-88-3382,S96904246,,Mr.,Michael,,Reid,,,D,white,nonhispanic,male,Lake Omarville CA US,73611 Anthony Grove Suite 029,Oakland,CA,Alameda,52810,94609,50.228605,-173.335101,3675.89,23609.49,41355,001-364-460-3852x137,michael49@example.com,330412087,330101
8b480bc5-c9ff-4d20-9345-3d022d7b600f,1998-03-22,,721-08-7206,S57129268,,Mr.,Douglas,,Walsh,,,S,other,nonhispanic,male,North Michael MA US,694 David Rapids Apt. 254,Boston,MA,Suffolk,41334,02215,-20.103611,56.062594,102439.75,9358.52,46864,+1-861-329-1818x664,johnsonangela@example.net,330568489,330101
5256cd63-b316-4584-831c-15539346ee00,1937-03-25,,335-12-1696,S93044363,,Mr.,Joseph,,Reed,,,M,asian,nonhispanic,male,East Melindafort GA US,989 Hernandez Junctions Apt. 931,Savannah,GA,Chatham,21073,31404,83.237339,161.288595,116422.54,12637.65,38906,590.365.2313x1839,kyle52@example.org,330750152,330101
a814ea40-8151-4566-9d6d-696e4ea35496,1989-09-11,,329-33-3081,S22353856,,Mr.,Rodney,Heather,Weiss,,,S,white,nonhispanic,male,Paulburgh MA US,409 Kristina Canyon Suite 640,Boston,MA,Suffolk,55356,02215,-69.984031,46.347097,48174.4,29091.19,34640,415-865-0299x193,caitlin88@example.org,330811318,330101
791a8b01-a8f8-4cb0-ac31-59a90d1d08a3,2012-10-29,,880-35-9355,,,,John,,Ramirez,,,D,white,nonhispanic,male,Ericachester TX US,2219 Nicholas Stravenue Suite 017,Austin,TX,Travis,02042,78702,-46.242311,121.893631,11247.39,12048.14,36093,925-973-2147,mdorsey@example.net,330441249,330101
cd95ebae-192b-4cce-9d62-326f2b8b590f,1976-10-01,,113-71-4200,S50171579,X61681651,Mr.,Michael,Daniel,Jackson,,,,white,nonhispanic,male,Ricardofort MA US,3700 Poole Mall Apt. 363,Boston,MA,Suffolk,49198,02118,-30.133872,-92.266467,44117.85,65976.6,52276,9303802901,lbowers@example.net,330860752,330101
2e84c8c7-13ef-4b00-904a-21967cc9bc4b,1973-12-24,,055-66-5821,S18088092,X11963008,Mr.,Brendan,Greg,Mcclain,,,D,white,nonhispanic,male,Seanbury CA US,365 Jennifer Branch Apt. 186,Oakland,CA,Alameda,35496,94609,80.859077,82.936656,14815.68,25515.88,34590,611.542.3880x06768,franciscoanderson@example.net,330977023,330102
453d4165-24d2-4875-aa6e-3650e15ccbe2,1991-01-31,,554-15-0760,S44354186,,Ms.,Tracy,Michael,Steele,,,D,other,nonhispanic,female,Johnstonside MA US,049 Elizabeth Unions,Boston,MA,Suffolk,38401,02118,6.42441,-179.301217,105679.64,8778.68,46982,(438)590-9199x79715,patrickandrew@example.net,330544944,330102
e93b07d2-b4e3-4681-84ec-91ee8071738e,1951-06-27,,009-05-4220,S40438842,X39902510,Ms.,Kimberly,Christine,Morales,,Hall,M,white,hispanic,female,Brianaberg CA US,3619 Padilla Points,Oakland,CA,Alameda,24812,94609,-82.805217,27.209816,116003.74,65939.27,110987,416-227-7519x8369,martinmargaret@example.org,330757121,330102
5eedf321-fc5e-4f9c-9651-4f872ffd7a11,1936-02-11,,574-21-1590,S75163113,,Mr.,Steven,,Tucker,,,M,other,nonhispanic,male,North Heather MA US,02855 Brittany Pines,Boston,MA,Suffolk,49617,02118,30.366783,74.0711,180706.39,81507.93,48341,001-989-343-5720x72914,matthewmahoney@example.com,330488735,330102
17b791e4-ff94-4af2-ba2c-cee8ba464b75,1949-01-29,,898-42-1969,S53107542,,Ms.,Katherine,Jennifer,Sanders,,,S,other,nonhispanic,female,Heatherborough CA US,98092 Harmon Street Suite 064,Oakland,CA,Alameda,39190,94609,-69.758269,65.672871,48336.86,5742.15,116933,(554)779-8720x483,sharon16@example.net,330273660,330102
fb1be907-674b-4e4a-8ef0-66507a0a8a22,1980-02-25,,225-33-0011,S15204920,,Mr.,David,Marcia,Bell,,,S,white,hispanic,male,Lake Elizabeth TX US,602 Hoffman Unions,Austin,TX,Travis,52785,78702,58.8101,28.886081,11562.06,18825.36,105124,001-340-402-1009x46895,ycollins@example.com,330363264,330102
8cab7c51-2cc3-4989-9bf4-b554fc6ecedb,1962-08-25,,239-40-6173,S71265166,,Mr.,Eric,Robin,Clements,,,D,white,nonhispanic,male,Port Dwayne MA US,63263 Luke Meadow,Boston,MA,Suffolk,10991,02215,15.229173,121.280154,4203.49,10103.85,27384,694.715.2876,sheltonjessica@example.net,050919293,050201
61a561b2-b99c-4c90-a8ba-f77cde795703,1972-04-18,,535-91-6211,S88289518,,Mr.,Andrew,,Cunningham,,,M,other,nonhispanic,male,Latoyamouth GA US,226 Joseph Pine Apt. 380,Savannah,GA,Chatham,29461,31404,-17.804274,177.849546,14279.58,45909.91,68207,001-692-883-9352x78129,pjohnson@example.org,050556977,050201
afdb1954-c7a0-4cd3-8136-714f8ac0b7a6,1957-11-08,,784-92-3123,S64520663,,Ms.,Lisa,William,Rojas,,,M,white,hispanic,female,Andersonton IL US,82586 Jennifer Spur Apt. 953,Chicago,IL,Cook,40716,60612,-40.216312,22.62457,37928.4,14487.19,75517,650-866-9252,hoffmanmichael@example.com,050473078,050201
52ed4da4-124c-4387-a933-b28a53672993,2017-01-12,,772-84-1714,,X68141719,,Timothy,Rebekah,Hess,,,W,white,nonhispanic,male,Lake Isabella MA US,8614 Short Corners,Boston,MA,Suffolk,07900,02118,70.613009,23.600853,16248.0,21935.36,34259,+1-465-438-3662x25821,william24@example.net,050910651,050201
e148bf8c-9b29-484d-8387-c7b6ff34d69f,1954-08-17,,581-80-0071,S59832448,,Mr.,Johnny,Adrian,Jones,,,M,white,nonhispanic,male,Port Luis MA US,0698 Williams Islands,Boston,MA,Suffolk,21432,02215,-32.63719,114.458088,36218.09,5579.89,40779,(750)988-9987,sheila99@example.net,050681336,050201
482eda4f-8917-4e89-a567-559b82ce0cf1,1943-02-23,,897-37-3839,S75139853,,Ms.,Teresa,Cheryl,Hernandez,,Maldonado,W,asian,nonhispanic,female,Port Michael GA US,665 Reid Burgs,Savannah,GA,Chatham,35798,31404,21.511654,-19.706778,53305.93,2615.52,50860,(627)248-8414x61508,timothy06@example.org,050462724,050201
6bd9778d-50d2-4c30-a8ce-012361ba5717,1930-09-30,,723-16-4529,S92629701,,Ms.,Kristie,,Hutchinson,,,M,black,hispanic,female,Laurenville AZ US,95917 Edward Unions Apt. 082,Phoenix,AZ,Maricopa,54346,85006,-23.065209,-88.844982,59967.71,43092.86,32070,478.208.7228,rachel35@example.com,050161284,050201
4fe1b187-ee73-4b38-8463-dc5719c8c27c,1948-05-22,,019-52-2412,S43982010,X26362868,Mr.,Michael,Lauren,Stewart,,,D,white,nonhispanic,male,Melissaborough MA US,9787 Mary Streets,Boston,MA,Suffolk,32154,02118,20.452846,110.185145,14119.07,17368.33,29120,845-886-6761x277,rachael55@example.net,050853076,050201
09ee0108-a287-48da-825d-9fdab64a6de3,1983-12-04,,591-73-9701,S85398121,X26998839,Mr.,Keith,,Wilson,,,M,white,nonhispanic,male,Saraland TX US,90483 Acevedo Manors,Austin,TX,Travis,25938,78702,30.522086,139.732442,86290.97,27853.9,21104,243.444.0524,sarahjohnson@example.org,030474892,030301
3d849761-c0a0-46bc-9ea6-647b9542d489,2024-01-29,,392-71-1933,,X35209244,,Cathy,Katie,Bennett,,,W,other,nonhispanic,female,East Geoffrey MA US,54809 Jeremy Greens,Boston,MA,Suffolk,20291,02118,-46.473501,-91.103391,46150.44,52207.45,42379,807-961-7772,kurt27@example.com,030117913,030301
d8cc9e38-2b9a-4b1c-a322-4fca0466557a,1996-12-23,,038-23-7236,S13162350,,Ms.,Kimberly,Dustin,Taylor,,,,other,hispanic,female,Saramouth TX US,4104 Wilson Keys,Austin,TX,Travis,08850,78702,-61.89397,-39.649826,11340.07,56992.12,28682,+1-252-455-0980x9452,curtishowe@example.org,030940879,030301
9aaeb422-00ec-40c7-9077-4a213a784b43,1957-08-01,,183-55-2104,S83410166,X11929279,Mr.,Jacob,,Bryant,,,W,white,hispanic,male,Martintown MA US,5775 Nelson Skyway,Boston,MA,Suffolk,55401,02118,42.878777,21.477108,34589.99,13658.43,64323,001-615-768-8052,petersnicholas@example.org,140952321,140401
b1956884-bb8f-4615-8616-258efe1271c6,1958-05-31,,118-85-0599,S23390977,,Ms.,Elizabeth,Craig,Serrano,,,D,black,hispanic,female,East Erica CA US,69082 Anthony Ranch Suite 182,Oakland,CA,Alameda,39771,94609,78.185219,74.09098,134473.54,3188.83,26165,338-599-8748x727,megan92@example.com,140946317,140401
646211a5-734a-4021-a6f8-5e8fa2621154,1970-12-05,,873-55-4241,S28001678,X50233977,Ms.,Samantha,Rodney,Warren,,Clark,,black,hispanic,female,Lawsonberg TX US,302 Jones Brooks Suite 667,Austin,TX,Travis,31737,78702,-71.841173,-83.541926,10737.57,6905.82,63407,472-804-1937x49533,baileysabrina@example.org,140329887,140401
796c8549-cb8f-46d6-927e-e6ce73af4e84,1966-04-29,,145-93-6639,S89114052,,Ms.,Lisa,James,Holder,,,W,white,hispanic,female,Annachester MA US,34552 Jose Dam Apt. 011,Boston,MA,Suffolk,38537,02215,-53.451519,96.940796,25917.42,42930.86,42659,314-943-6618x580,combsdavid@example.org,110842264,110501
86551a51-208b-4e81-acc9-607790b734b2,1976-06-29,,029-30-9646,S82278280,,Ms.,Brandy,Maria,Ward,,Perez,D,black,nonhispanic,female,South Phillip CA US,93268 Sarah Mission,Oakland,CA,Alameda,12063,94609,-79.186357,-44.862956,18957.51,8907.98,31543,(446)478-2895x39217,smithedwin@example.org,110309739,110501
c0db1b4e-d103-4d33-9500-9d06d8197183,1969-12-02,,397-66-8490,S28327953,,Mr.,Barry,Michael,Lee,,,D,white,nonhispanic,male,Williamburgh AZ US,86888 Schneider Ridges Apt. 527,Phoenix,AZ,Maricopa,25093,85006,-72.347251,15.960722,27598.73,16968.95,53320,001-846-827-8790x8657,fmarshall@example.org,110171618,110501
f5f78f31-cafa-48b9-92cf-e6629f60711f,2004-04-28,,656-97-8897,S63852111,,Mr.,Roger,,Watkins,,,,black,nonhispanic,male,Jessicaport CA US,223 Gibson Cove Suite 340,Oakland,CA,Alameda,48525,94609,7.823086,120.299286,15081.55,74240.48,46258,001-842-374-3675x561,rmcdonald@example.com,110499089,110501
53e6a7d6-eb3b-4e29-a774-0750ae92eb95,1967-11-25,,270-02-2654,S75705833,X81508025,Ms.,Lisa,Courtney,Macdonald,,Miller,,white,hispanic,female,South Tyler TX US,9361 Stacey Street,Austin,TX,Travis,18062,78702,-13.679999,-85.860878,20572.72,3068.1,35766,602-703-6685x2865,davidrobinson@example.com,330293024,330101
28542e7b-0aad-46c4-a3a2-82f97c860f5c,1958-10-29,,062-53-1674,S12952377,X35642626,Mr.,Justin,Kent,Santiago,,,D,other,nonhispanic,male,West Michelleport TX US,35101 Stephen Glens Apt. 631,Austin,TX,Travis,03326,78702,-57.238006,22.298656,72069.64,3938.75,58746,001-241-525-4424x14818,maryjimenez@example.net,330566566,330101
2d629d99-1c7f-41a8-b02b-019317b81af2,1945-07-06,,756-13-0074,S93255739,X96286564,Mr.,Brian,Brian,Barron,,,S,asian,nonhispanic,male,Watersfurt IL US,9669 Dylan Meadow Apt. 149,Chicago,IL,Cook,43816,60612,-17.372605,-48.502527,333957.74,3356.66,28883,(484)618-0519x6477,jamesnichols@example.com,330201611,330101
1a5f11f2-fceb-4d1a-8f37-95c6ff699e33,1960-12-21,,861-08-7136,S49803418,,Mr.,Evan,,Curtis,,,D,asian,nonhispanic,male,West Juliebury CA US,795 Brandon Orchard,Oakland,CA,Alameda,36147,94609,-86.133057,-9.903395,144356.77,7911.35,68541,(706)717-4887x110,michaeldeleon@example.org,330437658,330101
d27cd62a-b162-4a66-a553-f26ee094f004,1987-01-26,,490-49-2068,S85000746,,Ms.,Angela,,Blanchard,,,D,white,nonhispanic,female,Vegachester TX US,498 Michelle View,Austin,TX,Travis,38784,78702,21.446439,-5.041643,25401.06,35314.81,44929,215.750.8589x2616,mgilbert@example.com,330902374,330101
1fe8f1ed-ecf8-4317-a932-9a78fbf6a877,1972-05-04,,114-38-4036,S38828366,,Mr.,Nathan,Carol,Lyons,,,M,white,nonhispanic,male,Martinezberg MA US,701 Beth Lakes Suite 307,Boston,MA,Suffolk,34249,02215,-9.960781,120.043119,28282.37,11801.93,48578,982.887.0816x658,mendozacrystal@example.net,330829475,330101
3fee5624-ae44-4a1d-8bf4-0411ab89c78b,1992-03-02,,564-08-3576,S64535635,,Ms.,Angela,Sarah,Juarez,,,S,white,nonhispanic,female,South Jessica CA US,9907 Cortez Spur,Oakland,CA,Alameda,22160,94609,-35.714795,-144.665097,28731.42,4960.28,59181,632-726-1263x0292,jennifer40@example.net,330949417,330101
151d6131-c885-40b2-ae02-33dadee1a7ae,1950-09-15,,414-07-9814,S21052484,,Ms.,Linda,Amanda,Murray,,,W,white,nonhispanic,female,North Robert MA US,02339 Stephen Crossroad,Boston,MA,Suffolk,50021,02118,-81.932205,78.813848,83316.84,57079.65,92573,001-708-226-3249,annarmstrong@example.net,330184199,330102
a8cae5df-4703-4855-8c50-812cdc64c04c,1981-01-05,,031-74-5472,S37429695,X61422360,Ms.,Lindsey,Raymond,Miller,,Kline,S,black,nonhispanic,female,West Chadland MA US,1890 Chandler Creek Suite 811,Boston,MA,Suffolk,43438,02215,44.540441,-155.84134,61244.6,15794.73,82957,5366986663,frederickmargaret@example.com,330403932,330102
306380a8-18a3-42b8-8325-460f130ff4e5,1970-06-04,,457-49-1236,S33137480,,Ms.,Amy,Brandon,Kidd,,Mccarthy,W,white,nonhispanic,female,North Bryanview TX US,955 King Bypass,Austin,TX,Travis,12433,78702,-35.01113,-25.517785,92744.5,10730.38,31574,359-467-6942x0778,wardlaura@example.com,330634811,330102
b7733772-0cd4-40e3-8ee5-2af6a380a56a,2021-02-09,,619-86-2787,,,,Angela,Scott,Cruz,,,W,black,hispanic,female,Longfurt AZ US,49457 Ryan Turnpike,Phoenix,AZ,Maricopa,30306,85006,-79.299078,87.326651,58845.39,2728.39,52174,859.593.1944x0543,angelanoble@example.net,330519231,330102
5fe52a08-38ec-4c35-80cd-67c90399e31b,2025-10-28,,085-73-6841,,,,James,,Edwards,,,S,other,nonhispanic,male,North Alanbury CA US,804 Kelly Coves Apt. 261,Oakland,CA,Alameda,12782,94609,6.511019,-94.178087,2566.13,5042.24,64643,+1-525-966-7999x5086,tiffany57@example.org,330402408,330102
8f595664-6d14-45a4-9843-bc0f4a4dd997,1990-07-15,,427-61-3289,S95710574,,Mr.,Mark,,Haynes,,,,white,hispanic,male,Thomasfort GA US,77330 James Valley,Savannah,GA,Chatham,30846,31404,-29.363315,-148.683529,285935.5,52128.51,144861,001-377-949-6132,zaustin@example.org,330802587,330102
0fe87ffb-a8ff-4899-b4f2-3f9c894d2d5d,1931-11-13,,726-94-5765,S80145366,X63759879,Ms.,Joyce,Caleb,Fuentes,,,,white,hispanic,female,Toddberg AZ US,5395 Simon Cape Apt. 863,Phoenix,AZ,Maricopa,45884,85006,-65.100357,-157.425856,61124.69,13733.81,51179,001-612-698-9867x1100,hernandezdiana@example.net,330970375,330102
ee2cb517-53ab-4829-a5c9-cbbbdc5a438c,1979-10-30,,770-30-7018,S67438600,,Mr.,David,,Murray,,,D,black,nonhispanic,male,New Erikaview AZ US,5607 Gary Fork,Phoenix,AZ,Maricopa,53367,85006,-5.024005,43.704557,169222.14,28364.72,21585,718.387.0707,bradleylinda@example.com,050409695,050201
ca5c96e7-bf70-440a-99aa-9178a72cfc4b,2003-11-23,,636-48-5269,S87904786,,Mr.,Joe,Courtney,Stewart,,,S,white,nonhispanic,male,South Tamiville CA US,223 Jesse Spurs Suite 621,Oakland,CA,Alameda,18505,94609,-45.487733,11.317426,84835.43,11727.54,75004,8376415569,amy74@example.net,050359018,050201
5a736741-574e-4e94-8c98-70b0bd48e235,1965-09-14,,633-14-6135,S96331491,,Mr.,Michael,,Pineda,,,W,white,hispanic,male,Danielmouth TX US,36162 Regina Bridge,Austin,TX,Travis,27407,78702,-26.739,7.91131,110083.88,17384.74,24554,799-448-7180x478,nford@example.org,050660925,050201
2c89b432-8de2-465f-9a83-50f8696bd8bb,1975-07-24,,286-04-5655,S68251971,,Mr.,Christopher,Raymond,Garza,,,W,black,nonhispanic,male,West Ann MA US,22760 Robin Port,Boston,MA,Suffolk,02925,02118,-7.836945,55.001258,10321.45,20966.87,48082,431-852-8049x363,amiller@example.com,050470269,050201
da59fb3c-e366-44e6-a164-a114ed224757,1984-10-11,,624-27-6710,S67123387,,Ms.,Ariel,,Blair,,Cruz,D,asian,nonhispanic,female,East Andre MA US,733 Marshall Expressway,Boston,MA,Suffolk,38162,02215,53.385905,16.206331,12382.33,4321.19,23981,(706)725-7510x516,ralphrodriguez@example.net,050156598,050201
e3959bd7-161f-452a-aa76-f570fd8be0ee,1982-07-19,,758-38-9040,S76666112,X33250090,Mr.,John,,Smith,,,,white,nonhispanic,male,Debrafurt TX US,543 Payne Walk Apt. 939,Austin,TX,Travis,45585,78702,63.602694,44.339078,98343.73,11932.99,71304,(945)910-9289,andersonkaren@example.com,050910143,050201
53d34b0c-6371-493a-a034-78a9450926c0,1981-05-31,,336-28-1870,S54586534,,Ms.,Teresa,Wesley,Howard,,,S,white,nonhispanic,female,Port Deannamouth IL US,8682 Laura Roads,Chicago,IL,Cook,06221,60612,-29.795088,171.588684,43959.82,34703.16,60210,544.722.9133,blakederek@example.net,050542124,050201
8ee8449c-5eab-4b28-916e-a7b7f9797ea1,1956-09-03,,878-51-4293,S75436775,X30892659,Mr.,Jeffrey,,Wheeler,,,S,white,nonhispanic,male,Amandashire MA US,174 Charles Trail,Boston,MA,Suffolk,19369,02118,-8.421677,-2.738395,9364.17,5036.28,48448,+1-392-650-6059x2114,phillipsnicholas@example.net,050715466,050201
8ba166f1-7cca-4189-aa47-11b39999ff10,1950-03-02,,873-20-8188,S22168946,,Mr.,Robert,Matthew,Diaz,,,D,black,nonhispanic,male,West Rachelhaven TX US,405 Rebecca Lock,Austin,TX,Travis,36420,78702,45.724281,166.044108,12985.74,9502.79,34357,001-941-319-5129x474,mary97@example.net,030920211,030301
d8374790-1db7-4926-b84d-414f2bda5de6,1962-02-13,,012-70-0514,S44517455,X67501383,Mr.,Brian,,Porter,,,W,asian,nonhispanic,male,Mccormickview MA US,184 Oconnell Spur Suite 104,Boston,MA,Suffolk,20634,02118,32.955987,-71.40186,10552.16,19807.61,36178,+1-343-452-3007,agentry@example.com,030816699,030301
d44ae0a9-7738-4bd0-85c7-87bede0ebd3c,1951-03-09,,559-13-1880,S94794606,X21206516,Ms.,Laura,Amanda,Marquez,,Richardson,S,black,nonhispanic,female,South Johnstad MA US,5108 Turner Crest,Boston,MA,Suffolk,46882,02215,32.353947,-22.55726,104932.75,19517.09,48801 mg,638-614-2970x821,eringrimes@example.org,030891797,030301
c7873443-21d7-45ac-b574-ee9f78d0169a,1979-08-07,,280-09-0171,S72543386,,Mr.,Robert,Megan,Holmes,,,W,white,nonhispanic,male,West Kylebury MA US,4956 Campbell Crest Apt. 894,Boston,MA,Suffolk,11090,02215,71.077547,80.034674,29559.08,16599.7,83214,484.772.0568,mark44@example.net,030829414,030301
55eb0ab5-8716-458c-9796-c1528f4cc705,1956-03-23,,455-80-0972,S43183453,,Ms.,Jamie,Nathan,Rodriguez,,,W,white,nonhispanic,female,South Glen AZ US,508 Mccormick River Suite 256,Phoenix,AZ,Maricopa,24055,85006,-79.834284,-26.763718,30057.74,12269.89,29944,828-985-0444x23430,smithallison@example.org,030946520,030301
dc814e7d-c0c4-4524-b661-255b7fc5f637,1937-07-10,,704-39-0055,S76860208,,Ms.,Ellen,Sara,Baldwin,,,D,other,nonhispanic,female,East Kelly GA US,13888 Yang Club Suite 050,Savannah,GA,Chatham,06217,31404,-87.477571,51.87603,37548.96,10339.0,45661,001-594-306-3338,melissa84@example.org,030731140,030301
0abbb10f-f565-4a0e-906f-838ec21ca38c,1927-05-07,,520-96-1092,S27299170,,Mr.,Christopher,Kevin,Turner,,,D,black,nonhispanic,male,Port Sandra MA US,1871 Reed Plains,Boston,MA,Suffolk,04501,02215,12.209,115.983335,13169.3,39493.63,45354,(412)607-0850,cdorsey@example.org,030254888,030301
ae0e35bd-f500-4694-938f-b7b6752c95ae,2004-10-16,,564-33-2841,S25675936,,Ms.,Megan,Sierra,Simmons,,,S,white,nonhispanic,female,Jenniferland MA US,958 Erica Port,Boston,MA,Suffolk,06375,02118,32.245655,-4.110153,58943.2,74396.98,102394,(555)206-0079x669,frodriguez@example.org,030944935,030301
70756533-f7ba-47e2-a612-da3e602cb42b,1935-06-29,,071-90-7964,S71134396,,Mr.,Larry,,Butler,,,,black,nonhispanic,male,East Mackenzie CA US,0525 Katherine Valley Apt. 337,Oakland,CA,Alameda,27733,94609,43.108105,-7.189086,75901.87,6659.91,27448,(436)378-7856x190,youngmichael@example.com,140775177,140401
990ca316-5cbe-4950-8b9c-ff98b080eed2,1985-11-09,,786-12-5052,S46485105,,Mr.,Shane,Nathan,Golden,,,,white,nonhispanic,male,Robertshire TX US,02954 Guzman Manor Suite 943,Austin,TX,Travis,27488,78702,79.28986,-101.149498,29505.74,14543.62,63623,368.598.2446,mnorris@example.net,140714029,140401
dcef08e8-3b13-4bec-8064-9b9d4733e4c9,1979-05-23,,773-72-4494,S50476332,,Ms.,Laura,Pamela,Klein,,Glenn,M,white,nonhispanic,female,Robertborough MA US,24807 Mathew Lakes,Boston,MA,Suffolk,46819,02118,-63.232175,-20.6938,68607.74,15712.42,74559,838-203-3510x302,rachelsalazar@example.org,140351685,140401
4095c1e2-7e24-4fd0-b193-97457f756b93,1971-06-25,,465-36-6698,S70741541,X65193279,Mr.,Brendan,Shelby,Valencia,,,W,black,nonhispanic,male,Loganshire CA US,04588 Beck Burgs Suite 888,Oakland,CA,Alameda,43685,94609,-62.113641,-85.769093,24835.38,10239.21,178358,001-581-201-5371x7410,cgolden@example.com,140726183,140401
4073b2f1-9a3a-4b42-b8db-6ecd78068745,1955-01-07,,227-22-4397,S26559099,X77413784,Ms.,Judy,Jason,Arnold,,,,asian,nonhispanic,female,New William AZ US,451 Shane Forest,Phoenix,AZ,Maricopa,03419,85006,61.451879,57.837005,13036.21,83481.28,32933,3375547294,reyesashley@example.com,140766718,140401
3bfcb742-8135-4c1b-a215-b2b76a9d7974,1976-12-14,,657-84-7276,S36153668,,Ms.,Julie,Deborah,Gibson,,,S,white,nonhispanic,female,Kingstad MA US,44798 Hernandez Bypass Apt. 017,Boston,MA,Suffolk,25116,02215,84.390332,177.309318,18257.26,10392.88,36619,504-935-9415,brenda25@example.org,140596283,140401
ac6322c9-6e89-4585-9cb4-4c237392753c,1926-06-19,,609-76-4057,S17457403,,Ms.,Casey,Andrea,Holder,,,W,other,nonhispanic,female,Andreaside GA US,49511 Jeffrey Branch Apt. 037,Savannah,GA,Chatham,48270,31404,46.966475,-11.691861,38017.49,45050.18,69550,+1-591-975-0042x1362,holmesangela@example.com,140386831,140401
7c96d1bd-d292-45a3-9dec-2bbac0fff60c,1949-09-30,,510-64-8032,S54310398,X45509870,Ms.,Krystal,,Wall,,,M,white,hispanic,female,Cherylstad MA US,690 Samuel Forest,Boston,MA,Suffolk,05932,02215,36.101638,176.181443,94681.44,29321.13,163595,656.617.5341,upadilla@example.org,140632059,140401
c3799c69-31d2-43ca-b453-7254ace4a10b,1989-06-01,,554-74-6251,S62915291,X23275451,Ms.,Caitlin,Nicholas,Simpson,,,S,asian,nonhispanic,female,Pagefurt MA US,71223 Green Trafficway,Boston,MA,Suffolk,09156,02118,-77.670362,-38.079423,52973.02,30449.24,152893,3877745024,kingdonna@example.com,110159255,110501
08c61876-cff0-4046-a407-ee3efe25e48d,1961-08-15,,632-66-1374,S45041861,,Ms.,Elizabeth,Julie,Martinez,,Watson,D,other,nonhispanic,female,Lake Donald IL US,534 Andrea Extension,Chicago,IL,Cook,53816,60612,21.543948,88.863467,12944.44,2806.03,15959,885-747-9255,nancy09@example.org,110874271,110501
e415a6bf-6388-480b-95db-21e40e2358d6,2018-04-02,,580-67-2974,,,,Sarah,,Wells,,,,white,nonhispanic,female,Paultown IL US,247 Rhonda Canyon,Chicago,IL,Cook,44434,60612,7.86966,146.867362,155049.84,15826.77,107690,571.570.0449x586,leekatherine@example.org,110907413,110501
88831969-be1a-4701-b7b2-03d5e3b679d0,1977-06-01,,218-60-6180,S84449522,,Mr.,Luis,Zachary,Smith,,,,white,nonhispanic,male,New Ashley TX US,52457 Bryant Crossing Suite 353,Austin,TX,Travis,15444,78702,-76.076105,77.400162,14064.99,110290.58,55894,(999)446-0424,walkerlinda@example.net,330141180,330101
901f932f-0588-4654-889d-eeae8aaa3c49,2011-11-21,,773-48-6037,,,,Angela,Joseph,Rice,,,,white,nonhispanic,female,West Joshua AZ US,14327 Cathy Islands,Phoenix,AZ,Maricopa,42780,85006,48.169346,-71.809776,13477.87,9292.4,35035,442-583-4793x10560,paula26@example.net,330779866,330101
3ec06d0c-f135-4bb1-8c9e-11b9f645d673,1946-06-16,,287-10-2089,S52980908,,Ms.,Angela,Joshua,Leach,,Murray,W,asian,nonhispanic,female,Jamesbury TX US,844 Tracy Mountain Apt. 457,Austin,TX,Travis,49442,78702,87.843282,-126.748508,27899.0,7922.16,79627,388.652.2488,summersallison@example.com,330288395,330101
032dd887-b422-4fd7-84ce-8a020d827e5a,1970-11-01,,626-87-8094,S36861405,,Ms.,Rachel,,Flores,,Taylor,D,white,nonhispanic,female,Clarkville CA US,755 Lewis Courts,Oakland,CA,Alameda,10098,94609,-2.602838,-177.99972,16748.78,9387.63,21136,464.897.1610,nicholas03@example.org,330191177,330101
f5e30cd2-d5f3-48fb-b812-404641465d0d,1941-06-19,,694-56-9525,S11580785,X15451015,Mr.,Robert,Sylvia,Anderson,,,S,white,nonhispanic,male,East Jessicastad MA US,5061 Holland Crest Apt. 822,Boston,MA,Suffolk,22091,02215,-84.156479,86.031371,75964.41,18673.75,19032,(686)862-2051,brent83@example.com,330880894,330101
e4790944-b3ed-48c0-9d28-0ca672f3cb84,1948-11-18,,314-59-7445,S58761234,X46210888,Mr.,Christopher,Samuel,Nixon,,,,white,nonhispanic,male,Elizabethchester CA US,589 John Mount Suite 061,Oakland,CA,Alameda,32736,94609,-3.393203,-79.285465,69818.31,16968.73,27678,474.486.0065,alicia69@example.net,330799445,330101
45e9ded1-6591-4003-ac45-f6caa2012ed8,1989-10-19,,202-15-1662,S18316244,,Mr.,Ronald,Andrew,Meyers,,,S,asian,nonhispanic,male,Port Melissa TX US,34818 Tammy Flats Suite 890,Austin,TX,Travis,05977,78702,-87.038945,-17.120739,80546.67,46728.94,52935,229-347-4075x57305,jonathan77@example.net,330202231,330101
d353ffbc-39bb-48dc-a326-5e354ca802f5,1972-03-12,,108-16-3344,S18612147,,Mr.,Kevin,Annette,Barnett,,,D,white,nonhispanic,male,West Nancy MA US,5120 Haynes Roads Apt. 651,Boston,MA,Suffolk,11879,02118,-58.510833,97.446272,11419.15,6428.02,41504,+1-272-212-7465x4651,louis89@example.net,330404941,330102
57f7328b-5f30-4484-ade9-c6f45f65a974,1992-07-28,,385-49-5926,S39230050,X51667288,Ms.,Lori,,Jones,,Berry,S,other,nonhispanic,female,New Yolanda TX US,5926 Evans Run,Austin,TX,Travis,42614,78702,85.120256,17.866432,48787.48,3632.38,42934,001-279-801-7479x872,rwade@example.org,330319018,330102
6a134776-acec-4ea5-98db-8a140cb82c85,1943-05-15,,884-53-7680,S82127522,,Ms.,Sarah,William,Mcgrath,,,M,other,nonhispanic,female,Cherylton AZ US,83018 Michael Village Apt. 748,Phoenix,AZ,Maricopa,34345,85006,-63.04314,47.925692,36973.79,13351.53,34531,7917475678,dannystewart@example.net,330506782,330102
5fc0f3fa-cf65-4eae-95ff-e800d36d0103,1973-07-23,,619-25-6474,S17956280,X72829206,Mr.,Joseph,,Brown,,,M,white,nonhispanic,male,South Deniseberg AZ US,321 Murphy Squares,Phoenix,AZ,Maricopa,13567,85006,40.213659,119.188044,21777.4,49696.72,35316,(863)398-7966x303,elizabethwilliams@example.org,330468808,330102
d6a386a0-3af5-4eb3-a6fc-165aaa476644,1966-02-06,,142-67-4668,S99653897,,Mr.,Michael,,Burgess,,,,white,hispanic,male,Allisonfort AZ US,97775 Christy Avenue,Phoenix,AZ,Maricopa,26426,85006,-76.519771,-2.900446,54055.23,10755.76,47030,(510)671-1959x28293,melissa10@example.org,330417524,330102
2e5922e1-443f-4af1-b948-8464d7301daa,2004-08-30,,679-23-8403,S31940171,X50972709,Mr.,John,,Hess,,,,black,nonhispanic,male,South Maria AZ US,855 Robin Forges,Phoenix,AZ,Maricopa,02011,85006,53.160511,35.484288,21395.37,12343.97,17787,+1-368-544-9454x973,clarksarah@example.org,330987458,330102
33788aae-bd4c-4659-94dd-a21630b61302,1992-05-18,,023-68-4368,S93808735,,Mr.,Stephen,Timothy,Montoya,,,M,white,nonhispanic,male,West John TX US,672 Walker Shoals Suite 868,Austin,TX,Travis,40767,78702,-22.269339,109.779313,128179.19,14570.88,46710,+1-413-507-8156x850,charleskenneth@example.net,330643108,330102
b9729c90-41e9-4bf9-9238-7d02db1b2d40,1977-11-23,,057-03-4677,S56878506,X36034032,Ms.,Leslie,John,Cook,,Vasquez,S,white,nonhispanic,female,North Kayla AZ US,18051 Harrison Cliff,Phoenix,AZ,Maricopa,17780,85006,50.695445,-69.918174,170939.36,24541.93,34568,(674)379-6235x624,philliprojas@example.com,050998789,050201
a1c5f7f5-1026-4f99-b8c7-5302c47ff041,1975-06-28,,552-48-0863,S68023645,,Mr.,Jeremy,Jillian,Miranda,,,W,black,hispanic,male,New Andrewshire MA US,3428 Moyer Cape,Boston,MA,Suffolk,09848,02215,1.161469,-134.212614,25530.28,23950.78,45157,(920)500-7111x636,timothycook@example.net,050704125,050201
df09ffae-3454-49a3-8416-26bfbe58dd12,1991-07-21,,351-56-6342,S26996605,,Mr.,David,Joanna,Lawson,,,W,white,hispanic,male,North Jackland GA US,875 David River Apt. 252,Savannah,GA,Chatham,37310,31404,-41.97551,61.318155,157450.16,13718.24,80696,901.627.1907x1529,briana90@example.org,050129885,050201
82530dc1-9bcf-4768-b6d6-71beb46d6a00,1962-07-21,,461-10-0634,S47999865,,Mr.,Thomas,Elizabeth,Payne,,,S,asian,nonhispanic,male,Cummingsview IL US,75581 Carlos Street,Chicago,IL,Cook,34782,60612,-39.69711,-30.919541,22046.15,61716.17,63030,8986423673,ellisbenjamin@example.net,050167395,050201
e121c71f-d257-479f-a4ef-30bce900dc05,1929-06-30,,089-77-5756,S52076530,,Mr.,Sean,,Alvarado,,,S,white,hispanic,male,New Howardport AZ US,48951 Taylor Points Apt. 038,Phoenix,AZ,Maricopa,49732,85006,-67.907505,-139.731264,15221.44,35484.24,77064,811.359.8825x9119,ashley59@example.com,050706810,050201
562ac2aa-2717-4584-b7d3-1a0e05d6891f,1973-04-29,,393-87-3806,S39561006,,Mr.,Ronnie,Abigail,Johnson,,,D,other,nonhispanic,male,East Keithside CA US,368 Freeman Crescent,Oakland,CA,Alameda,26634,94609,60.051777,-0.156364,8360.25,15199.65,28919,4574802497,ehudson@example.net,050542168,050201
d2fab404-38f3-4503-bf32-bd7a04882e02,1958-02-19,,303-39-0539,S99092386,X61370565,Ms.,Mary,James,Watson,,,W,white,nonhispanic,female,Hinesbury GA US,983 Pacheco Street Apt. 391,Savannah,GA,Chatham,09870,31404,-58.956656,92.4303,30156.96,35825.8,137173,432.382.4734,andrewortiz@example.org,050725541,050201
612f03fd-ac1c-4b11-8869-adf11cdfad49,1994-04-06,,694-62-8691,S91810641,,Ms.,Janet,Eric,Graham,,,M,black,nonhispanic,female,East Charlotteport MA US,27498 Murphy Dam Apt. 342,Boston,MA,Suffolk,55084,02118,64.346474,-102.574685,162897.94,7715.44,54060,925-585-2029,russellalexandria@example.net,050169011,050201
cd8813d9-6e9e-4744-b710-f07e1563183c,1999-02-28,,835-80-1467,S71833006,,Mr.,Jason,Jose,Luna,,,,white,nonhispanic,male,North Daniel TX US,36434 Gonzalez Extensions Suite 243,Austin,TX,Travis,11691,78702,37.630466,89.13578,10537.43,14200.41,36089,+1-432-962-0017x00723,reyessharon@example.org,050288814,050201
fb367408-16e4-4280-a508-eeb650df7771,1961-10-15,,725-31-9221,S39115540,,Ms.,Linda,,Hicks,,,S,white,nonhispanic,female,Donnaland AZ US,0792 Wright Course,Phoenix,AZ,Maricopa,10904,85006,-33.305815,104.879918,6549.36,11539.57,11533,001-997-608-7860x4091,thomaslittle@example.org,030615321,030301
a8e78bf7-aa95-44aa-8215-7c2639b80d2f,2003-12-19,,667-48-8427,S88138513,X15504864,Ms.,Shari,Gary,Taylor,,,D,white,nonhispanic,female,New Anthony TX US,57152 Austin Terrace Suite 026,Austin,TX,Travis,40280,78702,-2.654259,-28.689451,36939.53,9020.99,27621,360.489.8781x8027,wrightchristie@example.net,030335337,030301
6aaff45d-6ffa-4e9f-ae69-4d002a8f87e6,1932-08-01,,731-08-9283,S13360791,,Ms.,Sonya,,Chapman,,,S,black,nonhispanic,female,Lake Kristybury TX US,866 Shawn Avenue Suite 727,Austin,TX,Travis,42794,78702,-45.607141,55.805405,5384.0,8238.89,67596,833-224-7356,watkinskaren@example.com,030718376,030301
1bc9086d-cb48-4a7d-95d5-cc6ee3a03556,1996-03-12,,599-36-8605,S82718718,,Ms.,Jennifer,Dalton,Marquez,,,S,white,nonhispanic,female,East Carlmouth GA US,64939 Katie Motorway Apt. 517,Savannah,GA,Chatham,30556,31404,-67.129884,-176.291504,8057.61,18829.03,112840,001-289-239-6142x9739,robert42@example.net,030387279,030301
04a7f4de-b339-4ced-95f3-8af9fbd1991a,1992-06-20,,416-81-1534,S31044478,X40052141,Ms.,Erin,Aaron,Wright,,,W,asian,hispanic,female,Vanessaview MA US,33260 Jackson Roads,Boston,MA,Suffolk,24162,02215,43.834616,116.171867,4727.47,32039.14,81606,677-735-7935,james90@example.org,030718567,030301
68f6ac2d-5214-4a40-9f77-f7e5b2ea0501,2019-08-02,,012-12-5681,,X21482951,,Brett,,Allen,,,S,white,nonhispanic,male,North Brianstad GA US,8771 Valenzuela Mall Apt. 644,Savannah,GA,Chatham,36929,31404,21.305642,-120.703211,107916.84,61583.0,46463,001-445-760-2730,jeffrey55@example.org,140348908,140401
73641927-925a-4cb3-8780-8ef49b568806,1972-10-30,,439-32-4216,S64499816,,Mr.,Shane,Jacob,Coleman,,,M,asian,nonhispanic,male,Port Ivanton AZ US,3759 Williams Pine Suite 972,Phoenix,AZ,Maricopa,07066,85006,53.588482,-103.403628,36464.87,26309.54,93135,269-538-0622x1775,ufarmer@example.org,140507097,140401
487340a9-36b3-464e-b648-cdb2361946a7,1968-09-22,,275-85-0540,S67072507,,Ms.,Leslie,Micheal,Andrews,,,M,asian,nonhispanic,female,Victoriastad GA US,42948 Christina Union Suite 726,Savannah,GA,Chatham,32929,31404,14.698579,-156.125912,6275.64,2915.92,58409,2615942913,mejiasally@example.com,140999653,140401
780253c7-aa0b-4817-ae4c-f045bb37a05b,2011-04-23,,418-82-5491,,,,Brian,Jason,Torres,,,W,black,nonhispanic,male,Loganland MA US,4372 Chapman Islands,Boston,MA,Suffolk,02143,02215,40.043757,42.424,45144.77,11564.39,61584,499-710-3635x13642,kellykevin@example.net,140520211,140401
0b1ff0fd-8775-4e7f-bd9d-22f1e6fe79e0,1983-03-01,,033-43-4085,S52426276,,Ms.,Sara,Tina,Sexton,,Briggs,S,white,nonhispanic,female,New William MA US,110 Larson Dam,Boston,MA,Suffolk,10922,02118,42.832088,-83.467586,76967.03,13784.72,32120,340-237-3298x008,jonathanballard@example.net,110388338,110501
a1a79fa0-ebb5-4ab6-83a1-f3c95da640c2,1960-08-20,,082-40-1065,S79955716,,Ms.,Kimberly,,Brown,,Smith,D,white,nonhispanic,female,Port Maryville TX US,750 Smith Tunnel,Austin,TX,Travis,20447,78702,5.924372,60.118929,12903.95,17289.95,33428,(608)267-2320x151,danielleboyd@example.org,330235345,330101
f81ccae8-700c-4cf9-914a-03acccd01634,1972-01-01,,207-16-7333,S66277541,X11214951,Mr.,Keith,Sabrina,Hogan,,,D,white,nonhispanic,male,Melissachester AZ US,4130 Nichols Valleys Suite 526,Phoenix,AZ,Maricopa,17096,85006,-67.621435,-99.939192,11125.73,53252.33,120237,914.326.9566,krodriguez@example.org,330426192,330101
73143799-4e6a-4621-907e-2603fd78e2bd,1957-11-07,,078-38-9099,S99185370,,Mr.,Michael,Courtney,Welch,,,D,other,nonhispanic,male,South Amanda IL US,8127 Sanchez Trail,Chicago,IL,Cook,50411,60612,51.541635,-176.989316,12394.72,22126.9,93237,(289)789-3848x745,christopher00@example.com,330290277,330101
52cb74fb-2cf1-40b9-81e2-02d80442f8f5,1964-11-06,,229-42-1360,S64078352,,Ms.,Breanna,Ebony,Morrison,,,W,other,nonhispanic,female,Petersonmouth AZ US,14655 Mario Pass Apt. 719,Phoenix,AZ,Maricopa,36779,85006,78.967882,44.513938,23337.05,3265.26,63395,001-475-977-9650x9540,emilyjones@example.com,330844560,330101
000b124d-5a6f-4d32-ac89-f15444da58e4,1924-10-01,,102-37-5858,S47538662,,Mr.,James,Christopher,Leblanc,,,D,white,nonhispanic,male,Bradleyfort MA US,7743 Phyllis Pike Suite 519,Boston,MA,Suffolk,40627,02118,35.829126,100.876962,28498.25,16087.04,39616,001-607-204-9574x901,annamartinez@example.com,330444608,330101
81b79013-51d1-4082-ae4d-2d290e41b5ec,1959-12-15,,426-89-7192,S65520891,,Ms.,Julie,,Rios,,Hoffman,W,white,nonhispanic,female,Lake Troyfort GA US,4831 Randy Forge Apt. 906,Savannah,GA,Chatham,41926,31404,-32.296832,-145.17425,15297.74,11578.1,36556,001-414-664-0447x819,leachangela@example.com,330495177,330101
1260089f-3c7e-424e-8c2a-0bf72e1423be,1954-02-19,,275-06-9205,S99082134,X64179841,Ms.,Janet,Zachary,Davis,,,D,other,nonhispanic,female,Millerside AZ US,338 Melissa Groves Apt. 033,Phoenix,AZ,Maricopa,21495,85006,79.01491,121.397035,50430.03,22612.21,38096,+1-706-762-5540,hollydonaldson@example.net,330191975,330101
b264870d-bc64-4653-996c-540f4b2bde21,1949-08-14,,664-72-0623,S78627976,,Mr.,Mark,Denise,Hernandez,,,,white,hispanic,male,Jasonborough CA US,815 Derek Place,Oakland,CA,Alameda,31072,94609,11.474943,-100.102484,12630.74,12681.44,59498,(268)577-3767x12729,christinaduncan@example.com,330262692,330101
f2b2e843-3888-4eea-aeab-4fc79920af5b,1974-07-14,,277-78-8259,S29056829,,Mr.,Paul,Rachel,Wilkins,,,S,black,hispanic,male,Sabrinastad AZ US,24934 Brown Locks,Phoenix,AZ,Maricopa,17511,85006,-81.802248,-12.246751,31639.2,12947.44,51081,(417)208-7591x49671,mccalltimothy@example.com,330886375,330101
6e3e49b4-e545-42f6-9abb-40332c87b742,1969-02-15,,145-99-1727,S55305322,X16821582,Mr.,Paul,Christopher,Davis,,,D,white,nonhispanic,male,Johnstonport MA US,6813 Joseph Street,Boston,MA,Suffolk,17697,02118,35.141576,-10.21456,43123.64,12034.22,27101,001-772-566-7176x849,nguyendaniel@example.com,330916178,330101
e89e2440-3ea7-4970-8f1c-b68f693ad6cb,1980-10-13,,756-21-4072,S31612960,,Mr.,Timothy,Derrick,Lee,,,D,white,nonhispanic,male,Ryanview AZ US,487 Lee Brooks Apt. 637,Phoenix,AZ,Maricopa,27694,85006,10.354035,97.501132,47618.19,15216.72,45250,001-282-374-5609x804,andersonterri@example.com,330435328,330101
5946d3bc-316b-4234-afd0-d0a302cf1d19,1971-12-25,,166-35-6850,S42720450,,Mr.,Jerry,,Roberts,,,D,black,hispanic,male,Matthewshire CA US,5309 Wade Port Apt. 233,Oakland,CA,Alameda,33092,94609,45.685881,-52.725314,12475.32,26299.26,34948,(860)975-8135,lbaker@example.net,330508555,330102
191c1e0f-7c55-4938-838f-1bf4ba734777,1985-04-27,,417-22-8115,S66896879,X92781005,Mr.,John,Julia,Bradley,,,S,white,nonhispanic,male,Bradleyton CA US,98093 Lane Land Suite 484,Oakland,CA,Alameda,51751,94609,64.807866,-24.361212,144071.9,6434.65,72506,907-927-3875x30643,woodjessica@example.org,330475448,330102
9f8d6b79-8454-47e9-a8cd-ba9050df3997,1991-10-08,,090-85-7036,S46207563,,Mr.,Keith,John,Jones,,,M,white,nonhispanic,male,Griffinland MA US,4708 Johnson Lights Suite 260,Boston,MA,Suffolk,30967,02215,0.494049,-5.598494,8907.64,40929.66,85910,001-794-516-5169x353,andre89@example.net,330548125,330102
e57ec617-110f-42de-bb83-4ffc85c92c1b,1966-01-28,,747-55-2791,S74507087,,Ms.,Andrea,Carol,Oconnor,,,,white,nonhispanic,female,Sandraberg AZ US,74262 Sandoval Way Apt. 070,Phoenix,AZ,Maricopa,41500,85006,52.687267,-64.198407,21992.19,2760.26,62129,369.205.9336x150,tjenkins@example.org,330130003,330102
6d0288de-5bff-49a7-a913-8d5e99959ea0,1957-03-16,,714-24-4358,S73913208,X90210674,Ms.,Cheryl,Suzanne,Brown,,Sanders,,white,nonhispanic,female,South Aaron CA US,1670 Moore Corners Apt. 187,Oakland,CA,Alameda,45285,94609,80.017387,136.50435,19501.06,22023.34,43390,548-310-4369,traci96@example.com,330163464,330102
def87a4f-3da5-4ccf-bbb8-68f05c9ecec8,1967-03-06,,305-65-4070,S26203887,X55277282,Ms.,Amanda,Catherine,Russell,,Smith,D,white,hispanic,female,Lake Carlos TX US,5684 Martin Bridge,Austin,TX,Travis,26393,78702,39.111227,92.873142,44247.28,27344.62,37181,515.592.9124x2107,branchmonique@example.com,330811575,330102
2b922889-92cc-4ed8-8f2c-b122c72071a3,1958-07-07,,725-87-8382,S57030046,X45894174,Ms.,Caitlin,Rebecca,Baker,,Coleman,W,white,nonhispanic,female,Johnhaven AZ US,25455 Shelby Common Suite 048,Phoenix,AZ,Maricopa,01088,85006,-35.73981,125.460376,59014.62,60865.97,83376,945-571-4543,thomasrobert@example.org,330997076,330102
e1925bd1-1e3f-4bc3-a820-a13be23fb20c,1960-04-24,,247-24-3828,S36521647,,Ms.,Emily,Jennifer,White,,,W,other,nonhispanic,female,Ashleyborough MA US,29344 Reese Plains,Boston,MA,Suffolk,51754,02215,70.065594,141.381411,79959.49,38154.08,41812,978-704-0125x00314,john36@example.net,330687138,330102
29a0b063-1424-485d-93c3-5d08790d908e,1946-07-23,,293-81-2427,S27045917,,Mr.,Zachary,Michael,Blake,,,S,black,hispanic,male,Rodriguezshire GA US,8571 Farley Island,Savannah,GA,Chatham,52718,31404,-10.214664,60.106443,50752.65,20282.67,52551,894.958.9461,baldwintodd@example.org,330939902,330102
e136b39d-0624-4a71-8c53-088423150fc3,1988-02-02,,382-85-1767,S20751758,,Ms.,Kimberly,Renee,Tran,,,S,white,nonhispanic,female,West Katie GA US,1450 Smith Points Apt. 354,Savannah,GA,Chatham,52555,31404,78.569419,41.189805,54672.21,21553.12,105802,(234)993-2481,christian26@example.net,330983469,330102
8f43f7bf-4bac-44be-b2b8-6123fd2d101a,1997-06-10,,504-96-9620,S92738751,X90769167,Mr.,Wesley,,Williams,,,D,white,hispanic,male,Lake Kelly IL US,157 Justin Forges,Chicago,IL,Cook,54992,60612,-43.393498,-77.949381,27989.71,40947.59,51477,573.711.3036,teresa98@example.com,330911716,330102
abab7a00-906a-4018-9abe-9524301ac93f,1932-07-10,,601-40-3789,S37095597,X98849544,Mr.,Matthew,,Carter,,,,white,hispanic,male,Edwardburgh MA US,17122 Danielle Centers,Boston,MA,Suffolk,04271,02215,-69.932007,56.634983,47072.58,5012.19,42116,366-263-4604x41262,kennethgordon@example.net,330977149,330102
613070f4-c9a4-4c72-b814-741dd9158ff0,1942-07-29,,007-14-8466,S36976833,X66276505,Ms.,Emily,,Bryant,,,D,asian,nonhispanic,female,Fuentesland CA US,9467 Long Viaduct,Oakland,CA,Alameda,22513,94609,-16.500612,-104.399404,71717.89,13689.1,25703,408.891.5581,qsingh@example.net,050833676,050201
1063d9d9-9d76-45a7-a426-8e27bde079be,1959-10-30,,465-15-3287,S96193996,,Ms.,Barbara,Olivia,Kerr,,,D,white,nonhispanic,female,Port Kristopherberg IL US,314 Joseph Cape,Chicago,IL,Cook,22975,60612,-39.772294,-19.705865,16701.95,67344.81,134660,695-416-8367,kelsey78@example.net,050423105,050201
ab0689f0-f692-495d-b24d-c5f5fcd6944e,1950-06-18,,494-48-9722,S60249438,,Ms.,Jean,Jason,Roman,,,S,other,hispanic,female,Ericport MA US,8560 Vance Lights,Boston,MA,Suffolk,34603,02215,-3.375887,-39.67205,83002.44,16110.61,89066,6506472347,nmiller@example.org,050807551,050201
5a033b95-80dc-4545-b65f-4c785b0837a2,1956-07-19,,552-41-5823,S65849698,,Ms.,Catherine,Erica,Phillips,,Smith,,asian,hispanic,female,Sarahborough CA US,8151 Jessica Valleys,Oakland,CA,Alameda,43129,94609,17.459079,-164.047069,14622.06,29071.81,102379,001-782-920-5966,bateskyle@example.com,050842944,050201
c113e95e-1e84-4564-9685-30b6e5dfe70d,1973-05-23,,101-38-4368,S86078132,,Mr.,Jason,Evan,Decker,,,W,white,hispanic,male,Lake Andrewfort CA US,00676 Anthony Islands,Oakland,CA,Alameda,55358,94609,2.150082,70.785531,68621.66,50709.17,38362,2732881018,philipvalentine@example.com,050210641,050201
3895f509-54de-4ce4-92b9-207e37b77942,1940-07-24,,698-88-8354,S43898629,X46454292,Ms.,Jamie,Nathaniel,Edwards,,Sanchez,W,white,nonhispanic,female,East Angelahaven MA US,09715 Rogers Freeway Suite 887,Boston,MA,Suffolk,48440,02118,-14.51597,165.856058,15023.5,14603.99,42672,001-727-880-3433x9079,freemanshannon@example.net,050263106,050201
41839b45-d14b-4088-aea1-9323a53792b4,1959-10-26,,283-94-7858,S86762074,X79584202,Mr.,Stephen,,Zamora,,,M,other,nonhispanic,male,Danielston CA US,76731 Cooke Square,Oakland,CA,Alameda,47335,94609,4.193485,63.146095,29970.3,8864.33,15597,881.246.9875,sarah36@example.com,030494413,030301
a8293957-fbff-49f1-993a-14afae7668dc,1972-11-08,,659-51-9036,S57984572,X71293429,Mr.,David,Judy,Jones,,,,white,nonhispanic,male,East Mike MA US,077 Davis Brooks,Boston,MA,Suffolk,15388,02118,-71.279611,-98.568245,81558.14,4101.96,63675,+1-345-937-5684,ramseypamela@example.net,030498528,030301
c4b481a0-a6f8-4056-b39e-c8fc17cf6233,1942-11-28,,487-32-7863,S51102547,,Mr.,Michael,Jessica,Perez,,,D,black,nonhispanic,male,Port Gregorystad MA US,713 Dodson Street Apt. 680,Boston,MA,Suffolk,45942,02118,76.106069,-162.677928,284869.41,15185.62,85964,518.741.9746x7008,hsmith@example.net,030413699,030301
55281862-66cd-4aac-9d51-38b17cf8b813,1932-02-06,,843-98-3681,S79464558,X34011781,Mr.,Robert,Jocelyn,Wallace,,,W,white,nonhispanic,male,Murphymouth CA US,3548 Sylvia Locks,Oakland,CA,Alameda,40837,94609,7.039055,1.390178,8479.8,10915.86,34593,589.725.4580x898,ftrujillo@example.net,030918902,030301
e5c8b2f3-fc9a-414d-b5e1-db192e87be0f,1954-07-03,,496-03-2001,S86795351,X64456487,Mr.,Richard,Eric,Gardner,,,S,white,nonhispanic,male,Hardinborough CA US,46146 Harris Junction Apt. 037,Oakland,CA,Alameda,26515,94609,45.084587,-142.824571,6791.25,3078.82,95985,(237)653-2001x9732,dlopez@example.org,140571781,140401
66df908f-e731-49fd-82b5-dec9d4d05720,1972-02-20,,724-79-5750,S14408780,X83568157,Ms.,Shirley,Derrick,Martin,,Meyer,D,white,nonhispanic,female,East Georgebury MA US,7259 Thompson Springs,Boston,MA,Suffolk,28384,02118,26.587404,-0.932006,35415.65,25897.71,71349,001-780-944-4011x54268,pauljennings@example.com,140944976,140401
7183838d-e94a-43c5-8b5b-c1079b919a5c,1986-02-28,,505-68-5542,S60625563,X22340307,Ms.,Teresa,Michael,Richmond,,,S,white,nonhispanic,female,Chavezburgh MA US,0976 Parks Garden,Boston,MA,Suffolk,22754,02118,-8.416925,111.702111,40798.22,109501.02,66285,938.971.5886,robinsondavid@example.com,140626144,140401
7e9e008e-2741-4acc-8166-a76e61453dc0,2007-10-24,,691-65-3597,S96249986,,Ms.,Terri,Steven,Jones,,,M,white,nonhispanic,female,Kingberg MA US,563 Mcdaniel Brook,Boston,MA,Suffolk,16448,02215,50.036199,-109.16925,47753.75,30261.08,51519,(313)225-9654,christophernelson@example.org,140776412,140401
e03fd7b2-b90e-4d4f-9c68-a1051c84792b,1968-02-19,,542-30-6172,S64656969,,Mr.,Thomas,Cody,King,,,D,white,nonhispanic,male,Petersonstad CA US,915 Potts Field Suite 803,Oakland,CA,Alameda,24319,94609,11.845819,-58.54141,10034.86,7287.24,35342,292-490-8995x98596,acostaamanda@example.org,110270680,110501
cd737f28-cd94-4127-b811-f0b3fb9fc1bd,1963-08-11,,539-29-7520,S92282750,X87029334,Ms.,Alice,Benjamin,Sanchez,,,D,black,nonhispanic,female,Thomasberg GA US,297 Matthew Hill Suite 142,Savannah,GA,Chatham,32245,31404,79.160987,-85.679732,24648.49,3430.95,30726,417-320-6764x6837,heatherlopez@example.net,110498199,110501
0f5d5064-ec7c-498e-9e77-ac73fca7d7da,1924-10-03,,464-93-8444,S20736728,,Mr.,Austin,,Burns,,,D,other,nonhispanic,male,West Troy MA US,11987 Lyons Island Suite 782,Boston,MA,Suffolk,14865,02215,-85.7346,112.527008,37015.57,16349.49,28502,001-502-639-2587x93650,valerienelson@example.org,330820743,330101
43db3e36-c330-4caf-be5a-819151d642a9,1932-02-01,,162-44-2343,S10936991,X17516407,Ms.,Jill,,Rodriguez,,Powell,M,asian,hispanic,female,West Emily TX US,7431 Neal Road Suite 395,Austin,TX,Travis,45555,78702,-36.734648,28.885206,37610.94,4301.82,47784,+1-935-633-5410x935,conniehicks@example.org,330625036,330101
825edd1d-b727-4682-9320-d150924a5533,1972-02-17,,422-14-5175,S21901505,X65401108,Ms.,Jasmine,,Valenzuela,,,,white,nonhispanic,female,Lake Bruceborough AZ US,51561 James Mission Suite 145,Phoenix,AZ,Maricopa,15540,85006,70.707801,-58.592937,16969.1,19777.86,46022,+1-340-264-6314x366,jorgecannon@example.com,330949655,330101
240d227a-3c3e-4c98-bde5-635457671393,1939-10-30,,164-77-3953,S73661098,X64382536,Ms.,Sherri,Russell,Johnston,,,D,white,nonhispanic,female,North Paul TX US,346 Mayer Isle,Austin,TX,Travis,29551,78702,-62.228752,-35.992114,20941.9,122440.54,60226,+1-563-434-9587x3403,nicholaspayne@example.net,330493336,330101
2ed0c984-7b88-4899-a1eb-4f381a96745e,1955-12-21,,559-77-9222,S47117829,,Mr.,Jay,,Johnson,,,W,white,nonhispanic,male,Lucasville GA US,2651 Wesley Points Apt. 336,Savannah,GA,Chatham,54417,31404,76.750394,35.130006,7411.34,5518.64,15662,410-380-4766,wallaceelaine@example.net,330921544,330101
28f05ae0-4df7-4fdd-9d1a-a903056aea34,1981-01-01,,769-27-0870,S34204044,,Mr.,Andrew,Curtis,Bates,,,D,asian,nonhispanic,male,West Emilyport CA US,2512 Brown Green Apt. 236,Oakland,CA,Alameda,26526,94609,-76.242105,2.599387,10804.54,21357.37,77566,9578859732,tleon@example.org,330463637,330101
83b4f2d8-dcb3-4260-bc1a-31681f167c4f,1961-05-07,,869-03-0969,S34160613,,Mr.,Timothy,Alison,Abbott,,,W,white,nonhispanic,male,East Amy AZ US,54599 Barry Ways Apt. 333,Phoenix,AZ,Maricopa,54957,85006,1.338585,19.811592,28674.3,5940.09,33707,+1-818-776-9898,sarah12@example.com,330602072,330101
1ed08d25-fb3b-459b-9880-3efbceb31e5e,1927-03-06,,811-56-3451,S28497877,,Ms.,Melissa,,Jefferson,,,W,white,nonhispanic,female,West Jamesburgh MA US,783 Wilson Ports Apt. 179,Boston,MA,Suffolk,18241,02118,-0.463011,81.798564,6952.07,1966.86,28374,(830)709-8219x202,michael04@example.com,330237869,330102
7ed5a834-bfca-4e11-8ea9-70e5ff50243d,1933-06-15,,576-66-9090,S45141847,,Ms.,Debbie,Lisa,Lopez,,,M,white,nonhispanic,female,Dwayneland TX US,53791 Amanda Orchard,Austin,TX,Travis,23270,78702,-12.228087,179.182074,15200.85,21681.12,35852,001-494-720-5634x06116,tracymoore@example.com,330973355,330102
7b0c0530-c836-4363-ba05-fffa2d01e6fa,2003-12-13,,586-02-0314,S81025067,X86329491,Ms.,Jennifer,,Hicks,,,,white,nonhispanic,female,Josephmouth GA US,7123 Fisher Circles,Savannah,GA,Chatham,17746,31404,-61.081277,-176.644935,142088.79,41322.25,65727,639-355-4695x29370,thomassmith@example.net,330547716,330102
136ed891-c351-4050-8b4d-2fd5168eae77,1938-09-16,,475-72-4650,S46550751,,Mr.,Jim,Veronica,Marks,,,M,black,hispanic,male,Perryburgh TX US,251 Robert Cape Apt. 862,Austin,TX,Travis,08431,78702,24.779812,-164.848186,22986.56,40843.66,74288,(344)924-7961x00728,robin06@example.org,330857674,330102
5976df85-6d94-4b70-b726-f131bc2a16fb,1961-12-27,,647-81-8066,S12447414,X70256195,Ms.,Brittney,Claudia,Mcfarland,,Collins,D,black,nonhispanic,female,Lake Amandahaven TX US,933 Blake Shoals Apt. 435,Austin,TX,Travis,07472,78702,79.731405,118.499111,598519.4,20281.45,62486,001-967-303-4400x2623,bakerkristin@example.com,330733851,330102
68458620-f028-41ad-93c4-dce08fdbee0d,1989-04-05,,216-66-7499,S18894090,X38408889,Ms.,Catherine,,Anderson,,,S,white,nonhispanic,female,Brandonmouth GA US,11040 Dominguez Fort,Savannah,GA,Chatham,29607,31404,50.258727,150.597838,11622.71,10249.39,22178,3814184376,anitadiaz@example.com,330478562,330102
6513540e-f594-4806-adcd-d20a6f1252a3,1980-03-03,,348-06-5731,S75588340,X65961539,Mr.,Phillip,Robert,Preston,,,M,white,hispanic,male,Lake Melissaville MA US,221 Jeffrey Forges Suite 865,Boston,MA,Suffolk,35021,02215,44.059571,106.469205,11683.85,30390.42,43837,+1-886-572-7628x185,gonzaleztara@example.net,330433562,330102
c7e913b3-3020-4b6c-950a-60a9318b0e42,1969-09-06,,850-88-1571,S59698632,,Ms.,Jessica,,Barber,,,D,black,nonhispanic,female,Lamborough IL US,91755 Perry Rue,Chicago,IL,Cook,49031,60612,9.916918,-139.266459,49684.37,6425.72,34306,001-210-865-8651x1748,ramosdarrell@example.net,330296665,330102
570d8f57-a387-4c8d-89b1-5297b59818c1,1946-08-27,,534-32-3312,S42875759,,Ms.,Lisa,Jerry,Pena,,Hall,W,white,nonhispanic,female,Teresatown MA US,34344 Brandon Mews,Boston,MA,Suffolk,17228,02215,52.673947,118.739558,23420.08,6462.48,134951,455.677.6170x0841,whitney18@example.net,330492811,330102
68091d53-2b40-415f-bb83-b1e4002e204d,1948-11-22,,361-25-1892,S13193464,X15537559,Ms.,Catherine,,Campbell,,,M,white,nonhispanic,female,Gayside IL US,8387 Delgado Ports Suite 904,Chicago,IL,Cook,19107,60612,14.361574,78.660218,20488.62,12920.26,20581,+1-878-933-2013x999,pamela25@example.com,050231886,050201
901ce106-bf24-469a-90c9-a93729ac430f,1975-12-15,,760-64-7020,S46301929,X60660579,Ms.,Jessica,,Harrison,,,,white,nonhispanic,female,Cherylside IL US,005 Scott Isle Suite 719,Chicago,IL,Cook,49099,60612,-15.302245,37.779876,70213.56,21429.84,118220,+1-285-951-8634,ralexander@example.net,050334411,050201
d1b088e0-6d52-4720-bad0-b683482279b1,2018-09-03,,739-96-8182,,,,Clifford,Rachel,Ferguson,,,D,white,nonhispanic,male,Lake Jenna TX US,01141 Lopez Drives,Austin,TX,Travis,21923,78702,-43.198216,-130.582446,39521.7,5591.97,122021,606.610.1524x99066,franklindiane@example.org,050460760,050201
9dc2732e-1830-42ac-849f-4f6ce6a4f7ff,1981-02-16,,284-53-5232,S54607735,X89882438,Ms.,Jennifer,Stefanie,Hall,,,D,black,hispanic,female,North Frank CA US,21791 Sellers Viaduct,Oakland,CA,Alameda,47887,94609,-28.85134,-156.028137,41088.63,13882.74,47487,+1-434-787-3267x50384,drivera@example.org,050249320,050201
e3c25b75-3693-4326-8291-bde1715aedcf,2004-08-16,,167-81-1623,S59074204,,Mr.,Raymond,Rebecca,Long,,,W,white,nonhispanic,male,Davidhaven AZ US,559 Wendy Neck,Phoenix,AZ,Maricopa,21731,85006,-26.839353,-68.086385,30247.71,53345.84,13280,(677)307-5541x5988,nhubbard@example.com,050296028,050201
794dd17d-2c5d-47ae-a6ba-63c2ce3a84d1,1941-12-27,,549-61-2125,S33953947,,Ms.,Jennifer,Annette,Aguirre,,,W,white,nonhispanic,female,Derekside CA US,2306 Smith Knolls Apt. 564,Oakland,CA,Alameda,29248,94609,-44.007815,-105.764101,7497.87,9957.7,55231,001-391-558-8479,cindybernard@example.org,050390576,050201
9fc278cc-f34c-4ce8-86bf-7180603f2df2,1966-04-05,,091-46-2092,S40945004,,Mr.,Larry,Lisa,Mills,,,D,white,hispanic,male,Erinchester AZ US,6831 Santana Overpass,Phoenix,AZ,Maricopa,37700,85006,12.953812,-45.370293,16151.97,19361.85,40539,(868)715-9681x33427,ulucas@example.com,030136271,030301
d0359ce8-4bf3-4f36-87b7-b556276cfb3c,1957-05-11,,388-26-1542,S88583803,,Ms.,Nicole,,Patel,,,,white,nonhispanic,female,Masseyhaven TX US,0139 Molina Rapid Apt. 485,Austin,TX,Travis,21363,78702,58.903866,-15.847401,87501.77,24375.53,70317,962.397.2017x058,davidmorris@example.com,030878398,030301
accacf4c-e882-4f50-84ab-6af0a2c9bd32,2006-01-01,,183-55-7724,S81806700,X75477589,Ms.,Kimberly,Eric,Peters,,,,black,nonhispanic,female,South Shawn CA US,6383 Villarreal Street,Oakland,CA,Alameda,49986,94609,51.63441,-117.488905,57208.52,3622.4,54119,001-380-568-2312,smithdenise@example.org,030836538,030301
7f679920-9d2d-4638-91ce-911487611f9f,1957-06-15,,593-25-4371,S56425557,,Mr.,David,,Evans,,,D,black,nonhispanic,male,Janetville GA US,794 John Trafficway Apt. 955,Savannah,GA,Chatham,34852,31404,35.312066,-111.443019,24749.88,39471.99,82541,(557)958-5491x6238,eatonkevin@example.org,030267713,030301
d894f985-7a4d-4d8b-b94d-563f207b40f4,1959-09-14,,646-15-2738,S92115370,,Mr.,Duane,Frank,Rose,,,D,white,nonhispanic,male,Davidtown TX US,578 Ethan Plain,Austin,TX,Travis,51146,78702,70.760577,-113.219253,26008.89,12495.83,30047,(271)719-9966,justin17@example.net,140720479,140401
3cf2fe0b-da83-45e0-8791-03e1958be1e8,1981-12-18,,839-60-4071,S72977162,,Mr.,Bradley,John,Patton,,,W,white,hispanic,male,Port Rhondaland AZ US,096 Katie Shoals,Phoenix,AZ,Maricopa,03086,85006,-30.087585,8.956028,36871.82,41746.58,41617,+1-642-625-3826,joshua06@example.net,140653824,140401
e12c6e64-f39c-478d-8819-6de42ea47a9d,1976-10-18,,404-44-4828,S25978568,,Mr.,Shane,,Ashley,,,D,white,hispanic,male,Port Joseph MA US,0562 Kathryn Valleys,Boston,MA,Suffolk,48816,02118,-30.80463,-104.222516,27150.45,91315.0,64321,001-414-866-0908x586,paul33@example.org,140846167,140401
e12c6e64-f39c-478d-8819-6de42ea47a9d,1976-10-18,,404-44-4828,S25978568,,Mr.,Shane,,Ashley,,,D,white,hispanic,male,Port Joseph MA US,0562 Kathryn Valleys,Boston,MA,Suffolk,48816,02118,-30.80463,-104.222516,27150.45,91315.0,64321,001-414-866-0908x586,paul33@example.org,140846167,140401
88729eac-aa01-433e-94d4-4e6fa5a6be84,1992-02-04,,014-84-7950,S66999097,,Mr.,David,John,Hernandez,,,D,white,nonhispanic,male,Port Joel GA US,231 Gary Corner,Savannah,GA,Chatham,03931,31404,-69.767775,-126.135138,66260.06,22645.92,44360,+1-964-906-6396x88109,carterstacy@example.com,140990412,140401
0c1c0d6b-1219-4cd9-a481-976ba11a577e,1967-03-03,,882-52-2148,S59207746,,Ms.,Michelle,,Mccarthy,,Baxter,S,white,nonhispanic,female,Williamsstad AZ US,9927 Henry Ways,Phoenix,AZ,Maricopa,48112,85006,81.586771,-94.867377,23344.42,23596.29,136630,220.723.9985,uchang@example.com,140966130,140401
052b147b-7f35-4127-9135-1aff394216d1,2005-07-25,,210-68-7205,S84296204,,Ms.,Elizabeth,Daniel,Johnson,,,,other,nonhispanic,female,Lake Erinview MA US,9957 Vega Forges,Boston,MA,Suffolk,50368,02118,50.552655,-74.017286,4538.52,9520.78,55515,001-758-779-0630x4254,colleencraig@example.org,140444583,140401
6ad5bd7b-4a02-4263-8adf-83e85b8e03b5,1963-10-06,,328-30-0629,S29701778,,Mr.,Joseph,,Wall,,,,white,hispanic,male,Coleport GA US,4415 Martin Trace Suite 151,Savannah,GA,Chatham,42425,31404,40.874499,-78.730701,41149.56,6708.51,92718,306-748-7357x5325,sjones@example.com,140235763,140401
202d98c3-0577-433e-9e95-3eef38d55658,1983-06-29,,580-44-5584,S71839543,,Mr.,Andrew,Debra,Richardson,,,,black,nonhispanic,male,Kathrynmouth MA US,8139 Stout Stravenue Apt. 891,Boston,MA,Suffolk,13870,02118,-87.40165,-44.748641,43677.67,48328.91,21828,+1-969-566-5581x35661,hickstracey@example.com,140319650,140401
fe4f03f6-fa55-4a11-a0ee-f457d5f03ee3,1976-08-05,,280-52-7855,S75812002,,Mr.,Jeremy,Sherry,Hunter,,,W,white,nonhispanic,male,West Sylviaberg MA US,06457 Vargas Walk Suite 409,Boston,MA,Suffolk,38088,02215,-48.031124,-136.565558,14313.15,9660.18,404539,5449754216,julie52@example.com,140687165,140401
9e99d9fb-a8a2-4026-9f99-b1c526e72442,1981-01-11,,703-15-1865,S19755165,X91041033,Ms.,Elizabeth,Phillip,Long,,,,white,nonhispanic,female,South Loritown MA US,091 Michelle Skyway Apt. 304,Boston,MA,Suffolk,37733,02215,79.323449,-25.632592,82796.9,29770.3,61423,959-736-4810,alex11@example.org,140392494,140401
eb133403-7f9c-438b-a690-5f1054c2d17b,1962-10-10,,149-20-6282,S51278230,X64768298,Ms.,Stephanie,,Johnson,,,W,white,nonhispanic,female,West Michael CA US,26016 Stacy Ramp,Oakland,CA,Alameda,32954,94609,7.572228,-48.272617,9698.11,5265.61,29893,+1-860-409-7217,wrocha@example.org,140799109,140401
b7834641-820a-4e78-88bf-cb52663f875a,1965-04-07,,711-62-4603,S84638498,X46045236,Ms.,Suzanne,,Haynes,,,,other,nonhispanic,female,New Brittney MA US,588 Steve Circle Suite 418,Boston,MA,Suffolk,02870,02118,43.442922,-53.258704,13484.69,26306.86,105937,405.408.0563x859,vpitts@example.com,140694742,140401
00898049-8386-4379-b4df-03b909554d97,1967-02-06,,317-55-4364,S95893495,,Ms.,Carolyn,Paul,Wells,,Garcia,S,white,nonhispanic,female,Fishertown IL US,69511 Janice Falls Apt. 424,Chicago,IL,Cook,08995,60612,-80.29735,117.172531,39117.42,17004.89,12608,9466805506,matthewhuffman@example.com,110808548,110501
bd355166-3aac-4db7-9ab7-aff777966c28,1961-05-31,,274-58-0926,S99225046,,Ms.,Tara,Heather,Andrews,,Lawson,,asian,nonhispanic,female,East Jennifer TX US,103 Rivers Camp Apt. 697,Austin,TX,Travis,41306,78702,-37.766817,104.552197,29409.97,7439.9,76152,(250)200-4387x979,april20@example.org,110935905,110501
0a9eef68-0fc3-44c6-9c5c-78ae258c4c6f,1955-08-27,,041-25-7383,S41337314,,Mr.,John,Joshua,Arnold,,,S,white,nonhispanic,male,Taylorfort TX US,08105 Laura Centers Apt. 426,Austin,TX,Travis,51834,78702,-70.989921,160.842155,36489.12,84598.99,22488,371.627.2395,cristinapalmer@example.org,110434501,110501
ff3ff015-22f7-40a8-83d7-897c81cf8ff5,1942-08-25,,658-52-6221,S21241075,,Ms.,Katherine,,Mitchell,,Grant,D,white,nonhispanic,female,Bradyville GA US,13964 Veronica Terrace Suite 230,Savannah,GA,Chatham,33286,31404,-44.765729,133.158074,19950.72,22948.64,17954,+1-818-934-6588x35044,jason06@example.com,110582038,110501
0cbc3b84-a7f2-4d35-881c-faecaf5e0522,2007-03-15,,153-80-5965,S54989545,X68643209,Ms.,Jessica,Edward,Wise,,,S,white,hispanic,female,North Micheleborough GA US,945 Barbara Road Apt. 319,Savannah,GA,Chatham,13038,31404,-61.793061,178.63399,87882.75,14498.41,41382,001-453-433-6514x1053,cannonpaula@example.net,330459875,330101
07d74948-b7d5-42fd-9d48-6d84789d8e53,2006-02-08,,291-23-4109,S17526587,,Mr.,Joe,,Burgess,,,S,white,nonhispanic,male,Morganburgh IL US,03619 Sheryl Overpass,Chicago,IL,Cook,09522,60612,75.46548,84.670537,36002.53,2340.89,49993,236.897.8412x4531,wilsonpamela@example.net,330428792,330101
7d6d2f89-741b-4581-b74b-9ecd904b9fe8,1972-04-28,,611-63-2017,S28683627,,Mr.,Robert,,Mckinney,,,W,white,nonhispanic,male,Smithberg TX US,8741 Mark Islands,Austin,TX,Travis,13296,78702,23.867417,-156.937865,14513.81,6483.39,55279,649-805-0105x8821,tammie18@example.net,330117587,330101
727f7cee-3054-4cb2-9178-fe6b9de84a92,1958-09-30,,760-37-9933,S11263638,,Mr.,Michael,Jennifer,Stokes,,,D,white,nonhispanic,male,Stevenfurt CA US,3597 Jones Turnpike Apt. 538,Oakland,CA,Alameda,28480,94609,-79.898424,-43.262175,14556.05,10210.72,33795,578.827.5641x666,zwest@example.com,330134596,330101
e965e1cb-de8c-4fda-8eca-4a60f331dc89,1954-01-09,,449-77-5137,S68114147,,Ms.,Ellen,Ryan,Bernard,,Gardner,W,asian,nonhispanic,female,North Alexa IL US,7175 Eric Club Suite 328,Chicago,IL,Cook,12696,60612,44.672246,-176.099165,26218.13,11810.69,204541,336-728-0409x057,williamsdaniel@example.com,330985508,330101
87b66c7d-f6e4-4c9a-b4a6-4f65f891b9c0,1978-07-09,,895-89-6370,S57509131,,Mr.,Richard,John,Dyer,,,D,black,nonhispanic,male,East Deborahberg MA US,22745 Melanie Run,Boston,MA,Suffolk,56024,02215,-50.327921,177.782051,342638.69,13022.16,76995,609-322-7170x4320,vguzman@example.com,330640702,330101
2b4eb2a4-43d1-42a3-be66-2c2ae2c4b14f,1998-07-21,,574-08-0747,S30467986,,Ms.,Karen,Heather,Drake,,,,white,nonhispanic,female,Mckinneyville MA US,963 Wendy Ferry,Boston,MA,Suffolk,16418,02118,82.006201,83.659165,6053.59,44814.83,35932,+1-535-672-0386,riggsdominique@example.com,330117644,330101
a6d74fca-d6eb-4c91-ae0b-c233c9172850,1961-10-22,,815-91-8986,S60732866,,Mr.,Brian,Joseph,Fisher,,,D,white,nonhispanic,male,Lake Amanda CA US,4123 Bell Forks Apt. 956,Oakland,CA,Alameda,43648,94609,-40.074274,-155.020569,63794.31,12673.46,31945,611-660-0382,richardsjason@example.org,330377929,330101
0b2a7f28-0db8-42a6-8941-798388915ac6,1957-06-14,,605-49-2440,S76942795,,Mr.,John,Lisa,Woodard,,,D,white,nonhispanic,male,Lake Patriciatown IL US,59916 Gardner Villages,Chicago,IL,Cook,52708,60612,64.949,-102.657727,32518.15,1838.34,27510,(720)656-8268,samuel38@example.org,330210472,330102
f63e0f54-6b31-4114-87da-1765a20a47cd,1996-01-09,,145-15-8064,S21748968,,Ms.,Linda,,Webster,,,D,other,nonhispanic,female,West John GA US,565 Soto Walk,Savannah,GA,Chatham,04466,31404,88.012116,-101.874875,43384.69,31032.07,21399,419-707-6981x5900,josephsavage@example.com,330100227,330102
94b6963f-671e-4e4c-8c9a-9cda56ef14c4,1994-10-17,,735-12-0764,S89336310,X15298042,Ms.,Taylor,Nicole,Vasquez,,,S,other,nonhispanic,female,East Michael AZ US,703 Frank Ville Suite 716,Phoenix,AZ,Maricopa,46562,85006,-44.294823,-77.541553,83779.37,93037.66,14651,+1-940-421-9183x13324,nathanowen@example.com,330357492,330102
a2084ec3-7914-4b75-94d0-d812e589c69c,1940-12-07,,101-30-6989,S37494261,,Ms.,Morgan,Janet,Ayala,,,S,white,hispanic,female,Lake Justinstad MA US,575 Madison Gardens,Boston,MA,Suffolk,11496,02215,66.628036,155.524532,17148.93,48521.03,52977,(935)391-2015x259,johnsondouglas@example.org,330170346,330102
018d6199-fc2a-4ebd-b830-4ee991ed94c2,1980-12-26,,513-91-3447,S57004800,X70315716,Ms.,Rachael,,Bishop,,,S,white,hispanic,female,Kelleymouth CA US,7765 Williams Shores Apt. 166,Oakland,CA,Alameda,10733,94609,-49.117455,159.561557,24469.1,27601.03,21696,612-291-8709x17554,thomas60@example.com,330833396,330102
4fbbb0af-abde-4899-a9af-cfbb69f8324a,1996-07-02,,531-02-9135,S58321716,,Ms.,Lori,Heather,Phillips,,,,other,nonhispanic,female,Phillipburgh CA US,93169 Betty Island Suite 421,Oakland,CA,Alameda,21335,94609,-57.32653,-166.696703,169694.4,30511.33,62889,374-531-2000x7906,chambersheidi@example.com,330175081,330102
97dfb1f2-398f-4bb5-bf92-e5e19a8504c4,1967-11-22,,743-46-8597,S40590193,,Ms.,Maria,Marissa,Armstrong,,,M,other,nonhispanic,female,Danielview CA US,229 Hood Course Suite 307,Oakland,CA,Alameda,20066,94609,-27.771745,-162.593092,12914.0,7277.31,25129,(408)934-6852,darrell06@example.net,330273607,330102
654cf21f-7c7c-4fb7-b9b8-065060cf7d4a,1950-09-11,,308-79-4643,S32888815,,Ms.,Kimberly,Wendy,Herman,,,W,white,nonhispanic,female,West Keith AZ US,9339 Lee Hills Suite 860,Phoenix,AZ,Maricopa,04623,85006,-88.035178,-80.947967,298800.42,34897.52,80863,+1-598-708-1879,isaiah23@example.org,330245624,330102
418c5115-db9f-484c-b260-d886924553c6,1936-02-18,,860-50-4761,S45454240,,Mr.,Richard,,Wood,,,,white,hispanic,male,Port Jonathan MA US,781 Daniel Turnpike Suite 575,Boston,MA,Suffolk,39199,02215,61.956938,-30.02014,30789.74,24314.72,24353,924.881.1016x56818,ianedwards@example.org,330781061,330102
45434e93-be07-45aa-beba-76aacdfe4068,2000-07-23,,157-54-0686,S99711096,X68483381,Ms.,Natalie,,Hendricks,,,M,white,nonhispanic,female,New Mark AZ US,6334 Shelley Crescent Apt. 739,Phoenix,AZ,Maricopa,01808,85006,0.18023,80.383171,101852.39,10366.83,35996,920-449-7967x6907,travis78@example.com,050569402,050201
ab7aff55-72f6-412c-9f71-b3d362b59484,1936-12-09,,315-69-9738,S44398143,X55759345,Ms.,Brenda,Trevor,Garrett,,,W,white,nonhispanic,female,New Steven CA US,78201 Phillips Village,Oakland,CA,Alameda,17454,94609,19.148001,-117.866725,157528.6,23218.71,131836,6338116461,briggsveronica@example.org,050705649,050201
a6e98cea-68da-488d-a486-1df8b425c2e5,1949-09-04,,177-23-6394,S28322540,X65753070,Mr.,Anthony,Larry,White,,,,white,nonhispanic,male,Heathton TX US,086 Wright Pine,Austin,TX,Travis,30283,78702,-63.216622,-9.020323,32029.8,9383.87,12014,311.388.2861,michael11@example.net,050597580,050201
d6dc634d-c9cf-45e5-8206-ff3036447183,1990-02-24,,219-97-8895,S79007685,,Mr.,Robert,Samantha,Curtis,,,M,white,nonhispanic,male,Justinmouth AZ US,6162 Landry Viaduct,Phoenix,AZ,Maricopa,47354,85006,42.611861,21.621008,14193.27,11955.67,134634,001-730-461-2202x26364,shane50@example.net,050794376,050201
b2be3888-7a9c-48da-a758-e6fd759c0eb9,1995-05-11,,522-08-9548,S22567054,X30977044,Ms.,Nicole,,Stewart,,,S,white,hispanic,female,East Taylor AZ US,9181 Ryan Loop,Phoenix,AZ,Maricopa,55607,85006,-37.869709,-169.415565,23738.84,61628.37,49998,+1-837-965-4389x9419,krausewilliam@example.org,050302424,050201
74d5f6d0-2294-405c-9e72-30bc8057ba3d,1970-07-24,,418-73-4158,S58429069,,Ms.,Michelle,,Moore,,,D,asian,nonhispanic,female,West Anthonyberg AZ US,888 Little Curve Suite 038,Phoenix,AZ,Maricopa,50333,85006,41.503481,172.520514,70854.63,24272.57,88263,+1-497-510-5090x26673,blewis@example.org,050381728,050201
c9426a00-9c11-4aba-b33f-370cfffc52cd,1971-01-20,,463-54-9866,S18447357,,Ms.,Traci,Angela,Doyle,,West,S,white,hispanic,female,South Carrie CA US,60096 Lisa Trafficway Apt. 108,Oakland,CA,Alameda,09445,94609,-8.352308,-103.56095,29731.52,13264.59,62667,205.284.3537x202,joanne35@example.net,030734860,030301
43b6fa17-26e8-40c2-8801-3fae1d12f5e2,1963-05-25,,704-86-9407,S77374449,X72400649,Mr.,Samuel,,Thomas,,,M,white,nonhispanic,male,North Brenda CA US,827 Erica Inlet Apt. 802,Oakland,CA,Alameda,49465,94609,-66.248795,-105.072381,95332.25,21143.59,74126,(386)641-1727,kristen20@example.net,030723326,030301
fd4f1369-5773-410d-9f4d-4ac34511baf0,1924-10-26,,748-02-7915,S57255775,X97420773,Mr.,Nicholas,Isaiah,Gonzales,,,S,white,nonhispanic,male,Andersonhaven GA US,611 Mitchell Lodge Apt. 944,Savannah,GA,Chatham,08799,31404,-3.99846,93.841756,39779.97,9286.65,42719,001-798-329-2647,whamilton@example.org,030727529,030301
19bd860c-bbac-4f13-9a86-505bea7d58a4,1971-02-27,,153-15-6163,S38125006,,Ms.,Alyssa,,Haney,,,S,other,nonhispanic,female,New Erik TX US,35334 Robert Dam,Austin,TX,Travis,17661,78702,48.621474,-5.550714,10383.7,39524.35,33068,5343713223,kayla20@example.com,140395957,140401
8daaaf3e-80dd-44fb-b6d1-9bbb50df8395,1952-11-01,,855-54-6777,S92338217,X12860856,Ms.,Maria,Michael,Gonzalez,,,S,asian,nonhispanic,female,Jackfort TX US,79936 Gibson Shores,Austin,TX,Travis,40343,78702,14.550085,-157.531562,28325.86,42422.24,34415,(888)930-1935x3149,fletcherjohnny@example.com,140406730,140401
782e3a60-d4e6-4ac5-a766-5f333b501580,1996-06-23,,508-62-2780,S84453376,,Ms.,Rachel,,Garcia,,,,black,hispanic,female,West Kimberlyland GA US,531 Cynthia Springs Apt. 743,Savannah,GA,Chatham,54437,31404,86.159438,72.279294,80404.43,7876.89,51643,620-532-2269,cooperjeffrey@example.com,140796566,140401
9b130ec7-6d6d-4b0a-b791-413c5fc4aef1,1957-04-12,,493-95-2751,S39833413,,Mr.,James,Penny,Miller,,,S,black,nonhispanic,male,North Vincent MA US,49156 Leslie Meadow Apt. 015,Boston,MA,Suffolk,18936,02215,-45.175397,-115.402604,66044.26,9515.28,35688,738.411.4635,carlosevans@example.net,110119391,110501
a8d99b3d-6804-4957-9df5-9f25ecebac27,1947-11-04,,690-30-8611,S37732237,X25148734,Ms.,Teresa,Brandon,Russell,,,W,white,hispanic,female,New Lauren GA US,5697 Freeman Prairie Apt. 973,Savannah,GA,Chatham,11313,31404,-88.516694,91.80472,64541.77,8366.2,17988,001-208-692-6652x3541,sprince@example.com,330273478,330101
3593f989-8bcb-4c36-977f-879201a54a6c,1982-06-01,,755-32-6072,S61238037,,Mr.,James,Chad,Snow,,,D,white,hispanic,male,Port Stacytown IL US,5061 Roth Cove,Chicago,IL,Cook,13003,60612,67.540255,-21.973182,26210.44,27140.1,10060,671-557-0072,sduke@example.org,330274638,330101
bf07516d-4bba-4b0d-8d4e-c536ec0307a9,1985-07-20,,550-12-7108,S70043603,,Mr.,Brian,John,Collins,,,D,black,nonhispanic,male,Williamschester CA US,4225 Evan Heights Apt. 294,Oakland,CA,Alameda,27377,94609,21.311472,-98.075869,64659.39,40598.72,84261,(785)332-8859x8938,isabel61@example.com,330227300,330101
ae25e185-70ed-4f9b-ab73-770859704f59,1948-07-01,,389-83-1020,S48233105,,Ms.,Whitney,Scott,Turner,,,S,white,nonhispanic,female,Kennethland IL US,0170 Sarah Light,Chicago,IL,Cook,42255,60612,-59.600355,-17.36146,8247.62,4604.88,62301,951-245-9680,pallen@example.net,330140780,330101
e0e8015f-1c22-4bde-ba5e-1083f40296e5,1972-01-17,,837-64-7600,S34052189,,Ms.,Jennifer,Teresa,Clark,,Boone,D,asian,hispanic,female,Lake David MA US,98552 Brianna Brooks Suite 159,Boston,MA,Suffolk,20125,02118,-50.589828,-97.401649,21725.53,20924.38,74660,299.339.6954x48887,michellemontgomery@example.org,330412043,330101
562d9b53-2282-42ee-9101-8ab0de765d07,1941-02-14,,262-17-1664,S79197841,X78593993,Ms.,Charlotte,Kathy,Gill,,Gregory,D,white,nonhispanic,female,Francisfurt CA US,07447 Bauer Road Suite 914,Oakland,CA,Alameda,17498,94609,-37.696475,149.269731,20158.66,29874.24,53586,+1-702-946-9865x244,danielleramirez@example.org,330410693,330101
b523f9e6-3249-4331-8a7f-e1b4999686af,1938-02-10,,102-17-1038,S49189361,,Ms.,Danielle,John,Johnson,,,W,black,nonhispanic,female,Tiffanymouth MA US,5211 Allen Station Apt. 251,Boston,MA,Suffolk,01103,02215,-82.518712,-128.285707,98750.44,108001.37,37582,(795)569-3952,brittanycox@example.com,330644285,330102
a435d537-8a2c-4a01-b759-f97736f79ecd,1931-09-23,,533-41-3744,S11075717,,Ms.,Deborah,William,Black,,,S,white,nonhispanic,female,Benjaminstad AZ US,18438 Christie Camp,Phoenix,AZ,Maricopa,27467,85006,64.055235,-53.501586,39634.23,31775.03,101689,8024069365,harrisjose@example.com,330759026,330102
67d32c15-25c6-4772-a90c-002a6f808afd,1934-11-01,,535-60-6326,S55451977,,Ms.,Rhonda,Margaret,Rosario,,,W,black,hispanic,female,Williamfurt MA US,0270 Mark Lodge,Boston,MA,Suffolk,41885,02118,-49.784824,-13.174308,55862.69,16643.39,59678,+1-310-291-7354x948,stephenjones@example.org,330661640,330102
070f8070-7e91-4ef1-a3c0-194129ee32f3,1990-11-22,,659-96-1068,S61233812,,Ms.,Morgan,Nancy,Carlson,,,W,asian,nonhispanic,female,Wilsonmouth MA US,73877 Randolph Run,Boston,MA,Suffolk,10951,02118,16.998841,-145.811866,45530.83,17556.1,36903,001-701-891-5574x97699,cynthiaorozco@example.com,330746157,330102
f83f136e-ec99-4178-955d-c3e9858661b7,1974-11-30,,294-89-1463,S73864934,X80781150,Mr.,Michael,Richard,Jones,,,M,asian,nonhispanic,male,New Caitlin MA US,30607 Benjamin Estate Apt. 346,Boston,MA,Suffolk,30717,02215,4.193821,-23.257098,36307.61,31136.11,87059,(947)798-8256,amyfrench@example.org,050313456,050201
bee50d4d-7833-48a0-bc31-22b43b004d08,1991-11-11,,143-44-2609,S22120604,X82653932,Mr.,Marc,Natasha,Gonzales,,,S,black,hispanic,male,West Kayla TX US,147 Durham Club,Austin,TX,Travis,02299,78702,48.989847,78.776939,18553.64,14125.85,87463,461-576-4432,zzhang@example.net,050906024,050201
269b21ad-32b7-40cf-9772-6c5ebfe17eb8,2014-02-15,,893-24-5814,,X31769368,,David,Erica,Riddle,,,M,white,nonhispanic,male,North Stephanie IL US,592 Blackburn Knoll Suite 467,Chicago,IL,Cook,47837,60612,-86.594038,-2.953431,52656.17,66851.68,35026,258-460-2294x0259,maria75@example.com,050680245,050201
33615112-144b-4702-be48-c7b95316b2e8,1976-06-18,,677-38-4993,S30150881,X27018418,Ms.,Sara,Shaun,Gates,,Vargas,,other,nonhispanic,female,New Jenniferberg TX US,949 Elizabeth Forest,Austin,TX,Travis,14738,78702,-84.996443,16.624903,15201.07,39880.44,54553,+1-911-276-1651x2616,elizabethlove@example.com,050777911,050201
4a5068a7-19b7-4372-8dcb-1302074e168a,2016-03-09,,274-36-6161,,,,Tommy,Christopher,Lowe,,,M,asian,nonhispanic,male,Christopherburgh CA US,35238 Frederick Oval,Oakland,CA,Alameda,39949,94609,1.129987,54.658167,60816.54,17365.45,80458,814-604-6640x445,johnsonelizabeth@example.org,050418828,050201
3a00fd1f-b405-4ad2-b642-83d2645f9bf5,1966-08-21,,349-67-6507,S56328741,,Ms.,Mary,Meredith,Johnston,,,W,black,hispanic,female,Dicksonmouth IL US,747 Lisa Lights,Chicago,IL,Cook,26211,60612,-78.339571,19.972135,230967.96,20907.66,27225,001-315-255-3673x8082,andrew55@example.com,030628744,030301
99f60822-11d3-4493-885d-2c17f6e19a9f,1950-04-12,,013-14-7791,S51527518,,Ms.,Lauren,,Taylor,,,D,white,nonhispanic,female,Brownhaven TX US,3640 Ayers Loaf,Austin,TX,Travis,17586,78702,-28.496551,59.378314,33533.55,36468.47,35446,(854)496-5950x523,trobinson@example.com,030812168,030301
02ebfdb4-69cd-4cc7-91dd-2b1a4dce3e4a,1968-02-28,,614-12-1267,S91795624,,Mr.,Austin,Carol,Murray,,,,white,nonhispanic,male,East Jennyville AZ US,8845 Yvonne Terrace,Phoenix,AZ,Maricopa,50743,85006,-23.387585,60.108172,56471.86,18737.69,18718,571.310.2487,sschultz@example.com,030385251,030301
da1556c4-db9e-401f-8164-28d11e874ae8,1947-03-17,,198-04-9510,S53427043,,Mr.,Corey,Aaron,Browning,,,D,white,nonhispanic,male,Vanessaburgh AZ US,234 Kayla Center,Phoenix,AZ,Maricopa,45282,85006,-14.749786,-117.137622,181693.34,113002.15,54029,001-772-928-0291,cynthia48@example.org,030810434,030301
7634381d-c408-4713-aef7-1c5d2b8c4fe4,1964-05-18,,473-86-1324,S80195352,X19162003,Ms.,Samantha,,Conway,,,M,white,nonhispanic,female,Simpsonshire GA US,77486 Lisa Branch Apt. 638,Savannah,GA,Chatham,50168,31404,49.595432,156.497935,226309.8,19130.96,53211,+1-295-578-1839x377,uhicks@example.com,030484601,030301
a812b090-bbcb-4a3c-a8f6-0445624943d5,1971-05-13,,261-67-8266,S71926935,,Ms.,Elizabeth,Tiffany,Simon,,Brown,M,black,nonhispanic,female,Thompsonview TX US,8739 Joshua Avenue,Austin,TX,Travis,43389,78702,26.149521,-122.775132,21511.24,8368.99,38646,+1-402-611-3263x16390,davisrachel@example.com,140102279,140401
56993ee3-0b29-4ce2-be98-3ad16716bb99,1984-01-19,,702-09-2905,S43114971,X77622066,Ms.,Stephanie,Sarah,Hoffman,,,M,white,nonhispanic,female,Howellborough CA US,43267 Spencer Valleys,Oakland,CA,Alameda,48128,94609,-74.246325,-4.702065,7920.63,8579.36,41554,427.443.0996,bnovak@example.com,140305103,140401
3547c48e-fbf1-4718-9a10-7d4c125bc608,1987-02-05,,856-71-5223,S50315710,,Mr.,Jack,Steven,Gonzalez,,,W,black,hispanic,male,Harrischester MA US,69096 Rebecca Loaf Apt. 622,Boston,MA,Suffolk,16847,02118,74.960648,81.718798,66178.34,22564.29,32314,6008677315,fowlerpenny@example.org,140690134,140401
dcabc486-33dd-4afa-b0aa-b814498240a9,1972-09-24,,863-78-5767,S40247819,,Mr.,Kevin,Matthew,Nguyen,,,M,asian,nonhispanic,male,East John GA US,254 Rasmussen Harbor,Savannah,GA,Chatham,44641,31404,-12.578126,151.104359,56771.59,7302.04,50953,+1-249-846-3170x939,xflores@example.net,110786488,110501
6072a364-86a7-482a-8f7b-5ab62ee2f3df,1967-01-16,,260-19-3526,S13112071,,Mr.,Scott,Ryan,Blake,,,S,white,nonhispanic,male,Port Eric MA US,66702 Morris Unions Apt. 145,Boston,MA,Suffolk,10918,02215,-4.260857,113.17113,44151.1,11587.93,20457,708.762.8355,dgross@example.org,110781419,110501
55734ab8-9974-4cd4-bc8e-df5dedd6cfc1,1940-01-21,,431-10-3177,S21502311,,Mr.,Ethan,Alyssa,Johnson,,,W,other,nonhispanic,male,Janeburgh MA US,41683 Malone Course,Boston,MA,Suffolk,33013,02118,-10.22189,11.764718,44518.05,12273.08,95147,998-565-2776,qford@example.org,110114094,110501
ada7237f-8d35-45f5-a98e-6a50ceee375f,1954-04-26,,657-71-5919,S40571687,,Ms.,Shelly,Natalie,Walker,,,W,white,nonhispanic,other,North Ashley MA US,1944 Long Keys,Boston,MA,Suffolk,01826,02215,-30.196285,27.535952,43846.76,9663.12,42364,+1-518-241-0858x698,charles90@example.org,330601909,330101
01b12bb7-eb74-4398-a2af-73a2eacc4513,1981-04-27,,628-72-1616,S40218364,X88808471,Mr.,Stephen,,Estrada,,,M,other,nonhispanic,male,West Brookeville MA US,012 Medina Mill,Boston,MA,Suffolk,18708,02215,-17.091013,-115.583034,189792.83,1931.45,39742,658.988.1085,melissavance@example.org,330617097,330101
6f55d940-f826-4896-a80f-c7b07fe5e1bc,1965-08-07,,363-59-5016,S26139425,,Mr.,Charles,,Bradshaw,,,D,other,nonhispanic,male,Leeshire IL US,187 Mcguire Crossroad,Chicago,IL,Cook,13990,60612,-71.391556,-21.081332,22218.75,3005.68,61504,001-461-349-9880,shane55@example.com,330772449,330101
58ccec79-8cd1-4fa1-af99-798f2d2a7d97,1966-09-18,,073-76-4613,S46683641,,Mr.,David,Jason,Hill,,,M,black,nonhispanic,male,Port Caitlynside GA US,568 Lawrence Wall Apt. 410,Savannah,GA,Chatham,20751,31404,26.530358,-33.738932,26787.06,9767.57,110103,874-535-6168x381,greenlisa@example.net,330602964,330101
4ec5141a-2d5b-4ed4-ab86-cf179b464fba,2000-11-03,,479-36-7955,S45806194,X20929874,Mr.,David,Robert,Moore,,,,other,nonhispanic,male,North Jenniferchester GA US,638 Best Fall Apt. 500,Savannah,GA,Chatham,34720,31404,46.279758,-174.270749,23701.88,3780.8,90455,(980)663-0435,xjohnson@example.com,330652376,330101
731d56e7-8d89-4c4d-8740-41cb1b7e1528,1962-06-05,,500-56-5686,S51381078,,Mr.,Jason,Cody,Woods,,,M,white,nonhispanic,male,Hortonburgh MA US,1552 Sims Fort Apt. 389,Boston,MA,Suffolk,17664,02215,11.962974,-148.494493,28092.15,27317.86,143051,001-312-283-7880x935,lrivers@example.org,330429589,330102
e75d05c5-fc8a-4a7c-8dd7-9c6dbb59df09,1968-09-23,,808-11-8815,S19462176,X31551563,Ms.,Sara,Vanessa,Haas,,Lewis,,white,nonhispanic,female,South Frances TX US,5708 Williams Circle Apt. 471,Austin,TX,Travis,25588,78702,-32.37482,-48.152346,16012.95,9257.66,52066,(998)595-1425x68552,jenniferrodriguez@example.net,330404571,330102
a17abbd5-9a64-4f39-90d5-63511e683ce7,1990-07-14,,484-78-9023,S14493550,,Mr.,Michael,David,Sandoval,,,S,white,nonhispanic,male,Trevorfurt MA US,69295 Pacheco Fords Suite 624,Boston,MA,Suffolk,40795,02215,19.363746,6.848202,18557.9,15275.66,36106,637.261.4001,danielnichols@example.net,330829324,330102
caa8a1b7-31bd-4e30-b467-ff05014ad315,1935-10-01,,404-22-9405,S27521452,X72428411,Mr.,Kyle,Elizabeth,Garcia,,,D,white,nonhispanic,male,Lake Jamesville MA US,18866 Jennifer Row Suite 928,Boston,MA,Suffolk,13342,02118,-42.312891,-127.105013,13336.9,15312.77,43046,(264)840-4848,joshua96@example.com,330535641,330102
ee9e7612-8aea-43bb-b322-a94c445ebf90,1975-06-23,,283-70-4469,S29002037,,Mr.,James,,Jackson,,,M,white,hispanic,male,West Jeffrey MA US,97220 Melissa Stravenue Apt. 784,Boston,MA,Suffolk,53300,02118,-62.085101,-67.485423,36125.26,73071.03,32484,(770)770-1064x73539,melissamoore@example.com,330905898,330102
bf1e5a8a-358a-4575-907c-9c8fee9d0d92,1942-08-22,,024-26-4933,S69035199,,Mr.,Scott,John,Nelson,,,D,other,hispanic,male,Ashleyport AZ US,0426 Ryan Lakes,Phoenix,AZ,Maricopa,55885,85006,56.24693,-80.930907,21403.74,9174.54,70716,(996)884-2784x70240,michael84@example.org,330272758,330102
f8b7bf2e-2153-4dac-84bd-61a8b0dd0dde,1950-08-25,,758-79-9536,S56589901,,Ms.,Mary,,Graham,,Gray,W,white,nonhispanic,female,West Jessemouth MA US,5318 Holmes Views Apt. 113,Boston,MA,Suffolk,49039,02215,3.447636,38.627879,10390.72,9901.95,65599,(366)642-4075,wwilliamson@example.org,050198095,050201
13eace32-3a88-4878-9644-aa899fee1c1b,1998-04-17,,825-91-5730,S14536729,,Ms.,Kelly,Sarah,Oliver,,,S,asian,nonhispanic,female,Port Gailfort CA US,9288 Ryan Field,Oakland,CA,Alameda,22653,94609,-18.312306,-94.989116,9678.34,4933.21,8869,478.806.9293x86774,nichole50@example.com,050568889,050201
4f3a9909-ddd9-46ad-99ca-392d889bcc70,1967-04-22,,018-29-0084,S31426081,,Mr.,Jeremy,Christopher,Moreno,,,D,black,nonhispanic,male,North Jasontown MA US,13861 Francisco Groves,Boston,MA,Suffolk,39002,02215,-71.782859,179.181477,17165.21,4597.44,135750,8155011038,williamsshannon@example.net,050632325,050201
d72997b4-0a9b-4df9-81bb-ab1eff23096f,1955-07-02,,424-43-4745,S16639561,,Mr.,Jesse,Molly,Williams,,,M,white,nonhispanic,male,Lake Christina GA US,97134 Ariana Harbors,Savannah,GA,Chatham,26064,31404,62.736895,-119.366735,100369.84,108474.09,51407,(906)981-7694x86345,robertchen@example.net,030746407,030301
ff7061ae-6585-44ea-aaa3-32a58daa77e9,1952-06-13,,167-94-5576,S24773341,,Ms.,Alexandra,Thomas,Fry,,,M,black,nonhispanic,female,South Sarahstad AZ US,8831 Adam Mission Suite 485,Phoenix,AZ,Maricopa,41449,85006,-54.402279,170.288123,31381.28,43660.02,34085,746.848.2451x76879,roy00@example.net,030553371,030301
01822592-48f1-4cb5-ac53-ceba4e6ea76a,1967-07-10,,448-72-4286,S29384935,,Mr.,Brandon,Clarence,Stevenson,,,M,white,nonhispanic,male,Fishermouth AZ US,49934 Barnes Park Suite 869,Phoenix,AZ,Maricopa,08172,85006,-3.449266,-168.534405,8609.73,3093.53,88407,614.340.3620,justinevans@example.net,030240801,030301
a400613e-6409-410f-87ab-5184a07f0a88,1996-09-06,,191-23-6164,S82548515,X55895050,Mr.,Nicholas,,Ross,,,W,white,hispanic,male,West Kim IL US,65233 Rodriguez Knolls,Chicago,IL,Cook,42155,60612,-21.837458,-87.38618,28004.57,34243.11,36556,297-996-6242,heatherbecker@example.net,030220903,030301
27dfab64-3b32-4369-920a-aaa99075daec,1948-10-26,,764-38-3977,S80101098,X40010469,Ms.,Robin,Ariel,Johnson,,,S,white,hispanic,female,New Alexandriaburgh MA US,62216 Curtis Gardens,Boston,MA,Suffolk,38412,02215,35.054811,132.965125,245014.24,44064.11,40186,6767578214,ibradford@example.org,030410803,030301
6549bec3-1301-43ba-8d1c-b67fb5a0b90a,1975-07-07,,162-86-7916,S11765897,,Ms.,Jenny,Timothy,Butler,,Love,W,black,nonhispanic,female,South Jennamouth IL US,46086 Kristine Rest Apt. 365,Chicago,IL,Cook,11421,60612,-12.384915,164.912505,23120.55,20619.74,42243,460-946-7506x920,davenportkayla@example.com,140346389,140401
f90dd9ac-5cb4-48fd-9fdf-4edb5d6a8c68,1981-02-15,,511-54-5330,S68130677,,Ms.,Christine,,Salas,,,M,white,nonhispanic,female,New Jordan MA US,1678 Melanie Stream Suite 837,Boston,MA,Suffolk,37099,02215,-11.013422,170.900217,698400.15,52431.76,71697,+1-504-889-3699x800,teresagates@example.net,140370022,140401
5678b7ff-0080-4633-a8dd-33682bbb6438,1977-08-24,,789-26-2688,S55255006,,Mr.,Christopher,John,Rhodes,,,S,black,nonhispanic,male,Pachecohaven MA US,4292 Miller Station,Boston,MA,Suffolk,04507,02215,9.604166,-172.226549,47656.92,11015.92,20243,442-493-8996x0222,uoneal@example.com,140769598,140401
500c7715-8f29-4acc-ac61-7d01b74f000b,1982-12-11,,755-95-9300,S17534007,,Ms.,Rebecca,Chelsea,Haley,,,W,black,hispanic,female,Port Wendy MA US,347 Wolfe Throughway,Boston,MA,Suffolk,04777,02215,-33.07586,-9.540026,54494.45,18619.29,37747,001-499-846-4085x3135,ckeith@example.org,110953486,110501
2848a2a3-294d-4053-9978-3ae66300e207,1992-11-03,,796-27-3870,S22552936,,Ms.,Sandra,Steven,Bryant,,,,other,nonhispanic,female,Sarahhaven MA US,843 Alexis Lodge Apt. 642,Boston,MA,Suffolk,19629,02118,-81.567035,118.430923,36292.82,3440.33,65737,300.207.3429x70689,jenniferriley@example.com,110345952,110501
40e980fd-59d1-4ad7-9eac-7b117650bab9,1946-08-30,,163-83-0995,S57438030,,Ms.,April,Margaret,Hunt,,,M,asian,nonhispanic,female,West Davidchester IL US,72032 Brian Viaduct,Chicago,IL,Cook,42483,60612,22.460517,151.494494,91544.27,3727.95,94661,4249018952,mwilliamson@example.net,330790472,330101
a7bfc7bb-0fcd-4c14-b27e-b95fe99c80b8,1967-07-22,,166-92-4389,S62113919,,Mr.,James,,Koch,,,W,white,nonhispanic,male,Nicholasville CA US,79019 Joshua Avenue,Oakland,CA,Alameda,11515,94609,60.490519,-150.749415,15586.98,48134.9,51122,3345849273,craigwilkerson@example.org,330815702,330101
f7e55ca2-c68e-4592-8955-89aa27ca29fe,1971-09-24,,724-48-1917,S24185341,X57152504,Mr.,Lee,,Carroll,,,W,white,nonhispanic,male,West Kristinaport MA US,10592 Holly Spurs Suite 318,Boston,MA,Suffolk,52698,02118,2.476484,-178.46314,18502.35,15175.33,116646,4543845841,ruth65@example.org,330269659,330101
c446c5e0-fe13-4d77-8787-756fe847d0aa,1980-06-05,,605-31-5775,S55390673,,Ms.,Rachel,Diana,Wyatt,,Villarreal,D,black,nonhispanic,female,New Susanborough AZ US,54877 Mullins Island Apt. 328,Phoenix,AZ,Maricopa,54600,85006,7.561539,-119.669411,54627.85,15067.43,106410,364.777.1341x708,williamlam@example.net,330398959,330102
a1b037b8-80d6-4e31-b59a-757c83443c22,1976-07-17,,391-23-4140,S85839351,X99800585,Ms.,Alexis,Megan,Johnson,,,,white,nonhispanic,female,Lawrencebury IL US,679 Scott Crossing Suite 900,Chicago,IL,Cook,04916,60612,-54.874604,115.846829,6557.06,4407.89,28025,211.388.1520x725,shawnlopez@example.net,330599608,330102
35a25b44-0296-42ad-952c-772a01975470,1952-09-10,,033-99-4301,S45105317,,Mr.,Ivan,,Garcia,,,S,white,nonhispanic,male,Jonathanchester MA US,2130 Downs Drive Suite 952,Boston,MA,Suffolk,25257,02118,-72.209671,103.851543,49960.91,8915.95,42039,3396458640,grace78@example.net,330383372,330102
f7236192-1eb3-4a4d-af12-37b42159bfb1,1968-04-08,,795-10-5664,S45013856,,Mr.,David,,Hernandez,,,D,black,nonhispanic,male,New Charleston AZ US,794 Bradley Junctions,Phoenix,AZ,Maricopa,28157,85006,18.386754,-135.815763,8572.7,134350.47,47197,001-226-385-3428x91245,weeksscott@example.com,330124984,330102
1ea4cfb1-c558-4125-8e4b-6f39636abc0a,1973-11-07,,555-43-7635,S37063697,,Mr.,Joseph,David,Ramirez,,,M,white,nonhispanic,male,Jonesfurt TX US,83957 Kane Extensions,Austin,TX,Travis,13345,78702,-40.367458,-73.757329,93033.82,17568.75,32858,001-520-792-6386,leekevin@example.org,050630115,050201
fca0988a-bfe6-4f8d-bb94-91f3f2668649,1964-02-20,,568-44-5702,S33318065,,Mr.,Steven,,Long,,,S,white,nonhispanic,male,New Kendraville MA US,493 Tate Plaza,Boston,MA,Suffolk,47629,02215,-43.571652,-167.27155,9879.61,9976.2,103189,2339552641,joanna36@example.org,050698889,050201
956c3e64-d33e-4165-b7c3-76f8fbec5609,1952-09-16,,214-11-6719,S63223094,X14343073,Mr.,Kyle,Rachel,Allen,,,,white,nonhispanic,male,New Trevorfort MA US,0171 House Rapids,Boston,MA,Suffolk,05111,02118,-19.757984,158.317329,27057.19,21631.43,37232,718.403.8961,perezbrian@example.net,050944194,050201
952a3876-fd6f-438e-9f95-c5dee0a053a8,1960-07-03,,542-38-3417,S70447336,X28532282,Ms.,Brittany,,Norton,,Sellers,M,white,hispanic,female,Lake Tamaramouth AZ US,62884 Kelly Gardens Apt. 402,Phoenix,AZ,Maricopa,33733,85006,6.625383,162.375093,20181.95,28886.56,99323,+1-433-756-9674x428,bdouglas@example.org,030582140,030301
98968353-56c3-43a1-b7a5-1a853de91124,1966-08-18,,028-32-3435,S13622268,,Ms.,Tracie,,Garcia,,Thompson,D,white,nonhispanic,female,West Lisa GA US,4279 Patricia Mountains Suite 247,Savannah,GA,Chatham,04425,31404,56.737071,-21.504528,113754.58,1457.03,56764,310.880.8436,lholt@example.com,030810126,030301
fc9030e3-524b-489f-a05e-bd35d42c40be,1970-05-19,,603-28-6436,S60971810,,Mr.,David,,Hoffman,,,M,white,nonhispanic,male,Kevinmouth AZ US,72099 Barry Parks Apt. 808,Phoenix,AZ,Maricopa,51407,85006,-39.681191,-101.133328,224803.85,3681.77,86230,001-600-815-8316x9316,rodriguezjames@example.org,030852633,030301
f65f74ac-8407-400f-8e18-26665ce802de,1974-12-22,,878-88-1841,S79051190,,Ms.,Brittney,Kevin,Wilson,,,,black,nonhispanic,female,South Virginiaview TX US,305 Max Mission,Austin,TX,Travis,26577,78702,-35.564168,-156.304162,6541.07,8446.65,29718,842.445.3187x19624,robertosalinas@example.com,030111022,030301
cc4c4520-d907-4a73-88c7-6159713f4c55,2007-07-17,,333-65-4283,S97949087,,Mr.,Miguel,Kristin,Gonzalez,,,S,white,nonhispanic,male,Michaelstad IL US,913 Amber Junctions Apt. 833,Chicago,IL,Cook,19987,60612,9.511449,53.695091,67376.39,60398.3,124908 mg,+1-660-924-5349,alyssacombs@example.com,030636234,030301
6eaf5ce6-efab-4e5e-957c-2ac38736afba,1940-11-10,,315-84-9363,S12467697,,Mr.,Thomas,Samantha,Sloan,,,,black,nonhispanic,male,East Amber TX US,245 Daniel Mill,Austin,TX,Travis,21688,78702,87.778311,51.384317,27396.74,2693.56,55963,+1-730-215-7832,james22@example.org,140622377,140401
f54dc5f0-f146-43e9-9ab0-865b016f2878,1968-12-31,,041-93-5230,S80515975,X89586672,Ms.,Megan,Albert,Moore,,Hoffman,M,asian,nonhispanic,female,Campbellmouth GA US,7229 King Squares,Savannah,GA,Chatham,15199,31404,-46.764297,-46.592433,13244.63,12720.53,52057,001-230-450-4245x3607,gabrielle52@example.net,140584070,140401
43be51c6-aa5a-4cf1-827b-e4ea8bb56997,1981-10-22,,198-38-3227,S99533915,X45109137,Mr.,Patrick,Brent,Lewis,,,D,black,nonhispanic,male,Lake Tonihaven MA US,94257 Rebecca Mountains Apt. 410,Boston,MA,Suffolk,30906,02118,-49.532634,126.946607,25712.99,8721.27,32932,001-475-351-0096x4132,jonathanalexander@example.com,140561039,140401
f11475f3-f330-4cea-b16c-0213a14c3877,1951-06-03,,344-10-0920,S23263626,,Ms.,Sandra,,Ellis,,,M,black,nonhispanic,female,Larsonhaven CA US,807 Teresa Mount,Oakland,CA,Alameda,31303,94609,82.106898,142.332017,46421.13,25778.59,56507,764-791-9934x61772,joshuaphillips@example.com,140348508,140401
3d377ee0-b697-4de0-ba09-6d977c0f41e4,1975-12-10,,667-98-6837,S72536146,X80909767,Ms.,Traci,Christopher,Alvarez,,,W,white,nonhispanic,female,North Tylerfort MA US,8527 Hale Branch,Boston,MA,Suffolk,20155,02215,54.387684,-74.130267,52848.25,12187.54,33573,001-452-734-9003x0113,keithpowers@example.org,140208504,140401
d6a53e9b-5594-48fb-a815-ac0fe8e27fbf,1957-10-20,,560-68-1650,S39860660,,Mr.,Joseph,,Barnes,,,S,white,nonhispanic,male,Bethanyland IL US,112 Sarah Mall,Chicago,IL,Cook,47865,60612,62.856937,130.31942,39965.01,11802.72,57800,794-540-7172x54262,vrobinson@example.com,110469088,110501
d9ac6959-9492-4cdc-a628-c54f48c790c2,1962-04-02,,661-31-7266,S74129630,,Ms.,Amanda,,Jordan,,,W,white,nonhispanic,female,Kirbyside IL US,5460 Elizabeth Groves,Chicago,IL,Cook,55607,60612,49.94368,171.354657,15403.36,137057.67,37466,001-509-357-6976,umeadows@example.net,330111450,330101
8221c21d-df61-4c0d-9d6b-9a7db37e8871,1956-11-21,,402-88-9079,S39351227,,Ms.,Elizabeth,Tammy,Sweeney,,,,white,nonhispanic,female,Downschester IL US,602 Hall Stravenue Apt. 057,Chicago,IL,Cook,46291,60612,-72.10649,-20.423759,29724.42,10379.95,20629,893-333-5248x54221,ewaters@example.com,330375332,330101
90c31823-34cb-4fd8-9674-6e2e523c99ee,1933-04-15,,378-98-4563,S80051797,,Ms.,Stephanie,Leonard,Kirk,,,,white,nonhispanic,female,Bradleyshire MA US,794 Clark Ways Suite 721,Boston,MA,Suffolk,53572,02215,-70.131805,125.694548,11778.08,149556.77,19057,(235)628-6745x57909,nmaddox@example.net,330145571,330102
bd60906b-0986-4478-bfed-4fbed7f94fd6,1967-05-13,,529-19-8884,S41812344,,Ms.,Carla,Kelly,Jackson,,,D,black,nonhispanic,female,Johnsonfort MA US,72856 Carlson Street Apt. 577,Boston,MA,Suffolk,46750,02215,-48.368956,-156.347861,5612.76,2015.89,100754,778.655.1687,kaiserjulie@example.org,330706449,330102
f8a25a6a-97e3-4498-8de3-12bc9bc04e09,1960-06-29,,758-24-9011,S49260129,,Ms.,Megan,Samantha,Bell,,,S,other,nonhispanic,female,East Sarahmouth AZ US,647 Danny Crest,Phoenix,AZ,Maricopa,56045,85006,89.969717,57.390991,6753.07,20419.0,70837,+1-555-720-3212x29171,pmiller@example.com,330887426,330102
a761750b-ef6e-42d1-bea5-bf862a03f520,1946-08-24,,664-33-3377,S58734809,,Mr.,Fernando,Joseph,Hood,,,W,white,hispanic,male,Rhondahaven IL US,067 Lisa Vista Apt. 780,Chicago,IL,Cook,39240,60612,7.393979,138.657243,10904.34,246380.37,79554,001-756-930-1976,travisswanson@example.org,030293019,030301
d07ee6bf-ab66-4a91-aa2f-d3d07c570e80,1950-01-26,,767-47-4777,S95097996,X83990110,Ms.,Patricia,Nathan,Green,,,,white,nonhispanic,female,Michaelaside MA US,182 Steven Key,Boston,MA,Suffolk,32738,02215,-77.243707,24.296458,9550.69,5061.45,36287,866-947-0521x1482,lewisisaiah@example.org,140985869,140401
efd5aad0-86e9-49b0-8488-83d4b647ad89,1942-03-24,,247-15-2339,S18986174,,Mr.,Jose,Jimmy,Johnson,,,,white,nonhispanic,male,North Curtishaven AZ US,1145 Ryan Glen Apt. 222,Phoenix,AZ,Maricopa,13181,85006,-7.10273,91.504441,88789.06,16017.78,40054,(780)698-7331,linda06@example.org,140827743,140401
525737ae-ff88-4677-8b2f-de7e05b27a3e,1959-10-30,,474-07-5130,S39015684,,Ms.,Theresa,Timothy,Woods,,Clark,W,white,nonhispanic,female,Port Allen MA US,2203 Julia Cliff Apt. 137,Boston,MA,Suffolk,09955,02118,-3.212989,-131.792999,26788.98,27033.33,23149,(529)628-3278x77648,francisamy@example.net,110284749,110501
d718cc05-b968-4a80-ba40-df0f2d519607,1936-02-24,,122-61-8691,S86032018,X66762370,Mr.,Philip,Christine,Hensley,,,,white,nonhispanic,male,Bettyport MA US,734 Timothy River Suite 111,Boston,MA,Suffolk,05438,02118,-53.492427,-103.669036,31170.33,6176.1,16000,+1-371-282-5883,jeremy99@example.org,330445998,330101
f72251af-feaa-4214-9666-ca05588b16e0,1944-09-02,,532-91-4606,S83651932,X15723300,Ms.,Maria,,Madden,,,S,native,nonhispanic,female,Kingview CA US,37416 Michelle Vista,Oakland,CA,Alameda,36379,94609,74.403668,167.092204,41572.78,9476.32,27912,511.945.5453x58121,ndean@example.com,330796844,330101
44bf3a33-8689-4de1-934e-83c1dbb07966,1936-06-07,,621-08-8073,S82203233,X78575153,Ms.,Renee,,Flores,,Miller,,white,nonhispanic,female,New Jason IL US,16135 Mark Loop,Chicago,IL,Cook,04859,60612,-70.178319,18.723493,80885.05,11830.01,23502,636.593.9552x1183,wschwartz@example.org,330399671,330102
9a2ca9fc-42d3-4d7b-8958-b937eebab657,1952-07-14,,557-86-8927,S69500420,,Ms.,Kimberly,Whitney,Martinez,,,S,white,nonhispanic,female,Kirkshire GA US,6802 Sue Village,Savannah,GA,Chatham,06630,31404,63.685481,138.072509,45227.03,44717.68,24312,+1-904-374-0210x0091,jenniferclark@example.com,330471511,330102
d2f83879-0bb4-41d2-b6d2-ae011b739fdc,1976-07-07,,316-79-4794,S41065544,,Ms.,Kelly,,Calhoun,,,D,native,hispanic,female,North Raymond MA US,55673 Jill Summit Suite 668,Boston,MA,Suffolk,51358,02215,-62.319661,42.553534,128809.46,8493.01,30255,878.551.4911x94031,stownsend@example.net,110461271,110501
5d01ae6a-4fb5-4868-b6fe-32d808977586,1993-12-25,,062-08-9699,S15412098,,Mr.,Cristian,Melanie,Blake,,,D,white,hispanic,male,Longshire MA US,754 Sutton Knolls,Boston,MA,Suffolk,23969,02118,46.599913,128.477121,13306.59,11432.94,95925,(606)608-9899x282,eric85@example.org,110528445,110501
