Id,BirthDate,DeathDate,SSN,Drivers,Passport,Prefix,First,Middle,Last,Suffix,Maiden,Marital,Race,Ethnicity,Gender,BirthPlace,Address,City,State,County,FIPS County Code,Zip,Lat,Lon,Healthcare_Expenses,Healthcare_Coverage,Income,phone,email,mrn,source_facility_id
2c825a52-c7ab-4dc4-a82c-4b5580575d0e,1951-07-15,,842-49-1620,S20706433,,Mr.,Michael,Johnny,Harrison,,,S,asian,nonhispanic,male,Webbstad CA US,690 Ingram Groves,Oakland,CA,Alameda,01365,94609,9.507591,-98.089619,107393.97,4543.28,45691,+1-400-965-3769,darlenebaird@example.com,330262798,330102
12fea87d-93cd-48e8-a4b6-11ab50c904d8,2004-03-07,,888-94-8907,S82184186,,Ms.,Samantha,Eric,Miller,,,W,asian,nonhispanic,female,Mcguiretown IL US,01123 Peters Spring,Chicago,IL,Cook,36397,60612,-6.413728,-10.058424,5778.84,15661.25,111392,424.576.6653x848,markholt@example.net,330446662,330102
d62bba67-df17-47e9-83ca-c15518c522d1,1971-05-17,,206-99-0831,S57219754,,Mr.,Robert,Brett,Trujillo,,,S,white,nonhispanic,male,South Ashlee TX US,37335 Thompson Mountains,Austin,TX,Travis,20243,78702,87.121752,-26.375429,5573.46,23031.82,61345,212.618.8491,ethomas@example.com,330960632,330102
5300209d-0d8d-43fe-ba7d-0622ac912cdd,1957-10-14,,462-85-4624,S18460722,X11910292,Mr.,Nathan,Melissa,Davis,,,W,other,hispanic,male,South Juan GA US,29645 Jacob Street,Savannah,GA,Chatham,47537,31404,-16.901099,129.848171,38828.13,19773.08,87792,001-908-961-1058x9886,williamdavies@example.net,140496781,140401
c88f0a5f-1087-4f93-9175-b8cc140caf57,1978-01-31,,105-36-8491,S88850547,,Mr.,Jimmy,Ryan,Ramos,,,D,white,nonhispanic,male,Francesside AZ US,4789 Shane Gardens Suite 665,Phoenix,AZ,Maricopa,24127,85006,83.442476,48.799832,39156.62,19634.46,69429,412-755-8043x32849,fergusonlori@example.com,330741300,330101
00ed6811-d9a6-4d68-91ee-24430d65ea4b,1988-05-22,,536-63-3685,S27495421,,Mr.,Christopher,Kelly,Miller,,,,white,nonhispanic,male,Walkermouth CA US,574 Stephen Inlet Apt. 010,Oakland,CA,Alameda,51926,94609,-0.73181,-121.923571,82293.16,6667.38,47306,+1-383-416-2996x7365,kaitlinhawkins@example.net,330834396,330102
fb7e323e-b3db-40f3-895d-84086c115ffd,1957-07-14,,811-41-2062,S19283002,,Mr.,Juan,Samuel,Mcpherson,,,D,white,nonhispanic,male,Jasonbury MA US,654 Howell Views Apt. 173,Boston,MA,Suffolk,18906,02215,28.124405,117.113263,37719.89,18843.09,118294,(266)867-0031,jasonmiller@example.net,330205364,330101
5de5b213-05f8-4119-ba68-e6b7ad0c6de0,2020-12-07,,510-26-8379,,,,David,Glenda,Dougherty,,,W,white,hispanic,male,East Patricia CA US,038 Marilyn Parkways,Oakland,CA,Alameda,33715,94609,-46.177985,52.03075,8864.14,17630.37,22678,8609156354,kdickerson@example.org,330384894,330102
2e4ad169-2cf2-4027-9295-0b7dde588fc1,1951-12-15,,319-47-8874,S82159439,,Mr.,John,,Wells,,,M,white,hispanic,male,West Jaclynberg CA US,46346 Lee Lake Suite 786,Oakland,CA,Alameda,51361,94609,-25.52996,85.298207,38974.72,867.06,21234,+1-851-955-0167x495,jshepherd@example.org,050801355,050201
cf0c8939-1f09-4a19-8a25-bd198dadac94,1941-03-15,,574-24-4550,S32634817,,Ms.,Sharon,,Haynes,,Kelly,M,white,hispanic,female,Angelabury MA US,16061 Sean Locks,Boston,MA,Suffolk,44417,02215,7.657688,-57.448154,121205.59,2520.1,46344,933-948-2943,mberry@example.org,330567362,330102
d9d6ff91-bb35-41f6-9ced-598de810d442,1965-08-02,,775-78-3590,S78200857,,Mr.,Michael,Gregory,Richard,,,M,white,nonhispanic,male,Smithfort GA US,570 Gomez Key,Savannah,GA,Chatham,11875,31404,9.348325,31.491159,20852.38,10156.53,28998,001-310-230-2827x01104,lsims@example.org,050428397,050201
61fa2823-827f-40f2-9704-de13faf88c91,1966-11-05,,043-61-8834,S21237865,,Mr.,Jacob,Charles,Holmes,,,M,white,nonhispanic,male,Cindymouth IL US,8084 Daniel Prairie Suite 273,Chicago,IL,Cook,29365,60612,-49.341727,118.411351,9037.1,9585.99,60003,916-213-1998x241,oliverkelly@example.net,140336068,140401
7b5bc688-95d0-43d2-9f8f-0d2214edc1cf,1951-09-22,,131-36-1189,S34956318,,Ms.,Tara,Marcus,Jackson,,,D,black,nonhispanic,female,Jamesland TX US,926 Kelly Motorway Apt. 649,Austin,TX,Travis,39084,78702,-27.662902,-174.852221,12875.36,74501.37,90900,(385)433-1292,crystalgardner@example.com,330981946,330102
38b2ab76-2beb-4160-ba88-d00e72cdb68a,1952-07-22,,838-01-6948,S62536842,,Ms.,Patricia,,Schmidt,,Russell,D,asian,nonhispanic,female,Robertville CA US,668 Brock Shores Apt. 542,Oakland,CA,Alameda,03090,94609,79.945598,44.371064,122108.11,49490.42,47142,(677)955-0852x6535,scottbell@example.org,050463451,050201
67ef66f2-e493-4176-bc06-ac5d4b376a4e,1962-03-31,,845-16-4150,S61922370,,Ms.,Amanda,Paul,Schwartz,,Wright,S,asian,hispanic,female,Christinashire MA US,68844 Perkins Square,Boston,MA,Suffolk,24188,02118,10.61141,29.327556,24960.89,32906.33,38419,(952)402-0106x298,justinsteele@example.org,030190755,030301
ba97cfb4-7c66-4751-8b48-b9b79a8ca8d3,1975-06-03,,489-27-7876,S16203823,X98006637,Mr.,Kevin,Valerie,Lopez,,,D,white,nonhispanic,male,Port Christopher TX US,69667 Smith Pass,Austin,TX,Travis,55647,78702,48.02506,-132.142517,29143.76,85862.71,59228,+1-735-558-2365,johnzamora@example.org,330812619,330102
54b9d99b-1bb1-4b2f-a8de-83d3ad3aed6b,2007-08-18,,306-98-4073,S86971453,X38730217,Ms.,Tara,Kimberly,Conway,,,,black,nonhispanic,female,Collinsburgh TX US,06399 Kristen Centers,Austin,TX,Travis,39172,78702,30.05267,80.260116,5636.92,9346.07,60906,634.401.4716,ydunn@example.com,330457003,330101
3459e29a-65cd-4ae9-9e2e-b050b1a2efc0,1929-02-15,,758-74-4306,S28918987,X73623879,Ms.,Jennifer,,Joseph,,,,black,nonhispanic,female,Lawrenceshire IL US,330 Lopez Ports,Chicago,IL,Cook,05898,60612,16.459089,69.746253,21943.04,15253.58,14704,001-488-817-7767x921,kimdarrell@example.org,140201422,140401
a912f827-5150-4bc0-9b93-ef03e3fcb7ec,1986-11-27,,150-55-2008,S63711587,,Mr.,Benjamin,Andrew,Powers,,,W,white,nonhispanic,male,Sharpland MA US,737 Bryant Terrace,Boston,MA,Suffolk,46176,02118,85.508025,-80.124118,28043.62,21769.05,125186,702.812.7760x08923,johnnycross@example.org,030646399,030301
1ea4cfb1-c558-4125-8e4b-6f39636abc0a,1973-12-29,,555-43-7635,S37063697,,Mr.,Joseph,David,Ramirez,,,M,white,nonhispanic,male,Jonesfurt TX US,83957 Kane Extensions,Austin,TX,Travis,13345,78702,-40.367458,-73.757329,93033.82,17568.75,32858,001-520-792-6386,leekevin@example.org,330769036,330101
77d12a90-8057-46e2-ac0e-2ed883e4cd39,1971-01-31,,450-22-0239,S47030804,,Mr.,Walter,Emily,Bruce,,,S,white,nonhispanic,male,East Jeanview MA US,8025 Bridget Tunnel Suite 187,Boston,MA,Suffolk,02562,02118,68.242998,-100.487748,26364.58,41856.39,60875,(597)505-4230,turnerabigail@example.org,330556923,330101
2daf1bae-c97a-4463-b94a-2cc66ecd0657,1950-01-19,,019-31-1858,S50243148,,Ms.,Kristin,Pamela,Hudson,,Webster,,white,nonhispanic,female,Christopherberg TX US,971 Rice Springs,Austin,TX,Travis,10839,78702,18.552671,74.163189,96944.99,2704.54,79539,762-282-9850,jjackson@example.com,330995706,330102
9ba1de75-7406-46d9-9789-21b916584380,1957-04-05,,343-44-2939,S19839888,X34994686,Mr.,Mark,Nancy,Marshall,,,M,white,nonhispanic,male,East Richardberg MA US,2456 Sanchez Fields,Boston,MA,Suffolk,33317,02215,10.231315,128.275216,12778.89,9417.19,17255,(744)554-3818x23154,allison79@example.org,050235103,050201
214fe94d-22b5-415f-ab3e-9917cf8b459b,1982-07-03,,540-22-2630,S88357451,,Mr.,John,Dustin,Hooper,,,,white,nonhispanic,male,Hurstview IL US,4000 Green Mission,Chicago,IL,Cook,36499,60612,-36.758597,113.000367,28820.79,27819.2,74759,+1-900-590-1029x8360,tmartinez@example.org,110837978,110501
7b540c7b-59a8-4588-88fb-dff7e7037793,1931-07-19,,688-74-8033,S82498552,,Mr.,James,,Johnson,,,D,black,nonhispanic,male,Coxberg IL US,5531 Heather Ports,Chicago,IL,Cook,27391,60612,60.652963,-160.674665,36240.86,12862.39,54204,(565)565-6983x4353,smoyer@example.com,330541323,330101
fe1c3dae-e072-4838-ada9-e67ba3603593,1994-10-26,,224-93-6514,S46220011,,Ms.,Sandra,,Colon,,,M,white,nonhispanic,female,Port Steven TX US,1364 Jackson Well Apt. 246,Austin,TX,Travis,24056,78702,41.983667,48.712522,43027.01,19085.35,100178,+1-379-673-6156,bowmanwendy@example.com,330954755,330102
02129ba4-e52f-451b-b240-412d4c93752c,1964-09-21,,535-73-6769,S75950294,,Mr.,Louis,Heather,Robinson,,,S,black,nonhispanic,male,North Cynthia MA US,87938 Marks Loaf,Boston,MA,Suffolk,32799,02215,-79.762326,-24.396634,87645.33,5888.18,57200,(644)795-3818,philip86@example.org,330231306,330101
35cfbd71-bad8-49c0-990f-494be356088f,1985-01-27,,081-82-3088,S70286461,,Mr.,Jacob,Heather,Ray,,,W,asian,hispanic,male,Christopherburgh MA US,31251 Tina Mountains Suite 190,Boston,MA,Suffolk,03733,02215,-79.586035,-69.867569,49319.6,11383.51,69744,987-212-5307x680,cmayo@example.net,330817159,330101
b2bc61c0-ecd0-4cdb-8272-9de9f062f195,1931-01-12,,602-67-0839,S72303335,,Ms.,Barbara,,Daniel,,Petty,S,white,nonhispanic,female,West Christopherside CA US,25034 Bailey Harbor,Oakland,CA,Alameda,26691,94609,20.44306,17.783127,18285.1,9198.55,30700,001-562-694-6783x2327,samuelbowers@example.org,330962169,330102
4738ae4e-c227-4613-b3f2-80b65a3aae2e,1971-06-16,,275-22-8966,S13157880,,Ms.,Susan,Jason,Salazar,,,D,asian,hispanic,female,Davidburgh TX US,08884 Melinda Cove Suite 200,Austin,TX,Travis,06893,78702,14.927717,-93.8967,18233.42,67935.46,58024,488-350-9858,ywilson@example.net,330788401,330102
fffa4075-ef11-42b5-9e80-16d34d8fead6,1980-06-22,,305-28-9625,S89611108,,Ms.,Becky,Brandy,Buchanan,,,S,white,nonhispanic,female,North Danaland IL US,4621 Harris Junction,Chicago,IL,Cook,46944,60612,72.24392,-2.860253,21541.91,23939.87,61585,728-967-3425x007,huangjennifer@example.org,330156639,330101
51873690-084d-45d2-a3bf-017095c28469,1989-04-07,,815-38-8206,S99582411,,Mr.,Jonathan,,Bates,,,D,other,nonhispanic,male,Nataliestad TX US,2616 Monica Radial Suite 078,Austin,TX,Travis,17407,78702,8.603231,-85.205336,15836.34,3818.73,125218,561.493.6966,ldavis@example.com,140862587,140401
8c65ba1d-fe83-4a52-b780-b01dfa6deae1,1975-09-02,,738-47-3815,S52403351,,Ms.,Alexandra,Sydney,Miller,,,M,white,nonhispanic,female,Peggyland GA US,117 Jensen Spring Suite 784,Savannah,GA,Chatham,26319,31404,63.99977,98.29902,25696.33,11583.41,25943,+1-380-202-7039,katrinatucker@example.org,330932004,330101
82401b90-2edc-4f08-b3d4-ae5a1d390317,1988-05-24,,469-34-4478,S89597980,X93732802,Ms.,Yvonne,Jamie,Powell,,Rios,D,white,nonhispanic,female,Lake Patrickbury GA US,610 Hayden Drives,Savannah,GA,Chatham,02912,31404,-21.549919,117.552916,154209.19,9612.39,36911,+1-224-600-1887x9568,rgonzalez@example.net,330881957,330102
30eb0bf4-b037-4c1b-ac9d-1cedbb385e6d,1995-02-04,,226-18-9919,S81515092,,Ms.,Nicole,Heidi,Garner,,Fletcher,,other,nonhispanic,female,Hansenmouth IL US,3571 Jonathan Plaza Apt. 726,Chicago,IL,Cook,20677,60612,-44.638971,1.986244,27535.39,34250.41,31058,+1-760-665-4271x7258,michael67@example.com,140642789,140401
c8e661e0-1d9c-4bd7-85fc-a9431cf683d3,1983-12-24,,724-38-9801,S66769960,,Mr.,Jeremy,Michael,Chang,,,S,white,hispanic,male,Chadville AZ US,5122 Garcia Creek,Phoenix,AZ,Maricopa,53841,85006,50.293099,-155.86189,36686.82,45741.9,37128,001-869-425-6254,christopherspencer@example.org,050138049,050201
7c7648e6-4e3e-4e4b-9dc0-f528e680ee09,1966-01-04,,615-44-2007,S81560782,,Ms.,Doris,Lauren,Fletcher,,,W,white,nonhispanic,female,Penamouth IL US,22807 Jimenez Wall,Chicago,IL,Cook,24019,60612,-51.693398,-31.87277,31269.08,5421.28,58035,(345)799-6793x5431,ovalenzuela@example.net,030825598,030301
0f959d47-c173-4825-8a2c-058bb2e4a798,1962-09-22,,649-52-3538,S18668707,,Ms.,Bethany,Elizabeth,Simmons,,,D,asian,nonhispanic,female,South Thomasborough CA US,90767 Shannon Branch Apt. 214,Oakland,CA,Alameda,21599,94609,-38.641189,36.248538,6627.6,24773.38,48544,(930)501-5674,cortezjohn@example.com,140596051,140401
a47f5c90-4d9a-43c2-a753-7afe9fa301c8,2025-12-21,,648-46-8817,,,,Micheal,Dalton,Williams,,,,white,nonhispanic,male,East Thomasburgh TX US,1376 Jeremy Drives,Austin,TX,Travis,03260,78702,81.696443,-38.171383,17989.41,9686.0,41368,718-250-5614x0925,whitney96@example.com,330605897,330102
7233cabe-9e37-4711-b94b-11eab82b1e57,2015-09-01,,626-74-0948,,,,Melissa,Lauren,Ford,,,,black,nonhispanic,female,North Victoria MA US,7456 James Underpass Suite 980,Boston,MA,Suffolk,46247,02215,73.847274,137.676798,6340.83,15813.94,15769,840.597.9851x0067,jennifergrant@example.org,140605644,140401
a97bfb1e-3ab8-4656-9d52-57a087edc0d1,1990-01-22,,350-37-5714,S62337755,,Ms.,Jennifer,Shawn,Pugh,,,,white,nonhispanic,female,Rogersfort AZ US,461 Mark Drive,Phoenix,AZ,Maricopa,34593,85006,35.983558,40.593456,79154.47,9262.82,124820,+1-945-880-3263,kimberly68@example.org,330660166,330102
7e553c78-4554-4877-81b0-9cfb6f7fba61,1974-07-04,,429-37-6596,S84523639,,Mr.,Joseph,Douglas,Graham,,,M,other,hispanic,male,Stewartbury AZ US,1011 Christopher Harbors Suite 781,Phoenix,AZ,Maricopa,39447,85006,72.626806,-56.235399,73565.62,40857.48,30647,457-627-4263x9505,lindajackson@example.com,030224418,030301
11bcbd07-e5a9-47f6-95b4-efddc379386a,1953-06-16,,053-39-7652,S56875291,X98919683,Mr.,Anthony,Brent,Williams,,,W,white,nonhispanic,male,Janicemouth MA US,3678 Katrina Tunnel,Boston,MA,Suffolk,54636,02118,-3.804882,-57.92274,172666.91,12854.68,22909,+1-532-266-5646x162,umccullough@example.net,030267807,030301
607deb91-515f-48d1-8bf7-c785e017ead4,1978-05-11,,293-06-9083,S11058197,X61878697,Ms.,Lauren,Kelly,Vasquez,,,,white,nonhispanic,female,Rebeccaborough MA US,59477 Acosta Union Apt. 767,Boston,MA,Suffolk,43576,02215,76.039191,-170.88995,6362.95,9384.72,14310,001-952-925-2037x08578,rodriguezjessica@example.com,140703318,140401
0a6a3d6a-9198-4cf4-bae2-bf8b37de1734,1982-10-25,,128-81-4207,S98895151,,Mr.,Timothy,Brandi,Hodges,,,S,black,nonhispanic,male,Port Kellyton IL US,4215 Erica View,Chicago,IL,Cook,05868,60612,63.305475,-119.129142,24768.45,39357.81,77220,798.797.8082x0601,ohoward@example.net,330587088,330102
434fbe12-0690-4aff-bfce-0304cd8ce949,1949-03-09,,760-07-4801,S34140321,X28475895,Mr.,Scott,Benjamin,Olson,,,D,white,nonhispanic,male,Jeremyburgh IL US,537 Robles Groves Suite 287,Chicago,IL,Cook,30191,60612,-70.07741,106.483317,126388.82,15561.9,225752,001-835-814-8527,chavezmichael@example.net,140945985,140401
81ecc436-8ffa-4396-ba2e-92bb98bcbe89,1997-01-23,,142-14-9319,S27143101,,Ms.,Michele,Joyce,Baxter,,,M,white,nonhispanic,female,Stephanieport MA US,7141 Christian Junction Apt. 420,Boston,MA,Suffolk,55308,02118,1.938608,-54.163184,38275.26,14175.2,110265,789-664-4134,qsmith@example.com,330890062,330102
f2b2e843-3888-4eea-aeab-4fc79920af5b,1973-08-21,,277-78-8259,S29056829,,Mr.,Paul,Rachel,Wilkins,,,S,black,hispanic,male,Sabrinastad AZ US,24934 Brown Locks,Phoenix,AZ,Maricopa,17511,85006,-81.802248,-12.246751,31639.2,12947.44,51081,(417)208-7591x49671,mccalltimothy@example.com,330886375,330101
43527b27-fbad-453b-845d-910b49d1d714,1995-01-27,,254-29-4849,S52642518,X30581088,Mr.,Bruce,,Martin,,,S,white,nonhispanic,male,West Robert IL US,648 Sanchez Forest Suite 245,Chicago,IL,Cook,44115,60612,-62.649896,-177.444944,44075.07,15515.11,36867,+1-405-641-6451x6469,jonathon77@example.org,330815112,330102
e35d525d-04a2-4ff5-a924-0f4905c8a645,1987-02-27,,309-01-1497,S38798204,,Ms.,Jessica,Alex,Patterson,,,D,white,hispanic,female,Ericland TX US,159 Stephen Harbor,Austin,TX,Travis,17843,78702,78.117671,154.737156,35629.05,32976.04,58882,772-992-1695x13106,briantorres@example.org,330256272,330101
6c6380ce-022f-49a6-b231-a417d96910f2,1961-03-11,,089-65-0611,S73593464,,Mr.,Timothy,Jeffrey,Fernandez,,,M,other,hispanic,male,Dawnstad AZ US,11409 Mcclain Extension Suite 085,Phoenix,AZ,Maricopa,03174,85006,-73.493204,32.287445,41177.59,84270.68,45777,001-313-678-7923x7448,josedonaldson@example.com,330717812,330101
75f63f8c-a4e9-40ef-971b-395559dab6d6,1936-04-15,,451-25-0473,S31360162,,Ms.,Amanda,,Hopkins,,Thompson,,black,nonhispanic,female,Flemingfurt TX US,773 Howe Spur,Austin,TX,Travis,13534,78702,73.800138,-78.048641,65034.51,29200.14,65126,503.774.7210,kross@example.org,330968422,330101
b78b50db-a7a6-43e0-b782-b85829b3ec85,1977-07-29,,486-78-1582,S14580391,,Mr.,Jesse,,Reyes,,,W,black,nonhispanic,male,New Kylefurt GA US,0520 Renee Island Suite 433,Savannah,GA,Chatham,32165,31404,61.148179,-128.9602,30956.3,5699.0,22234,(387)576-6868x1903,murphyjennifer@example.org,330835668,330102
eee1cdca-a790-4528-a786-33f50b20e74b,1965-07-14,,506-30-1000,S37329946,X70526210,Mr.,Michael,Kari,Rodriguez,,,W,white,nonhispanic,male,Jenniferberg CA US,5943 Jones Causeway Apt. 077,Oakland,CA,Alameda,55223,94609,73.99316,-127.461603,80719.32,96791.37,23151,9687603635,bryan61@example.com,030615707,030301
7da9a827-c1ac-4c24-bd7d-c3f4af62346e,1935-12-28,,048-66-4006,S96106954,,Ms.,Julie,Clinton,Summers,,,W,white,hispanic,female,North Alanfort GA US,2426 Jennifer Estate Suite 720,Savannah,GA,Chatham,24251,31404,-42.887064,-85.966343,24517.05,21505.25,29839,001-702-524-2609,jodi03@example.net,030198231,030301
b49ce3eb-8cac-4d09-adaa-e37defbf6409,1968-07-20,,727-89-3009,S47225238,,Mr.,Jeremiah,Patricia,Price,,,,other,nonhispanic,male,Thomasport MA US,986 Liu Estates Suite 144,Boston,MA,Suffolk,43697,02215,82.35111,15.128322,8922.53,2118.53,128721,+1-423-987-1044x0134,jessicaharrison@example.net,330625824,330101
84b7662c-084c-4168-a905-70547414775a,1925-08-07,,820-44-6325,S96886903,,Mr.,Edward,,Mosley,,,S,black,nonhispanic,male,Claireburgh AZ US,759 Donna Drive Apt. 686,Phoenix,AZ,Maricopa,15908,85006,22.555083,-37.175288,43720.54,43054.97,47764,(706)847-6232,katherine32@example.net,050421292,050201
48644b6b-9826-42b9-8fec-101b7ca272de,1930-04-25,,617-69-2209,S52573875,,Ms.,Kristen,Evelyn,Miller,,,M,asian,nonhispanic,female,Hornemouth TX US,16750 Fields Villages,Austin,TX,Travis,03525,78702,-58.84641,-68.446766,63262.72,25921.87,116648,(746)667-7026,tlang@example.net,050922514,050201
ab85acfb-45b5-4b10-9789-8a76b9238922,1999-12-27,,655-20-2305,S44686305,X87767385,Ms.,Jamie,William,Richardson,,,S,white,nonhispanic,female,Crystalland IL US,167 Lewis Passage Apt. 800,Chicago,IL,Cook,46579,60612,-33.007143,-115.26581,60837.45,12821.95,357134,001-771-755-0160x11127,perezjillian@example.com,050693079,050201
508b7f4a-97a7-4d53-9b5f-a1d11403bc60,1944-08-09,,513-18-7212,S75744418,X59522358,Ms.,Victoria,Ernest,Miller,,,W,white,nonhispanic,female,West Cynthia CA US,965 Andre Village Apt. 797,Oakland,CA,Alameda,30104,94609,-14.36975,2.947215,22098.36,22375.2,54134,+1-371-303-2804x724,ibyrd@example.org,050999524,050201
a31d5baf-4073-4559-b799-eea08da8c43e,1955-07-18,,877-64-1896,S50578592,X30660819,Ms.,Beverly,,Frye,,,S,white,nonhispanic,female,Josephbury MA US,94421 Lopez Islands Suite 514,Boston,MA,Suffolk,23012,02215,-19.827186,89.707902,43149.24,6350.77,36341,+1-797-836-3702x6067,troy91@example.org,330951821,330102
f83f136e-ec99-4178-955d-c3e9858661b7,1974-10-11,,294-89-1463,S73864934,X80781150,Mr.,Michael,Richard,Jones,,,M,asian,nonhispanic,male,New Caitlin MA US,30607 Benjamin Estate Apt. 346,Boston,MA,Suffolk,30717,02215,4.193821,-23.257098,36307.61,31136.11,87059,(947)798-8256,amyfrench@example.org,050313456,050201
a63d52b8-f5d7-43f2-87b0-6c01a70e4eab,1987-04-15,,309-35-9374,S34336731,,Ms.,Jacqueline,Nicole,Delgado,,Watson,M,other,nonhispanic,female,Ritahaven AZ US,664 Short Street Suite 212,Phoenix,AZ,Maricopa,27202,85006,-8.940666,-102.446438,16748.17,8892.78,81479,914.952.5233x90227,williamhamilton@example.org,140107777,140401
61b7cdaf-0712-401f-a4f2-26ab8f060396,1987-02-16,,611-88-2849,S32861873,X81232323,Mr.,Brian,Andrew,Gomez,,,D,black,nonhispanic,male,South Johnport IL US,8117 Alexis Mews Apt. 608,Chicago,IL,Cook,11349,60612,-7.334878,85.270826,6893.74,12654.98,15677,+1-473-432-0820x9433,burgessconnie@example.org,330213450,330102
8b983813-8877-47ea-be48-d682408c0376,1966-07-27,,351-52-8327,S86934393,X92280406,Mr.,George,Monique,Rodriguez,,,,white,nonhispanic,male,Olsontown GA US,4955 Watkins Centers Suite 687,Savannah,GA,Chatham,09812,31404,66.484189,-118.007913,120265.79,69180.81,52866,(674)375-8496x14447,gbarber@example.net,330549685,330102
64d7a6cb-71bc-4c79-947a-de036c99378f,1931-01-11,,584-94-3691,S92399687,,Mr.,Lawrence,Christopher,Wilcox,,,D,other,nonhispanic,male,South Jonathan AZ US,3158 Dominic Mill,Phoenix,AZ,Maricopa,14193,85006,-69.621269,-72.917167,54457.26,14348.15,48923,(960)378-1570x8240,zacharyhorton@example.net,330985313,330102
d79cd07d-fb69-4fb3-a3ce-7f5f6244f5d6,2000-07-13,,724-04-2520,S45939296,X50684258,Ms.,Jennifer,Zachary,Wilson,,,W,white,nonhispanic,female,Wardstad GA US,82180 Welch Alley,Savannah,GA,Chatham,11919,31404,71.632186,-96.293731,218354.71,3710.22,31726,+1-222-775-2298,dawnstewart@example.com,330989772,330102
a7be3359-0811-43c0-9a48-4c58aaa15bd2,1963-07-05,,573-66-7528,S88546185,X48354908,Mr.,Andrew,Kaylee,Carey,,,W,white,nonhispanic,male,Paulhaven CA US,95890 Judy Springs Apt. 311,Oakland,CA,Alameda,14614,94609,-58.420705,-174.201363,30425.82,17396.98,63531,603-671-6335x24392,alvincurry@example.net,050972415,050201
bb172b39-b0d2-43f3-9058-326a936aacd5,1975-07-21,,206-57-4254,S43320742,X73786400,Ms.,Kim,Jason,Ramirez,,,W,white,hispanic,female,Port Joshua IL US,202 Lopez Branch,Chicago,IL,Cook,53304,60612,2.272193,51.141581,83640.96,33534.99,27265,907-453-3383x70608,sarah56@example.org,330896236,330101
df0165b8-cac7-4ffa-8b9a-d1f4b070bbd6,1959-05-26,,503-94-0193,S68125485,,Ms.,Sheila,Tara,Bryant,,Hurst,M,asian,nonhispanic,female,East Jorgeberg GA US,67201 Christopher Knolls Suite 726,Savannah,GA,Chatham,25311,31404,16.960207,-130.511427,54239.52,19045.77,21782,(718)316-3801x107,rbryant@example.com,140993690,140401
69ab48b8-7864-419b-80e3-a060bece3673,1943-04-28,,416-54-6106,S41751557,,Mr.,Matthew,Steven,Smith,,,,white,nonhispanic,male,North John AZ US,0269 Jessica Valleys Suite 521,Phoenix,AZ,Maricopa,02754,85006,27.563675,-76.727201,5267.97,2306.27,34082,606-551-4999x06031,jessica53@example.net,110594931,110501
ee846fd2-2b10-4a40-83a6-97a446ad1e56,1959-05-25,,865-13-1862,S55162540,,Mr.,Keith,,Davis,,,S,other,nonhispanic,male,Lake Shane CA US,524 Solomon Shoal Suite 810,Oakland,CA,Alameda,49738,94609,-80.21194,52.303445,33445.94,48060.54,47230,4172970436,laurenherring@example.org,330693631,330102
2bd06878-fd1d-43c2-af02-c079ca1cad02,1960-04-28,,880-87-7258,S10371910,,Ms.,Tamara,David,James,,,M,black,nonhispanic,female,South Ryantown MA US,54381 Park Plains Suite 080,Boston,MA,Suffolk,55368,02215,-71.64573,49.780282,19548.0,16065.62,67114,+1-774-684-0208x142,jasonsims@example.com,030209549,030301
5e09ddaf-2114-4a83-b9b9-43de498c6f68,1980-04-18,,344-66-4493,S83416614,X84249961,Mr.,William,Brian,Reynolds,,,S,white,nonhispanic,male,Port Steveview AZ US,4186 Watts Lodge,Phoenix,AZ,Maricopa,23753,85006,-56.327123,-48.031825,303698.35,23312.44,81305,001-840-771-4090x32249,kochjason@example.com,330988459,330102
5958aa73-5e94-4876-a7d5-101f01567a0e,2001-05-30,,115-05-1103,S27839565,,Ms.,Melissa,Sarah,Morris,,,S,white,nonhispanic,female,Annetown MA US,615 Mary Summit Suite 810,Boston,MA,Suffolk,34686,02215,-54.109207,-91.401359,19514.75,2427.59,83727,976-286-7241,williamscassandra@example.com,330510323,330101
795a3ed3-8769-4d4c-ada0-c0f6c7a65257,1928-06-24,,395-27-6279,S74273262,X58425699,Mr.,Devin,Laura,Williams,,,D,black,nonhispanic,male,Juantown MA US,52738 Livingston Haven,Boston,MA,Suffolk,45823,02215,30.232435,-177.671507,34725.79,30017.75,21322,+1-817-752-2028x2943,powerstimothy@example.com,330406147,330101
944a45dc-8d69-45ff-b709-e8f28a725c86,1969-08-28,,778-69-4210,S19154823,,Ms.,Diane,,Ross,,,D,white,nonhispanic,female,Austinbury IL US,5174 Shannon Lakes,Chicago,IL,Cook,38522,60612,16.303891,-96.421962,17787.77,12347.94,16232,706.497.5187,cathysolis@example.com,330480711,330102
947d3903-f4d5-4578-a4e2-dee092f36721,1987-03-29,,507-77-8313,S50206775,,Ms.,Jasmine,Karen,Nguyen,,,D,white,nonhispanic,female,Port Rebecca CA US,7652 Robert Spurs Apt. 381,Oakland,CA,Alameda,41648,94609,61.169387,-175.811343,86896.45,34569.54,204591,571.484.4873,michael69@example.com,330353627,330102
2cb0ff84-563b-413e-908e-d920ba6c6dd5,1965-07-21,,375-60-0039,S81537909,X75123105,Mr.,Robert,Sandra,Mccann,,,S,other,nonhispanic,male,Jenniferburgh GA US,4460 Martinez Pines,Savannah,GA,Chatham,16513,31404,65.378632,-127.420036,49963.65,24020.01,30277,(643)878-4879x194,owenstimothy@example.com,050763974,050201
e001510d-581e-479f-ad15-aa29f48d8a14,1960-04-05,,002-37-6487,S52240939,X68651339,Ms.,Robin,Angela,Cruz,,,D,white,nonhispanic,female,North Andreafurt MA US,976 Christy Drives Apt. 123,Boston,MA,Suffolk,33438,02118,61.744824,-43.664484,52221.91,6731.22,105501,+1-542-942-1533x603,gregggutierrez@example.com,330850396,330102
5f487561-d604-436b-a79a-f59021514e07,1939-09-01,,895-79-4819,S26171482,X78318782,Ms.,Lindsey,,Bailey,,,D,white,nonhispanic,female,Petersstad IL US,524 Holly View Apt. 041,Chicago,IL,Cook,17283,60612,10.911508,-12.100617,43166.48,28691.15,119110,001-745-373-4827x65030,ericstanley@example.com,050363524,050201
2e655c81-17c6-4f3f-925b-58f0c020714c,1939-01-16,,846-75-6602,S73621319,,Ms.,Carolyn,Jackie,Tate,,,,white,nonhispanic,female,New Jenny AZ US,00508 Taylor Point Apt. 106,Phoenix,AZ,Maricopa,15661,85006,-51.442188,11.162189,5851.45,4447.81,114965,872-362-5825,zromero@example.org,030328242,030301
0ac1381f-f755-4e04-8405-b0df3504398d,1929-02-15,,278-01-2128,S76125108,,Ms.,Catherine,Savannah,Nixon,,,,white,hispanic,female,Nathanland AZ US,5448 Emily Neck Apt. 866,Phoenix,AZ,Maricopa,08331,85006,-19.68447,86.831489,28224.86,11532.77,71728,230-533-3847,tabitha25@example.com,030109617,030301
077b0142-dbc7-4a7a-9f73-85ffac46a494,2006-12-26,,026-64-0202,S78055559,,Mr.,John,Holly,Lambert,,,D,native,nonhispanic,male,South Dennis GA US,8703 Fields Valley,Savannah,GA,Chatham,21734,31404,44.224939,71.528397,75376.77,30548.67,19956,(991)999-1978x369,kristinaolsen@example.com,140589545,140401
28ba6b8e-6b2e-4acc-a3b2-b778910cbfb9,2015-06-29,,651-11-2010,,X57372837,,Valerie,Lisa,Chapman,,,D,black,nonhispanic,female,East Brandon MA US,1129 Katherine Park Apt. 591,Boston,MA,Suffolk,20713,02118,14.858185,110.286837,39819.88,93778.59,95401,6697969386,ldoyle@example.com,330967116,330101
9c1576f5-ef80-44e8-a65f-3a932587d68e,1952-06-25,,179-51-5912,S59555388,X64778345,Mr.,Todd,,Ali,,,W,white,nonhispanic,male,West Timothytown CA US,603 Pham Lane Suite 777,Oakland,CA,Alameda,26393,94609,-41.891323,33.030823,106894.52,23730.61,71494,3469187762,alexanderkimberly@example.com,330616768,330102
568b10b0-3ef7-470f-8982-2569e1d78c28,2004-01-19,,017-54-2517,S15638904,,Ms.,Jennifer,Christopher,Edwards,,,W,white,nonhispanic,female,North Stevenport IL US,20814 Green Square,Chicago,IL,Cook,47489,60612,-53.306358,-90.37717,16625.54,125250.24,37805,432-758-0543x666,jeffrey03@example.com,030435201,030301
cc2d40d6-8cf7-4785-b8eb-3ce1c319e028,1992-10-15,,522-52-9683,S97267195,X87844668,Ms.,Kayla,Vanessa,Grimes,,Smith,D,white,nonhispanic,female,North Kyle CA US,672 Odom Neck,Oakland,CA,Alameda,40699,94609,16.23442,-91.844129,15819.99,20695.36,98288,+1-942-316-7603,erika51@example.net,140372701,140401
c31e1da9-03ac-4032-8889-6575d842d404,1960-07-16,,064-61-6090,S26892316,X29072949,Ms.,Katie,,Anderson,,,M,white,nonhispanic,female,Codyburgh GA US,807 Bruce Rapid Apt. 809,Savannah,GA,Chatham,30957,31404,-43.190149,51.864091,44933.42,9481.96,182307,(513)888-5738x690,hparker@example.org,330100868,330101
574f13b2-1781-4ec4-8f5d-6e83ad2b5f3b,1958-02-22,,054-34-0521,S42385641,,Mr.,Mark,Gabriel,Cole,,,D,black,nonhispanic,male,Millerton GA US,367 Walsh Throughway,Savannah,GA,Chatham,15807,31404,4.491202,-175.704295,55073.89,16057.28,38379,475.369.3491x90738,abigail72@example.com,330571024,330102
6ae536c3-3707-4d46-be5d-24e553124b9d,1993-09-23,,286-52-2318,S65040389,,Ms.,Sandra,Kenneth,Lee,,,M,black,nonhispanic,female,Berrymouth AZ US,741 Dyer Brook Apt. 956,Phoenix,AZ,Maricopa,51970,85006,12.826346,-25.972508,53948.98,11990.22,51087,001-994-900-7182x5959,sarah08@example.net,050784502,050201
2a601c03-aedb-40e6-bec7-189c26672229,1977-09-01,,384-49-1984,S14641105,,Mr.,Dustin,Joanne,Myers,,,D,other,nonhispanic,male,Cabreraborough MA US,521 Henry Road,Boston,MA,Suffolk,09221,02215,1.114178,-6.575233,75727.46,11364.52,101184,(516)398-4214x01485,tannerjane@example.net,330451139,330102
bb4aca24-5641-40b0-ae65-4b2003efe206,1958-11-18,,440-07-8580,S59878482,,Ms.,Nicole,,Delgado,,,M,other,nonhispanic,female,Port Collin MA US,94442 Gonzales Park Apt. 176,Boston,MA,Suffolk,20637,02118,38.810651,124.030128,5068.91,17665.37,46869,522-550-2446x0699,myerskathleen@example.org,330177722,330102
d8b74d53-d8d6-420b-86a1-1304a8e37e1b,1959-11-20,,028-75-5475,S24638114,,Mr.,Matthew,,Ford,,,,white,nonhispanic,male,North Kelly CA US,232 Leslie Glen Suite 209,Oakland,CA,Alameda,14785,94609,63.7677,-80.780835,21105.51,37391.84,78328,3096250772,whitenicholas@example.org,330780235,330102
24b2b0e1-5d5d-431c-9442-997db58f5c64,1979-12-20,,384-31-8818,S60983452,X43143607,Ms.,Tracey,John,Ramirez,,,,white,nonhispanic,female,Willieview CA US,8012 Smith Village Apt. 699,Oakland,CA,Alameda,07315,94609,-44.021298,-168.297768,17701.1,28775.8,46495,3478068447,jonesnatalie@example.org,050137137,050201
456ced24-fa4d-4aba-a63e-cdb47d0d8b28,1930-12-08,,347-75-5873,S77572158,,Mr.,Matthew,Jason,Romero,,,S,native,nonhispanic,male,Lake Amymouth IL US,560 Michael Glens,Chicago,IL,Cook,44578,60612,-51.912324,-153.828093,28382.04,7929.32,64374,+1-696-645-3841x5234,qbentley@example.com,050959341,050201
51c242a7-3df2-4f67-acbb-4a9508d94852,1951-05-16,,568-85-1961,S24985305,X92622297,Ms.,Kayla,Jessica,Atkinson,,Sanders,D,other,nonhispanic,female,Lake Richardview CA US,2261 Jesse Shore Suite 596,Oakland,CA,Alameda,25670,94609,-2.714349,25.685045,8642.11,20459.07,91729,264-648-0808x149,xmiller@example.com,140798675,140401
2f49e35e-e9a6-44aa-a2a5-9678ce928982,1972-04-09,,319-91-6287,S63716944,,Mr.,Todd,Samantha,Johnson,,,S,white,nonhispanic,male,Charlesburgh TX US,42380 Hernandez Lights,Austin,TX,Travis,28663,78702,-89.729057,-12.768985,171366.8,43827.23,38157,001-335-277-5424x72349,reynoldstravis@example.com,330693477,330102
23354e3e-4e26-4406-a439-327e3dd5672b,1971-05-20,,388-41-1607,S56958131,,Mr.,Michael,Kevin,Anderson,,,,black,nonhispanic,male,Johnsonside MA US,390 Fowler Brooks Apt. 355,Boston,MA,Suffolk,49736,02118,72.349695,59.76366,57993.72,11619.99,83703,987.534.5695x548,frederickjackson@example.net,050493014,050201
67224c2d-454d-4863-a075-b74119128934,1961-02-07,,431-07-3281,S59382876,X93017352,Mr.,Ronald,,Smith,,,D,white,nonhispanic,male,Timothyburgh CA US,5848 Tina Brook,Oakland,CA,Alameda,29214,94609,-46.041125,-89.321808,43346.58,93383.38,14912,+1-786-987-0362x00010,amanda26@example.org,140682057,140401
8cbefa4b-6697-4367-b62f-15fc73cabed3,1962-12-30,,756-47-8896,S17176026,X85797393,Mr.,Michael,Adam,Cook,,,,white,nonhispanic,male,East Jerome TX US,080 Leon Avenue,Austin,TX,Travis,13554,78702,-38.869105,129.606957,48307.8,5576.08,10189,599.971.7445x48985,kennethking@example.com,140366945,140401
88ce1f8f-15c7-4125-a561-8e05a8deb5d4,1950-12-04,,651-08-0363,S38813653,,Mr.,David,Richard,Conner,,,S,white,nonhispanic,male,Rodriguezshire MA US,690 Benjamin Squares,Boston,MA,Suffolk,36617,02118,-81.950183,49.599794,15398.26,12954.49,75121,416.402.7793x784,hroy@example.com,330631325,330102
712304d5-f49c-4e00-9797-8979da4dc384,1976-04-21,,586-60-6571,S66388594,,Mr.,Walter,Donald,Vincent,,,,black,nonhispanic,male,Juliaberg CA US,71207 Ariel Gardens,Oakland,CA,Alameda,55816,94609,63.008587,46.322226,4964.83,5020.34,106423,231.662.6583x486,dschwartz@example.com,030811867,030301
cbdb8dcb-c660-47da-8033-11067a5cccc8,1937-11-24,,135-09-2200,S45095101,X92917938,Ms.,Stephanie,,Harrison,,,D,black,nonhispanic,female,Bethberg GA US,769 Kayla Mission Apt. 918,Savannah,GA,Chatham,44105,31404,-31.019302,64.729256,56751.61,19136.86,225429,672.389.7273,allisonleon@example.net,330316462,330101
b523f9e6-3249-4331-8a7f-e1b4999686af,1938-02-15,,102-17-1038,S49189361,,Ms.,Danielle,John,Johnson,,,W,black,nonhispanic,female,Tiffanymouth MA US,5211 Allen Station Apt. 251,Boston,MA,Suffolk,01103,02215,-82.518712,-128.285707,98750.44,108001.37,37582,(795)569-3952,brittanycox@example.com,330644285,330102
aad79967-4023-4e55-bf05-8144752d182f,1999-10-01,,345-01-0624,S99524367,,Ms.,Sharon,,Foster,,,S,white,nonhispanic,female,Garzaborough MA US,129 Christy Streets Apt. 813,Boston,MA,Suffolk,50152,02215,-14.120733,110.897326,27238.02,31668.19,60815,+1-880-932-9747,carolyn97@example.com,050967218,050201
2cfb4fe8-98ec-4b6d-a79b-b3ddb5a2a887,1968-10-23,,539-62-7261,S27805379,,Mr.,Matthew,Gina,Barnes,,,W,white,nonhispanic,male,Jacobview TX US,639 Winters Crossing,Austin,TX,Travis,18781,78702,28.278298,-83.039657,43693.91,60467.38,32297,+1-909-727-9223,ylara@example.org,050275403,050201
695f5aad-5fb3-43a1-8e38-9100c2c47e74,1998-03-01,,282-62-4598,S37028393,,Ms.,Karen,,King,,,D,white,hispanic,female,Gregoryfurt IL US,8245 Albert Avenue Suite 367,Chicago,IL,Cook,41890,60612,-8.339569,40.779746,53163.82,39422.87,53783,294-799-5650x788,snyderpamela@example.com,050787167,050201
a775c82a-6a2a-49c6-99bf-9a154f104cd1,2005-04-27,,314-75-9553,S46896866,X71059309,Ms.,Becky,Lauren,Robinson,,,W,white,hispanic,female,West Christopherbury GA US,8138 Manuel Drive Suite 626,Savannah,GA,Chatham,53681,31404,41.84129,57.541254,49756.48,3925.03,48927,828.346.6889,ogalvan@example.com,330649534,330101
2341591d-bc6d-4dfc-ba6d-25987ad00b55,1947-03-20,,805-54-5534,S27431641,X97302692,Mr.,Nathan,,Scott,,,D,white,hispanic,male,Millsland IL US,009 Daniel Spurs,Chicago,IL,Cook,28874,60612,12.496056,69.343252,10507.47,42292.75,98246,+1-267-607-6973x75229,nhayes@example.com,330800613,330101
780f8911-9e51-44c4-b8ff-2a003f5d20fb,1976-10-07,,356-34-4088,S58858915,X34525946,Ms.,Sarah,,Key,,Lawrence,,other,nonhispanic,female,Breannamouth AZ US,529 Anderson Rue Apt. 276,Phoenix,AZ,Maricopa,40457,85006,-15.792672,-93.805537,30103.48,44626.6,81396,(825)661-8897x28207,david30@example.org,330120794,330102
5ddd2861-4cba-4f48-9c17-75455c8becb0,1938-07-16,,369-12-1652,S69661038,,Ms.,Kathryn,Sherry,Hood,,,D,asian,nonhispanic,female,Taylorfurt TX US,88279 Wilson River Suite 815,Austin,TX,Travis,04123,78702,56.265543,86.537481,30984.04,7669.8,31403,917.513.4474,guzmanthomas@example.org,330858093,330102
9ea60408-873c-4a60-8aa1-3c044412265c,1984-09-20,,644-22-1834,S76327214,X70128246,Mr.,Kyle,,Perkins,,,S,black,nonhispanic,male,Elizabethbury CA US,1633 Crystal Vista Apt. 119,Oakland,CA,Alameda,43780,94609,57.637198,58.808389,50435.74,3828.01,22418,+1-952-967-4536x1812,sanchezjoshua@example.net,050587225,050201
d3f4067a-7f3a-438f-91eb-b7dbb71cf83c,2005-02-23,,095-70-9071,S80496237,X80170415,Mr.,Kevin,Amber,Haley,,,M,other,nonhispanic,male,Lauriefurt MA US,335 Barber Glens,Boston,MA,Suffolk,48780,02215,-30.360079,-147.497369,37339.91,13054.52,114118,9666362483,arthur50@example.com,330164212,330102
3cc23b49-cd7e-4ed6-9f46-8a306c9091b6,1975-07-24,,277-64-9194,S59135229,,Mr.,Richard,,Reyes,,,S,other,nonhispanic,male,Maysfort IL US,3985 Strong Ports Apt. 857,Chicago,IL,Cook,06660,60612,36.827708,-115.941047,15010.76,24025.72,19055,377-598-2984,michele65@example.net,330938613,330102
aa39c0e2-813d-4e04-8e55-662437762312,1990-08-19,,443-67-4583,S45376092,,Mr.,Christopher,Malik,Newman,,,D,asian,nonhispanic,male,New Evan IL US,24541 Butler Canyon,Chicago,IL,Cook,54899,60612,-2.991357,1.574647,59474.92,9476.92,89450,7438469604,emily57@example.org,330235196,330102
83c12d26-d9de-4b94-a9ce-14a082ed7da2,1950-03-07,,656-94-2978,S29352452,,Mr.,Daniel,Andrew,Andrews,,,D,asian,nonhispanic,male,Brendaton MA US,06418 Jonathan Lakes Suite 568,Boston,MA,Suffolk,13245,02215,41.86633,42.054105,39222.92,6534.81,74202,603.708.5141,david39@example.org,330159062,330101
2217dd47-1fde-409e-b4dc-432c52c0ffa6,2008-10-16,,475-76-1955,S69491572,,,Emily,,Baker,,,W,black,nonhispanic,female,Carlyville CA US,326 Owens River,Oakland,CA,Alameda,20189,94609,-2.792943,-90.208545,104194.71,8209.31,59091,378.507.8982x88496,bushkimberly@example.net,330224808,330102
156c3f65-571e-4443-939f-781ccbf88849,1928-06-29,,062-16-8936,S46376981,X39416455,Mr.,Joseph,,Nichols,,,D,white,nonhispanic,male,Kristinshire MA US,768 Elizabeth Divide,Boston,MA,Suffolk,19398,02118,45.409356,-161.031798,22738.73,4085.43,37407,409.868.0775x3364,robertsamanda@example.org,330716921,330102
fb604178-d3af-42d3-8aee-51871402f2f7,1987-03-18,,319-67-1282,S22217114,,Mr.,David,Anthony,Hickman,,,M,white,hispanic,male,Christyshire MA US,77135 Mendoza Highway,Boston,MA,Suffolk,04681,02118,-9.477069,-12.89303,135316.76,21288.5,29187,954.717.2518x017,mwilliams@example.net,330189831,330101
f5346295-299a-4d32-a84f-13936085071e,1978-05-22,,154-29-1011,S56830317,,Mr.,Michael,,Holland,,,M,white,hispanic,male,New Anthony TX US,039 Russell Pines,Austin,TX,Travis,03983,78702,5.14511,-129.372761,19130.38,52833.28,44248,001-237-395-4236x357,wsims@example.com,050706359,050201
0bf6c488-7389-4d96-9d9b-27447c1f22de,1980-04-23,,414-77-3425,S50503333,,Mr.,Brian,Andrea,Peterson,,,,white,nonhispanic,male,New Phillipmouth GA US,25307 Santos Plains,Savannah,GA,Chatham,51700,31404,84.417319,-173.899974,19101.75,19512.26,47172,263.796.5524,chriswallace@example.net,050279104,050201
5d99fdc3-1dab-4bfc-adda-254784d6da42,1924-11-20,,123-23-0491,S56693287,X91632525,Mr.,Michael,Laura,Hale,,,M,black,nonhispanic,male,Lake Kim GA US,20666 Kim Drives Suite 624,Savannah,GA,Chatham,08668,31404,83.230588,52.687209,36649.39,29576.76,47137,800-875-6492x3634,tshelton@example.org,140986188,140401
f130286d-6517-4d6a-b3e8-23468082634c,1995-05-09,,412-27-4943,S73522085,,Mr.,Derek,,Fitzgerald,,,M,white,nonhispanic,male,Taylorbury MA US,457 Cheryl Prairie Apt. 399,Boston,MA,Suffolk,27923,02215,65.458988,113.766872,6373.42,11969.33,16185,+1-811-549-7563,jermaine04@example.net,140640738,140401
4ebf85c1-d3dc-44cb-abbf-2d523fe50dd2,1956-01-14,,300-46-5218,S85886250,,Ms.,Michelle,Nathaniel,Martinez,,Gonzalez,M,white,nonhispanic,female,Cookhaven MA US,80334 Camacho Grove,Boston,MA,Suffolk,11506,02118,59.57777,139.957946,53961.75,29715.63,36059,+1-584-605-5352x3143,qdunn@example.net,330715548,330102
5c5c8026-abdb-4cbb-bb42-cd9da77c2392,1924-11-17,,195-64-2533,S19087810,X34008121,Mr.,Zachary,,Williams,,,,white,nonhispanic,male,Payneport MA US,34140 Katherine Lock Suite 819,Boston,MA,Suffolk,10738,02118,45.57195,-66.856616,40915.19,6546.15,54942,918.563.7930x08784,mreyes@example.org,050556074,050201
e10f11b2-962a-41aa-bb86-ab5ebd194e87,1977-12-29,,618-26-2696,S89248104,X47292534,Mr.,William,,Hernandez,,,D,white,nonhispanic,male,Johnmouth MA US,9651 Stephen Springs,Boston,MA,Suffolk,51863,02215,73.008145,-83.407732,33560.14,2536.02,22234,516-243-1207,patricksmith@example.net,140644065,140401
3b6f6730-1e70-4317-bd06-cd3a6955f502,1962-11-15,,249-08-2356,S12643365,X53209188,Mr.,Scott,Gina,Lindsey,,,D,white,nonhispanic,male,Smithbury MA US,1762 Christina Meadow Apt. 699,Boston,MA,Suffolk,51713,02215,40.554186,-93.293033,38962.43,25758.98,45464,(908)398-4408,colemanjordan@example.net,110870597,110501
b7b5db6d-3d04-409c-905d-7dad5b994895,1968-08-13,,834-02-8778,S63020424,X23051928,Ms.,Karen,Emily,Lee,,Jones,S,black,nonhispanic,female,East Matthewbury GA US,7468 Martinez Course Apt. 880,Savannah,GA,Chatham,41627,31404,41.338453,-131.928462,110772.77,33238.61,45175,948-941-0064,cperry@example.org,050954007,050201
cda1f99c-afd8-4a87-b13c-d1aa9edb9ea9,1955-12-22,,281-97-6141,S15417545,X60518087,Mr.,Dale,,Fischer,,,M,other,nonhispanic,male,Ingramfort MA US,55300 Amy Keys,Boston,MA,Suffolk,07753,02118,10.655499,-164.308657,28880.02,5090.13,74220,+1-251-349-5171x6281,cdurham@example.org,110517336,110501
53ddc9be-345e-43a4-9595-67a3333ec1dd,1984-10-17,,557-75-9575,S94253794,,Ms.,Colleen,Bryan,Stevens,,Brown,S,white,hispanic,female,Thompsontown MA US,1833 Murphy Greens Suite 668,Boston,MA,Suffolk,12970,02215,50.129913,-115.41361,8634.25,36597.6,91263,311.525.0787x93650,joselong@example.org,330744831,330102
9b085839-26a5-4ecc-9533-76c87194ba5a,1962-08-31,,622-68-7177,S43821568,,Mr.,Frank,Kristen,Bond,,,,white,nonhispanic,male,North Rachel GA US,88044 Evelyn Ranch Suite 449,Savannah,GA,Chatham,41104,31404,-6.074761,-60.831369,62067.98,19970.32,41183,538.838.1100x51402,walkermark@example.com,330486506,330102
92978ff3-b1a1-41d7-a54c-113d0e0f4b74,1976-09-19,,130-24-5066,S72287316,X22790800,Ms.,Sara,,Murphy,,Wilson,W,other,nonhispanic,female,Port Tammyside TX US,999 Natalie Roads,Austin,TX,Travis,50165,78702,5.185845,29.444554,25099.47,4352.07,18853,386.632.4264x2789,raymond61@example.com,050112193,050201
2c06b7a9-75f2-4f11-ac7a-90bafa327b19,2026-02-13,,815-53-4293,,X79125883,,Dakota,,Abbott,,,W,white,nonhispanic,male,Amyton CA US,154 Terry Mill Apt. 620,Oakland,CA,Alameda,49517,94609,37.304004,153.378142,24061.89,15204.63,72827,413.751.7303,taylorandrew@example.net,050659621,050201
4b5e2a9a-2a4d-497e-a5a9-f2cbaff99d28,1969-05-26,,455-50-6986,S30259488,,Ms.,Kristen,Lisa,Dunn,,,W,white,nonhispanic,female,Nicholasberg MA US,4807 Hall Shores Apt. 102,Boston,MA,Suffolk,31411,02215,77.102156,86.601209,5592.88,105618.23,44441,7009494322,christophermartin@example.net,330910081,330101
e2d22720-b510-47cb-b6e2-f42cc89e55e6,1981-04-18,,610-66-1857,S78421884,,Mr.,Michael,Lauren,Morales,,,W,white,nonhispanic,male,East Tinaville TX US,275 Bauer Islands,Austin,TX,Travis,48700,78702,47.282012,-162.604031,21410.13,27673.76,111060,001-682-692-8234x871,lbrady@example.com,330741678,330102
c8bc33c4-1f52-4ea2-a4f4-86fa4fca0e41,1945-11-15,,839-94-1888,S31058485,,Ms.,Diane,,Rodriguez,,,M,asian,nonhispanic,female,East Alfredside GA US,6850 Williams Square Suite 037,Savannah,GA,Chatham,41267,31404,42.778999,14.564365,57015.63,39587.33,82770,271.639.0652,allenangela@example.com,330346228,330102
23aa56b3-aa56-4e62-8041-49a06f11ed72,1997-07-07,,503-95-9424,S89274189,,Ms.,Nancy,Rachel,Vaughn,,,,white,nonhispanic,female,Lindafurt MA US,14937 Figueroa Forges Suite 693,Boston,MA,Suffolk,51076,02118,-31.483165,-13.628777,19798.13,72122.59,100740,560.768.8626,bstone@example.org,330726501,330101
fe24e17f-64b5-4e47-a864-c29fb73e15af,1952-06-05,,573-84-4188,S15559468,,Mr.,Matthew,,Figueroa,,,,black,nonhispanic,male,North Stephenhaven CA US,52286 Donna Crossing,Oakland,CA,Alameda,18397,94609,8.477955,-41.803075,32299.46,7298.01,49742,522-759-2476x83592,amywalls@example.com,330388960,330102
df12ec2c-e0fa-421d-9172-7f7c3894c577,1990-04-19,,421-84-8191,S25963648,X12675753,Mr.,Thomas,,Yates,,,,white,nonhispanic,male,West Cassandraberg MA US,999 Chen Manor,Boston,MA,Suffolk,36551,02118,-17.246581,128.596011,23121.03,62885.49,23868,001-815-335-6832,dlong@example.net,330569077,330102
cae96f23-dd3a-4cb1-bcae-f153b124f3fe,1999-06-25,,198-92-7151,S68643263,X57543804,Mr.,Richard,John,White,,,M,other,nonhispanic,male,North Michelle AZ US,017 Alan Points Suite 579,Phoenix,AZ,Maricopa,48480,85006,26.599905,154.994265,13241.23,8141.46,45565,001-291-552-4192x36570,alexisstewart@example.com,030117078,030301
7a2be234-159f-4887-95f6-135100de1b13,1965-02-13,,419-67-4263,S88562047,,Mr.,Michael,Justin,Ramos,,,S,white,nonhispanic,male,Shawstad CA US,6136 Gregory Mill Suite 050,Oakland,CA,Alameda,08549,94609,86.229862,-105.031821,28247.94,14532.42,33387,(369)612-9949,jenniferlynch@example.org,330586971,330101
42d712d5-0107-49b1-9de7-80f1f9fc38f7,1964-12-05,,662-36-3319,S32558402,,Ms.,Mary,,Mckenzie,,Jones,S,black,nonhispanic,female,Maloneton MA US,662 Glass Plaza Apt. 624,Boston,MA,Suffolk,14974,02215,23.822986,152.544696,11454.68,13458.49,80300,+1-766-781-4913x386,owenstamara@example.com,030347917,030301
3e897a60-db3a-4abb-8d54-1c9d587cad06,2002-08-11,,008-27-3619,S64900738,X97271916,Mr.,Victor,Tiffany,Perkins,,,M,asian,nonhispanic,male,East Angela CA US,20362 Randall Gardens Suite 758,Oakland,CA,Alameda,27312,94609,47.802909,75.454209,50062.92,19898.16,54211,937-780-7283,frank27@example.net,140962414,140401
07e62356-00b5-4626-8117-0531f995c68f,1946-01-15,,195-30-2653,S85724983,X66770130,Ms.,Pamela,Jennifer,Peters,,,,white,nonhispanic,female,Lake Melissaton AZ US,0638 Judy Forest,Phoenix,AZ,Maricopa,25122,85006,-70.343682,49.378888,38798.77,13285.28,83056,627-932-4101,michele29@example.org,030449719,030301
917e94f5-f58a-433b-be10-155bc9db6e4c,1947-08-21,,029-40-0312,S53739857,X41739568,Ms.,Laura,,Irwin,,,W,other,nonhispanic,female,North Johnnyfort MA US,9961 Miller Via Apt. 582,Boston,MA,Suffolk,29645,02215,45.212942,77.23571,12053.33,11933.81,157133,+1-952-925-5847x48431,bennettmatthew@example.net,330205007,330102
526fd8d7-450f-499c-ad9b-dbf7c9dee8bc,1961-03-16,,534-48-9557,S95895453,,Mr.,Daniel,Robert,Miller,,,W,white,nonhispanic,male,Williamsville GA US,2366 Timothy Spurs Suite 510,Savannah,GA,Chatham,01335,31404,33.635597,-154.665016,26471.42,7274.02,83197,671.509.8176x2809,mooreronald@example.org,330304857,330102
3f5be552-7582-4b2c-9a67-d86ae40f8ba6,1949-11-11,,654-05-6542,S40769801,X85583068,Ms.,Jessica,,Gardner,,,M,white,nonhispanic,female,Ronaldville TX US,662 Palmer Trail Suite 086,Austin,TX,Travis,53584,78702,51.194004,141.607294,5455.88,16806.69,43101,583-854-4088x893,carlawilliams@example.org,330311074,330102
1507c85d-a3db-4816-8ffd-1c799a4292ad,1982-07-11,,525-49-8419,S74818086,,Ms.,Amy,,Cantrell,,Hogan,,asian,nonhispanic,female,Lake Carolyntown TX US,076 Johnson Village,Austin,TX,Travis,52282,78702,-83.244001,100.449413,37620.04,8561.32,35503,+1-845-746-1638x76386,bsantos@example.net,050763516,050201
bd8bcbf4-8c3a-44d6-bcb6-43a7485f9aa3,1996-10-25,,389-39-6316,S48950803,,Mr.,William,Debra,Sampson,,,M,other,hispanic,male,South Savannah IL US,4433 Sabrina Islands,Chicago,IL,Cook,28585,60612,-9.753179,158.923699,60326.83,86975.79,26332,+1-915-623-3382x358,jacqueline67@example.com,330556431,330101
6c3cf1db-7183-4c26-9561-e4f90509e7a4,1971-06-08,,417-57-1286,S10711936,,Ms.,Valerie,,Roberts,,,S,white,hispanic,female,New Michaelside AZ US,311 Clayton Ports Apt. 454,Phoenix,AZ,Maricopa,37324,85006,67.081015,-34.974897,16356.83,40123.74,16022,296-542-4044,rebeccawatson@example.net,330861697,330101
137aa635-f45d-4c62-ac7d-a390eceb5e72,1953-02-02,,837-64-4966,S87852199,,Ms.,Kara,,Jennings,,Peterson,,white,nonhispanic,female,South Robin CA US,12648 Christopher Green Suite 184,Oakland,CA,Alameda,40308,94609,-88.88907,-63.708805,30721.52,4769.89,21415,001-758-731-2645x2997,ronniehughes@example.com,050459046,050201
e11dfb50-2e82-4d78-9b4f-2c1582b02c11,1958-01-14,,205-12-8451,S73414102,X83204451,Ms.,Rachel,,Hawkins,,,S,white,nonhispanic,female,Carloston AZ US,8706 Elizabeth Squares,Phoenix,AZ,Maricopa,49866,85006,-28.539527,-132.567296,26329.65,5784.06,47648,(838)745-1480x015,moralesvanessa@example.org,140399469,140401
7b92c5b1-a2b7-43e1-81e5-287fb315af7c,1990-09-13,,094-94-3715,S95013770,,Ms.,Erin,Sergio,Hill,,,W,black,nonhispanic,female,Meyerchester GA US,75137 Adam Square Suite 255,Savannah,GA,Chatham,42071,31404,70.560697,-73.792077,23872.85,3532.44,41931,001-405-383-7195x8091,brownbruce@example.org,140250648,140401
a16cf820-2b47-4c6d-8e08-475d2cec5885,1933-06-25,,802-85-1179,S53596589,,Ms.,Olivia,Nathan,Adams,,,M,asian,nonhispanic,female,Amyfort CA US,2228 Marsh Flat Suite 932,Oakland,CA,Alameda,51935,94609,88.803341,36.746176,23240.62,34912.12,96493,213.935.3436,patriciacampbell@example.com,330618301,330101
0a169801-e7b5-47c6-a879-f9e9992f5a4f,1949-11-17,,125-06-3095,S84911423,,Ms.,Danielle,Diana,Gordon,,,S,black,nonhispanic,female,New Philliptown AZ US,46868 Deborah Alley,Phoenix,AZ,Maricopa,14583,85006,-77.875441,-25.813912,102412.19,5370.52,13347,+1-405-733-1749x558,lellison@example.com,330681146,330101
d7e9a920-7bf9-4e5d-b519-d3137eb44445,1968-03-31,,457-07-7591,S65510311,,Mr.,James,,Mason,,,S,white,nonhispanic,male,Warrenberg IL US,73131 Parker Springs,Chicago,IL,Cook,24407,60612,22.079263,-48.948838,18179.3,78208.21,53564,4023617741,iwatson@example.com,330331126,330101
e42361fc-1103-4cfe-88d2-375aa32e3b1c,1967-11-26,,777-32-1688,S47140953,,Mr.,Travis,,Chavez,,,M,white,nonhispanic,male,Taylorton CA US,851 Tamara Highway,Oakland,CA,Alameda,41725,94609,-17.858407,-15.02745,27112.07,9815.4,47264,2832929336,kjohnson@example.org,330683064,330102
0be133c4-f5b6-4fa6-9f70-9482a17e0b49,1972-07-17,,718-44-1748,S26697178,,Ms.,Stephanie,Emily,Johnson,,,W,white,nonhispanic,female,Williamhaven AZ US,79659 Patterson Landing,Phoenix,AZ,Maricopa,24330,85006,-86.181572,47.161421,58376.43,17618.8,103883,202-484-6340,ashley31@example.org,330720870,330102
b191687b-e25b-4bda-a3f7-9c7bad4e3c29,1944-11-13,,138-65-7739,S85555020,X52032993,Ms.,Joy,Daniel,Smith,,,,white,nonhispanic,female,East Theodore CA US,51902 Marcia Place Apt. 303,Oakland,CA,Alameda,24194,94609,-19.233493,-13.757439,29651.91,3132.88,70991,934.360.4577x8174,thomasrobin@example.com,330140183,330101
7df07447-9b3f-4312-a842-0e23a3d3d9e8,1977-05-15,,316-10-4727,S65371426,X37529703,Ms.,Theresa,,Ross,,,D,asian,nonhispanic,female,North Markburgh GA US,648 Linda Pines Apt. 295,Savannah,GA,Chatham,15185,31404,-85.053602,-176.554796,13161.33,220161.28,35044,5347680682,collinsjonathan@example.com,030857957,030301
10a02c6c-fce7-46f0-8ab1-b966238bd8f7,1994-12-26,,798-17-4874,S85727899,X57594958,Ms.,Kaitlin,Timothy,Bailey,,,M,white,nonhispanic,female,West Alisonmouth GA US,7458 Lisa Extension,Savannah,GA,Chatham,36816,31404,68.068758,-18.384804,16632.24,21283.77,65945,507.702.5557,dianakelly@example.org,140484353,140401
c880a204-cea9-4b15-9194-f3ab759010b5,1957-04-11,,031-79-7660,S48802579,,Ms.,Heather,Monica,Gregory,,,W,white,nonhispanic,female,Andersonside TX US,01316 Murray Mountain Apt. 626,Austin,TX,Travis,43887,78702,-76.32486,174.704263,19660.58,20293.43,72336,8395874308,garciashane@example.net,330390575,330102
e63a1458-1966-44d7-ad6a-8289ac04eb26,1997-07-09,,849-32-2766,S74655874,X72492977,Mr.,Michael,Joshua,Lewis,,,M,other,nonhispanic,male,Wardhaven CA US,321 Clinton Walk,Oakland,CA,Alameda,53750,94609,-32.2219,68.213777,22101.95,30542.2,102032,447-335-2406x4571,robertgentry@example.com,140656167,140401
b25fd529-673d-4068-8433-0c3d34fa10c6,1937-09-17,,680-25-3135,S48749706,X15494533,Ms.,Victoria,Jeremy,Cameron,,,M,white,nonhispanic,female,Huynhmouth IL US,3844 Roberts Mall,Chicago,IL,Cook,41105,60612,71.681432,58.998745,95979.08,13858.17,15990,936-328-6233,greeves@example.com,330882274,330101
25f2c4d0-9b2f-40b0-8ea8-b8bb7e14f9dd,1968-08-19,,025-48-0340,S66436525,,Mr.,Eric,,Miller,,,D,white,nonhispanic,male,East Stevenshire CA US,83673 Brett Crossroad Suite 507,Oakland,CA,Alameda,15103,94609,-14.162831,56.343296,21483.66,4093.1,21053,+1-982-768-5985,jsmith@example.net,330525374,330102
6d4bcbc6-c9e7-4e05-b182-3151821eff2a,1955-06-01,,154-67-5948,S96030598,,Mr.,Antonio,Trevor,Acosta,,,,other,nonhispanic,male,Port Dillon CA US,53255 Kristen Drive,Oakland,CA,Alameda,12614,94609,7.746304,151.017644,126625.65,55980.88,42834,+1-492-229-2876x878,egardner@example.net,110680874,110501
14bf2122-052f-40f7-b80f-084608fadbeb,1966-06-10,,187-64-5792,S43067193,,Ms.,Mary,Beverly,Allen,,,D,other,nonhispanic,female,Lake Danielleshire AZ US,74741 Fleming Mountain,Phoenix,AZ,Maricopa,08181,85006,2.879386,-177.685718,211181.59,12182.23,86646,+1-643-699-9809,ustout@example.org,330568845,330102
568df34f-b364-4e47-9ab1-d8ffff2262c5,1963-12-25,,288-44-7595,S20507373,,Ms.,Megan,,Small,,,W,black,nonhispanic,female,Ruizfort MA US,77998 Jamie Wall,Boston,MA,Suffolk,09968,02118,74.301284,-73.471301,86300.25,7864.76,41363,320-928-8197x759,victoriahamilton@example.org,050837627,050201
96f55f2f-efbb-475a-b0d4-060d4b6b2dc3,1935-10-24,,865-60-6159,S73026817,X91360962,Ms.,Jennifer,Michael,Acosta,,,M,white,nonhispanic,female,Port Steven AZ US,6019 Reynolds Glen Suite 169,Phoenix,AZ,Maricopa,21669,85006,69.463223,-114.263421,34608.91,25888.82,33576,+1-603-880-2380x01755,elizabeth50@example.org,330712422,330101
04e19e55-970d-46cc-a799-b4f02f9ee117,1960-01-05,,689-49-5355,S15340845,X79630079,Ms.,Denise,,Hanna,,,W,black,nonhispanic,female,Janetview MA US,09228 Gardner Tunnel Apt. 209,Boston,MA,Suffolk,01415,02118,8.929941,-138.294433,104490.19,5207.71,48989,927.268.3055x9940,smiller@example.net,330265839,330101
4469dbcc-8b10-4d08-affc-5285731e3f7b,1977-04-25,,710-91-3562,S41379767,,Mr.,Joshua,Steven,Tanner,,,D,white,nonhispanic,male,East Christine TX US,7825 Jessica Keys,Austin,TX,Travis,54552,78702,72.977895,-10.017999,280357.3,15664.23,40303,(206)482-8433x7431,andreromero@example.org,330288408,330101
bac6c6b0-faf6-4a0f-a776-8db46788fb9c,1980-10-01,,087-50-2537,S84369610,X18077821,Ms.,Amy,Philip,Hunt,,Morse,D,white,nonhispanic,female,Phillipschester AZ US,1320 Brian Shores,Phoenix,AZ,Maricopa,54012,85006,-16.865203,-22.651298,91509.43,19745.79,78362,(491)918-5781,coxsarah@example.org,330376873,330102
b4a442d9-2260-4434-870b-9ff7ab5ec940,1979-05-01,,614-09-5686,S90476642,X72938567,Mr.,Michael,Samantha,Torres,,,D,white,nonhispanic,male,New Jacquelinetown CA US,5774 Jennifer Falls Suite 703,Oakland,CA,Alameda,09233,94609,-54.872571,10.454786,64872.53,14283.49,62976,418-635-8283,pfuller@example.net,330149490,330102
e856108f-8ceb-42c8-a7f6-9b9fe6f3ee9d,2013-11-12,,039-07-2895,,,,Daniel,Melissa,Diaz,,,D,white,nonhispanic,male,Manningberg TX US,5520 Ortega Turnpike,Austin,TX,Travis,07172,78702,-24.84026,-134.735128,3379.86,36237.36,70720,751-445-8270,baileymarie@example.com,050234330,050201
6c00da14-d11b-4620-b1c8-ada5b40af63b,1992-03-03,,256-30-9415,S66006986,,Ms.,Sydney,,Washington,,,W,white,nonhispanic,female,East Nicholas MA US,656 Mendez Forks Suite 386,Boston,MA,Suffolk,31564,02215,78.988487,-117.975675,102395.08,35750.58,122479,894.480.4999,urichards@example.com,030476961,030301
c524ee2d-73c2-4b38-9752-6de73fa4dc9b,1956-07-25,,128-70-5386,S48718460,,Ms.,Deanna,Brianna,Gordon,,,,white,nonhispanic,female,East Renee AZ US,833 Park Road,Phoenix,AZ,Maricopa,36246,85006,-62.807394,51.459813,14779.27,5750.76,13851,001-775-661-8225x0687,christophergallegos@example.org,030805294,030301
130aaf59-2e64-4405-9cf9-55545eedb328,1990-01-01,,599-38-5834,S35223537,,Mr.,Devin,,Cameron,,,W,white,hispanic,male,Turnerhaven TX US,5364 Carpenter Passage Apt. 853,Austin,TX,Travis,41816,78702,45.065266,-95.983959,29385.94,21696.79,176838,(554)767-2348,thomassuarez@example.net,330923519,330101
144fd4a3-4abb-4962-bcd4-48c5f0d45537,1966-08-15,,600-48-9562,S50082778,,Ms.,Charlotte,Brittany,Kidd,,Smith,S,other,nonhispanic,female,Morristown MA US,765 Sharon Forge Suite 682,Boston,MA,Suffolk,08588,02118,33.318229,58.685652,14488.97,23170.71,70181,391.779.6657x87608,staceymoore@example.com,330922024,330102
5cba54fd-896c-4fe1-9876-597eab743b77,1959-11-30,,082-09-6174,S63510678,,Mr.,Frank,Anna,Martinez,,,W,white,nonhispanic,male,East Tony GA US,572 Rachel Passage,Savannah,GA,Chatham,13928,31404,35.020708,41.510738,7730.03,1610.61,78285,(374)489-0549x323,davisaustin@example.com,330169322,330101
f3efc90e-c15a-44e5-895f-f3f2cc2c9075,1954-07-22,,800-18-9874,S96654810,X84160389,Mr.,Zachary,Anthony,Robinson,,,S,black,nonhispanic,male,Ryanland MA US,9364 Hall Flat Apt. 187,Boston,MA,Suffolk,46633,02118,39.605418,117.390102,42010.69,23296.49,15997,232.520.4211x0559,kaylanelson@example.org,330793840,330102
3361675b-1e11-4e6e-a0a0-5a1c105b166f,1982-04-11,,822-02-1680,S56108423,X89789886,Ms.,Crystal,Donald,Ross,,Hansen,D,white,hispanic,female,Bowenland AZ US,449 Weber Village Suite 483,Phoenix,AZ,Maricopa,26885,85006,61.032905,18.123423,38701.04,69645.27,42333,+1-907-479-4288x65694,otorres@example.com,030341353,030301
fd66e73e-fa69-409d-963d-f4acb0672e80,1946-05-19,,599-48-9383,S62157828,,Ms.,Jessica,,Gonzalez,,Cruz,W,white,nonhispanic,female,Crawfordshire CA US,4319 Christopher Squares Apt. 544,Oakland,CA,Alameda,06452,94609,73.785931,46.798832,26835.57,27446.1,17509,752-601-9569,daviddrake@example.org,330963543,330101
e6186903-c96d-4bfe-b154-7c7ab160d3a3,1969-12-11,,705-48-2133,S48229799,X95734629,Ms.,Alexandra,Justin,Davis,,Irwin,D,other,nonhispanic,female,East Mark CA US,765 Shawn Inlet Apt. 593,Oakland,CA,Alameda,26076,94609,75.573727,-111.192053,4414.55,24678.03,54668,001-642-286-7925x32203,helen77@example.org,140912113,140401
0deb538a-d11d-42e2-8ec5-89d1aa0a22b5,1944-02-20,,832-95-0712,S64072800,,Ms.,Dominique,Michelle,Mccoy,,,M,white,nonhispanic,female,Thomaston IL US,558 Joshua Center Apt. 474,Chicago,IL,Cook,53220,60612,3.98865,141.606084,9323.79,31390.46,38022,9162516307,caitlyn53@example.com,330974710,330101
9fc278cc-f34c-4ce8-86bf-7180603f2df2,1966-03-02,,091-46-2092,S40945004,,Mr.,Larry,Lisa,Mills,,,D,white,hispanic,male,Erinchester AZ US,6831 Santana Overpass,Phoenix,AZ,Maricopa,37700,85006,12.953812,-45.370293,16151.97,19361.85,40539,(868)715-9681x33427,ulucas@example.com,330427942,330101
4f7da1cd-002a-4853-8c4b-8c9b4c0b7793,1976-01-03,,738-39-6105,S10783666,,Ms.,Candice,Luis,Bishop,,,S,black,hispanic,female,New Angelastad GA US,50776 Schmidt Station,Savannah,GA,Chatham,50313,31404,86.16536,-107.699489,59793.5,29964.15,32960,7099590097,rhondaflores@example.org,050299157,050201
327fa94b-17c6-404d-b97b-95961ce33e95,1951-06-21,,024-13-1004,S17200117,X36598851,Ms.,Belinda,Lori,Giles,,,S,other,nonhispanic,other,Fernandezmouth MA US,9275 Torres Groves,Boston,MA,Suffolk,26036,02215,-18.29064,62.520679,35427.93,2128.25,44681,428-630-3654,hramsey@example.org,030911144,030301
ad57677a-efbb-467f-8c4f-b52c28d0bf6c,1945-09-03,,862-45-2237,S38946575,,Mr.,Dennis,Michael,Murray,,,D,other,nonhispanic,male,Kylemouth MA US,37691 Christian Estate Apt. 538,Boston,MA,Suffolk,31867,02118,15.926476,158.190274,6780.84,8600.96,66092,391-950-3985,nwarren@example.net,030348019,030301
a25608c4-f3f8-446e-b80a-0e2fb91d1a1c,1957-09-29,,273-27-1500,S30864420,,Ms.,Lisa,Sue,Cruz,,,S,other,nonhispanic,female,Port Davidville MA US,74348 Wendy Summit Suite 420,Boston,MA,Suffolk,04423,02118,-76.266335,-80.168952,40363.84,2823.1,86864,(347)580-5376,hortonfrances@example.org,140238411,140401
b394638d-1217-47d3-ac2c-e2b61af4f7bb,1975-05-01,,709-29-7599,S15868242,,Ms.,Julia,Betty,Wright,,Miller,W,black,nonhispanic,female,New Barrychester IL US,804 Mosley Coves Suite 248,Chicago,IL,Cook,26641,60612,-8.518175,69.602045,18365.75,28235.36,53093,842.303.9441,corey77@example.org,330210464,330101
8e2af234-f49c-46bd-91a2-93fdf7eefac9,1959-03-05,,551-24-1975,S87816998,X12288814,Ms.,Hannah,Megan,Dougherty,,,,white,nonhispanic,female,Port Tony AZ US,923 Smith Inlet Suite 911,Phoenix,AZ,Maricopa,29681,85006,-60.000489,-38.971462,87506.13,49164.87,73583,260-815-3767x2074,richard10@example.com,050327307,050201
10ba04c9-46c8-4430-b313-0be089d5bcac,1959-07-05,,588-54-1812,S94410978,,Mr.,Daniel,David,Watkins,,,,white,nonhispanic,male,South Ashleyfurt GA US,398 Michelle Heights,Savannah,GA,Chatham,29741,31404,-71.190619,-4.694071,104425.47,17774.69,23720,554-592-0972x42276,wellsjaime@example.com,140299702,140401
d459cf5c-df07-460d-bbfa-1f4af5629bc8,1938-12-06,,143-63-6435,S90495696,X67909968,Mr.,Jimmy,Ann,Kim,,,M,white,nonhispanic,male,Burtontown TX US,77592 Escobar Freeway Apt. 739,Austin,TX,Travis,08748,78702,37.905913,-114.772586,48553.75,12771.49,21507,001-854-697-2769x254,johnsonjesse@example.org,330142834,330101
31cde0a2-2d3c-4c12-b086-d5cd29ce8e81,1979-08-20,,712-35-9304,S46485330,X61779822,Ms.,Carol,Joseph,Mcgee,,,W,other,nonhispanic,female,South Benjaminshire IL US,66932 Hopkins Lodge,Chicago,IL,Cook,21394,60612,-36.568275,31.442748,56821.08,13300.1,39077,+1-416-348-6494,isabella94@example.org,050715907,050201
68f9f93a-86c1-43f5-9856-9ffb1c5ee623,1981-11-29,,894-68-2649,S41306348,,Mr.,Matthew,Christopher,Bond,,,M,white,hispanic,male,New Timothyburgh MA US,9211 Perez Islands,Boston,MA,Suffolk,15952,02215,20.332041,22.647848,17486.49,27319.36,23489,001-782-973-2234x192,mark64@example.net,330670386,330101
c010e4fb-76cf-46f5-a6df-06c6ca285934,1943-01-16,,312-25-0979,S87296142,,Ms.,Brittany,,Austin,,Kemp,D,white,nonhispanic,female,Samanthashire MA US,688 Robinson Mount,Boston,MA,Suffolk,42698,02215,-48.979437,29.888587,23912.42,12469.31,43452,(625)232-7771,wilkinsonrebecca@example.net,330450379,330102
871d9d19-24a5-4356-9ad6-cfead10f7709,1951-07-31,,040-87-5025,S88946727,,Mr.,Jacob,James,Henderson,,,,black,nonhispanic,male,South Deborah TX US,389 Hawkins Street,Austin,TX,Travis,53428,78702,-18.234315,-108.640453,217117.8,16156.48,59188,3578629533,wilcoxdonna@example.org,330161744,330102
97514ed8-079f-4da0-8433-4cbcb37d7866,1978-05-19,,391-68-6163,S73366331,,Ms.,Abigail,Diana,West,,,M,black,hispanic,female,Lake Alexisview AZ US,96773 Rivera Fields Apt. 843,Phoenix,AZ,Maricopa,09618,85006,-46.676139,-16.729544,18689.61,4266.32,26707,(721)654-7584x547,lopezsheri@example.com,330985960,330102
c0f95ce6-095c-49f8-84fc-ce44f6b66152,1984-05-27,,148-83-5793,S85997797,,Mr.,Charles,,Thompson,,,,asian,nonhispanic,male,Carolynville AZ US,33947 Dennis Crescent Suite 284,Phoenix,AZ,Maricopa,38595,85006,-37.938085,-147.218317,38410.79,55120.24,47194,7417844503,pacesamantha@example.org,050293392,050201
30f66976-f530-440d-9cf6-3b58ede929a0,1984-09-17,,890-12-0128,S89172564,,Mr.,James,Judith,Taylor,,,S,white,nonhispanic,male,Toddport MA US,9709 Dixon Street Suite 101,Boston,MA,Suffolk,39909,02215,-68.707663,-139.628694,48088.16,27445.25,25594,+1-871-935-7464x2265,pwilliamson@example.com,330802466,330101
32df668d-4f82-4bc9-b780-5e58ad612d56,1981-04-16,,608-92-2449,S60424418,,Mr.,David,,Wilson,,,,native,nonhispanic,male,Mortonborough IL US,8671 Jeffrey Brooks Suite 965,Chicago,IL,Cook,08491,60612,-55.963998,92.168783,91188.2,1154.93,31646,+1-694-683-0290x2474,stephaniecoleman@example.com,110573975,110501
f5778f14-2c77-46fb-ab94-10c8d6880670,1970-06-04,,306-24-3306,S36019553,,Ms.,Felicia,Kirsten,Cuevas,,Patterson,S,asian,nonhispanic,female,West Brendabury MA US,9478 Good Islands,Boston,MA,Suffolk,08080,02118,-87.716888,-133.439894,22684.27,101115.38,65741,710-426-4649x402,tonyasanchez@example.net,330737566,330101
ad968b9f-938c-4c34-847d-757d3c376afd,1962-06-01,,437-16-1817,S56911884,,Mr.,Howard,Scott,Ibarra,,,M,white,nonhispanic,male,West Eric AZ US,2866 Cuevas Bypass,Phoenix,AZ,Maricopa,28534,85006,-8.277625,-167.410038,102946.98,15123.52,35929,3745556861,allenpatrick@example.net,330632514,330102
87fc423c-4a32-4e92-8d5a-a22d84587034,1979-01-19,,838-92-9065,S76906647,,Mr.,Mark,Kendra,Gross,,,,other,nonhispanic,male,South Noahhaven MA US,75974 Harmon Views,Boston,MA,Suffolk,08129,02215,7.075817,-42.102038,75877.6,19687.6,78799,+1-630-468-0334x694,sherry57@example.net,330927863,330102
386ac6c6-aaaf-4ce9-9278-900a81fee8f4,1979-03-11,,190-15-4406,S80099469,,Ms.,Allison,Heather,Harris,,,D,white,nonhispanic,female,Donnahaven IL US,587 Kara Run,Chicago,IL,Cook,13184,60612,53.790852,156.123919,49608.55,40523.54,35555,+1-734-951-1692x1833,christinepennington@example.com,330596957,330102
1b1c6397-dc31-4d76-8644-e657de3aa343,1969-01-23,,839-97-3415,S33659274,,Ms.,Theresa,Latasha,James,,Lee,W,black,nonhispanic,female,Garzatown TX US,56674 Kathleen Green,Austin,TX,Travis,13692,78702,-46.970472,-122.891295,33356.9,7977.87,26431,+1-898-391-9707x298,rnelson@example.org,030957470,030301
a52b5a4c-0451-4edf-811f-723334753d18,1946-05-07,,521-35-1222,S83105932,X78935137,Mr.,Jeffrey,Joe,Zavala,,,,white,nonhispanic,male,Lake Nicholas CA US,11765 Jeffrey Drive Suite 557,Oakland,CA,Alameda,52590,94609,20.56016,-105.866103,22116.41,6521.84,33596,274-220-1181x0835,ihenderson@example.org,140599732,140401
abda6d00-d5fd-4b6b-8666-5bf8c8fd5ce6,1966-12-06,,701-57-9854,S32279233,,Ms.,Cathy,Joseph,Hayes,,,S,white,nonhispanic,female,Hallfort CA US,9687 Harrison Valley,Oakland,CA,Alameda,50167,94609,47.953446,-72.447517,17067.53,58084.57,50021,6758719006,kevin50@example.org,030875329,030301
7f3f3bb2-ced3-4c65-a52d-81188b5f5436,1978-09-23,,307-85-1904,S18694988,,Mr.,Kyle,Kaitlyn,Stark,,,,white,nonhispanic,male,South Lucasfurt GA US,6986 Anthony Pines,Savannah,GA,Chatham,31275,31404,83.881381,13.016526,15357.61,47879.91,27521,691-622-6535x9432,stephaniehopkins@example.net,330843239,330101
e7cd825a-2ee4-4442-9665-28601de75986,1984-12-06,,353-67-0272,S22080480,,Ms.,Chelsey,Brian,Pace,,,,black,hispanic,female,Davilabury GA US,271 Leslie Rest Apt. 752,Savannah,GA,Chatham,04704,31404,-79.57318,-120.255692,16098.27,9253.25,64189,001-621-528-8787x7858,npeters@example.org,330398493,330102
c4e8d18a-92a2-4a80-b70f-121c9a6cbf21,1949-09-16,,780-94-2676,S39215695,X85058154,Mr.,Terry,Kirsten,Douglas,,,M,white,nonhispanic,male,Davidmouth CA US,49167 Paul Plains,Oakland,CA,Alameda,36674,94609,-19.236465,-99.475371,37504.22,6396.03,69894,(525)577-6063,kristen26@example.org,050843654,050201
b7935636-3b8f-4b40-bbb6-473250b1df0f,1950-02-27,,669-45-1050,S65856376,X68588346,Ms.,Julie,Joel,Carey,,Castillo,D,black,nonhispanic,female,Youngton TX US,3742 Kimberly Lakes,Austin,TX,Travis,10611,78702,-78.146457,12.675453,38836.43,8043.91,23565,3368381488,patrick92@example.org,050866751,050201
11dc142f-5c84-4c5a-8636-01dc0b78bcf8,1958-12-21,,368-43-2252,S63277549,,Ms.,Vicki,Jennifer,Wang,,,D,white,nonhispanic,female,Melissatown MA US,183 Gray Prairie,Boston,MA,Suffolk,25929,02118,-26.505509,-52.304237,17976.78,31710.94,48880,(342)785-0392x50920,snowjay@example.org,140965908,140401
141642f5-afa7-4efe-b4f8-3919f056cca2,1942-06-14,,370-24-1206,S65761075,,Ms.,Mary,,Beck,,,W,white,nonhispanic,female,South Dustin TX US,301 Christine Mountains Apt. 364,Austin,TX,Travis,03146,78702,-8.118726,126.871769,46293.36,2043.26,32883,386-513-3327x050,williamstony@example.org,140764062,140401
0db6e284-7583-4fa0-9036-d192a1fb1725,1935-06-07,,670-45-6941,S84643518,,Ms.,Stephanie,Jean,Pierce,,Chang,,white,nonhispanic,female,Port Patricialand CA US,16124 Patton Drive Suite 325,Oakland,CA,Alameda,24466,94609,-44.746659,-124.066041,33178.96,14759.91,12434,9348503363,matthew03@example.org,330336007,330101
22d82f3f-b4d3-4c69-950a-e76815a545bd,1987-10-26,,842-73-3375,S44473726,,Mr.,John,Robert,Shannon,,,W,white,hispanic,male,New Destiny IL US,010 Flores Brook,Chicago,IL,Cook,33319,60612,25.71379,-106.824103,45883.5,82589.19,105365,(551)870-7270,brittany14@example.net,330403489,330102
934c416a-37b8-4a8e-a365-0c245f3bbdb8,1957-10-01,,681-14-1915,S76273121,,Mr.,James,Steven,Snyder,,,M,asian,nonhispanic,male,Lake Keith TX US,5248 Jones Mount Apt. 212,Austin,TX,Travis,36758,78702,-52.566695,51.850611,41852.65,92955.6,98794,489.398.7799x924,vickiwright@example.com,030308780,030301
dec440a6-05c9-4dc3-a77c-9076b7e8f209,1996-03-23,,444-07-1159,S73231589,X59315029,Ms.,Alexandra,Jessica,Salazar,,,W,other,nonhispanic,female,Port Dean MA US,5568 Moore Lights,Boston,MA,Suffolk,05626,02215,-28.279482,177.127026,24557.55,3864.63,35422,(449)819-3067,burgessalec@example.net,330533060,330101
a69a9ec7-7a89-495c-9e2f-4235e25a6995,1966-08-01,,077-04-7902,S47903794,,Ms.,Amy,Catherine,Thompson,,,D,asian,nonhispanic,female,East Alexandriaton MA US,54887 Kristin Port Suite 207,Boston,MA,Suffolk,13169,02215,-48.510285,57.149246,147558.47,12396.0,48814,(264)684-8213x93541,cbush@example.net,050132287,050201
f2fb21ea-e322-4b48-bfee-24d6e9737c11,1969-04-01,,881-44-5052,S60801658,,Mr.,Michael,Caitlin,Ferguson,,,W,other,nonhispanic,male,Nunezbury AZ US,05187 Jeffrey Forks Suite 551,Phoenix,AZ,Maricopa,18153,85006,-35.551739,-89.458571,74219.31,905.44,49343,503.684.2066x14323,brian91@example.org,330399571,330101
876aa6ec-ab3d-4479-997a-6dd4c6d70f6e,1987-04-30,,365-08-8958,S65458665,,Mr.,Nathan,Robert,Ramirez,,,,black,nonhispanic,male,Beckyport MA US,8315 William Row Suite 217,Boston,MA,Suffolk,36447,02215,16.42519,-59.897618,25376.79,8839.3,29700,244-213-7442x767,fwells@example.net,330222013,330102
5fb78195-9be9-403f-a14a-d0dd744edb71,1982-10-20,,895-62-2314,S69963904,,Ms.,Kimberly,,Hughes,,,D,white,nonhispanic,female,Port Dylan MA US,6741 Debra Keys,Boston,MA,Suffolk,01984,02118,67.531871,123.338307,23578.15,10219.28,84751,001-912-883-3495x3124,juliebell@example.net,050640884,050201
7c6814a0-99cc-4c1c-b962-9757cfa2c781,1967-10-25,,602-57-2293,S95252989,,Ms.,Rebecca,,Pena,,,D,black,nonhispanic,female,West Juanland MA US,097 Alexis Branch Apt. 896,Boston,MA,Suffolk,34491,02215,55.386545,82.788366,37792.56,20147.01,8106,6355162249,perrymonica@example.org,330419245,330102
88b35bae-08e8-4e54-9677-b4dc6c15e0cb,2017-01-11,,614-48-5399,,X42792537,,Emily,,Powell,,,M,white,nonhispanic,female,South Joseph AZ US,26555 Patel Underpass,Phoenix,AZ,Maricopa,35434,85006,31.430179,-136.068595,58475.27,15161.8,122551,+1-786-612-2988x3844,richard03@example.com,140998146,140401
58ccec79-8cd1-4fa1-af99-798f2d2a7d97,1967-07-06,,073-76-4613,S46683641,,Mr.,David,Jason,Hill,,,M,black,nonhispanic,male,Port Caitlynside GA US,568 Lawrence Wall Apt. 410,Savannah,GA,Chatham,20751,31404,26.530358,-33.738932,26787.06,9767.57,110103,874-535-6168x381,greenlisa@example.net,110232788,110501
a737311c-c581-4f33-8ae7-a50f408cd5c2,1961-02-13,,882-84-9934,S16455504,,Mr.,Michael,Jennifer,Anderson,,,D,asian,nonhispanic,male,Jonathantown TX US,963 Annette Crescent Apt. 960,Austin,TX,Travis,35644,78702,-44.882422,139.756016,67556.94,48030.36,34655,9663080528,ddorsey@example.com,140717766,140401
484b43b1-2fee-422c-8065-34da3f890d5a,1950-04-19,,366-20-5451,S16232641,X41187002,Mr.,Adam,Richard,Williams,,,,black,nonhispanic,male,Rachelland MA US,232 Pruitt Port,Boston,MA,Suffolk,28746,02215,74.49317,72.325255,10108.53,60205.31,55975,542-716-0737,michaelbowers@example.org,030598550,030301
cad7ba77-2bd9-4662-b8a5-1c832bb5e5de,1956-11-10,,277-18-9906,S84965668,,Mr.,Ryan,Lisa,Adams,,,M,black,hispanic,male,Port Mark MA US,3896 Tiffany Union,Boston,MA,Suffolk,49871,02215,41.637814,-168.376216,34046.48,9183.81,60375,534.551.6657x422,craigsandra@example.org,330735412,330102
025729bf-bfcb-45a5-8d2c-493c5798cfad,1969-12-20,,869-29-6626,S21450945,X46664254,Ms.,Alyssa,Teresa,Williams,,,D,white,nonhispanic,female,Kathleenmouth MA US,2546 Flynn Stravenue Apt. 731,Boston,MA,Suffolk,35353,02118,-35.797761,-48.147568,32511.42,2209.87,38548,(359)649-7578x98777,tinahenry@example.org,050588180,050201
76351dd8-9dac-4979-875e-408d9e6b304e,1958-02-10,,128-91-4085,S51648606,,Ms.,Lisa,Jessica,Christian,,,,black,nonhispanic,female,Perezville MA US,8751 Deborah Mountain,Boston,MA,Suffolk,10399,02215,77.57203,-170.633272,30015.07,14463.57,30527,001-693-504-9140x624,emily55@example.org,050517969,050201
f438b5b5-64f3-469a-9b01-b9974e03e164,1959-10-16,,560-90-3159,S49797548,X91426502,Mr.,Darryl,Joseph,Mendez,,,S,black,nonhispanic,male,Port Wayne AZ US,083 Alexis Loaf Apt. 700,Phoenix,AZ,Maricopa,17822,85006,-55.206837,-104.84414,38860.07,8753.62,59427,9947140775,nhoward@example.org,140975882,140401
782c10d4-2f2c-4b06-93ca-afc21c36724f,1963-05-21,,074-54-1729,S34946675,,Ms.,Alexandria,,Diaz,,,D,asian,nonhispanic,female,Danielfort AZ US,84880 Amber Street,Phoenix,AZ,Maricopa,39401,85006,-67.098665,65.678625,9784.0,3595.41,101877,001-627-315-3014x717,robertsonrobert@example.com,140247504,140401
1de34766-64ff-417f-b5fb-dbee6503fb1c,1976-06-21,,802-28-0928,S70069192,X52211444,Mr.,Mason,Nicole,Chaney,,,D,other,nonhispanic,male,Mitchellbury MA US,57995 Jackson Viaduct,Boston,MA,Suffolk,40092,02118,-68.238659,169.130507,55429.11,39909.16,17149,789-362-8973x84913,alyssajohnson@example.org,140763253,140401
a1f5b4a7-4363-4dcc-af40-47a95a162291,1951-08-22,,260-36-1033,S40621378,,Ms.,Erin,Jay,Ferguson,,Rush,,black,nonhispanic,female,Millerfort CA US,3420 Hannah Harbor,Oakland,CA,Alameda,04488,94609,20.442475,50.006662,26256.21,3448.12,42159,(651)462-6479x724,crystalgoodman@example.com,330528136,330102
0cdda006-d14b-48b7-9539-8e30de52e2ad,1974-04-22,,169-56-7444,S46163078,,Mr.,Alex,James,Chase,,,D,white,nonhispanic,male,East Kyleville MA US,4439 Ashley Green Suite 782,Boston,MA,Suffolk,03074,02118,86.956092,6.618732,53999.34,29338.88,60852,759-443-3787x16028,orrrodney@example.com,140612500,140401
3a641383-45df-44ff-b22b-6d98c9a73b92,1945-07-25,,146-57-0732,S20512208,X86431004,Mr.,William,Ronald,Morgan,,,W,white,nonhispanic,male,Costaville MA US,12926 Brett Bypass Apt. 533,Boston,MA,Suffolk,38318,02118,73.612984,-157.553483,15922.01,165385.83,38465,772.339.7589x1903,aperkins@example.com,330195457,330101
caf3d44b-e02e-43dd-a769-5b09d88fbf65,1981-12-26,,895-74-1415,S56765959,X79371903,Ms.,Emma,Lauren,Davis,,,S,other,hispanic,female,Garciabury MA US,9983 Andrew Junction Apt. 111,Boston,MA,Suffolk,41723,02215,-24.469241,108.391184,34495.72,6567.09,47598,(819)625-2386x605,xwyatt@example.org,330324057,330101
65e3f50e-1dc2-44f1-bba1-f9cf0e5a5151,1964-10-13,,269-26-5564,S13028724,,Ms.,Rebekah,Randy,Harrison,,Walker,S,white,nonhispanic,female,Williamsonfurt IL US,091 Kylie Fall,Chicago,IL,Cook,35271,60612,25.351016,-1.989944,11182.35,17824.36,47550,+1-945-452-6955x0521,ddavis@example.org,330915830,330102
9d1aa261-5e51-4054-805a-06fddcc65566,1953-11-28,,323-66-6560,S67990722,,Mr.,David,,Reyes,,,,white,nonhispanic,male,Lake Deannamouth CA US,96300 Lewis Place,Oakland,CA,Alameda,16480,94609,-75.932843,-62.724499,46814.29,18558.73,20253,(288)220-3618x54716,glennfowler@example.net,330977057,330101
223be4b8-9ca1-4a87-9ddf-26d94803ee45,2002-12-24,,117-74-0416,S68342751,X51070120,Ms.,Julie,Caitlin,Atkins,,,S,asian,nonhispanic,female,Rossfurt GA US,9466 Gallagher Mountains,Savannah,GA,Chatham,52647,31404,-29.891877,89.901153,75331.2,18415.82,59379,+1-644-887-7283,hollandwilliam@example.com,030617060,030301
0cfb55e4-cb53-42b2-a9d4-50fb0660b51c,1963-09-06,,248-26-6100,S77194397,,Mr.,Kyle,Curtis,Chandler,,,S,white,nonhispanic,male,New Ethanton MA US,9394 Kenneth Plaza Apt. 079,Boston,MA,Suffolk,11778,02118,-17.035034,134.614732,53188.44,30055.55,52816,001-203-893-4354x276,mflores@example.com,050964870,050201
09bd5690-564a-4770-9c31-d4ad4e6a5bca,1967-07-05,,749-02-0886,S66338155,,Mr.,Donald,Tom,Briggs,,,S,999,hispanic,male,West Virginiaberg MA US,5854 Debra Fort,Boston,MA,Suffolk,22428,02118,56.945085,-51.999567,42536.23,7578.81,22344,456-356-1154,rebeccalong@example.com,140807201,140401
4e15db61-c1af-4f8c-9be1-137e0845182c,1953-03-15,,808-16-9165,S97156869,,Mr.,Michael,Eric,Noble,,,M,white,nonhispanic,male,Tamarachester CA US,930 Brian Groves,Oakland,CA,Alameda,45621,94609,-84.948036,90.562461,70459.58,7805.09,53017,344.237.2556,perrybrian@example.com,330254999,330102
55197987-da6e-46ef-b062-6fc42ba9818b,1992-01-09,,769-50-0613,S17681386,X71010561,Ms.,Angela,Derek,Mitchell,,,,white,nonhispanic,female,Donaldshire CA US,31544 Caleb Station,Oakland,CA,Alameda,08376,94609,-51.078192,-96.798878,15759.11,15545.47,81822,465-375-9565,williamssamuel@example.org,140544135,140401
c346e685-7e83-4f94-b1b1-6fc95c6535f0,1981-04-11,,679-31-7992,S59928926,X37948145,Mr.,Stephen,Tina,Boyer,,,S,asian,hispanic,male,East Briannaview AZ US,17694 Martinez Crossing Apt. 497,Phoenix,AZ,Maricopa,37811,85006,80.595943,-59.008723,15165.18,21918.1,75601,791.208.9915x389,johnsonjames@example.com,330746931,330101
7e71c0c6-e0b1-4555-be60-8fdf5dc9b0f6,1926-09-29,,452-41-5700,S83201217,,Mr.,Robert,Michelle,Martin,,,S,white,nonhispanic,male,South Catherine CA US,9533 Johnathan Valley,Oakland,CA,Alameda,46160,94609,49.134929,167.3623,55150.65,88423.26,33214,403.225.8903x11294,hogansusan@example.org,330889894,330101
17b791e4-ff94-4af2-ba2c-cee8ba464b75,1949-08-08,,898-42-1969,S53107542,,Ms.,Katherine,Jennifer,Sanders,,,S,other,nonhispanic,female,Heatherborough CA US,98092 Harmon Street Suite 064,Oakland,CA,Alameda,39190,94609,-69.758269,65.672871,48336.86,5742.15,116933,(554)779-8720x483,sharon16@example.net,330273660,330102
22d74d32-e616-48b6-ac76-e0884ed9d6b4,1995-07-03,,661-39-4147,S44295693,X82273864,Ms.,Amy,Gregory,Serrano,,Shaffer,W,white,nonhispanic,female,North Christina TX US,683 King Light Suite 486,Austin,TX,Travis,16795,78702,38.623219,113.780808,35912.54,74442.15,143314,+1-429-641-8350x266,meagan68@example.org,330723415,330102
303b60f2-7769-45b5-b4c2-6639bee1abf4,1948-07-06,,725-55-5676,S98283542,,Mr.,Cody,,Henderson,,,W,other,nonhispanic,male,Johnnyberg IL US,29806 Woods Ranch,Chicago,IL,Cook,22278,60612,63.699534,171.252946,24851.71,26443.35,13868,+1-670-463-1855x9659,andrea57@example.org,330179147,330102
dfc0cba7-c6e1-43c2-9dce-388c766c1a75,1953-07-03,,707-07-2616,S66131368,,Ms.,Amanda,Christopher,Howard,,,M,other,nonhispanic,female,Timmouth MA US,30009 Randall Harbors Apt. 524,Boston,MA,Suffolk,35675,02215,-81.604423,-22.189026,14035.8,5472.45,16282,8356582547,xsanchez@example.org,330451370,330102
2f16399a-7e21-4036-b0ae-4ebbceab73fe,1976-07-22,,660-98-8287,S62013637,,Ms.,Tracy,,Swanson,,Johnson,S,white,nonhispanic,female,Michaelchester AZ US,493 Roberts Ville Apt. 712,Phoenix,AZ,Maricopa,06315,85006,11.426884,-107.961128,8020.2,77450.13,66660,001-276-372-6991x2008,evan10@example.net,330180188,330102
9fedde97-3f73-45d3-bb58-c9cf03a1b1c8,1948-12-24,,179-57-0651,S53725625,,Mr.,Frank,,Bryant,,,D,white,nonhispanic,male,Sandraview TX US,790 Cruz Haven,Austin,TX,Travis,39272,78702,27.322775,0.832562,52315.97,3409.12,50686,(408)237-8862x6868,tchung@example.com,050431735,050201
ee126a89-8069-4386-8d20-e573a095bded,1980-05-19,,895-35-0648,S79756670,X11255669,Mr.,William,,Jimenez,,,,other,nonhispanic,male,Davidshire IL US,7925 Carter Mews,Chicago,IL,Cook,26916,60612,64.537605,-16.08798,34507.72,12059.1,23828,325.960.9554x50793,jonathanphillips@example.net,050150505,050201
6fd9b800-7f28-4a2c-bb81-5ebcd1c7ae22,1980-05-27,,469-63-0950,S97058444,,Mr.,Michael,Christina,Edwards,,,S,white,nonhispanic,male,West Kristinatown CA US,548 Blankenship Throughway,Oakland,CA,Alameda,35373,94609,49.221133,-15.065859,30604.52,30835.18,10421,+1-527-441-7195x84517,richard25@example.com,330587174,330101
35d7bb51-bef9-4948-8290-4217d28ad1de,1935-03-09,,362-42-8162,S24669021,X17051909,Ms.,Connie,Emily,Warren,,Cooper,,white,nonhispanic,female,Mcdanielside AZ US,3526 Amy Summit,Phoenix,AZ,Maricopa,50616,85006,76.959851,74.230891,10012.0,30213.16,81599,215.307.5253x64504,vvance@example.net,330999873,330101
641ebf9c-11f5-419a-9151-f7e1b252eff9,1992-08-02,,270-36-8549,S12433536,,Mr.,Tommy,Darryl,Smith,,,,other,hispanic,male,Alexanderburgh CA US,117 Moody Trace,Oakland,CA,Alameda,18812,94609,-28.16442,108.9243,32559.62,22541.73,31555,7812411796,jonesbridget@example.com,050969149,050201
b0f65d07-d7b5-488f-a8a9-8a268c6623d7,1964-04-06,,117-38-6838,S91071586,,Ms.,Autumn,Virginia,Santos,,Gould,D,white,nonhispanic,female,New Pamelatown CA US,6790 Nicole Land Suite 148,Oakland,CA,Alameda,16511,94609,-32.23776,4.655857,58006.32,17750.26,68162,760.560.9603x722,marcusblackwell@example.com,140795228,140401
80724330-9f90-4bd8-8710-13c1ce35f15f,2002-02-28,,638-53-0413,S81818416,,Mr.,Ricky,Jessica,Huynh,,,W,black,nonhispanic,male,Popeburgh GA US,5197 George Mews Suite 668,Savannah,GA,Chatham,21650,31404,-72.352082,-80.944768,33070.56,256940.83,53196,318-996-8165x6006,brennandouglas@example.net,330119500,330101
26ec7b23-d6cd-4cc4-a237-7a76b35a78b5,1924-10-04,,714-12-8641,S45859989,,Ms.,Carol,Bruce,Garcia,,,,white,nonhispanic,female,Lake Patrick CA US,728 Roger Parkways Apt. 735,Oakland,CA,Alameda,10688,94609,59.499947,164.09488,55144.5,114255.61,38090,(456)629-0309,sheilamiller@example.net,330580304,330101
7418e1e9-573d-42d9-a1c8-8993f6737149,1971-08-29,,822-68-5822,S70998285,X76056368,Mr.,Brian,Erica,Watkins,,,,black,nonhispanic,male,Karenhaven IL US,93507 Carpenter Drive Apt. 325,Chicago,IL,Cook,52832,60612,-24.670845,-16.473926,18179.89,12082.81,143641,(921)735-3175,juliahenson@example.org,330229430,330102
05289903-61ab-4043-b2c6-d14db8756237,1925-03-20,,472-69-2222,S10640595,X84883874,Ms.,Cynthia,Isaac,Nelson,,,S,white,hispanic,female,New Jasminborough MA US,9938 Johnson Estate Apt. 144,Boston,MA,Suffolk,17732,02215,38.524145,24.035629,22430.0,8843.75,142355,366.613.8259x624,ipowell@example.org,050572337,050201
89175ff0-0447-418f-9add-3cb968f5505b,1967-09-19,,312-05-9757,S60506063,X56227954,Ms.,Roberta,,Ryan,,,M,white,nonhispanic,female,North Joshua IL US,8310 Donna Overpass,Chicago,IL,Cook,10280,60612,-13.774621,-78.006467,76650.97,5366.32,30537,(802)213-3023x0394,andrew61@example.org,140993872,140401
0fc22f11-b1cc-41be-8a4f-c629d923cee0,1977-08-06,,576-56-9451,S35677337,,Mr.,Luis,Sabrina,Wolf,,,S,white,nonhispanic,male,West Jeffreyfort IL US,4032 Nicholas Garden Suite 917,Chicago,IL,Cook,28831,60612,31.907757,-151.16804,5444.25,36947.84,58047,(418)615-3907,tamararodriguez@example.net,330920721,330101
5f17ba6a-3c05-4d1a-be29-def241c0b0fa,1973-08-07,,845-03-2746,S43317736,,Ms.,Lauren,Robert,Ballard,,Brennan,W,white,nonhispanic,female,Jayport MA US,222 Stephanie Lock,Boston,MA,Suffolk,24604,02118,24.971358,-20.758432,46030.33,4071.51,164443,+1-216-789-2361x9785,michaeldavis@example.com,330585545,330102
07e73e5f-2516-423c-8116-3d0aea0f69f2,1983-11-05,,094-22-4611,S31767934,,Mr.,Russell,Melissa,Horton,,,W,white,nonhispanic,male,Turnerville AZ US,737 Matthew Gardens Apt. 066,Phoenix,AZ,Maricopa,04430,85006,29.051626,-175.44311,35619.82,4810.95,38910,+1-792-665-9186,dustin86@example.com,140761601,140401
35c13ab6-2247-4d0a-a3d7-1b96526aed80,1992-05-09,,062-03-4548,S98710733,X59868393,Mr.,Kenneth,,Williams,,,S,white,nonhispanic,male,Davidville MA US,0754 Pruitt Manors Apt. 415,Boston,MA,Suffolk,40339,02215,-29.280746,126.575857,92232.23,49473.65,48396,700.841.9567x81507,cmendoza@example.com,050279377,050201
1973295e-c9ab-4467-a8b9-f6a077bc0cf6,1973-05-21,,656-79-6695,S76330944,,Ms.,Shannon,Melissa,Vazquez,,,W,white,nonhispanic,female,Angelaside MA US,807 Jones Dam,Boston,MA,Suffolk,27808,02215,-56.376182,108.634579,24098.93,14680.83,46518,001-557-340-2683x97473,michael06@example.com,050685106,050201
a51a345e-1873-4129-9b9f-7e0dfb7313f9,2009-01-12,,678-86-8600,S14892674,X83357864,,Marcus,,Phillips,,,S,asian,nonhispanic,male,Lauratown GA US,9981 Andrew Neck Suite 878,Savannah,GA,Chatham,08566,31404,-2.112312,32.654603,38787.83,5183.68,41786,474-580-9711x2202,jessica98@example.org,140271482,140401
7625a3c9-c043-49f1-9e3c-65ac9a77a316,1964-12-15,,379-32-6745,S47709348,X87822487,Ms.,Rebecca,Alexander,Page,,,W,black,hispanic,unknown,Toddfort MA US,6131 Andrew Haven Apt. 950,Boston,MA,Suffolk,30541,02118,-55.713797,89.387641,20491.17,13455.12,45968,352-708-3926x37351,connor80@example.org,050790536,050201
4c99d620-83f2-42b5-a71c-75c9815ac532,1940-08-12,,004-90-1548,S73688020,,Ms.,Valerie,,Hernandez,,Jimenez,M,asian,nonhispanic,female,Adamborough MA US,98267 Williams Prairie Suite 396,Boston,MA,Suffolk,45235,02215,-19.983755,5.063616,9605.38,7912.46,241837,217-444-0138,rcarter@example.com,030727067,030301
41ccd80a-c2e1-499e-a072-eacdeb74d991,1977-10-31,,190-39-7307,S78018665,X31678411,Mr.,David,Sheryl,Green,,,S,black,nonhispanic,male,Pittsfort MA US,2079 Robert Courts Apt. 174,Boston,MA,Suffolk,37497,02215,-68.068844,65.472259,73332.78,34497.56,39412,(370)375-0348x7102,pherring@example.net,330451206,330102
93e76ef4-6118-4c0d-bd26-b479726d1fe2,1937-10-08,,376-28-8715,S42281506,X22792293,Mr.,Steven,Joel,Johnston,,,W,white,nonhispanic,male,Walshhaven CA US,5326 Michael Mill,Oakland,CA,Alameda,53606,94609,1.261524,65.252687,19723.97,12358.33,30021,(675)757-9252x308,dbeard@example.net,050229871,050201
70befc79-76e9-4840-a2b8-203ca9b83231,1975-12-23,,650-53-2905,S57873567,X46190985,Mr.,Bryan,,Diaz,,,D,white,N/A,male,Johnport CA US,2544 Ryan Divide,Oakland,CA,Alameda,11741,94609,80.433822,86.514483,22028.96,676.86,82417,7507700601,gabriel47@example.com,110376211,110501
d1ce38fe-9bc8-403f-a7d7-b4db484042fc,1957-08-21,,711-68-8615,S69727711,,Ms.,Madeline,Brian,Sullivan,,Moore,,other,nonhispanic,female,Owensside MA US,65040 Taylor Hill,Boston,MA,Suffolk,07132,02215,28.582156,14.431744,59328.58,9778.33,37736,923.470.7629x56194,rowlandanna@example.org,110720538,110501
9ed3e0c6-3445-4130-b91c-5554f65d5c29,1978-05-15,,873-08-6756,S72804066,,Mr.,Mark,Cindy,Thomas,,,D,white,nonhispanic,male,Stevehaven GA US,589 Esparza Bridge Apt. 364,Savannah,GA,Chatham,02038,31404,33.614554,150.948495,23411.56,19686.73,174000,+1-735-639-4302x933,hubersydney@example.net,330398562,330101
2597cc7d-6877-42e5-bc00-79f84cb19d5b,1968-12-26,,631-85-3938,S33270496,,Ms.,Annette,Angela,Edwards,,,D,asian,nonhispanic,female,Millerbury GA US,28174 James Dale Apt. 243,Savannah,GA,Chatham,06059,31404,21.572888,144.006359,26758.31,6267.86,13457,001-821-527-7562x65526,ashley26@example.net,330931646,330102
ecb642eb-b0ac-4835-85f4-9c7ddca96347,1964-04-04,,016-99-2814,S59030453,,Ms.,Karen,Rebecca,Conway,,,,white,nonhispanic,female,Lake Michael CA US,450 Patrick Shores Suite 093,Oakland,CA,Alameda,16033,94609,-41.020297,-126.707145,46696.56,3863.04,80419,309.328.4652x4350,richardpowell@example.com,030660807,030301
0af28e36-f90e-4f3a-82b7-f324d0fa24c3,1986-03-04,,680-46-4733,S33609774,X61420643,Ms.,Erin,Blake,Dillon,,,,other,nonhispanic,female,Smithville IL US,146 Hamilton Flat Suite 413,Chicago,IL,Cook,52912,60612,53.155316,-117.815989,88339.83,4720.74,59149,(519)837-3036,gonzalezelijah@example.net,140838912,140401
0a71b0de-c878-425f-bb6f-6898a74617b2,2010-08-25,,840-26-1569,,,,Emily,Sarah,Baker,,,S,white,nonhispanic,female,Arnoldmouth MA US,5649 Norton Plains Apt. 810,Boston,MA,Suffolk,04500,02118,64.575362,-153.437788,34604.48,43954.2,29207,+1-557-715-0498x924,tjohnson@example.org,330448780,330101
364fe59d-6c70-4f1c-b9fd-2f154428a87c,1985-06-23,,639-71-3131,S25892059,X82515519,Ms.,Traci,Colleen,Bowman,,,S,white,nonhispanic,female,East Michellefort IL US,5104 Justin Turnpike Apt. 824,Chicago,IL,Cook,07294,60612,69.311132,-148.572667,27569.43,17487.08,38649,+1-373-999-1539x92797,scottthomas@example.com,050811216,050201
6092b28a-8136-4c12-87fa-a9f9e1a3e590,1963-05-12,,303-15-5002,S23232922,X74744876,Ms.,Kristen,Christopher,Sampson,,,,other,nonhispanic,female,Penafurt TX US,5233 Perez Trafficway,Austin,TX,Travis,24330,78702,53.733415,-2.886633,22755.17,60673.83,18328,001-266-361-8955,saramckinney@example.org,110862427,110501
bc1c63dd-7531-46d3-a9f2-c7f6d1714264,1927-01-24,,531-46-6417,S19626579,X28188164,Ms.,Aimee,Ashley,Williams,,Davis,W,black,nonhispanic,female,Richardport GA US,650 Jackson Ways,Savannah,GA,Chatham,17684,31404,-82.817378,-104.099386,141664.1,20023.29,21944,+1-772-655-3202x3766,michelle18@example.com,110286622,110501
c14bda6f-ffcd-4380-ac85-83a13364a69e,1925-04-19,,849-13-1456,S93636812,,Ms.,Emily,Anna,Hicks,,,S,white,UNKNOWN_CODE,female,Smithburgh AZ US,3917 Hart Parkway Apt. 579,Phoenix,AZ,Maricopa,01583,85006,-57.834058,42.52273,7770.39,38409.72,68511,620-723-9777,arthurjones@example.net,330636307,330101
74d80d85-8827-4631-933a-7205b877edd1,1962-07-29,,489-49-5756,S93573256,,Ms.,Sarah,Stacey,Sloan,,Moore,S,white,hispanic,female,West Kaylaborough GA US,359 James Parkway,Savannah,GA,Chatham,25151,31404,-67.912976,162.940419,39884.16,25416.31,30030,+1-715-796-6206x132,chaneykent@example.net,330845184,330101
33517bc2-a739-48a5-b0a4-7e6ccb638818,1997-07-14,,047-27-1220,S67990866,,Ms.,Deborah,Andrew,Rodriguez,,,D,white,nonhispanic,female,Duranside MA US,4494 Tanya Neck,Boston,MA,Suffolk,09077,02215,-8.036698,2.779027,33996.5,10782.55,76735,992-816-1181,davidyang@example.com,330769780,330102
09283a4f-1417-4932-a36c-ebf6a7b98528,1992-04-26,,400-83-7625,S62783807,,Ms.,Heidi,Keith,Lutz,,,W,black,nonhispanic,female,East Danielberg MA US,2559 Stewart Island Suite 268,Boston,MA,Suffolk,32092,02215,16.545407,-35.887846,224687.18,11528.3,69908,+1-439-710-1201x975,vanessawhite@example.com,050151989,050201
6061250b-2666-407f-b574-d4b3ecfdb2eb,2007-10-15,,625-50-5448,S19680185,,Mr.,David,John,Jennings,,,D,white,hispanic,male,New Emilyside TX US,40953 David Land,Austin,TX,Travis,50601,78702,-81.000313,-130.145825,92480.8,5618.39,66482,001-200-619-9753x978,victorialewis@example.org,050144561,050201
6a2952f7-110e-482c-bf05-4f91d20eca4f,1964-12-28,,579-10-6752,S18414260,,Ms.,Wanda,,Romero,,,,white,nonhispanic,female,East Peter AZ US,45578 Hill Parkway,Phoenix,AZ,Maricopa,18290,85006,-88.775558,125.330111,71205.84,17946.18,60449,001-298-375-8909x0821,kharrison@example.org,050990338,050201
6ed5f689-9264-43b6-93ed-2f2a4061c956,1986-11-03,,707-25-9456,S29953235,,Ms.,Leah,Rachel,Craig,,,D,white,nonhispanic,female,Hodgemouth GA US,17223 Lisa Walks Apt. 942,Savannah,GA,Chatham,03265,31404,-51.681713,-58.296097,39400.08,29192.56,75908,636.783.6943x32322,dawn25@example.net,030681681,030301
99a97519-76c9-4aed-a77b-0c7529eea8a2,1947-04-15,,438-22-0773,S31730986,X27851642,Ms.,Lisa,Gregory,Snow,,,,white,nonhispanic,female,Mitchellmouth MA US,7228 Lisa Crossroad,Boston,MA,Suffolk,15451,02118,82.501476,-16.731101,146474.58,24281.55,70773,355.946.7068,kimtimothy@example.org,030161918,030301
ca8b9de4-b90d-41a3-a536-9a16fa5c368c,1979-04-24,,604-70-0386,S83764425,X68691787,Mr.,David,Jill,White,,,M,white,nonhispanic,male,Whitefurt AZ US,32079 John Bypass,Phoenix,AZ,Maricopa,09885,85006,40.322426,-21.032628,17157.82,134191.33,148573,840.316.3715,kennedysara@example.com,110526924,110501
68d32a6f-c386-4bd2-848b-7072cced44fb,1955-01-17,,548-42-9493,S65866896,,Mr.,Brandon,,Knox,,,,asian,nonhispanic,male,Lake Cassandra CA US,6473 Samantha Hollow,Oakland,CA,Alameda,21376,94609,-38.664831,-112.808897,11124.47,44812.15,84871,+1-741-430-5535x244,samuel73@example.net,330714728,330101
185976d2-f821-4f63-833d-634d7195585a,1960-04-09,,661-24-7846,S95864815,X13403596,Ms.,Kristen,,Romero,,Figueroa,S,white,nonhispanic,female,Murrayport CA US,084 Schmitt Cliff,Oakland,CA,Alameda,26639,94609,85.725772,-122.986107,14073.87,11952.79,53905,001-857-389-5927,ramseyeric@example.com,330532039,330101
6b8d3388-63d5-495c-a3d6-386a2c8e687c,1959-11-14,,531-21-1952,S17238404,X76396209,Ms.,Audrey,,Reed,,,M,other,nonhispanic,female,Chambersland MA US,29328 John Dam,Boston,MA,Suffolk,38921,02215,-86.277112,13.958843,32794.49,11421.16,30699,756-323-3761x5276,brucehendricks@example.org,330917775,330102
2137e1c9-0948-48b4-be5c-8743883e8dc7,2026-06-11,,395-78-4515,,,,Brent,Jesse,May,,,,black,nonhispanic,male,Port Miguel TX US,6836 Daniels Spring,Austin,TX,Travis,40004,78702,-46.8522,-19.837663,104011.76,8345.46,48504,(420)376-2024x82436,steventhomas@example.net,330364695,330102
5d8aedad-cf8d-49f3-b18e-5c0ec0d04560,1962-05-04,,052-59-8487,S51658696,,Mr.,Kevin,Deborah,Kelly,,,D,white,nonhispanic,male,Melissaburgh CA US,6393 Amy Turnpike Apt. 500,Oakland,CA,Alameda,47347,94609,78.885223,69.565988,113434.49,8350.82,15576,001-362-237-2052x42726,larsensean@example.net,330187137,330102
586d4736-63b5-4abf-8bef-2ebd9830a979,1962-02-21,,166-55-1855,S98268583,,Ms.,Kathleen,Jeanette,Rodriguez,,Jefferson,,black,nonhispanic,female,Lake Jason IL US,53971 Christina Court,Chicago,IL,Cook,40248,60612,-77.379013,-158.288943,17707.44,40656.42,34946,+1-427-632-5482x48392,yhaynes@example.net,050878359,050201
c18194e6-ab1b-4818-94d1-9e3e960676dd,1960-09-03,,459-04-4626,S37893789,,Mr.,Isaac,,Frank,,,D,black,hispanic,male,West Kimberly CA US,73234 Leslie Islands,Oakland,CA,Alameda,44939,94609,-39.217309,9.237026,37563.89,148429.21,41405,854.395.6246,schwartzjessica@example.org,030673500,030301
14f5c87b-a5cf-44b1-85ff-188faa7edb60,1963-02-19,,044-21-6850,S34806061,X99737895,Ms.,Elizabeth,,Henry,,,M,white,nonhispanic,female,New Christopherborough IL US,1729 Hunt Flats,Chicago,IL,Cook,25080,60612,28.047211,-42.276101,81820.74,28192.66,43327,(497)495-2958,vsanchez@example.com,110864257,110501
17709d0d-4f29-413a-a851-f11c185b2b3a,1981-01-30,,567-96-0150,S87770551,,Mr.,Randy,Stephen,Martinez,,,,other,hispanic,male,South Shannonburgh IL US,2520 Jeffrey Forges Suite 647,Chicago,IL,Cook,28473,60612,50.952204,-121.688831,137952.31,143420.45,20563,245-620-8272x365,lrivera@example.net,330778024,330101
8c7fd9d9-20f4-4469-b47f-043c11c59c43,1973-07-23,,797-55-0464,S99137462,,Mr.,Paul,,Cross,,,D,white,nonhispanic,male,Isabelland MA US,192 Timothy Fork,Boston,MA,Suffolk,28544,02215,47.072504,168.915226,70379.11,6586.0,58776,5356933598,sararobertson@example.com,330462760,330101
686be659-97b9-4086-b732-487d8b98858c,1981-05-08,,757-57-4157,S66038874,,Ms.,Cathy,Nicole,Davis,,,M,white,nonhispanic,female,Cherylstad MA US,532 Madison Squares Apt. 043,Boston,MA,Suffolk,40177,02118,21.204895,138.426995,3642.7,1479.87,55996,+1-511-960-8431x4053,williamobrien@example.com,330231863,330102
83343c70-9316-47ce-811c-9b5ed2218475,1983-04-15,,002-24-8643,S25967374,,Mr.,Jesse,,Clark,,,S,white,hispanic,male,West Gregory GA US,18879 Adrienne Centers,Savannah,GA,Chatham,44317,31404,-5.25434,171.025222,23767.6,7867.69,40865,(998)775-9019x62010,samuel49@example.net,330247231,330102
ffc72f07-348c-48fa-9fbe-9865e0bb0ad3,1954-04-19,,020-01-0931,S55499713,,Mr.,Benjamin,Mark,Barr,,,,asian,hispanic,male,New Eric MA US,83477 Scott Squares Apt. 581,Boston,MA,Suffolk,01350,02118,75.590102,156.464205,35088.38,13205.04,56979,728.966.7248,krystalriggs@example.org,050253938,050201
073c197c-948a-4fc6-b9e9-24d1fef826b6,1927-02-18,,630-32-2103,S40195310,X45975935,Mr.,Joseph,Jean,Woodard,,,S,native,hispanic,male,Brownborough MA US,0920 Paul Dam Suite 737,Boston,MA,Suffolk,11142,02215,0.56165,-163.3891,63269.47,6865.61,108414,+1-488-964-1238,jose04@example.com,050497019,050201
9878b270-af92-4c24-96d4-67e6c10283c1,1961-01-12,,172-83-7233,S99086947,,Ms.,Andrea,,Marshall,,,W,white,hispanic,female,Laurenland GA US,624 Buck Ferry Apt. 232,Savannah,GA,Chatham,04119,31404,-80.156454,-172.886195,12849.5,25637.8,42709,563-960-6320x79108,benjamin58@example.org,030932435,030301
fda50612-8998-4074-a9b9-491392564dd1,1977-04-16,,436-96-3184,S38337479,X97325341,Ms.,Sarah,,Page,,,W,white,nonhispanic,female,Lanceland GA US,4860 Williams Throughway,Savannah,GA,Chatham,06384,31404,-29.579017,-168.563407,22408.0,26582.61,47049,+1-968-272-5697x18667,brandontaylor@example.org,030165527,030301
754a5914-0eea-431f-90db-e3d15da366d5,1999-05-06,,298-88-0643,S32026171,,Ms.,Emma,Diana,Anderson,,,D,black,nonhispanic,female,Brittanychester MA US,5438 Francis Squares Apt. 025,Boston,MA,Suffolk,08574,02215,-23.875394,-177.465063,40398.27,2034.3,51854,872.579.2635,dalton34@example.org,140543743,140401
1b5b93ba-8731-4bb4-b20c-c66d9274f571,1995-04-29,,673-26-5294,S92954546,,Ms.,Natasha,,Johnson,,Cantu,,white,nonhispanic,female,Shafferside MA US,74299 Shaw Islands Suite 566,Boston,MA,Suffolk,35091,02215,-5.889304,-85.561562,13391.68,1620.73,36252,958-991-8045,dfields@example.org,140449861,140401
e507d4ce-d259-4799-bc88-67403839ffcc,1994-04-25,,760-99-1254,S48822612,,Ms.,Christine,,Vazquez,,,M,white,nonhispanic,female,Howardbury GA US,115 Ian Crossroad,Savannah,GA,Chatham,44083,31404,70.134702,-169.470463,54207.94,21749.08,39470,310-626-9276x071,shannon74@example.com,140990142,140401
aae1ef4b-1323-43f7-9755-be515181d266,1942-08-09,,242-02-8644,S99166602,X41200986,Mr.,Jeffrey,Kayla,Collins,,,,white,hispanic,male,East Michael AZ US,896 Bradshaw Inlet Suite 591,Phoenix,AZ,Maricopa,17595,85006,37.949649,57.578447,6160.22,13055.84,40753,5187594030,obradley@example.org,110723676,110501
c9b9accb-56c9-437a-a136-99d36241b7e0,1961-08-03,,730-39-5476,S62297844,,Mr.,Sean,,Spencer,,,W,white,hispanic,male,West Gabrielle GA US,417 Rivera Extensions Apt. 288,Savannah,GA,Chatham,46123,31404,44.211273,58.601313,362504.03,14252.78,65654,+1-561-355-4490x4190,matalisa@example.com,330131101,330101
da30b92a-cd01-463e-9785-2c41b96f4dea,1938-02-20,,494-06-8077,S95184764,,Mr.,Mark,Michael,Dominguez,,,,white,hispanic,male,Montgomerystad CA US,503 Timothy Via Suite 722,Oakland,CA,Alameda,02989,94609,10.713705,-164.21136,97294.11,33064.65,71776,001-955-822-3071,robertbradford@example.net,330223028,330101
4e92adf5-3185-459e-ae7d-68bff3a4b16b,1983-01-11,,048-79-9378,S43688695,,Ms.,Hayley,Heather,Sanchez,,,,other,nonhispanic,unknown,Jonathanburgh CA US,36170 Sexton Keys Apt. 056,Oakland,CA,Alameda,01740,94609,1.000572,-68.630274,97389.73,7249.77,31287,(718)866-9220x11017,katherinemurray@example.com,330402629,330101
32eafd02-b084-41fd-82e8-2a25be94d76e,1990-07-09,,481-85-5310,S34258707,X66791759,Ms.,Jennifer,Richard,Richardson,,,D,white,nonhispanic,female,Stevenland MA US,2370 Mccann Forge,Boston,MA,Suffolk,01464,02118,9.661743,-15.381345,28218.01,5238.32,69270,413-839-5695,barrjessica@example.org,330122253,330101
98195667-3052-43ac-9929-8be8f20a32a0,1983-04-21,,162-68-5312,S40622428,,Ms.,Donna,Rodney,Thompson,,,S,white,nonhispanic,female,Pamelashire IL US,431 Brian Way,Chicago,IL,Cook,45941,60612,-2.459812,12.230871,35052.52,38824.69,76240,+1-297-483-6500x41641,ronaldmartin@example.net,330236353,330102
ce64135b-04cb-4503-b9f6-312d0f76d3af,1974-07-12,,012-87-8024,S15559569,X12338467,Mr.,Stephen,Jenny,Johnson,,,W,white,hispanic,male,East Jennifer AZ US,978 Alyssa Forge Suite 785,Phoenix,AZ,Maricopa,31039,85006,67.963394,56.22623,6414.1,3289.92,17760,001-625-283-8424x4270,qsoto@example.net,330190336,330102
6a0e7efb-d939-404a-9371-bd1fe2ea31b9,1985-10-08,,876-42-4623,S95855271,X39573655,Ms.,Kirsten,Yolanda,Mclaughlin,,,S,black,nonhispanic,female,Aguirretown MA US,475 Lisa Stravenue Suite 557,Boston,MA,Suffolk,54815,02215,-1.11776,-174.222763,20001.49,8107.55,92742,228-831-8286,stevengutierrez@example.net,050725294,050201
b94fdd5c-a9ce-4b18-8b2e-5177542c6dd0,1942-08-27,,703-89-6486,S81417859,X43375757,Ms.,Gina,Sabrina,Shepherd,,,D,black,nonhispanic,female,Michaelport GA US,78258 Taylor Tunnel,Savannah,GA,Chatham,52643,31404,23.627827,102.86011,32062.22,58237.61,24990,303.837.7613,joan90@example.com,050849068,050201
0f3ca41d-4b15-43df-990e-0f3bce7e7e6d,1967-08-04,,316-20-8855,S36938170,,Ms.,Angela,,Alvarez,,Hansen,,white,nonhispanic,female,Bushview MA US,43088 Serrano Heights Apt. 457,Boston,MA,Suffolk,32420,02118,-53.521508,-98.47645,14261.9,54227.24,30665,424.893.6822x443,gomeztheresa@example.net,050782910,050201
69e45afd-0604-4034-bfe7-b1d1a6e3a5c0,1960-08-15,,822-77-5591,S73197270,,Ms.,Hayley,Brandon,Arellano,,Buchanan,,native,nonhispanic,female,Lake Charles AZ US,78426 Frazier Manor Apt. 448,Phoenix,AZ,Maricopa,27480,85006,44.536659,111.757236,41880.19,12188.66,59944,(851)726-9384,riverabrendan@example.org,050149142,050201
6937fac7-dd98-42c7-b8bc-1a438284871c,2011-04-01,,577-16-6223,,,,Jenny,Zachary,Mayer,,,S,black,nonhispanic,female,New Shelby TX US,61111 Jones Highway Apt. 482,Austin,TX,Travis,50849,78702,-13.015935,122.937801,28701.16,32225.98,64470,494.797.2065x44805,kochandrew@example.com,050404777,050201
6937fac7-dd98-42c7-b8bc-1a438284871c,2011-04-01,,577-16-6223,,,,Jenny,Zachary,Mayer,,,S,black,nonhispanic,female,New Shelby TX US,61111 Jones Highway Apt. 482,Austin,TX,Travis,50849,78702,-13.015935,122.937801,28701.16,32225.98,64470,494.797.2065x44805,kochandrew@example.com,050404777,050201
1fa7e319-6f6f-4749-b49e-a366096f153e,1967-03-21,,582-98-8712,S23362267,,Mr.,Thomas,,Garcia,,,W,white,nonhispanic,male,East Carolyn IL US,55626 William Cliff Apt. 737,Chicago,IL,Cook,40161,60612,-34.58778,170.410961,53290.91,103181.22,46706,281-349-0330,munozashley@example.org,030945155,030301
7e11e347-bf1f-482e-b9f2-98ee007f7c65,1925-04-02,,733-43-2285,S55473095,,Mr.,Julian,Donna,Phillips,,,D,white,nonhispanic,male,Hayleychester GA US,302 Herrera Ville Suite 194,Savannah,GA,Chatham,55952,31404,-0.784567,98.267389,170794.84,4158.71,37828,342.674.8733x49216,beckykeller@example.org,030549195,030301
a457a75b-8c22-4ea3-941a-0d0263f8fa75,1973-08-06,,460-41-9527,S68179116,X22345887,Ms.,Amanda,Logan,Price,,,S,white,nonhispanic,female,South Ronald MA US,2511 Simmons Road,Boston,MA,Suffolk,17753,02215,7.580802,163.536554,38738.23,3771.56,25520,(587)209-6379x05844,tbaker@example.com,110853835,110501
b258090e-5618-439f-b669-4d2898ac0133,1983-05-01,,596-61-7995,S53143169,X73006640,Ms.,Brenda,Jamie,Chambers,,Dunlap,M,white,nonhispanic,female,Port Todd GA US,57630 Brown Villages,Savannah,GA,Chatham,10276,31404,-77.494647,-37.672484,49606.67,39305.29,22878,549.298.3335x364,toddrussell@example.net,110250562,110501
18696541-1c06-496d-9194-19f2f69d143a,1966-09-17,,088-12-8526,S30851528,,Ms.,Michelle,John,Wells,,Thomas,D,black,nonhispanic,female,Morganview CA US,40058 Perez Ports Apt. 890,Oakland,CA,Alameda,29211,94609,0.480629,166.610155,51094.95,7298.47,40327,662-751-9746,mullenkatelyn@example.com,330528878,330101
ca51ea57-ff16-4c22-9c65-b5e80d3d71fc,1968-05-12,,154-40-0616,S32620106,X58945037,Mr.,Karl,Julian,Baker,,,S,white,nonhispanic,male,Barnettfort TX US,24795 Day Light Apt. 564,Austin,TX,Travis,28633,78702,-27.061243,-49.224378,58662.81,12572.39,80491,+1-420-439-8106x5192,ele@example.org,330729293,330101
4d1622f4-0f79-4d4f-9fc2-284f60bafdce,1945-03-21,,535-68-2716,S29854872,,Mr.,Manuel,,Thompson,,,,white,nonhispanic,male,Wintersborough TX US,811 Scott Drive Apt. 686,Austin,TX,Travis,52351,78702,-35.17966,20.086602,16857.94,33514.17,57210,771-597-8317x955,sharonbrown@example.com,330874854,330102
2f3d6a4c-1e9c-4ba9-9e6a-70990280efa6,1980-10-29,,184-91-9116,S75640155,X21235722,Ms.,Victoria,,Brown,,,D,other,nonhispanic,female,West Kirsten MA US,97633 Zachary Plaza Apt. 772,Boston,MA,Suffolk,33570,02118,39.175986,-93.809182,18662.2,11500.82,19351,926.740.9273x5087,cynthia03@example.org,330724730,330102
1b0d3bd8-a4d9-4b73-b116-9310ba3dbcd2,1958-11-01,,253-86-4057,S26684116,,Mr.,Jason,Heather,Perry,,,M,native,nonhispanic,male,Port Carrie MA US,325 White Ports,Boston,MA,Suffolk,08688,02118,68.186437,-100.446853,111512.5,61654.29,123750,(963)732-4779x679,scottguzman@example.net,330298155,330102
b9cc464e-0395-4988-a638-f386ab29e854,1981-03-11,,575-22-5499,S62751039,X38241335,Mr.,Anthony,Roger,Walters,,,D,other,nonhispanic,male,Ariasberg CA US,10279 Neil Cliffs Suite 597,Oakland,CA,Alameda,11177,94609,71.110091,-85.030605,9994.1,21180.85,118231,(912)606-4991,ccortez@example.com,330519892,330102
c8a843f2-3b80-47c9-8833-b67ad6d353a9,1969-07-18,,794-19-4736,S81063363,,Ms.,Samantha,Adam,Barnes,,Jones,S,white,hispanic,female,West Theodore MA US,655 Robert Mount,Boston,MA,Suffolk,45142,02215,-51.811341,-64.168656,10272.08,36713.19,28789,(305)702-9003,david38@example.net,330368874,330102
e59c053a-6716-4d82-a272-1856bcd85762,2000-08-30,,141-19-5700,S73395869,,Mr.,Adam,Allison,Miller,,,,other,nonhispanic,male,Smithstad MA US,16091 Holly Cape Suite 187,Boston,MA,Suffolk,13049,02215,11.576586,112.080795,20864.71,4436.91,31199,5988031773,weberdavid@example.net,030123716,030301
ced1ded0-4f3d-4a35-b792-336864b26497,1959-10-07,,236-93-5564,S34649357,X40566616,Ms.,Isabel,Sonya,Walker,,,M,black,hispanic,female,North Jennifer GA US,436 Nicole Inlet,Savannah,GA,Chatham,49252,31404,-55.001336,-65.870807,18522.09,34294.97,22652,+1-847-528-4354x0583,daguilar@example.org,030585178,030301
2d3e424f-f04d-4ed1-8489-f4552539dbc0,1961-07-02,,371-16-4864,S72055577,,Mr.,Douglas,Leah,Stone,,,W,other,nonhispanic,male,West Alexisshire MA US,3224 Jessica Trail,Boston,MA,Suffolk,18154,02118,54.316573,-46.587003,99776.55,15158.32,73658,+1-351-858-7264,pamelalevine@example.net,030878020,030301
52975870-cc2c-4e0e-aab5-4d3dd534729b,1941-11-10,,682-72-9140,S48849870,,Mr.,Eric,,Morris,,,,white,nonhispanic,male,Port Chad GA US,82518 Davis Fields,Savannah,GA,Chatham,41796,31404,-22.44322,-91.149257,23823.62,6900.34,35147,+1-635-829-5392x212,zlittle@example.net,140811241,140401
cbc155c0-ff22-4a4f-8c77-6584a1bda131,1980-03-08,,725-80-8085,S93990445,,Ms.,Theresa,,Hall,,Martin,S,other,nonhispanic,female,Watsonfurt IL US,08427 Smith Plain Apt. 165,Chicago,IL,Cook,49646,60612,-79.363152,80.576407,25182.57,19981.7,39498,+1-706-963-4012x43667,haynesjoseph@example.org,140356618,140401
3ee9d928-1eb3-46bb-9e7b-81a5afe2cbc7,1957-11-04,,160-41-3211,S78227310,,Mr.,Anthony,Samantha,Johnson,,,M,asian,nonhispanic,male,South Antoniofort CA US,12242 Douglas Stream,Oakland,CA,Alameda,29093,94609,-44.389763,146.621041,28593.32,9682.48,38976,224.553.0057x449,susan38@example.net,140191608,140401
f418374c-83e3-4da5-b2ba-2cae4497af90,1949-02-14,,798-88-0816,S43616149,X71170101,Mr.,Michael,Michael,Wright,,,W,white,nonhispanic,male,East Daniel CA US,2639 Bridget Island,Oakland,CA,Alameda,09330,94609,-69.457443,57.922138,41528.31,22890.48,95075,001-550-389-6490x9763,warren04@example.org,110618049,110501
d1ba4707-5235-4a49-a129-cadd40b3c41d,1973-09-12,,840-18-6995,S97135485,,Mr.,Andrew,Gregory,Collins,,,,white,nonhispanic,male,New Thomas IL US,81973 Hunter Viaduct,Chicago,IL,Cook,27401,60612,-31.666065,85.29015,5264.72,12141.71,22958,735.237.0399x1537,garciadonna@example.org,110144292,110501
274feb61-78cc-4dd7-bfce-95832beb6bfd,1973-08-02,,376-85-0675,S16968276,,Mr.,Mark,,Wilson,,,S,asian,nonhispanic,male,New Mary MA US,5926 Mendez Station,Boston,MA,Suffolk,12576,02118,44.706247,149.993447,30946.29,36663.67,43252,427.331.7127,rwood@example.org,330497694,330101
fe1ec80d-bf00-47e7-a630-376468578783,1967-07-16,,655-10-2307,S87583622,,Ms.,Susan,,Webb,,Fisher,M,other,nonhispanic,female,East Daniel MA US,443 Rogers Loaf Suite 950,Boston,MA,Suffolk,23646,02118,-42.094517,112.90879,48099.96,6775.62,68567,001-962-838-9693x7731,campbellmatthew@example.com,330128031,330101
72225837-8d38-4b24-9ad5-edda752af852,1924-11-17,,001-21-7456,S67303009,,Ms.,Jordan,Kelly,Swanson,,Wright,D,asian,nonhispanic,female,Cynthiaport TX US,124 Larsen Park,Austin,TX,Travis,30615,78702,-74.329964,67.357419,27436.78,132629.0,33439,3706187761,jennifer02@example.com,330169866,330102
9e6a08af-e680-4ecd-9304-5853dc92a14c,1979-02-06,,234-89-4054,S26231672,,Mr.,Frank,,Jones,,,D,white,nonhispanic,male,North Erin MA US,04257 Owen Viaduct Suite 791,Boston,MA,Suffolk,16158,02215,57.39523,-32.272283,20211.48,12193.07,23091,342-714-0045,snydercody@example.com,330769754,330102
61f1c35c-6b70-4d7f-b919-bea5cc8c0681,1944-03-03,,725-60-1462,S77346357,,Ms.,Angela,,Benjamin,,Mckinney,M,white,nonhispanic,female,North Amy MA US,07002 Marc Throughway,Boston,MA,Suffolk,17308,02215,75.839699,175.533698,11117.12,42551.22,50929,(892)553-6734,jeffrey01@example.com,330540448,330102
27c8022f-2b4b-41d1-b943-d4fd4d4104b3,1925-04-24,,390-95-8486,S42717706,,Mr.,William,Clinton,Chandler,,,D,white,nonhispanic,male,Port John CA US,79461 Payne Circle,Oakland,CA,Alameda,18831,94609,9.651996,-83.690388,7711.51,19710.19,53316,(300)503-9635,alyssa00@example.net,050464154,050201
c4810e5a-510c-46a6-b0ae-1cad30b818c0,1973-10-14,,089-69-5209,S69279829,,Mr.,Ethan,Katherine,Brown,,,W,other,hispanic,male,East Tom MA US,9406 Sanchez Ridges Suite 604,Boston,MA,Suffolk,27325,02118,10.415973,-163.145906,42341.46,9782.38,49135,(647)617-7305x9123,xmason@example.net,050634607,050201
6ae2bb4a-10c6-44fd-b050-1cb0b79c0117,1970-01-04,,106-65-0040,S35466158,,Ms.,Angela,Steven,Davis,,,D,white,nonhispanic,female,Maryburgh AZ US,8991 Reynolds Mission,Phoenix,AZ,Maricopa,04243,85006,-45.11549,142.62701,83165.02,11743.18,25384,+1-671-890-2179x3596,amendoza@example.net,030621051,030301
7712ad5a-aeec-4a90-b814-3aff3c934de7,1957-05-13,,878-62-2960,S95482083,X52761406,Ms.,Breanna,,Green,,,,black,nonhispanic,female,East Amyfort CA US,71855 Kennedy Road,Oakland,CA,Alameda,43371,94609,-10.040847,149.550495,27530.7,16001.65,74734,461-764-0348,paige86@example.org,140544723,140401
12564fbc-b797-47f4-b52f-4db83b78dd5a,1980-05-14,,897-36-3291,S18229286,,Mr.,Mark,Alexandra,Baker,,,D,white,nonhispanic,male,West Franciscoton MA US,726 Nicole Vista Suite 208,Boston,MA,Suffolk,44488,02215,84.378051,47.856585,4665.46,4831.77,75052,836-222-1662x6965,juarezjohnathan@example.org,140384562,140401
10da862b-05c6-45eb-a27b-1b96a663c273,1967-11-23,,232-55-7781,S22514918,,Mr.,Johnny,,Grimes,,,,white,hispanic,male,South Amanda IL US,2468 Contreras Ford Apt. 161,Chicago,IL,Cook,29581,60612,-55.389666,179.675902,144730.6,16016.99,146424,(578)670-9949,chadparker@example.com,140606810,140401
6c9e1641-8a3e-473e-9f13-8ee50e575733,1963-09-04,,706-65-6606,S47903766,,Ms.,Tracey,Caitlyn,Wilson,,,S,asian,nonhispanic,female,Curryshire AZ US,635 Christopher Plaza,Phoenix,AZ,Maricopa,08120,85006,-31.794058,-46.55803,22662.31,163672.52,64863,860.967.3266,patricia85@example.org,110787613,110501
68b6f36b-cedc-4252-85cf-ef9ee822830e,1948-08-05,,107-68-8005,S31478630,,Mr.,Robert,,Moore,,,D,white,nonhispanic,male,South Christopherbury MA US,0758 Carroll Inlet,Boston,MA,Suffolk,08642,02215,45.028837,136.157869,52238.42,64567.18,35097,669.970.0042x43407,jimenezwendy@example.net,110598266,110501
0f370bf9-5b1b-4329-a464-e67b84a0272d,1952-04-19,,233-60-0498,S14092761,,Mr.,Paul,,Taylor,,,S,white,nonhispanic,male,South Javiershire MA US,08053 Bernard Circle Apt. 429,Boston,MA,Suffolk,01840,02215,-21.862084,42.596976,69466.34,10280.78,87814,(952)665-5044,sabrina01@example.org,330691841,330101
e422868c-e6f2-4bf2-aee4-1bb8c36573c4,1947-06-20,,249-92-3037,S17533705,,Ms.,Lisa,Patrick,Jefferson,,,S,asian,nonhispanic,female,Erichaven AZ US,737 Carolyn Mission,Phoenix,AZ,Maricopa,42839,85006,-88.968284,167.039041,35035.25,29431.08,47157,426.391.6014x7568,dmclean@example.org,330140159,330102
ba60ae98-dddf-43ad-9683-ecec4af3e6c7,1938-11-12,,376-76-2089,S82660599,X51899997,Ms.,Jennifer,,Bernard,,Carpenter,W,black,nonhispanic,female,Port Connie CA US,39649 Benjamin Cliff Apt. 573,Oakland,CA,Alameda,55481,94609,69.774602,-117.176776,43383.76,14637.82,30916,001-525-691-9395,patrick98@example.org,330740786,330102
2ba40565-9ff0-4840-af0a-d973380187be,1975-09-26,,586-27-4842,S91071918,X19340688,Mr.,Keith,,Murphy,,,W,other,nonhispanic,male,Jenniferview MA US,094 Hines Fords,Boston,MA,Suffolk,48336,02118,69.181112,43.315451,17868.33,6179.45,95697,(536)288-1849x58410,ricebeth@example.org,330352735,330102
07d03373-85b1-4c08-bfe2-baa23bca81c6,1986-02-19,,674-54-1876,S25462736,X48469184,Mr.,Joseph,Alejandro,Hansen,,,W,other,nonhispanic,male,Roberthaven GA US,195 Hart Gateway,Savannah,GA,Chatham,11370,31404,85.661094,-19.544605,50785.16,31865.26,184494,+1-458-374-6220x111,julie96@example.org,330858737,330102
2d102f84-0827-4557-9c24-08e39e4c2b59,1968-02-07,,221-99-7734,S98500492,,Mr.,Frank,Tiffany,Terrell,,,S,white,nonhispanic,male,East Alexander IL US,7490 Arnold Passage,Chicago,IL,Cook,37615,60612,59.875923,136.672031,5441.33,37465.06,74430,+1-670-804-6239,grantrebekah@example.net,330121246,330102
a0372e08-e40e-4aaf-9c50-ea6081f36e87,1943-12-23,,384-57-5968,S12833489,X36809045,Ms.,Brenda,Barbara,Greene,,Jones,,white,nonhispanic,female,Scottland GA US,325 Nichole Cliff,Savannah,GA,Chatham,21688,31404,-11.910789,-0.527847,74539.97,12129.97,96271,001-305-315-7534x98181,dweaver@example.org,050387044,050201
80b3773d-8a1e-42ac-9c57-58cb8cd27f6e,1970-09-26,,265-75-9007,S53350273,,Ms.,Susan,Jimmy,Fleming,,,,white,nonhispanic,female,South Ryan CA US,4343 Raven Pines Suite 836,Oakland,CA,Alameda,26250,94609,-72.059353,-86.023592,17048.78,4429.26,77974,+1-483-849-0617x16463,becky33@example.net,050439886,050201
24015495-e935-4e44-8dc3-993c8af04ffc,1970-11-02,,652-75-2425,S75756558,,Ms.,Leslie,Kelly,Ortiz,,Gonzalez,S,black,hispanic,female,East Jessica TX US,20781 Lowery Island Suite 213,Austin,TX,Travis,43013,78702,-37.16556,-147.468589,157086.24,57094.92,35346,825-830-6011,chandlerjared@example.org,140359721,140401
8c9bfa09-ca6c-49f9-bf2e-28e2d8f81053,1940-10-23,,812-37-5948,S65369453,,Ms.,Jenna,Kenneth,Turner,,,W,white,hispanic,female,Josephland IL US,81365 Walker Hill Suite 311,Chicago,IL,Cook,33882,60612,-44.023671,42.146006,18561.11,11508.48,19684,430-899-2202x7543,barbara72@example.com,140582785,140401
33904cba-2af0-4265-b4dc-0e61815acec7,1928-07-02,,163-75-7869,S59752027,,Ms.,Melinda,,Baker,,Frye,M,other,nonhispanic,female,Fordshire TX US,491 Jimmy Land Suite 596,Austin,TX,Travis,43362,78702,-61.88698,49.806847,127852.92,55585.85,23240,(282)225-8903x145,mary50@example.net,330898285,330102
7c68113e-db7b-4ac8-9db1-3149ef5880b7,1966-01-21,,550-49-8556,S89724106,,Mr.,Alan,Stacy,Harris,,,M,white,nonhispanic,male,New Ryan TX US,52547 Ali Dam,Austin,TX,Travis,55237,78702,-41.452236,115.953617,59215.15,2836.32,39028,319-699-7339x01145,qhall@example.org,330940857,330102
ac747d40-d4a3-4a95-8f18-b5f1a162a57b,1925-02-12,,215-75-8179,S83177404,,Mr.,Steven,,Wolf,,,M,white,nonhispanic,male,Davidville CA US,0036 Bolton Gateway Suite 989,Oakland,CA,Alameda,08962,94609,-59.651676,-145.222018,7191.67,11755.75,31083,001-783-256-4072x651,dgutierrez@example.com,330619505,330102
ccfd7d44-3ab8-4076-a2da-754170f84a9c,1971-07-07,,520-03-1619,S65520667,X30267724,Mr.,Tracy,Jose,Scott,,,W,white,nonhispanic,male,North Kevin MA US,4458 Jeffrey Track,Boston,MA,Suffolk,27302,02215,-1.337794,-20.038829,53016.49,9148.32,52318,822-536-4178,wilsonashley@example.net,330498178,330102
da2124b7-172f-4744-82d5-34f0d26ed433,1941-10-12,,665-50-1960,S70685710,X88093450,Mr.,Jonathan,,Mitchell,,,,black,nonhispanic,male,Faithport TX US,5263 Joshua Throughway,Austin,TX,Travis,02846,78702,0.660666,-102.164176,109571.61,84355.11,61100,204-364-2074x36362,alexandra03@example.net,330648547,330102
7b826edc-b3c6-4c89-b679-d20bbbc03e35,1949-02-16,,350-65-1256,S96933562,X60461756,Mr.,Harold,Lisa,Austin,,,D,white,nonhispanic,male,Mallorytown MA US,56386 Richard Forge Apt. 825,Boston,MA,Suffolk,55608,02118,-20.219533,72.15987,29466.1,3164.79,46013,+1-833-258-3435,emilylindsey@example.com,050345596,050201
69082f3d-8ce8-4bc3-bf0a-94c43548cf5e,1944-06-01,,562-08-3770,S12676232,,Ms.,Kelly,,Ibarra,,Carr,W,asian,nonhispanic,female,East Tiffany CA US,29513 Elizabeth Street Suite 470,Oakland,CA,Alameda,31195,94609,-8.175519,-119.850218,71848.16,13018.25,63644,(397)564-0974x874,raycarrie@example.com,050917895,050201
edf8880d-14df-4ad7-851d-379760afb552,1953-10-14,,060-58-7626,S21865233,,Ms.,Stacey,Alexis,Walker,,,M,black,nonhispanic,female,Lake Carlshire AZ US,32134 Andrews Island,Phoenix,AZ,Maricopa,16821,85006,-43.817493,-130.348288,28094.4,68844.87,96580,543-449-3759,maria38@example.com,030839420,030301
650c927e-1f73-48c4-b903-74a74d8ae7c7,2011-06-13,,503-33-5965,,,,Juan,Christopher,Miranda,,,S,black,nonhispanic,male,Griffinville GA US,84247 Amy Road,Savannah,GA,Chatham,39855,31404,-13.458593,55.482519,63564.58,3193.55,127456,+1-711-366-8134x88047,carolynholt@example.net,030914272,030301
503d27d4-8ff4-46a7-8e13-f64b0290480b,1935-02-21,,401-69-1059,S48540382,X72574966,Ms.,Jill,Loretta,Reilly,,,,white,nonhispanic,female,Amandaland MA US,990 Fleming Squares,Boston,MA,Suffolk,01476,02118,-51.578207,125.362383,37437.52,20136.73,108761,(213)574-8162x826,mikaylachan@example.com,330663006,330102
483dba6c-9916-46b4-9a6b-ae36f8724219,1992-05-13,,503-09-7007,S37452157,,Ms.,Christine,,Figueroa,,,W,white,nonhispanic,female,Laceymouth MA US,7241 Hill Drive Suite 073,Boston,MA,Suffolk,12803,02215,21.367727,-108.715455,30512.86,9615.78,29622,001-758-563-8764x69888,michaelpatricia@example.org,330593869,330102
6febd952-24b9-4fad-8a35-17fab2ab437a,1994-05-01,,806-42-4867,S50466497,X26696117,Mr.,Michael,Angel,Lee,,,S,asian,nonhispanic,male,New Jessica TX US,7307 Thomas Port Suite 441,Austin,TX,Travis,40348,78702,37.636038,33.583855,13631.74,47908.62,102093,(346)243-2408,tuckermorgan@example.com,330265498,330102
ad9ccd5f-fdcf-489d-829d-5e7901b5d83b,1967-07-30,,329-42-2163,S62472279,X95538111,Ms.,Amanda,George,Robertson,,Mcknight,D,white,nonhispanic,female,Erikaton AZ US,156 William Underpass,Phoenix,AZ,Maricopa,43273,85006,-5.682097,-56.097355,128001.37,9091.57,230715,958-206-4202x753,tammyhaas@example.com,050223554,050201
01b833b7-e3e8-4146-80be-e8362269e0f3,1969-02-19,,288-40-2524,S85350772,,Mr.,Glenn,Karen,Gonzales,,,D,black,nonhispanic,male,Patriciaview MA US,0642 James Ramp,Boston,MA,Suffolk,52076,02118,44.195407,68.437942,59967.58,109657.83,47681,001-274-746-1656,mpatrick@example.org,030929924,030301
fc3ac4dc-38cb-40b7-b16b-b4a6e78b9762,1958-04-11,,446-16-9624,S37775110,X99108449,Mr.,Stephen,Collin,Gonzalez,,,S,white,hispanic,male,Grayton TX US,168 Christopher Mount,Austin,TX,Travis,24829,78702,-83.745972,-119.629809,24311.62,7843.41,34943,+1-820-866-0619x47569,jenkinsjohn@example.net,030675404,030301
82bc4469-f50a-4aa1-a651-3e5425096efc,2004-07-30,,004-57-2564,S72502910,,Ms.,Brittany,Sandra,Diaz,,,M,other,nonhispanic,female,Danaview MA US,10165 Meyer Landing,Boston,MA,Suffolk,18055,02215,-37.27221,17.072242,7456.04,1786.48,111680,773-793-1425x66680,yreese@example.org,140699863,140401
da17fa53-57f6-40db-a473-7473cf36a1f3,1973-12-08,,148-79-9970,S46266960,X59329558,Mr.,Carl,,Torres,,,M,asian,nonhispanic,male,Whiteton AZ US,3015 Henry Road Suite 262,Phoenix,AZ,Maricopa,32718,85006,19.963116,7.228401,33971.91,29719.27,67547,+1-682-203-2914x642,gary65@example.com,140452750,140401
8c5ae222-2445-469b-8ac8-b48dead298c6,1961-04-08,,084-88-3608,S25086471,X79837969,Mr.,Jonathan,Cynthia,Davis,,,,white,nonhispanic,male,Port Jackton GA US,6646 Zavala Rapid Apt. 072,Savannah,GA,Chatham,20010,31404,6.503045,42.679923,36363.1,20175.22,46702,+1-838-268-6253x0323,mistybaker@example.com,140642899,140401
89286c79-2541-47ec-b4cb-430f757b6b88,1932-05-05,,606-59-6931,S49288674,X16040867,Mr.,Leonard,Steven,Trujillo,,,D,white,nonhispanic,male,Lovefurt AZ US,70318 Nicholas Freeway,Phoenix,AZ,Maricopa,46698,85006,-55.341701,-101.754268,28968.16,4107.49,155678,001-801-464-0495,nunezsandra@example.org,330259514,330101
75c6d9de-271f-4062-b94a-a129a22f04b3,1984-05-29,,728-39-2080,S31999741,X11781993,Mr.,Michael,,Morrow,,,,white,nonhispanic,male,Conradmouth TX US,92685 Moore Via,Austin,TX,Travis,35435,78702,38.308355,48.011537,24319.86,17772.18,35543,(618)216-7474x9947,avillegas@example.com,050782756,050201
d0e5bf1f-5006-4d7f-b98d-dcb46060a7a8,1964-02-22,,809-05-5374,S93904502,,Mr.,Michael,Kathy,Mcguire,,,W,black,hispanic,male,Lawrenceport MA US,9903 Tammy Knolls,Boston,MA,Suffolk,29388,02118,74.649501,-4.732052,9373.87,13218.15,81103,396.631.1779x2795,oray@example.net,050416203,050201
f36087ee-91ec-407e-abf4-6e9bb7b66b77,1998-01-28,,679-98-5551,S11034353,X45032778,Ms.,Colleen,,Hunter,,,M,white,nonhispanic,female,Lake Jason AZ US,758 Michael Burgs,Phoenix,AZ,Maricopa,34314,85006,-55.972287,-159.287997,29503.15,4111.89,65717,342.566.6030x3340,scottfloyd@example.net,330524734,330101
2e5a39dd-5aba-4a82-8c95-7ec148e6fa89,1926-02-10,,625-74-4935,S51434616,,Mr.,Kerry,Edward,Floyd,,,D,black,nonhispanic,male,Abigailberg GA US,30146 Steven Lodge Apt. 372,Savannah,GA,Chatham,03422,31404,-49.309976,-91.545629,29848.94,33412.49,18668,001-721-843-3776x179,rbrown@example.net,330722254,330101
805eec66-1336-49ad-a229-a28f609af5d2,1944-02-23,,636-02-4676,S28605522,,Mr.,Maurice,Elizabeth,Roberts,,,M,asian,nonhispanic,male,Reedville CA US,568 Sara Spring Suite 667,Oakland,CA,Alameda,22949,94609,22.07168,167.750707,12013.94,32676.82,20447,+1-287-420-6402x63770,davidandrews@example.org,330345100,330102
65f3da80-a729-4de7-b0dc-7a99c5ce1cac,1959-03-21,,269-99-6027,S85727318,,Mr.,Ryan,Elaine,Ward,,,D,white,nonhispanic,male,Codystad CA US,05423 Santiago Tunnel Apt. 676,Oakland,CA,Alameda,23906,94609,-40.111834,-53.791746,45564.67,34071.44,25695,899-891-5039,danielle32@example.com,050333901,050201
df049d21-1316-4eea-a934-f000e49ed972,1958-02-11,,707-63-4116,S38448542,,Ms.,Laurie,,Humphrey,,Reid,S,white,nonhispanic,female,Timothyborough TX US,46606 Wright Pass,Austin,TX,Travis,36314,78702,35.446905,141.123708,124188.59,7261.45,57820,001-564-441-5176x3607,johnny71@example.com,030114436,030301
6ec168c4-af34-471c-aea5-222e1e3694be,1974-02-27,,764-75-3482,S72845789,,Ms.,Deborah,Allison,Mcclain,,,W,black,nonhispanic,female,Katiefort GA US,2185 Tamara Springs,Savannah,GA,Chatham,52941,31404,50.277524,-114.28429,30821.79,8853.53,190863,+1-485-268-6107x7091,zrojas@example.org,030488789,030301
63fd302e-01a1-44b7-8153-4c332a167d7d,1967-10-11,,012-85-5681,S37827175,,Ms.,Veronica,Amanda,Price,,Shields,W,black,nonhispanic,female,Jasonmouth CA US,881 Wilson Freeway,Oakland,CA,Alameda,46117,94609,-45.676459,161.243664,44699.65,13645.85,40597,001-643-731-9399x3468,macdonaldkurt@example.net,140351442,140401
05328dc9-9afe-4874-b375-a9dbe2ba201e,1979-10-15,,607-81-3277,S40205504,X14050147,Ms.,Robin,Cathy,Meyer,,,W,other,nonhispanic,female,Port Patriciaview MA US,972 Robert Roads Apt. 443,Boston,MA,Suffolk,33147,02118,-69.208136,-77.569592,34453.27,8786.06,29758,001-386-711-0739,littledaniel@example.net,140732007,140401
cc1183a2-b745-479d-a214-1dc360ebca56,1940-04-12,,302-77-1502,S98945478,,Mr.,Mark,Stephanie,Drake,,,S,white,nonhispanic,male,Brooksville CA US,0182 Sara Island Apt. 110,Oakland,CA,Alameda,22152,94609,-13.307405,18.767094,9675.38,23170.64,80510,001-343-366-0008x61787,victoria08@example.net,140780963,140401
16ea838b-c05b-49fc-aeba-7e22f3b78caa,1958-01-10,,537-49-5339,S84942688,,Ms.,Rebecca,David,Stein,,,W,other,nonhispanic,female,Gonzalezmouth IL US,70013 Jacqueline Gateway,Chicago,IL,Cook,16642,60612,25.622086,-148.227599,70832.44,10601.88,60744,001-451-810-6982x0994,pollardamy@example.com,330224512,330101
49b45c69-f621-4419-8129-6c2392819a25,1985-12-22,,819-12-0088,S70047596,,Ms.,Lori,Sean,Jones,,Mora,M,black,nonhispanic,female,West Stephanie TX US,8600 Reynolds Mount Apt. 172,Austin,TX,Travis,22625,78702,29.54298,6.82958,20372.9,10487.95,25860,+1-708-342-5887,parkschristopher@example.com,330368441,330101
33ea121b-c83a-4e58-95ed-5291042fe73e,1941-02-27,,408-45-8137,S79913179,,Mr.,Brett,,Lee,,,W,white,hispanic,male,Port Derrickton CA US,81726 Amanda Forge,Oakland,CA,Alameda,28001,94609,-85.07031,-44.967226,113124.85,34626.84,128385,582.977.5762x29745,smithjuan@example.net,330981965,330101
11e0f60a-24ee-4222-bef2-a12b1a2d6e6e,1927-11-29,,866-30-3831,S28467194,,Ms.,Kristie,Scott,Lewis,,,,white,nonhispanic,female,Port Andrew CA US,37196 West Passage Apt. 265,Oakland,CA,Alameda,17216,94609,44.394489,-127.177213,7911.41,5707.27,123685,+1-214-680-6648,wendy70@example.com,330561506,330101
b194db5b-7808-4925-84e8-84a2c0cf1808,1997-08-31,,440-31-2458,S43705040,X60091502,Ms.,Kelly,Richard,Turner,,,,white,nonhispanic,female,West Shawn CA US,561 Angela Pass Suite 063,Oakland,CA,Alameda,37252,94609,36.259085,-9.150781,28344.37,5074.84,140101,001-990-429-2785x0232,kari03@example.org,330417986,330102
d501d130-fadf-4787-ad5c-1b3844c9ebc9,1978-08-26,,038-36-2471,S60670527,,Ms.,Holly,Gabrielle,Cox,,,W,black,nonhispanic,female,Adamsshire TX US,43912 Jonathan Mountain Suite 332,Austin,TX,Travis,38473,78702,79.049187,-160.240863,94794.89,4880.71,31658,317-251-6516,carolgood@example.com,050849338,050201
b0a2dc66-c9a1-4ad7-a1bb-1f7976781a2a,1982-09-30,,142-71-8834,S21004928,,Mr.,Aaron,Angela,Anderson,,,W,black,nonhispanic,male,New Robert MA US,48624 Amanda Center,Boston,MA,Suffolk,32827,02215,-88.267299,-118.339971,18617.4,34820.94,147556,220.679.3367x248,gdavila@example.com,050353665,050201
acc0d526-3cd3-4561-a938-2d21b5f42960,1943-03-03,,557-04-7059,S39779879,,Ms.,Jennifer,,Guzman,,,D,white,nonhispanic,female,East Craig TX US,043 Kirsten Manor Suite 712,Austin,TX,Travis,46947,78702,65.91825,-152.387606,32059.84,7556.89,166409,(971)817-8308,miguel75@example.com,050578318,050201
261d5858-e0c3-45c1-b374-2ed6d87627dc,1982-06-07,,465-35-8983,S55650129,,Mr.,Stephen,,Banks,,,S,white,nonhispanic,male,Taylormouth TX US,4138 Owens Overpass Apt. 184,Austin,TX,Travis,21839,78702,89.148612,-134.803778,36610.09,22076.02,22892,356-968-4063,garrettwilliams@example.com,050138655,050201
874c2024-b0d6-4875-814d-c56b90523a3a,1956-08-19,,009-83-6546,S68598429,,Ms.,Jasmine,Julie,Espinoza,,Hoffman,,white,hispanic,female,East Thomasland MA US,81971 Allen Fall Apt. 145,Boston,MA,Suffolk,26003,02215,-48.745962,-22.289988,68407.43,23564.21,38941 mg,795-986-3522,aacosta@example.org,050253006,050201
05f7cce4-1863-4ed5-8bd6-f4f33cdef4d8,1990-02-26,,614-70-9427,S96990255,,Mr.,Brian,Shelly,Marquez,,,S,black,nonhispanic,male,Curryland CA US,017 Stephanie Forges Suite 385,Oakland,CA,Alameda,07872,94609,61.187648,28.562064,33014.74,48708.77,108317,514-700-2973x035,kacevedo@example.com,030829162,030301
f5c11235-bfd6-4be6-a42d-d02957698c54,1975-03-15,,497-57-9603,S30048044,,Mr.,Dennis,Kimberly,Roberts,,,,white,nonhispanic,male,Browningstad AZ US,1148 Hughes Gardens,Phoenix,AZ,Maricopa,02397,85006,-4.254727,131.894142,26981.19,8690.82,34680,237-287-1042x717,raymondwyatt@example.net,030350552,030301
e603703b-c09f-49c0-a14d-48befc3d264e,1986-05-22,,749-57-4714,S48076961,,Ms.,Ashley,,Hill,,,W,black,nonhispanic,female,Lake Michellechester CA US,5491 Grant Underpass Apt. 866,Oakland,CA,Alameda,01204,94609,-51.243663,103.901761,7364.92,24467.78,51897,+1-424-471-3357x552,gerald27@example.com,140823225,140401
7a214e90-c949-40ad-936c-56768a35418a,1955-08-18,,021-43-9126,S99062405,,Mr.,Cory,,Holland,,,D,other,nonhispanic,male,Kirkburgh MA US,83944 Davila River,Boston,MA,Suffolk,29181,02118,79.07499,28.477101,33244.8,15638.57,56242,(521)588-7377x78242,marktucker@example.org,140422721,140401
aca2c7b6-335d-4e08-a7d2-cebb981cd28d,1986-12-29,,634-51-3010,S86250870,,Mr.,Thomas,Patrick,Russell,,,M,white,nonhispanic,male,Tinaborough GA US,2594 Malone Ways Apt. 396,Savannah,GA,Chatham,40635,31404,-62.128173,-116.601629,35139.86,26845.75,46419,221.348.0235,hharris@example.com,140803101,140401
8b90448b-eaa6-4728-aacb-92c7b959005b,1981-01-09,,310-88-0510,S23761910,,Mr.,David,Derek,Griffin,,,S,other,hispanic,male,East Melindachester AZ US,7187 Hernandez Field,Phoenix,AZ,Maricopa,39996,85006,-25.639655,162.801904,12328.31,10978.06,65476,607.951.5800x82786,rileyamanda@example.com,110896122,110501
b77c3699-e34d-463b-add0-04174bcd2c46,1927-09-29,,235-34-5865,S96019846,X12202185,Mr.,Ethan,,Gallagher,,,D,other,nonhispanic,male,Garrettfort MA US,3548 Davis Lights,Boston,MA,Suffolk,54129,02118,-14.631107,174.640057,46281.69,7890.05,29133,(436)986-3634x76277,masonangela@example.com,110756486,110501
e3392933-fe77-49d5-b45f-fe6a34c16f5e,1950-04-30,,284-51-8904,S95322666,X92416882,Ms.,Elizabeth,Mary,Franco,,Morris,W,other,hispanic,female,New Lindseyburgh CA US,46430 Diane Forest Suite 988,Oakland,CA,Alameda,03219,94609,-76.981807,34.672107,13496.35,14447.7,51210,985-274-3059,jeremyjohnson@example.com,330952409,330101
d44c47c7-4adc-4f07-8bd5-ec5ce5e90f29,2006-11-03,,402-24-4400,S10556525,X37963206,Ms.,Cathy,,Sanchez,,,D,other,hispanic,female,East Kristenborough TX US,562 James Prairie Suite 589,Austin,TX,Travis,54489,78702,85.356584,-133.834472,23867.58,83218.07,184815,205-579-9611,kingamanda@example.org,330317303,330101
0ad485a8-3b3a-406f-880c-09d32a4682e3,1929-10-29,,862-66-9114,S27059610,X60628855,Ms.,Brittany,Carlos,Holmes,,,S,other,nonhispanic,female,Marthaburgh MA US,8013 Erica Plaza Apt. 314,Boston,MA,Suffolk,29391,02215,25.442238,150.633815,40961.26,83361.77,55625,380-671-4878x513,lynchamber@example.net,330152193,330101
d718cc05-b968-4a80-ba40-df0f2d519607,1936-05-04,,122-61-8691,S86032018,X66762370,Mr.,Philip,Christine,Hensley,,,,white,nonhispanic,male,Bettyport MA US,734 Timothy River Suite 111,Boston,MA,Suffolk,05438,02118,-53.492427,-103.669036,31170.33,6176.1,16000,+1-371-282-5883,jeremy99@example.org,330445998,330101
3dd7a221-0967-4b38-b5f2-95b281b4a65e,1993-08-23,,858-13-1053,S23107436,,Ms.,Kayla,,Vance,,,S,asian,hispanic,female,Andersonhaven CA US,423 David Ferry Apt. 922,Oakland,CA,Alameda,05023,94609,-71.749593,-103.99185,115551.58,2904.23,44189,(740)849-3968x6744,bmclean@example.net,330483915,330101
1c289f03-a799-4c8d-af51-fea7ef7e1098,1984-02-24,,414-71-6469,S61893596,,Mr.,Jonathan,James,Hart,,,D,white,nonhispanic,male,Port Lisafurt TX US,16825 Lester Ports,Austin,TX,Travis,47432,78702,-52.142683,73.706077,17033.64,14323.72,79862,+1-481-613-5346x48832,johnstonaaron@example.com,330129314,330101
4fe0cb2d-9f2d-46ab-806e-3755b556d8b9,1967-04-21,,695-31-3472,S85929373,X91606510,Ms.,Elizabeth,Christopher,Myers,,,W,other,nonhispanic,female,Lake Angie MA US,244 Larry Stravenue Suite 667,Boston,MA,Suffolk,42591,02118,-1.782968,-133.081459,91945.16,30506.44,20137,+1-530-495-5992x9245,vcarr@example.org,330200461,330102
daeb1914-a823-4fda-9fba-35c29deaa493,1939-08-22,,490-13-9329,S22829086,X96248978,Ms.,Susan,,Higgins,,,M,white,nonhispanic,female,Jefferyland TX US,807 Cordova Plaza,Austin,TX,Travis,19150,78702,57.083697,-90.478893,164458.24,14145.13,29548,001-796-321-7093,courtney29@example.net,330439742,330102
876830b0-6837-479f-86c6-0761dd104024,1954-07-06,,549-36-9829,S94555005,X77982636,Mr.,Andrew,Jamie,Martin,,,W,black,nonhispanic,male,Port Denisefort MA US,908 Bush Alley,Boston,MA,Suffolk,26332,02215,-69.967395,87.610476,84738.65,70687.97,12943,(243)941-8234x98171,denisepineda@example.org,330556438,330102
76b79615-9a60-409f-88a9-1aff8deed4ea,1970-06-25,,720-58-9464,S27389303,X27330188,Mr.,Elijah,Laura,Rojas,,,W,black,nonhispanic,male,Lake Waltershire AZ US,1570 Jackson Spring Suite 356,Phoenix,AZ,Maricopa,35753,85006,67.293481,-154.97451,79779.69,48661.69,43198,592-233-1202x3984,ekelley@example.com,330338822,330102
f4df9468-d27e-4d4a-9042-685086f3efad,1964-01-09,,124-57-8739,S78080333,,Ms.,Erin,Ryan,Young,,,,white,hispanic,female,Claymouth IL US,16834 Stephen Course Suite 091,Chicago,IL,Cook,30335,60612,81.673783,5.48712,26003.39,18583.07,64378,(684)962-7245x762,gclark@example.com,050399607,050201
4a5b0054-e2d3-4731-b349-1b4362ec02d1,1960-01-16,,397-18-3698,S80519710,X18187967,Mr.,Derek,,Shaw,,,M,black,nonhispanic,male,Wardport IL US,885 Guzman Pines,Chicago,IL,Cook,41092,60612,16.297752,-155.712127,125807.55,10686.41,29965,456-519-7697,iwatkins@example.net,050284788,050201
69516519-28bd-45c7-af27-1601cd6e5ed3,1993-12-25,,563-79-5928,S95893294,,Ms.,Jessica,Alexandra,Orozco,,,,white,hispanic,female,Port Michaelside AZ US,67173 Gail Pass,Phoenix,AZ,Maricopa,46202,85006,83.879889,-118.31277,5270.42,2343.67,53520,7738228158,andrewherrera@example.com,050409091,050201
52a885af-63fa-4b5c-98c4-6e1facc87687,1971-08-08,,348-34-2434,S69405009,,Ms.,Vickie,Tracy,Johnson,,,M,white,hispanic,female,Aprilburgh MA US,7237 Gomez Camp,Boston,MA,Suffolk,29376,02118,19.462295,-140.341253,8892.82,2334.31,42848,001-649-491-3557,nataliewilson@example.net,030138866,030301
cde29d9c-9a1f-400a-95ae-0cd1fde0f677,1977-01-01,,540-38-7773,S30955474,X49805065,Mr.,Brandon,James,Anderson,,,W,white,nonhispanic,male,Howardton MA US,338 David Way,Boston,MA,Suffolk,48243,02215,85.436474,-13.884487,60801.0,17215.91,25692,403.833.7576x2725,cgarcia@example.com,030571697,030301
aa65174d-4286-4275-9d9f-747b59463c23,2026-03-13,,823-86-1036,,X40875617,,Deanna,Tyler,Mcbride,,,M,white,nonhispanic,female,Russellburgh MA US,5871 Jeff Corner,Boston,MA,Suffolk,38024,02118,12.260825,-73.109947,53774.04,5268.97,121913,001-670-976-5400x97881,xhamilton@example.com,140492120,140401
29c9e671-c11d-4f73-87df-c74d1ee0f12f,1958-09-11,,127-02-1898,S33079067,X92878604,Ms.,Lisa,,Ortiz,,,M,white,nonhispanic,female,Lake Joyport AZ US,006 Matthew Cove Apt. 781,Phoenix,AZ,Maricopa,01670,85006,-7.646198,71.262368,128081.34,52030.29,52386,292.486.6279x98229,jessica56@example.com,110800868,110501
27e6f04e-a712-4120-81fa-0f9011a618d9,1976-10-11,,869-21-7743,S98538314,,Ms.,Mary,James,Rodriguez,,,,asian,nonhispanic,female,Petersfurt CA US,6302 Maddox Drives,Oakland,CA,Alameda,38789,94609,-26.497765,-78.814563,24144.35,5270.7,75715,(864)807-6621x4551,jameswright@example.com,110973273,110501
9b4252be-7002-40e9-98fa-aa1adef0dcb9,1933-12-16,,389-47-1519,S59363443,,Ms.,Krista,Jordan,Welch,,Robertson,M,white,nonhispanic,female,Woodport AZ US,96535 Steven Groves Apt. 133,Phoenix,AZ,Maricopa,45756,85006,28.70609,150.998959,18050.08,17718.04,36726,001-733-755-6712x8906,brownamber@example.com,110243811,110501
574f5ed3-9451-49e3-bf8b-868232b53dd4,1967-09-30,,531-12-0192,S65975616,X16066236,Ms.,Cheryl,Matthew,Lewis,,,M,black,nonhispanic,female,Davidland CA US,177 Gomez Road Suite 828,Oakland,CA,Alameda,41649,94609,7.496936,101.010068,220572.86,4683.18,38182,691-986-2906x5940,glorialewis@example.net,330938127,330101
73641927-925a-4cb3-8780-8ef49b568806,1973-04-03,,439-32-4216,S64499816,,Mr.,Shane,Jacob,Coleman,,,M,asian,nonhispanic,male,Port Ivanton AZ US,3759 Williams Pine Suite 972,Phoenix,AZ,Maricopa,07066,85006,53.588482,-103.403628,36464.87,26309.54,93135,269-538-0622x1775,ufarmer@example.org,030783907,030301
b456c1a3-b884-4a86-983b-2c0abf611836,1956-12-23,,312-50-5913,S40082997,,Ms.,Rita,Michele,Tran,,Maxwell,D,asian,nonhispanic,female,Michellemouth MA US,263 Smith Trafficway Apt. 601,Boston,MA,Suffolk,38074,02118,-11.268245,-21.677417,24017.53,3203.53,14423,677.511.8441x13797,sharonjohnson@example.com,030694650,030301
0d9d2377-1bc9-410f-88f3-93e25af0d8dc,2010-05-17,,172-77-8010,S71335975,X52867008,,Tiffany,Shelley,Greene,,,,other,nonhispanic,female,Gallegosfort MA US,558 Morris Loop,Boston,MA,Suffolk,43751,02118,60.222313,142.520584,134192.96,40851.13,139428,+1-783-633-0969x959,erica85@example.com,030211138,030301
1223471b-9c52-408b-b75f-620b3bee8e15,1960-03-09,,485-64-9678,S74382591,,Mr.,Noah,,Johnson,,,,black,nonhispanic,male,Williamstad AZ US,8586 Cantu Springs,Phoenix,AZ,Maricopa,46624,85006,-55.304631,130.609006,142108.1,3007.37,252077,9455756173,kfernandez@example.org,330388436,330101
056aa552-ee3f-43f7-baa7-30c1d01aaa87,1978-06-10,,835-68-5443,S92220430,X81074322,Ms.,Tammy,Belinda,Bell,,,S,asian,nonhispanic,female,Jamesfurt MA US,01704 Hensley Wall,Boston,MA,Suffolk,34894,02118,-15.089823,-21.722626,51156.42,13851.96,75286,316-250-3816x8236,john57@example.net,330913410,330101
ce1e8803-8b2a-46b0-b636-c69b03189b59,1979-03-17,,290-04-5452,S42972295,,Mr.,Tony,,Garrison,,,M,asian,nonhispanic,male,Lake Christopher CA US,90430 Floyd Highway Suite 143,Oakland,CA,Alameda,26166,94609,23.141534,2.718885,31474.18,17717.24,23339,4858322764,mkeller@example.net,330619261,330101
b2302e1e-5a24-4385-901f-4b4105c3db1a,1981-03-14,,041-25-2107,S44450928,X54657857,Ms.,Marie,Alejandro,Long,,Robinson,W,asian,nonhispanic,female,New Jennifer TX US,2062 Roman Route,Austin,TX,Travis,50601,78702,55.516463,-83.793125,21472.12,8127.65,70841,(439)307-1280,wilsonamy@example.com,330773722,330101
8ba36fbd-8fbd-45c8-b9e5-e3c993a3f462,1952-05-07,,277-61-8960,S10098600,,Ms.,Melissa,Becky,Moran,,Thornton,D,white,nonhispanic,female,South Codyburgh TX US,7577 James Pass Apt. 412,Austin,TX,Travis,19784,78702,-12.72768,-29.770711,19740.19,103930.93,33619,276.661.0340,fmiller@example.com,330762684,330101
70e9ea8c-528b-4b22-b214-0c60f2c8881b,2007-10-20,,211-03-9585,S41974965,X75534624,Ms.,Tammy,Brenda,Vasquez,,,S,black,hispanic,female,Lake Shaunburgh MA US,1061 Tammy Trafficway,Boston,MA,Suffolk,54666,02118,54.570295,143.302514,149452.12,8492.72,84954,328-366-1725,tmartin@example.org,330790040,330101
2e145933-608c-46e4-87fe-ff37d712307d,1952-01-22,,113-21-7213,S88284323,,Ms.,Laura,Dakota,Stephenson,,,W,white,nonhispanic,female,South Gregoryshire CA US,677 Melissa Corners Apt. 130,Oakland,CA,Alameda,46934,94609,68.060501,83.622714,46468.16,20091.08,60516,(496)342-0572,znicholson@example.org,330193050,330101
c67e74d4-7a8d-4801-8bb2-63be7feeafb3,1975-08-18,,201-20-3197,S35332556,X67524761,Ms.,Samantha,Andrew,Barry,,,,black,nonhispanic,female,Sophialand AZ US,105 Tony Inlet Suite 550,Phoenix,AZ,Maricopa,16751,85006,34.537877,10.873352,11339.05,18208.09,61327,001-390-395-8878,maciasryan@example.org,330989353,330102
8e33df49-d582-43e8-99f0-b983dd360bae,2001-08-20,,421-96-4927,S39563883,,Mr.,John,,Bennett,,,S,white,hispanic,male,Patriciaborough AZ US,09033 Miller Corners Suite 865,Phoenix,AZ,Maricopa,10932,85006,80.665581,30.036961,34790.68,4288.84,32438,530.437.8856x24923,wendy10@example.com,330701893,330102
7303ef1f-eea2-44e2-8d9c-e65fc8b17539,1989-11-17,,563-99-8420,S31180511,,Mr.,William,Mary,Thomas,,,M,white,hispanic,male,Port David MA US,30806 Terry Haven,Boston,MA,Suffolk,52535,02215,-58.294956,3.093756,104243.32,22951.39,26298,(755)267-0448x113,zbooker@example.org,330878290,330102
932c7f9a-9e8a-482e-829f-9ffdf1ca6851,1950-04-04,,636-46-2927,S75959904,,Mr.,Peter,Diana,Sullivan,,,D,black,nonhispanic,male,Cooperfurt MA US,61474 Lopez Harbor Apt. 158,Boston,MA,Suffolk,12711,02215,-77.367084,-140.618422,75056.04,27689.68,125790,(350)791-7668,virginia21@example.net,330703959,330102
8b2e31f8-327d-43c3-82d1-2d12be6b2218,1925-07-04,,274-09-5383,S46974832,,Ms.,Brittany,Nathaniel,Garcia,,,S,black,nonhispanic,female,Lake Nicholas IL US,933 Amanda Mission Apt. 688,Chicago,IL,Cook,17829,60612,13.882549,40.204369,26441.33,58187.22,92587,2815109260,bensonjamie@example.net,330175904,330102
80a76953-85fd-4dde-bbf1-2a5a56f01506,1949-05-09,,812-05-4763,S13772588,X75393643,Mr.,Scott,Linda,Buchanan,,,,white,nonhispanic,male,North Debbiefort TX US,570 Joseph Parkways,Austin,TX,Travis,50199,78702,-72.746079,-94.647513,22828.88,22457.24,46428,+1-834-980-9952x7232,erik08@example.net,050881649,050201
e1c3b293-a011-400d-9bac-880a025079fd,1970-08-16,,549-01-7587,S92765863,X84402739,Ms.,Pamela,,Chavez,,Graham,W,white,hispanic,female,North Rickborough MA US,756 Courtney Ports,Boston,MA,Suffolk,21861,02215,-45.060308,-62.422289,27280.76,15747.26,126316,001-235-743-9478x67585,josecardenas@example.net,050633653,050201
319697a4-06f8-4b5c-acfc-6712a8138619,1983-02-04,,470-99-2565,S86140676,X91472224,Ms.,Susan,Drew,Matthews,,Butler,,white,nonhispanic,female,East Alexisburgh MA US,728 Phillips Mountains,Boston,MA,Suffolk,34307,02215,-49.033794,21.487971,214945.29,1508.0,59502,001-877-525-6587x6094,millermichele@example.net,050118498,050201
6fd93bbe-a4da-4553-9dc8-0a96d235d99c,1992-03-31,,493-42-3220,S72585504,,Mr.,Jose,Amanda,Castillo,,,,white,nonhispanic,male,Timothyview TX US,8426 Ronnie Road,Austin,TX,Travis,35483,78702,84.244987,102.606993,18387.73,14131.45,48753,633-949-3868,smithbrenda@example.net,050297606,050201
6eb49581-85c9-407c-9963-67fbff60840b,1964-05-21,,850-20-5475,S95165941,,Ms.,Kimberly,Andrew,Brown,,Andrews,M,other,nonhispanic,female,Garrisonside MA US,683 Todd Causeway,Boston,MA,Suffolk,06479,02215,42.92801,102.2881,103824.81,71222.75,52481,001-975-282-8948x2269,lkirk@example.org,030759184,030301
a31e2258-1744-4790-a5cf-fcde180a46bc,1992-05-08,,089-68-8515,S86714602,,Ms.,Lisa,Grace,Cortez,,Jenkins,W,black,nonhispanic,female,North Nicole GA US,40267 Berg Orchard Apt. 675,Savannah,GA,Chatham,04362,31404,-86.697074,10.480966,38128.86,23400.23,23900,358.506.3620,marcusgutierrez@example.net,030217551,030301
18f6f13d-4468-4f50-a2b6-32e057417bef,1961-08-10,,160-15-0528,S13667968,,Ms.,Meagan,Kristy,Mcconnell,,Nunez,,white,nonhispanic,female,West Bobbybury TX US,6117 Barrera Valleys Suite 878,Austin,TX,Travis,33538,78702,56.516413,-14.682567,21991.25,4672.02,142936,+1-456-592-2847,anthonyhoffman@example.net,030843183,030301
6db64c8c-69b8-4df5-aa1f-219af9b9acbe,1960-05-23,,825-47-7526,S93987162,,Mr.,Benjamin,,Baldwin,,,W,black,nonhispanic,male,Lake Aaron MA US,566 Jasmine Courts Apt. 059,Boston,MA,Suffolk,45254,02215,19.891116,111.918211,54178.2,10392.77,61090,+1-894-930-9610,fpham@example.net,030437828,030301
f125457e-3912-4c26-bede-7e685b1e51e8,1951-07-27,,741-07-4245,S88079648,,Mr.,Thomas,Nicholas,Ward,,,W,other,nonhispanic,male,South Brittany AZ US,837 Chavez Village,Phoenix,AZ,Maricopa,36411,85006,15.992772,68.87775,23663.59,19490.69,54377,(255)953-7780,bryan37@example.com,030954274,030301
1acfba33-eb14-4818-9d35-6b8b2e88acc6,1962-08-19,,680-74-6209,S93023258,,Mr.,Christopher,Gregory,Molina,,,M,white,nonhispanic,male,Blairtown GA US,81268 Holly Road,Savannah,GA,Chatham,05479,31404,-6.535093,-131.067185,42440.33,24022.26,45003,5347504719,garyfuller@example.com,030368598,030301
f184aa8c-5324-4333-82ad-41bc5ddfb692,1998-05-26,,583-28-5650,S41371442,,Ms.,Sarah,Michael,Peterson,,,W,white,nonhispanic,female,Burtonbury MA US,515 Kelly Falls,Boston,MA,Suffolk,40200,02215,-55.875638,-12.441104,74070.93,62583.22,49933,7425150257,hodgesaudrey@example.net,030714123,030301
c9ae5e8b-437f-462c-a36b-b8080a64f4a7,1929-06-18,,253-56-7324,S68686899,,Mr.,William,Cassandra,Garza,,,W,white,nonhispanic,male,Hicksville MA US,51439 Brittney Row Apt. 117,Boston,MA,Suffolk,53895,02215,-54.010758,24.261457,19816.44,11122.11,72668,+1-706-680-2381x407,cgriffith@example.org,030606855,030301
ba8b8645-6819-4c48-aef0-84d9fe1be8d6,1974-04-09,,681-96-5640,S87797126,,Mr.,Brian,,Martin,,,,white,nonhispanic,male,Emilyton IL US,1823 Johnson Street Suite 083,Chicago,IL,Cook,36493,60612,14.926761,-160.432373,22212.52,24400.31,24249,+1-397-371-3193,ccamacho@example.com,030809449,030301
6657e271-3c59-46bc-a0f0-e4d2a4211293,1960-11-02,,156-75-5780,S63464125,X76656784,Mr.,Franklin,Brenda,Fleming,,,M,asian,nonhispanic,male,Port Michael MA US,174 Martinez Forge,Boston,MA,Suffolk,49553,02215,-81.631437,54.048162,41620.09,15946.18,79312,995.974.6007x098,ogarcia@example.com,140617610,140401
6c0a689f-d253-4667-8f13-4738751949b8,1992-07-05,,827-95-5240,S80747623,,Ms.,Alicia,Bobby,Young,,,D,other,nonhispanic,female,New Lori TX US,841 Kara Mountain Suite 448,Austin,TX,Travis,14116,78702,-54.866107,45.343678,14421.6,17644.62,24240,001-427-693-9456,mark02@example.com,140257300,140401
25af56d6-b69f-4a71-b4ab-c94ddf36b1f7,1945-03-19,,807-15-8873,S40260943,X37421962,Ms.,Doris,Jimmy,Wilson,,Stanley,W,white,nonhispanic,female,Howellland GA US,0488 Brenda Rest Suite 970,Savannah,GA,Chatham,13202,31404,-8.356506,98.471194,13214.81,12794.55,26751,(276)689-0833x061,mindy29@example.net,110440945,110501
ebbbeee2-e20f-49eb-8d9f-9e131c544fa9,1945-06-28,,150-63-8563,S21054238,,Mr.,Edward,Breanna,Russell,,,M,white,nonhispanic,male,Lake Elizabethview MA US,64339 Susan View,Boston,MA,Suffolk,25125,02215,50.974613,-103.472237,44747.66,68911.02,27103,517.432.4464x38881,xlester@example.com,330421181,330101
69d34915-5924-4ba5-93ab-42d5129edeeb,1975-11-19,,446-11-2889,S56047412,,Ms.,Kayla,,Davis,,Frye,W,white,hispanic,female,West Michaelfort IL US,01935 Matthew Pass Suite 126,Chicago,IL,Cook,41146,60612,5.612546,35.018753,23387.28,21255.37,28975,(227)494-9979x53916,dustinyoung@example.com,330562128,330101
46bd605c-9ebc-4e67-95c4-105e7789ac40,1966-07-15,,623-80-8546,S92158008,,Mr.,Jason,Tami,Wood,,,S,white,nonhispanic,male,New Mollyfurt GA US,80983 Smith Plains Apt. 729,Savannah,GA,Chatham,15461,31404,68.31327,151.441248,33880.32,3529.64,50739,819.208.2079x2289,lalvarez@example.org,330630540,330101
7b2477c4-c61d-4c3f-831a-a2f106e18b47,1982-02-13,,022-82-9199,S34980614,,Ms.,Tracey,Brooke,Rivera,,Schwartz,W,white,nonhispanic,female,New Robertville GA US,639 Peterson Green,Savannah,GA,Chatham,25894,31404,42.908091,-154.336053,49531.49,28201.26,30857,+1-914-678-2525x784,kvargas@example.org,330973167,330101
6cd87547-5146-4653-a7cc-7e903c9c6a29,1980-04-27,,752-65-2884,S34476230,,Ms.,Yvette,,Harris,,,M,black,nonhispanic,female,South Kyle CA US,30512 Hartman Fort,Oakland,CA,Alameda,01162,94609,-7.612765,-143.090731,179086.2,7398.16,57633,834.685.3232,daledawson@example.net,330913286,330102
2d941951-844f-44af-9599-627c74cf2fd9,1946-11-02,,183-43-0297,S90965330,X54093397,Ms.,Elizabeth,Rachel,Berry,,,W,other,nonhispanic,female,Stevenbury MA US,10559 Jonathan Roads,Boston,MA,Suffolk,42351,02215,-79.832933,136.022553,65903.05,12910.46,49376,(522)503-1055,joshuafletcher@example.com,330775357,330102
cad58848-9adb-4e55-9d83-14e7e45190cb,1935-03-13,,011-33-4770,S53067553,,Ms.,Shannon,,Giles,,Young,W,asian,nonhispanic,female,West Bryceborough IL US,46750 Brandon Pine,Chicago,IL,Cook,20050,60612,-25.24943,-31.767219,35257.16,3600.27,21575,547.601.6301,bconner@example.net,330840296,330102
500e8374-77c8-4298-a602-b8ea4ce27c04,1944-09-04,,281-13-8038,S50801098,,Mr.,Zachary,Christian,Perry,,,,black,nonhispanic,male,Reeseton MA US,039 Allen Harbors,Boston,MA,Suffolk,53569,02215,-72.779486,73.900477,9928.12,2353.11,169935,450.262.0639x800,beckerthomas@example.com,330523782,330102
72e92769-8baa-45c2-b8c3-c0582008ee1c,1974-11-27,,415-12-0475,S50616058,,Mr.,Aaron,Miguel,Collins,,,W,asian,nonhispanic,male,Hamiltonside AZ US,98319 Joseph Forges,Phoenix,AZ,Maricopa,27264,85006,-57.746829,-177.691304,15497.06,17721.27,14623,948-819-0536x33140,robertsonsharon@example.com,330367208,330102
642603e5-cdf8-463d-bffa-29f317afeea9,2003-03-25,,821-72-9373,S81764281,,Mr.,Jacob,,Smith,,,S,black,nonhispanic,male,New Ashley MA US,498 Barr Locks,Boston,MA,Suffolk,25651,02215,27.673071,125.357582,12944.29,14817.71,90971,001-256-551-8457x76201,darrell63@example.net,330254166,330102
4d9c9e4e-91e0-4c68-bd5f-2fff3dac8839,1966-08-25,,115-85-6375,S84404003,,Mr.,Thomas,,Castillo,,,W,white,nonhispanic,male,North Josephstad CA US,4977 Thompson Square Apt. 450,Oakland,CA,Alameda,15571,94609,86.984291,-5.240506,33388.94,17673.9,55686,216-461-3244,christopher81@example.org,330730092,330102
a4c41162-c557-4ff4-91f7-ce15a9a43fb4,1940-05-06,,459-23-2304,S25307474,,Ms.,Cindy,,Grant,,Gallagher,D,white,hispanic,female,North Angelamouth AZ US,91116 Patterson Walk,Phoenix,AZ,Maricopa,55153,85006,28.235941,-137.104534,37080.44,33359.24,24533,297.347.2895,sextonjulian@example.org,330842188,330102
f5f78f31-cafa-48b9-92cf-e6629f60711f,2003-10-28,,656-97-8897,S63852111,,Mr.,Roger,,Watkins,,,,black,nonhispanic,male,Jessicaport CA US,223 Gibson Cove Suite 340,Oakland,CA,Alameda,48525,94609,7.823086,120.299286,15081.55,74240.48,46258,001-842-374-3675x561,rmcdonald@example.com,330723795,330102
84ed3230-8de8-4f55-8b9a-2369c69b2d3b,1996-09-13,,547-33-1425,S65480192,,Ms.,Tara,,Bauer,,,M,white,nonhispanic,female,New Jared MA US,340 Nicole Gateway,Boston,MA,Suffolk,47165,02118,-77.383214,-177.62369,37350.27,28269.3,33240,6676517065,andrew74@example.org,050717489,050201
92074e52-0e6b-47ab-81c5-8f9d58a7fa9a,1978-08-28,,396-19-6919,S41310225,X65106717,Ms.,Michelle,Ashley,Wagner,,,D,white,hispanic,female,North Matthewville MA US,66580 Lauren Street Suite 209,Boston,MA,Suffolk,28860,02118,-78.395335,-108.793934,7274.19,6891.0,52258,(666)357-4242x97926,ebecker@example.com,050640621,050201
530dddaa-de5a-4b27-9886-9a31d30221d8,1945-01-02,,784-15-1228,S16391974,,Ms.,Deborah,,Johnson,,,M,white,nonhispanic,female,Jimmyhaven MA US,566 Torres Shores,Boston,MA,Suffolk,11440,02118,83.714129,118.687075,34539.33,7755.4,26372,494.918.3313,bwalter@example.com,050243004,050201
99875789-c035-41ce-a07a-87bbee9f9276,1953-05-21,,544-53-3852,S58999960,,Mr.,Tyler,Jerry,Martinez,,,,asian,nonhispanic,male,Collinsfurt CA US,21127 Robinson Lodge Suite 958,Oakland,CA,Alameda,23863,94609,-73.056222,-22.615821,4695.46,52113.68,56845,(516)854-4818x1858,agray@example.net,050588729,050201
b0182285-9f4e-4136-8811-155b1d198e81,1967-07-29,,527-97-8431,S93450939,X50769331,Mr.,Dennis,,Bennett,,,D,other,nonhispanic,male,West Joe IL US,727 Brandon Ramp Suite 832,Chicago,IL,Cook,51661,60612,-45.234654,-122.214072,11083.87,17607.21,48804,747-997-4865x446,douglas38@example.net,050920769,050201
9aee9545-a879-4592-bf41-e5d2d6e43b4f,1968-07-01,,839-95-5615,S21069858,,Ms.,Elizabeth,,Carpenter,,Miller,S,native,hispanic,female,New Diana IL US,958 Philip Springs Suite 262,Chicago,IL,Cook,08677,60612,-2.957768,43.039967,38542.01,49028.45,25611,+1-445-498-2412x5033,rjohnston@example.com,030762545,030301
eab732a0-a169-4932-a9a2-0b162815dc77,1968-11-13,,533-83-9758,S89895170,,Ms.,Laura,Michael,Baker,,,M,white,nonhispanic,female,New Catherineside IL US,951 Lewis Lane Suite 777,Chicago,IL,Cook,42347,60612,67.404613,-81.190966,21132.07,8094.79,58064,(523)334-9860,danielrogers@example.com,030103747,030301
daaee6c4-50e2-446a-9746-e330f816a311,1989-02-06,,098-23-4548,S23403713,,Mr.,Tommy,,Clark,,,D,black,nonhispanic,male,North Carolchester MA US,617 Spencer Via Suite 233,Boston,MA,Suffolk,23748,02215,21.164381,130.37318,94246.59,1235.88,66755,692-731-5191,owalls@example.org,030121207,030301
cdede916-aba2-48b2-8959-49a0b63c12c1,1971-08-31,,881-77-1847,S33311411,,Ms.,Bianca,,Baker,,,W,white,nonhispanic,female,New David TX US,51349 Garcia Summit Apt. 050,Austin,TX,Travis,37756,78702,-68.647407,-101.427683,49890.0,7275.1,17095,783.337.5353x9158,markwilson@example.org,030676271,030301
27602acd-dc5c-49ef-bcb2-41d55e119402,1973-02-04,,805-71-9420,S23729415,,Mr.,David,Angela,Howard,,,M,white,nonhispanic,male,Kaitlynburgh CA US,9359 Bishop Ports,Oakland,CA,Alameda,26440,94609,-3.145374,145.620636,134308.78,15650.31,20140,+1-522-449-5958,andrew10@example.org,030506809,030301
3d342b47-c432-46a0-99bd-3659aae8145c,1950-08-28,,289-89-8298,S38840465,X55920807,Ms.,Carmen,,Patterson,,,S,asian,nonhispanic,female,South Ericamouth IL US,585 Erica Well,Chicago,IL,Cook,25171,60612,-82.983637,-139.715613,101382.28,10938.79,74935,930.999.5964x097,nathan10@example.com,030595290,030301
b57dec72-cf2d-4401-865c-8f6fb564dd33,1957-03-26,,052-57-9849,S95552887,,Mr.,Jacob,Eric,Jackson,,,D,white,nonhispanic,male,Thompsonmouth MA US,93760 Joseph Heights,Boston,MA,Suffolk,12808,02215,-1.417508,21.075837,18062.1,17154.56,39415,001-986-480-4512x60319,sstanley@example.net,140782729,140401
7c1ced16-1e74-46ee-bdd4-5fb4259ddb34,1953-09-22,,481-99-9534,S66744522,,Ms.,Erica,Lori,Bass,,,D,white,nonhispanic,female,Michaelstad IL US,759 Williams Park Suite 443,Chicago,IL,Cook,44687,60612,-88.478345,-51.140296,29011.37,94473.5,48349,+1-508-271-0283x617,colleen30@example.org,140824761,140401
5d42c02d-4378-4311-89a9-7f00a159083c,1950-12-05,,776-27-8934,S90359273,,Mr.,Joseph,David,Young,,,S,black,nonhispanic,male,Antonioport CA US,7618 Austin Manors,Oakland,CA,Alameda,50347,94609,67.771391,-8.034615,26266.43,8020.8,78721,001-420-348-2954,xcampbell@example.org,140417351,140401
ce78f852-92ac-4e47-b629-6df4eaed8ca5,1962-07-07,,714-47-0761,S84594900,X37162479,Ms.,Jennifer,,Smith,,,M,black,nonhispanic,female,Karlmouth IL US,301 Rebecca Unions Suite 296,Chicago,IL,Cook,10595,60612,81.22415,87.687623,23241.38,38880.91,54518,781-431-2849x859,johnsonmichael@example.net,140825765,140401
cd135691-6d06-4029-b985-c5edbf537c09,1943-04-07,,892-08-4267,S61768140,,Ms.,Ashley,,Gonzalez,,,W,white,nonhispanic,female,Bensonmouth GA US,939 Lewis Lodge Apt. 321,Savannah,GA,Chatham,12572,31404,-55.408658,46.138089,152015.39,10163.81,22224,919.210.2790x940,reeveslisa@example.org,140334578,140401
ab0689f0-f692-495d-b24d-c5f5fcd6944e,1950-04-27,,494-48-9722,S60249438,,Ms.,Jean,Jason,Roman,,,S,other,hispanic,female,Ericport MA US,8560 Vance Lights,Boston,MA,Suffolk,34603,02215,-3.375887,-39.67205,83002.44,16110.61,89066,6506472347,nmiller@example.org,140526142,140401
0f77b045-164f-4e5c-8f29-0b6f4fcfcd4a,1936-08-16,,071-21-2186,S40878483,X91710884,Mr.,Matthew,Ray,Reed,,,M,white,nonhispanic,male,New David AZ US,5615 Nicholas Trafficway,Phoenix,AZ,Maricopa,50348,85006,-55.468182,-20.385215,204869.84,7485.61,19722,+1-671-856-0798x00822,ndaniels@example.com,110477027,110501
3be488e4-9c8e-450e-b118-fe3da814b0a2,1973-06-27,,305-29-8347,S29803782,,Mr.,Chad,Morgan,Williams,,,S,white,nonhispanic,male,Jasonton AZ US,250 Brown Meadows Suite 472,Phoenix,AZ,Maricopa,47701,85006,-15.935952,-48.935066,27488.6,4215.15,72738,699.260.1027x30117,cassandrawalker@example.net,110334428,110501
69304fe0-7f01-4778-841d-a86a60aa619e,1938-11-28,,687-26-3585,S18295095,,Ms.,Alexis,,Dillon,,,D,asian,nonhispanic,female,West Sarahton AZ US,94893 Campbell Mount Apt. 440,Phoenix,AZ,Maricopa,27963,85006,75.245057,-49.333206,34815.1,23055.63,23725,601-216-3911x254,bryantmary@example.com,330862512,330101
50128ed1-f5a4-45ab-a414-4a6586a6aa90,1996-11-03,,815-59-6789,S96796178,X54790377,Ms.,Mary,,Patrick,,,,white,nonhispanic,female,New Ronald MA US,872 Higgins Meadows,Boston,MA,Suffolk,02754,02215,47.212175,-13.195355,37681.71,2384.64,21171,782.698.8886x5763,knguyen@example.net,330688803,330101
54c4364e-14ab-401c-9786-f88fa7ce612d,1925-03-19,,556-42-3491,S48194117,,Mr.,Michael,Michael,Gibson,,,W,asian,nonhispanic,male,East Candace MA US,56013 Murray Expressway Suite 089,Boston,MA,Suffolk,26854,02215,-37.376179,-27.014804,8585.37,3194.8,58731,001-461-953-4926x158,joshua97@example.org,330980296,330101
ce9ab48a-7fdb-4663-885c-35c5efc2ae0e,1954-12-11,,456-68-7338,S73950311,,Ms.,Ashley,,Ewing,,,W,white,hispanic,female,East Danaside GA US,013 Medina Views,Savannah,GA,Chatham,01525,31404,-63.263293,-120.896908,20633.93,15369.37,34029,495.605.8461,mlee@example.com,330216003,330101
bc430d8c-f52b-4d30-a033-0bc303e071d4,1934-08-14,,688-92-0199,S41792748,,Mr.,Colin,,Delgado,,,,white,nonhispanic,male,Smithton MA US,05510 Jones Rest Apt. 890,Boston,MA,Suffolk,03662,02215,25.970436,-7.738008,19580.51,13652.66,68998,+1-850-905-3517,michaelnewton@example.net,330532677,330101
35ef769c-9eb6-4ac1-acae-2e294e2ded85,1940-04-11,,190-22-9788,S91614634,X34259395,Ms.,Stephanie,William,Castaneda,,,W,white,nonhispanic,female,Brownborough TX US,871 Steven Unions,Austin,TX,Travis,42014,78702,27.291364,162.593114,33013.2,13074.63,54260,(901)870-4370x457,smartin@example.org,330699277,330102
404d7d33-b271-4c4e-94f1-0ccda2c5f5fb,1954-07-17,,519-37-9390,S47702314,X48466761,Ms.,Taylor,Rebecca,Weiss,,,W,white,nonhispanic,female,Richmondland TX US,4219 Tammy Viaduct Suite 699,Austin,TX,Travis,09709,78702,-13.958727,-161.578403,29890.98,4685.98,129946,(431)516-0132,brownsusan@example.org,330563791,330102
8f72a767-7a96-4c11-a3bb-6ab0759ebe66,1978-08-24,,744-72-4667,S93913128,X15391830,Mr.,Eric,Jacqueline,Aguirre,,,W,white,nonhispanic,male,Lake James AZ US,0907 Lopez Gateway,Phoenix,AZ,Maricopa,25773,85006,-24.388687,-170.718363,12442.6,70524.86,26350,910.513.9023x750,pmyers@example.net,330478511,330102
96dd60e6-08e4-4c6e-a2e5-d06d1e7751ea,1968-07-22,,854-80-8606,S44007370,X69408776,Mr.,Craig,Jesse,Jordan,,,S,white,nonhispanic,male,Meyerton CA US,45374 Nicholson Fort Apt. 975,Oakland,CA,Alameda,26906,94609,64.901072,154.661073,6944.82,19283.78,58038,483.587.4234,susanmartin@example.org,330686067,330102
1ffa1d35-affb-46c1-b2c0-600fbcb0e49b,1985-11-23,,834-85-1390,S92723422,X89128584,Ms.,Holly,Karen,Wagner,,Goodwin,,black,nonhispanic,female,Port Josemouth MA US,431 Dixon Walks Suite 605,Boston,MA,Suffolk,29352,02118,25.182247,-164.676391,64854.1,16281.25,34392 mg,+1-419-423-5034x445,nbarker@example.net,330542278,330102
a3e4b27f-d608-4d25-aea6-6313a1667335,1974-05-10,,376-35-7526,S45234659,,Ms.,Jennifer,Brandon,Hernandez,,,,black,hispanic,female,Gouldbury CA US,40149 Jennifer Ports Suite 190,Oakland,CA,Alameda,10182,94609,19.622065,-71.470033,89636.09,110848.37,60618,226-534-4565,jessicacollins@example.com,330866019,330102
a4e831cd-253c-4f86-9d29-43a019944d2c,1973-10-09,,165-22-3919,S32163085,,Ms.,Erica,Kimberly,Jones,,Jones,D,white,nonhispanic,female,New Robertside GA US,0231 Dustin Dale Suite 990,Savannah,GA,Chatham,32671,31404,-10.279815,124.256581,8455.78,23232.75,77339,+1-323-314-4296x253,steven49@example.com,330194758,330102
052b99fe-6403-4371-9f06-adb4f38f1070,1965-04-30,,471-11-8819,S44139934,X70110246,Ms.,Cynthia,Leslie,Conley,,,S,white,nonhispanic,female,Stevensbury CA US,87088 Kim Centers,Oakland,CA,Alameda,31322,94609,-27.836326,-154.650874,29369.26,8334.68,56312,598.251.9500x052,fmyers@example.org,330691833,330102
c5a68f2e-661d-40dc-abc1-284137dfb7a7,1964-07-06,,313-44-2414,S39516855,,Ms.,Michelle,Alexis,Cox,,,D,other,nonhispanic,female,West Roberttown IL US,16756 Mayo Camp Apt. 666,Chicago,IL,Cook,44996,60612,2.901795,-87.925261,21395.45,3984.65,53189,(426)828-7586x3250,barbaratucker@example.com,330443023,330102
3ab62fc0-3d2d-4514-afbc-14e2803e9f4d,2010-09-03,,534-69-2333,,X80663099,,Joshua,Erik,Bryant,,,,black,nonhispanic,male,Melanieton MA US,968 Kelly Pines,Boston,MA,Suffolk,46113,02118,-18.066551,-44.761413,56959.23,32839.03,49590,001-430-647-0025x8255,roger45@example.org,330621283,330102
7384b720-5191-4536-9752-0443c7df515a,1972-12-03,,408-93-1396,S88101530,X30442487,Ms.,Tammy,Lisa,Mcfarland,,Parker,,white,nonhispanic,female,Charlesshire IL US,3068 Coleman Roads Suite 476,Chicago,IL,Cook,45760,60612,0.626343,-120.147997,40852.54,13256.6,102469,767.764.0403x14957,lamlaura@example.org,050239945,050201
32383d5c-08ed-4246-8eba-0e63d21e0346,1981-03-27,,506-05-2581,S12352581,X50817224,Mr.,William,Erin,Wright,,,D,other,nonhispanic,male,Jonathanburgh MA US,5236 Peters Row Suite 470,Boston,MA,Suffolk,29565,02215,21.669295,-48.053044,28213.19,15610.81,226122,976.986.9723,ashleyjohnson@example.net,050940112,050201
1a1566f4-03bb-440c-a1a0-a2e5df8d0a01,1971-08-18,,494-54-7725,S48712080,,Mr.,Kelly,Cheyenne,Carter,,,,white,nonhispanic,male,South Johnton IL US,570 Morrison Avenue,Chicago,IL,Cook,43083,60612,79.965195,126.892378,38349.08,28405.8,49327,589.465.4789x78244,john70@example.net,050984806,050201
3a76e33f-b60b-4659-9abc-3339c5c36284,1980-11-23,,744-60-7777,S53546227,,Ms.,Michelle,Andrew,Nichols,,,W,white,nonhispanic,female,Cantuville MA US,823 Julie Islands,Boston,MA,Suffolk,19236,02215,19.051351,-151.334071,63070.8,10395.64,92872,618.821.2905,stephensdonald@example.org,050373381,050201
4a5068a7-19b7-4372-8dcb-1302074e168a,2016-02-20,,274-36-6161,,,,Tommy,Christopher,Lowe,,,M,asian,nonhispanic,male,Christopherburgh CA US,35238 Frederick Oval,Oakland,CA,Alameda,39949,94609,1.129987,54.658167,60816.54,17365.45,80458,814-604-6640x445,johnsonelizabeth@example.org,050418828,050201
72330e56-7865-4e88-b840-3347a8dd5357,1959-09-25,,365-78-5350,S52340088,X16564708,Mr.,Donald,Brittany,Grimes,,,S,white,nonhispanic,male,West Christopherview IL US,23680 Taylor Knolls,Chicago,IL,Cook,41515,60612,-87.431112,89.654419,14502.55,22134.22,225894,001-258-491-1434x68061,twelch@example.com,030588731,030301
6633db7e-c366-4a00-a499-f6d7207d64f2,1991-01-20,,672-14-2881,S96380573,X24252420,Ms.,Pamela,Michael,Myers,,,,white,nonhispanic,female,Port Shaunborough GA US,65212 Monica Points Apt. 900,Savannah,GA,Chatham,05987,31404,-50.776283,119.211832,48152.42,47296.84,68828,(354)451-7497,lori30@example.com,030767491,030301
2105baf1-c504-417f-9c70-658d409edfdb,1983-03-31,,194-73-4582,S69005349,,Ms.,Dawn,,Collins,,,D,other,nonhispanic,female,Lake Johnshire TX US,23572 French Parkway,Austin,TX,Travis,02275,78702,25.154487,-44.221623,21103.56,14850.98,29439,495.743.4493,foxmelinda@example.com,030251085,030301
ddb95e62-0073-4848-80e6-04bde64e6abd,1925-06-13,,411-06-0666,S89814920,X92070701,Mr.,Ricky,Joshua,Peterson,,,W,white,nonhispanic,male,East Michelleton IL US,302 Adrienne Prairie,Chicago,IL,Cook,24396,60612,-65.12073,-166.149986,131538.03,5725.56,23920,001-708-381-4056x07515,crystalbernard@example.org,030893100,030301
2c393652-23c8-4ec5-a06d-a2ea8f831ca5,1996-09-26,,172-69-3038,S12887695,X32760402,Ms.,Shannon,Sheila,Harris,,,S,other,nonhispanic,female,East Tara TX US,5994 Adrian Harbor Apt. 014,Austin,TX,Travis,02851,78702,81.106402,56.267984,86355.04,5200.52,43467,+1-810-943-0849,pamela92@example.net,030798981,030301
61f047dc-66d9-4bf1-b43a-75b8af5a4b04,1959-03-13,,288-23-7009,S62167284,,Mr.,Samuel,Molly,Anderson,,,,white,nonhispanic,male,Lake Cynthiahaven MA US,7368 Price Wall Suite 110,Boston,MA,Suffolk,23499,02118,-50.252649,130.840095,87748.98,4673.94,73110,2189123343,steven05@example.org,030681980,030301
8f2cec3f-d074-464d-80bd-664f966b58f0,1981-03-29,,365-74-4960,S68356852,,Mr.,Carlos,John,Kramer,,,,white,nonhispanic,,Lake Janice AZ US,4522 Young Terrace,Phoenix,AZ,Maricopa,24693,85006,-51.469996,112.541218,7101.27,163377.14,93669,001-856-205-6164x8214,rogersnicole@example.com,030584603,030301
167ecda9-c5a8-4a77-b08a-e5a4132643b3,1967-09-17,,098-30-6508,S20457090,X28634209,Ms.,Jessica,,Mueller,,,,white,nonhispanic,female,East Devin TX US,6114 Moore Island,Austin,TX,Travis,09861,78702,71.305135,125.867231,91752.1,1766.02,97135,(669)627-7641,lukemills@example.net,140261456,140401
9e793564-4da5-48de-adb8-8e28247b855a,1939-07-21,,169-46-9320,S53567573,,Mr.,Paul,Hunter,Vargas,,,W,black,hispanic,male,Lake Amanda AZ US,4412 Ramirez Mission Apt. 717,Phoenix,AZ,Maricopa,19383,85006,-25.769558,100.587269,16955.09,6991.02,41891,+1-468-786-0858x399,freydaniel@example.org,110523241,110501
26271e6c-4c53-40ab-a255-c579cbded317,1924-10-13,,778-43-7351,S43282367,,Ms.,Tara,Taylor,Butler,,,M,white,hispanic,female,Karlaton TX US,891 Vargas Bypass Suite 494,Austin,TX,Travis,51038,78702,-70.932086,-43.969004,242980.2,35394.93,42688,(431)949-7503x700,jenkinscharles@example.net,330472052,330101
453d4165-24d2-4875-aa6e-3650e15ccbe2,1990-10-02,,554-15-0760,S44354186,,Ms.,Tracy,Michael,Steele,,,D,other,nonhispanic,female,Johnstonside MA US,049 Elizabeth Unions,Boston,MA,Suffolk,38401,02118,6.42441,-179.301217,105679.64,8778.68,46982,(438)590-9199x79715,patrickandrew@example.net,330813689,330101
98929287-833d-4d60-8bdf-68b83a508752,1982-05-14,,210-08-2646,S35346951,,Mr.,Kenneth,Emily,Campbell,,,M,other,hispanic,male,Port Williamport IL US,8848 Salinas Port Suite 464,Chicago,IL,Cook,14036,60612,56.104422,-166.567573,83161.19,5791.46,56682,(790)513-3854x0886,leesandra@example.com,330623089,330101
e81dd6fc-c167-4914-8a5c-3c5aa6e48df8,1949-02-18,,223-17-5158,S21175113,,Ms.,Haley,,Dean,,,D,white,nonhispanic,female,Port Michael MA US,993 Brown Ports,Boston,MA,Suffolk,08682,02215,-13.77903,161.790164,33756.11,813274.86,105624,(723)405-2414x0071,ladams@example.com,330765143,330101
f78ce566-83c1-4f2d-ac34-bc84743f5192,1951-03-02,,726-82-6685,S14665220,X17372814,Ms.,Cheryl,Christina,Vasquez,,,D,black,nonhispanic,female,Christinaland GA US,84947 Jacobs Center Suite 873,Savannah,GA,Chatham,35767,31404,39.359783,-96.053727,196051.29,8267.24,43841,548-717-9632x310,gerald58@example.net,330223834,330102
384b893b-36c7-435c-b92b-b25de34a8f7f,1947-07-04,,896-64-9239,S37109442,,Mr.,Robert,Martha,Arroyo,,,D,black,nonhispanic,male,Guerreroville CA US,027 Silva Row,Oakland,CA,Alameda,39069,94609,-47.487132,-98.759864,11838.24,85135.41,17126,496-293-0209x549,christinemarsh@example.net,330752491,330102
0930ae5c-5ff7-4b23-9251-aa6981705f8e,1994-08-05,,674-09-1182,S49714685,,Mr.,Gary,,Owens,,,M,black,nonhispanic,male,Jeremiahview CA US,4114 John Key Apt. 763,Oakland,CA,Alameda,01570,94609,8.533967,-6.104467,30195.29,3730.09,43191,+1-519-344-2382x67618,jwood@example.com,330339308,330102
ab80c8af-549e-492d-b423-88b9062970c0,1946-01-14,,818-88-2890,S19636830,,Ms.,Michelle,Victoria,Brown,,,M,white,nonhispanic,female,Taylorport GA US,6224 Lawrence Drives,Savannah,GA,Chatham,25676,31404,71.371961,-131.374416,24085.01,3457.32,49494,2687761026,michael47@example.org,330197777,330102
34783fe1-e7f0-4734-b128-38914439ccfd,1940-04-05,,693-10-7435,S72415615,X19686355,Mr.,Ryan,Eric,Jackson,,,,white,hispanic,male,Kimberlyside MA US,57205 Gregory Meadow Suite 572,Boston,MA,Suffolk,52242,02215,-4.551179,65.310941,10541.52,5455.54,88053,5638979997,emilymckee@example.com,330140702,330102
3a481c3e-d177-48d2-8cee-072f66a8a94c,1952-12-29,,262-62-8247,S55124303,,Mr.,Robert,David,Buchanan,,,D,white,hispanic,male,Pamelaside GA US,749 Jose Stravenue,Savannah,GA,Chatham,41132,31404,13.611596,61.249431,45334.7,33420.16,49581,+1-865-621-6966x775,fergusonpamela@example.net,330741993,330102
a3ef2a9d-0abd-42cc-b370-ad1071ea1b29,1952-10-15,,409-06-0121,S65821486,X31756061,Mr.,Christopher,,Johnson,,,M,white,nonhispanic,male,Garrettville CA US,86501 Jenny Highway,Oakland,CA,Alameda,27312,94609,59.970697,31.710905,6422.33,2971.38,56085,+1-365-801-0101x69483,patrick65@example.com,330638368,330102
916134ee-8474-439a-b0cb-d78db4e57929,1936-06-02,,703-87-3290,S56192566,,Mr.,Russell,Maurice,Walton,,,S,white,nonhispanic,male,Lynchstad MA US,1941 Kurt Club,Boston,MA,Suffolk,07511,02215,31.84089,-83.405373,61234.08,7434.28,76563,001-948-971-0423x3509,claytonnorman@example.com,330129426,330102
240add57-69b9-4e5e-a654-d23c40db331c,1949-01-14,,126-51-1773,S33669918,,Ms.,Ellen,,Marquez,,,W,other,hispanic,female,Lake Elizabethton MA US,1632 Sarah Tunnel Suite 085,Boston,MA,Suffolk,34475,02215,4.250648,-66.830121,19662.94,7918.01,101904,713-583-5820x41494,scott10@example.com,330616373,330102
81746ee1-17a0-4b20-820d-54ab501025c8,2003-12-23,,164-63-4308,S68867686,,Mr.,Ronald,Sophia,Bolton,,,W,white,nonhispanic,male,Port Herbertfort TX US,12668 Ashley Village Apt. 199,Austin,TX,Travis,08189,78702,54.684049,8.065013,30946.01,3833.15,65347,(225)653-7742x181,roseryan@example.com,330531174,330102
3cc9f275-2678-4974-8aa4-3b979c1b79a6,1948-05-14,,784-06-5719,S93838953,X60963116,Mr.,Adam,Nicholas,Jarvis,,,M,white,nonhispanic,male,Buckleyville AZ US,73490 Thompson Hollow,Phoenix,AZ,Maricopa,39074,85006,-57.233427,41.150349,1858.15,7166.62,25283,450.709.9721x9578,alexa53@example.org,050354012,050201
acfa6e8a-f72f-41f8-9551-930b2b28850e,2000-07-06,,723-63-1818,S17010710,,Ms.,Michelle,,Lewis,,,W,asian,nonhispanic,female,East Catherineton CA US,67266 Valencia Mall,Oakland,CA,Alameda,34771,94609,13.223108,146.745012,29094.36,106864.71,59828,385.721.8627x598,christopher06@example.org,050590657,050201
7693da31-cace-44b5-93fd-2f7991c90d12,1990-04-07,,455-64-2659,S20299735,X88279461,Ms.,Amanda,,Hebert,,,W,asian,nonhispanic,female,Jasonmouth TX US,86397 Mcgee Stravenue Suite 872,Austin,TX,Travis,23180,78702,-58.103431,-166.779038,8634.46,1114.51,29979,(775)663-1852x82554,joshua74@example.com,050355111,050201
49b7c82a-bcf2-4115-b542-2e5f39ffb6ed,1968-05-12,,681-90-0320,S35969323,X53203887,Mr.,Jeremy,,Anderson,,,W,white,nonhispanic,male,Jamesland AZ US,150 John Pike,Phoenix,AZ,Maricopa,47102,85006,23.252956,13.460841,5007.23,18944.57,56882,377.601.5432x8805,jmartinez@example.com,050161781,050201
440a0578-9525-46c4-83a8-2fa2692a11fe,1956-04-26,,667-64-9899,S95166569,X59978515,Ms.,Michelle,,Williams,,,W,white,hispanic,female,Stevenhaven CA US,16288 Garcia Plains,Oakland,CA,Alameda,32690,94609,89.245593,-159.065357,11455.71,77195.38,29765,776.597.0930x54053,nancylowe@example.net,050902434,050201
8ce81b94-9da7-47d9-8fc0-9bb0907e2931,,,260-01-0172,S81494914,X45634831,Mr.,Paul,Heather,Prince,,,S,white,hispanic,male,New Shannonland IL US,92171 Cook Drive,Chicago,IL,Cook,31210,60612,-24.925228,-77.144061,22853.49,9666.7,61008,8494516569,mdominguez@example.com,050607252,050201
3f18ca7a-e2b3-4f8d-bdab-0a4059aef56a,1963-12-30,,070-30-5514,S12156059,,Mr.,James,Tony,Williams,,,,black,nonhispanic,male,Nathanielfurt GA US,511 Terrell Prairie Suite 581,Savannah,GA,Chatham,05682,31404,-89.972905,34.422466,47148.71,44979.09,34421,(893)705-2907,hhill@example.com,050429738,050201
6b647b64-643c-4e60-954b-35bd63eec509,1983-04-11,,881-73-9237,S82711006,,Mr.,Marcus,Juan,Oliver,,,D,other,hispanic,male,North Kristenburgh MA US,7842 Hill Lodge Apt. 263,Boston,MA,Suffolk,37353,02215,-38.598037,-123.449074,58342.79,27059.88,48407,459.753.8018x221,adamsjennifer@example.org,050278991,050201
93eae0f4-c029-4be4-9740-30536f404a8c,1980-10-17,,614-68-6305,S15180120,,Ms.,Andrea,Andrew,Washington,,,M,white,nonhispanic,female,Stephanieshire IL US,3024 Smith Coves Suite 937,Chicago,IL,Cook,34750,60612,-71.846955,-96.920793,125048.56,21296.62,27802,+1-764-644-1221x70191,khays@example.net,050614845,050201
6aa0defd-811c-49f2-a093-a0a1128f373a,1927-03-13,,326-98-8801,S40110661,,Ms.,Tammy,Rodney,Williams,,,W,white,hispanic,female,Velazquezstad MA US,605 Rebecca Haven,Boston,MA,Suffolk,54436,02215,-53.122234,-148.094529,50575.47,27835.21,218392,+1-519-463-5712,watsonjoshua@example.net,050765613,050201
0271bdd5-bb1f-47cf-aac0-0db87ab6d77e,2019-09-27,,177-90-8035,,,,Karen,Lisa,Wilson,,,M,asian,hispanic,female,New Shaneview GA US,26071 Valenzuela Plaza Suite 483,Savannah,GA,Chatham,13853,31404,-72.303731,153.641827,28627.71,6960.57,45217,+1-324-939-1242x9003,michellefigueroa@example.net,050738002,050201
de92ccdf-27be-48f6-8371-b75b8e43c17d,1962-05-26,,207-41-5450,S47000259,,Mr.,Darren,,Allen,,,S,white,nonhispanic,male,Garymouth CA US,765 Patricia Valley,Oakland,CA,Alameda,18127,94609,-35.999071,130.792019,10233.77,10688.19,33731,455.698.4234,silvanathan@example.net,050795326,050201
0ee07ae2-ab09-4a9f-947d-9a8e1f9dca35,1965-12-11,,020-04-5998,S24458818,X92196620,Mr.,Robert,Brenda,Gardner,,,S,white,nonhispanic,male,North Bryan CA US,92571 Robert Vista Apt. 790,Oakland,CA,Alameda,23495,94609,85.74596,56.430049,44891.23,35950.56,13996,8102665743,eileen32@example.org,050240526,050201
ad955c78-28a7-42a3-b6b2-5d2c3cfd7b97,1961-02-11,,596-73-2938,S35794505,X86503423,Ms.,Kathryn,Ashley,Harrington,,Clark,S,black,nonhispanic,female,East Sara IL US,242 Roth Spring,Chicago,IL,Cook,40361,60612,18.996812,-166.563513,26784.07,17538.28,184149,(596)425-9679x477,campbellanthony@example.net,050572324,050201
325bb465-fdf8-425c-b596-b70b996d1994,2000-07-04,,684-99-6322,S69395890,X73462480,Ms.,Alexandra,,Tran,,,S,black,hispanic,female,New Ashleymouth CA US,97059 Mercer Rue,Oakland,CA,Alameda,39537,94609,-0.679925,21.328841,13873.65,38608.79,33096,571.944.4623x79512,angie41@example.org,030249350,030301
b216fe32-6f69-4689-823e-16eb320d2ccd,1955-07-08,,848-64-7282,S86850045,,Ms.,Elizabeth,Monica,Rodriguez,,,D,white,nonhispanic,female,South Aprilton CA US,3158 Jeffrey Circles,Oakland,CA,Alameda,27061,94609,3.822462,109.374845,26437.67,12898.33,50247,001-403-218-4608x6602,nnorton@example.net,030635569,030301
145dd79f-747d-429f-9b48-8de69d2fd325,2006-02-24,,635-74-1714,S68176855,,Ms.,Sherry,Michelle,Perez,,,W,other,nonhispanic,female,Leburgh GA US,0743 Berry Points Suite 864,Savannah,GA,Chatham,42861,31404,-1.552961,107.670674,6961.86,52735.08,55440,683.534.1948,ucruz@example.org,030955701,030301
1dc41abe-6936-4829-b1cb-bf9ad238e532,1939-08-05,,707-74-1195,S46059792,,Mr.,Xavier,Nicole,Massey,,,M,white,nonhispanic,male,Patriciamouth CA US,24161 Gerald Unions,Oakland,CA,Alameda,17704,94609,56.371651,-61.023014,47547.18,176333.8,69515,(946)871-5363x602,johnsonkristen@example.com,030709274,030301
3e5943c8-4d28-4dfa-8376-47abf7c29f59,1991-08-12,,006-77-5278,S41869106,X19232875,Ms.,Brittany,Daniel,Wong,,,D,white,nonhispanic,female,Gutierrezborough MA US,9742 Cowan Trail,Boston,MA,Suffolk,28305,02215,-19.425207,-160.709769,92894.43,1159.17,58447,578-229-3127x9557,eric26@example.net,030314114,030301
f5b2aec5-eace-40ae-8a35-f0bbb2e21719,1946-05-09,,720-70-5545,S44012346,,Mr.,William,Sarah,Callahan,,,W,white,nonhispanic,male,Williamschester MA US,7310 Morris Squares,Boston,MA,Suffolk,02140,02118,82.25263,160.810211,61286.77,61556.17,74549,(791)919-2245x295,griffinjohn@example.net,140168444,140401
42b7b592-eb9e-4772-87f6-943251e8a507,1986-07-30,,588-19-9795,S17346845,,Ms.,Amy,Derek,Pena,,,M,white,hispanic,female,Benjaminton AZ US,5086 Rowe Meadow,Phoenix,AZ,Maricopa,48439,85006,5.464457,53.303505,35726.11,10213.45,85600,811-476-6678x84248,tiffanysullivan@example.com,140851550,140401
a61d509a-674a-4d59-bb72-7dace7829479,1968-06-09,,888-38-1218,S58106496,X65494788,Ms.,Sherry,,Vaughn,,Fuentes,,white,nonhispanic,female,Garciastad MA US,2622 Campbell Lakes,Boston,MA,Suffolk,42191,02118,39.196844,70.881223,23317.04,35761.51,42115,+1-752-791-9433,jimenezvalerie@example.net,140585525,140401
e13bd97f-cb65-4c92-9b06-6b3dcc81f9e3,1931-09-05,,786-02-5742,S14829116,X46960923,Ms.,Claudia,Michael,Patel,,,M,black,nonhispanic,female,Travisborough GA US,3007 Lisa Meadows,Savannah,GA,Chatham,28441,31404,12.589217,-1.773365,34418.94,3851.49,171014,454-298-3447x0686,changalbert@example.org,140653966,140401
29dac11b-0597-4f4c-9794-6115feded253,1931-12-19,,564-97-2217,S76467309,,Ms.,Kimberly,,Garcia,,,,white,nonhispanic,female,Gutierrezmouth MA US,221 Kristi Road Apt. 467,Boston,MA,Suffolk,52353,02118,-76.02594,-64.438387,21673.67,14459.24,37119,(860)248-1170x595,taylorhenry@example.org,140726520,140401
bd9c0a23-fc3c-4389-a124-62694a73c57e,1980-01-03,,216-25-4325,S97686881,X77364234,Mr.,Robert,Eugene,Benitez,,,,black,nonhispanic,male,South Richardshire TX US,2968 Audrey Extensions Apt. 902,Austin,TX,Travis,43390,78702,46.840811,168.669943,7933.12,14082.61,49763,299.508.0539x79276,hoffmanbarbara@example.net,140853024,140401
dc949a63-d80b-45be-b77e-700cfec2e9b5,1991-03-16,,114-13-4633,S90436294,,Ms.,Patricia,,Lambert,,Scott,W,white,hispanic,female,Rodriguezberg TX US,233 Brittany Circles Suite 343,Austin,TX,Travis,21443,78702,-27.285168,-72.675122,71079.17,9771.29,324476,336.874.1481x421,twright@example.net,110135971,110501
993f5188-531f-46d2-8e40-6d170d0b8ca5,1968-06-03,,197-88-5567,S63297416,X68963865,Ms.,Alexis,,Zimmerman,,,D,asian,nonhispanic,female,Port Aprilchester CA US,3002 Allison Shore,Oakland,CA,Alameda,19466,94609,23.864924,-8.483882,24211.95,28212.85,61293,713-768-3847x5368,angiebernard@example.com,110668978,110501
247c42d5-210c-4f88-a0bb-08a2a0d89489,1925-07-16,,534-14-5794,S27870920,,Mr.,Cody,Holly,Murphy,,,M,asian,nonhispanic,male,New Jessica GA US,8375 Cox Hills,Savannah,GA,Chatham,51992,31404,64.581507,168.174747,95551.49,2940.07,95279,750-422-7667,lindsaymolina@example.org,110588011,110501
809b17bd-3e42-4f0b-90d2-2bacd9707965,1964-04-10,,709-32-6986,S65811177,,Ms.,Katie,Jillian,Jones,,,,white,nonhispanic,female,South Alexandra AZ US,8932 Kaitlyn Way Suite 749,Phoenix,AZ,Maricopa,01142,85006,46.173032,-70.140717,25324.14,5599.12,47502,9518009006,jamesrandall@example.net,330580183,330101
d0e450c1-9552-4ee8-ab9d-4e96eaa7a732,1966-01-08,,307-25-9086,S52619384,,Mr.,Steven,,Perez,,,M,black,hispanic,male,Port Charles MA US,4798 Michael Route Suite 919,Boston,MA,Suffolk,51386,02118,-71.587679,-149.100704,186024.6,9513.06,52657,367.982.5993x9011,amywilliams@example.com,330874623,330101
ec163c5a-6fa6-47a4-933c-182866a02915,1948-07-10,,138-70-9129,S10283417,X51018577,Mr.,James,Laura,Brown,,,S,other,nonhispanic,male,Marcohaven MA US,7180 Whitney Place Suite 517,Boston,MA,Suffolk,06516,02118,-29.713435,-127.743177,49461.03,14307.18,75714,+1-399-960-4490x87082,harias@example.net,330156559,330101
b3c21315-62b8-42df-8a74-3775d5a15d19,1935-12-22,,139-53-6250,S54076574,,Ms.,Brooke,,Lawrence,,,W,white,nonhispanic,female,East Donna CA US,8237 Jennings Cove,Oakland,CA,Alameda,31493,94609,85.226268,86.441128,26269.81,7091.59,112770,547.346.1786x7208,williamsmaria@example.org,330441687,330101
d5d17c1f-245c-48ab-8cd6-b162e32096fd,1927-08-09,,011-85-8394,S91717139,X71276306,Ms.,Stephanie,Zachary,Garcia,,,W,white,nonhispanic,female,Port Amandaton TX US,46378 Levi Meadows Apt. 834,Austin,TX,Travis,01243,78702,-57.701537,39.202955,55202.91,7533.53,91849,(409)644-7901x9613,harringtontami@example.net,330821352,330101
396d92fb-1fe7-4e38-a09c-dbb854e91122,1957-05-05,,171-80-0861,S37202200,,Ms.,Jeanette,Yolanda,Miller,,,,white,nonhispanic,female,Marystad CA US,34860 Hernandez Groves Apt. 489,Oakland,CA,Alameda,09075,94609,42.882926,174.671638,17573.87,88927.83,50492,9222668164,lmurray@example.com,330380429,330101
8e02a554-b751-45e0-955f-0760bd89e1b8,1959-07-14,,586-93-7301,S85719932,X74108905,Ms.,Cassandra,Connor,Bowman,,,D,white,nonhispanic,other,Anthonybury CA US,3668 Davies Wells Suite 099,Oakland,CA,Alameda,37463,94609,-89.826699,75.664043,70023.12,18931.52,62119,+1-257-207-8345,alexis28@example.org,330116540,330101
2534ca77-151f-47a0-8482-da52b1b1dd90,1979-08-31,,872-16-9140,S71564503,X28939089,Ms.,Stephanie,,Mann,,,M,white,nonhispanic,female,Morenoside CA US,6829 Kayla Lane,Oakland,CA,Alameda,38270,94609,-0.379512,48.367083,10616.04,7181.91,12660,001-412-576-1177x23596,george76@example.org,330960392,330101
073762f4-96a3-4377-80c0-4ab314ad3fcc,1948-06-16,,659-09-1247,S85354318,,Ms.,Jennifer,Rebecca,Morse,,,S,asian,nonhispanic,female,Mosleychester GA US,57316 Mcknight Prairie Apt. 735,Savannah,GA,Chatham,44714,31404,-60.326073,31.466121,173615.74,8380.21,50471,+1-810-543-2857x68658,kaylamorton@example.com,330808229,330101
328b835e-c691-487b-8ad9-7a2606d59afc,1998-09-24,,364-23-6527,S12565002,X56256097,Mr.,Jacob,,Kelly,,,W,white,hispanic,male,Kimberlymouth MA US,346 Huffman Path,Boston,MA,Suffolk,34748,02215,74.768415,141.645036,15781.29,13283.12,41777,+1-909-538-6085x8410,xmeadows@example.org,330898181,330101
11e17eae-a72a-4ce4-af58-b9a61cfc71e4,1954-06-13,,328-06-7235,S88730415,X43668139,Mr.,Charles,Adam,Williams,,,M,white,hispanic,male,Raymouth MA US,899 Howe Light Suite 777,Boston,MA,Suffolk,22100,02215,-49.603434,-19.848865,30509.75,111506.42,36132,+1-582-692-1172,schwartzkenneth@example.com,330855480,330101
0feca559-9f05-44c3-9811-eafea3a4164a,1973-03-24,,223-66-7769,S98845819,X84025273,Ms.,Julie,,Hatfield,,,W,-,hispanic,female,Freemanmouth GA US,54205 Ashley Glen Apt. 899,Savannah,GA,Chatham,03635,31404,-12.015392,46.109193,83245.2,7180.17,55869,001-766-644-7958x03145,christopher25@example.org,330635281,330101
92e0eddf-1c54-425f-b1db-e3562c8d462f,1963-06-13,,590-15-4438,S29086963,,Ms.,Kelly,Kathryn,Reese,,Collins,S,black,hispanic,female,South Manuelfurt AZ US,912 Allison Mill Suite 115,Phoenix,AZ,Maricopa,31043,85006,-39.423504,-68.297858,38025.95,6630.47,58456,+1-995-543-7870x77720,brownjesse@example.com,330517187,330102
f2c77988-d661-483a-86e4-86920d93f740,1990-03-28,,586-36-3495,S23514957,X84085929,Mr.,Charles,Diana,English,,,,white,nonhispanic,male,New Andrew MA US,6971 Mercedes Dam Apt. 453,Boston,MA,Suffolk,43003,02118,-59.370117,-137.168356,54584.88,16749.07,38659,328.558.8970,michael41@example.org,330548649,330102
6170891b-7fc8-44df-bb0c-36a1c55d5a2f,1932-01-08,,278-79-6106,S89532739,,Ms.,Sarah,Larry,Smith,,,M,black,nonhispanic,female,North Jeffrey IL US,26973 Chavez Ramp Apt. 049,Chicago,IL,Cook,25416,60612,84.082405,-155.165062,35527.25,16502.54,94478,001-532-958-6896,jennifersnyder@example.org,330180205,330102
390d6037-18f9-486c-af5f-04bd408c10c7,1986-06-16,,185-97-4040,S23136982,,Ms.,Jodi,,Caldwell,,,M,other,hispanic,female,Ericksonberg AZ US,5205 Dixon Cliffs Apt. 038,Phoenix,AZ,Maricopa,44247,85006,35.463166,-178.890807,22160.07,18100.65,17890,001-522-878-8357x2962,gjuarez@example.net,330488429,330102
7ed5d976-8053-4fdf-83ed-08edc235f105,1943-10-14,,708-57-6172,S95558501,X95507819,Ms.,Christine,David,Dawson,,,W,other,nonhispanic,female,Andrewside GA US,55244 Bryan Road Apt. 944,Savannah,GA,Chatham,24874,31404,69.413672,45.309219,22082.72,44330.74,109889,+1-713-556-7252x2062,kennedybrian@example.org,330959422,330102
d2b98543-5712-4948-8ef5-e0ebf9ee7727,1998-01-04,,506-06-7452,S34365271,,Ms.,Erika,Kimberly,Larsen,,,W,black,nonhispanic,female,North Sergio CA US,6467 Christopher Drive,Oakland,CA,Alameda,22231,94609,-19.765494,-123.513746,30470.0,7926.81,70744,(529)712-1320,amy92@example.org,330109856,330102
5e23cf7d-dd27-48f8-971f-83418702dda4,1967-10-02,,890-80-7223,S46568974,,Ms.,Misty,Ashley,Williams,,Love,S,white,nonhispanic,female,Lake Danielle AZ US,1320 Catherine Fields Suite 166,Phoenix,AZ,Maricopa,20159,85006,-83.330055,21.485691,52705.38,2977.45,16760,426-874-9397,jamesbrown@example.net,330860449,330102
004910fb-b6ac-4f89-b6bb-f94b7d186ac7,1953-12-02,,374-40-9226,S18976778,,Mr.,Ronald,Thomas,Delgado,,,M,white,nonhispanic,male,Lake Jennifer IL US,0794 Jennifer Greens Apt. 003,Chicago,IL,Cook,54519,60612,79.404058,9.964282,27170.13,35871.42,129761,(831)877-5299,amandajuarez@example.org,330535238,330102
e73cee00-d46d-45bb-893f-599d3f569d69,1974-03-02,,350-23-6862,S21306327,,Mr.,Gregory,Anita,Serrano,,,M,black,nonhispanic,male,Lake Morgan MA US,3675 Teresa Canyon,Boston,MA,Suffolk,44027,02118,57.246653,-120.930115,22324.28,14787.04,30897,(733)630-4839x0746,hdorsey@example.org,050905996,050201
07c71b51-5270-4987-831f-15826fea27ca,2000-03-02,,036-59-5700,S99469912,X16759676,Mr.,Andres,Wendy,Wheeler,,,M,white,nonhispanic,male,West Marthaton CA US,8577 Smith View Suite 636,Oakland,CA,Alameda,50197,94609,74.364577,78.271355,3291.68,121051.08,46701,541-977-4246x6164,carl25@example.org,050312134,050201
8281d727-04df-4cfb-8019-ad779f9e672d,1975-05-06,,222-43-8465,S84209137,X97224276,Ms.,Michelle,Victoria,Stanley,,,S,white,nonhispanic,female,Philipchester CA US,7850 Schwartz Island Apt. 136,Oakland,CA,Alameda,40878,94609,59.706285,83.653006,24970.17,26572.22,64875,999-818-9591,montgomeryelizabeth@example.net,050429982,050201
00a91410-bdb4-442e-a13f-85822fdf6ca3,1976-02-29,,126-31-6311,S41903506,,Ms.,Natalie,,Wade,,,W,other,nonhispanic,female,Travisberg CA US,862 Wolf Isle Suite 002,Oakland,CA,Alameda,20679,94609,33.788986,12.19321,39184.15,12943.31,80704,211.404.3737,timothylopez@example.com,050911544,050201
3d89966b-0bb0-4cf2-8fbc-076c0c35ac6b,1986-09-11,,700-04-0624,S46562956,X31429554,Mr.,Kevin,Briana,Herrera,,,W,black,nonhispanic,male,Whitneymouth MA US,833 Kelly Creek Suite 351,Boston,MA,Suffolk,47120,02215,21.192696,-27.140936,52729.72,18904.59,17599,980.224.8116,conleyann@example.org,030589698,030301
c550cf50-a660-4dbb-abf8-1fb7e04ba723,1985-07-15,,739-61-8428,S86527769,X92125194,Ms.,Cynthia,Amy,Brown,,,D,asian,nonhispanic,female,Carlborough GA US,3880 Zachary Highway,Savannah,GA,Chatham,27084,31404,24.994305,-50.987614,3437.43,51606.04,16165,(676)867-2732x749,parkerbrett@example.net,030809191,030301
46f1dae8-e846-4c73-841d-b18457cfcb5a,1963-03-04,,164-60-2570,S46103039,,Ms.,Debbie,Julie,Higgins,,Smith,M,white,hispanic,female,West Rebeccaport AZ US,531 Michelle Drive,Phoenix,AZ,Maricopa,44455,85006,-41.011812,-79.804961,14786.53,30639.64,14220,+1-411-654-3635x179,lenglish@example.net,030619261,030301
126dae42-c1e9-4959-83fc-836cb37bf3f1,1974-01-02,,440-44-4896,S34737513,X86166384,Ms.,Stephanie,Alison,Mejia,,,S,asian,nonhispanic,female,Port Sean MA US,18346 Haney Wells,Boston,MA,Suffolk,24969,02118,-62.640979,21.205444,104047.56,44302.51,46095,(492)510-8157x539,kmiller@example.com,030513914,030301
b8e8ec59-b498-4d0e-a442-ee3a3ea133ec,1941-08-13,,609-53-3339,S42099057,,Mr.,Curtis,Gary,Norton,,,S,white,nonhispanic,male,Kevinfort GA US,238 Crystal Lake,Savannah,GA,Chatham,44245,31404,-12.042004,41.089582,26865.93,6843.08,155717,876-259-9966,gbyrd@example.com,140374384,140401
9760e331-172f-4084-a805-fc836d35eb5d,2008-06-10,,232-64-6397,S31392942,X23001468,Ms.,Emily,,Burton,,,M,asian,nonhispanic,female,North Laurie CA US,2719 Robert Grove Apt. 649,Oakland,CA,Alameda,10827,94609,-0.274471,46.219608,3965.88,2137.15,60044,887.251.9762x88850,markrogers@example.net,140345833,140401
07184dd1-a6a0-4bbf-9f81-8e969cb73bd9,1977-03-25,,439-81-7689,S49594021,X42648350,Mr.,Calvin,Anita,Barnes,,,S,white,nonhispanic,male,Port Christina CA US,63240 Amanda Meadow,Oakland,CA,Alameda,32933,94609,46.278627,-60.451329,29510.31,5047.34,47137,742.788.0291x17509,tammy58@example.com,140523754,140401
e20fcd27-3669-41e7-93bc-1a8a8abc3f79,1968-06-30,,156-20-7846,S57132938,X61737893,Ms.,Brenda,,Johnson,,,W,white,hispanic,female,Jamiemouth GA US,899 Jennifer Circles,Savannah,GA,Chatham,06369,31404,15.610971,67.738262,64422.22,6646.88,88552,742-695-1223x72420,lindseyreed@example.org,140258572,140401
4c7ef323-206b-4808-8328-61af77b2514d,1959-05-16,,331-54-8070,S24050648,,Mr.,Reginald,Laura,Colon,,,D,white,nonhispanic,male,West Ashley GA US,96508 Ronald Spurs Suite 504,Savannah,GA,Chatham,03297,31404,56.083729,142.50226,45397.1,38817.44,38903,478-739-1536x152,rcopeland@example.org,140802156,140401
12fbff31-89fd-4cdb-bec2-2aec7447769b,1965-08-11,,395-69-0060,S13406962,X11023016,Ms.,Kelly,Anna,Burgess,,Smith,M,white,nonhispanic,female,Stephanieborough AZ US,0454 Carol Hill,Phoenix,AZ,Maricopa,31661,85006,-12.234212,-174.156275,21262.85,150886.48,49446,001-346-837-3935,qscott@example.org,140367802,140401
39e8234f-d349-405a-a7ad-78a744bcdcc3,2010-09-02,,599-58-5752,,X90087772,,Sean,Joseph,Coleman,,,S,white,hispanic,male,Deborahview MA US,37010 Michelle Field,Boston,MA,Suffolk,41531,02118,-16.119805,115.775531,12196.16,7907.1,27733,996.838.1818,yramsey@example.net,110529203,110501
f1f83331-024d-48bf-b536-03d936567e9c,1952-09-04,,850-73-5687,S42202530,X65406229,Ms.,Morgan,,Martin,,Patrick,S,black,nonhispanic,female,Watersstad AZ US,6879 Rodney Rue,Phoenix,AZ,Maricopa,30538,85006,-28.054686,-135.265342,42674.46,3848.45,191035,+1-410-961-9973x55871,michaelortiz@example.com,110261767,110501
da26785a-a171-4fe1-966f-4fd5a106428f,1992-01-17,,579-66-7489,S68302706,X80940393,Ms.,Jessica,,Nelson,,,,black,nonhispanic,female,Port Aimeeberg AZ US,51812 Ryan Vista Apt. 066,Phoenix,AZ,Maricopa,19489,85006,-74.827927,-84.269347,27712.57,16494.77,32161,378.965.7655x345,corr@example.com,110233140,110501
fd5feb36-0d75-469c-9f85-70dcd4d7e056,1960-08-21,,147-06-0371,S72435503,X18653854,Ms.,Alexandra,Joshua,Hood,,,M,other,nonhispanic,female,Jordanmouth CA US,3621 Seth Extensions,Oakland,CA,Alameda,32742,94609,-21.1499,53.218892,42656.67,2643.94,32962,585.602.2289,randall25@example.com,330448498,330101
f21a3eef-cd39-41fe-8936-1d27bc412def,1993-01-31,,030-22-7101,S69258238,,Mr.,Erik,Christine,Hayes,,,,native,nonhispanic,male,Caitlinberg GA US,783 Bradley Ford,Savannah,GA,Chatham,19516,31404,-88.538345,-49.127827,43583.0,18555.39,30237,406-412-8230x99692,tuckerrachel@example.net,330887433,330101
74b6634f-b097-407c-883c-06766c3d2405,2006-08-06,,312-21-5834,S57172862,X72976950,Mr.,William,Brian,Neal,,,M,white,hispanic,male,Kellyhaven MA US,108 Nicholas Rue Apt. 385,Boston,MA,Suffolk,24174,02215,10.118074,-28.408091,20526.62,43648.95,54943,808-978-3559,jaimehaynes@example.com,330789222,330101
2d3463b2-6c74-4a5d-8f76-228eeac144f0,1997-04-09,,489-59-4311,S82001863,,Ms.,Jennifer,,Horne,,,D,white,hispanic,female,Port Elizabethport IL US,282 Osborn Streets Suite 511,Chicago,IL,Cook,20566,60612,12.211856,98.51406,118693.93,7155.88,167686,001-447-830-3047x174,michelle60@example.com,330700196,330101
f5d0a93d-b5d4-40af-9e01-2274639f0679,1967-06-07,,198-50-7689,S22081902,,Ms.,Emily,,Smith,,,S,asian,nonhispanic,female,Ryanmouth AZ US,821 William Dale Apt. 960,Phoenix,AZ,Maricopa,50246,85006,36.032849,20.367703,5205.69,47620.55,48223,457.439.6846x708,qlambert@example.org,330360888,330101
42b59f88-e37d-4a38-953c-ccee36f2c156,2000-08-25,,849-42-2030,S94052087,,Mr.,Gabriel,Joy,Smith,,,D,white,nonhispanic,male,Ricardostad GA US,9529 Diaz Turnpike Apt. 840,Savannah,GA,Chatham,47729,31404,65.909194,60.251599,60235.38,9928.66,14960,001-554-222-0634x11705,hannah80@example.com,330373180,330101
1267b334-25a7-45ba-9e1e-52854c34948d,1981-10-18,,275-79-7836,S63327704,,Ms.,Heather,Denise,Fox,,,W,white,nonhispanic,female,Leonardside GA US,376 Gibson Radial,Savannah,GA,Chatham,42724,31404,-82.587635,-156.476153,29242.61,11090.77,78491,949-722-5279,wisetiffany@example.org,330224283,330101
210fe3f9-aa1c-41c2-ade2-6c731944c3f5,1976-09-26,,711-63-5505,S86125930,,Mr.,Jim,,Fernandez,,,W,white,nonhispanic,male,Brownmouth MA US,5513 Lewis Tunnel Apt. 232,Boston,MA,Suffolk,46166,02215,78.371128,5.045119,34275.43,18892.93,34937,001-533-384-6678x6924,kmorales@example.net,330714722,330101
edb90969-0551-4510-95e5-551a56d9f59e,1960-10-08,,337-53-6087,S27888126,X91428910,Ms.,Crystal,Dawn,Tucker,,,,white,nonhispanic,female,North Mary MA US,8889 Karen Plaza,Boston,MA,Suffolk,40454,02118,-11.128247,-136.517352,158224.21,5328.97,41365,001-708-227-3255,valerie47@example.org,330400245,330101
d756aaa4-393d-4c0a-b554-833be69e0de9,1925-02-26,,485-45-2056,S82288313,,Mr.,Jonathan,Laura,Schmitt,,,W,white,nonhispanic,male,East Cody TX US,3811 Garcia Canyon,Austin,TX,Travis,12514,78702,14.264924,42.109037,30613.85,83205.54,35581,+1-437-977-1946x35920,lisa94@example.net,330368765,330101
dfe0e647-9ca1-4fa1-b0a9-a76e14f98d22,1970-06-14,,673-14-3705,S58352896,,Mr.,Kurt,Eric,Gregory,,,W,white,hispanic,male,Aprilfurt TX US,598 Beth Union Suite 025,Austin,TX,Travis,18462,78702,-71.016743,73.46862,111474.12,28923.12,24443,836.469.7016x53981,donaldgonzalez@example.org,330884275,330101
0c7b3b13-4c0f-45ad-b72a-8e9cd6f680fd,1944-01-29,,804-81-8869,S65440162,,Mr.,Christopher,Matthew,Thomas,,,,white,nonhispanic,male,Lake Jean AZ US,42303 Andrade Summit,Phoenix,AZ,Maricopa,47713,85006,-75.745153,125.741143,37785.78,24047.99,42215,5658652506,tpalmer@example.net,330546430,330101
090ca57a-6728-4e84-8df2-8e771a995801,1951-11-21,,531-05-7255,S73412396,X78136952,Mr.,Steven,Raymond,Pearson,,,D,white,nonhispanic,male,Garrettborough CA US,41818 Norman Mill Suite 223,Oakland,CA,Alameda,42833,94609,-40.527366,-61.012423,15158.86,170433.01,54046,336.702.3153,angelachristensen@example.net,330467665,330101
9b180ac3-6a48-4354-9a58-38e856987421,1984-11-20,,177-54-0773,S23223036,,Mr.,Paul,Nichole,Orr,,,D,other,hispanic,male,South Pamela AZ US,7848 Clark Roads Apt. 971,Phoenix,AZ,Maricopa,27236,85006,-41.553739,-24.694333,10692.3,8328.46,32419,+1-834-877-8346x05668,ebishop@example.com,330492190,330102
ac21d13a-9370-4246-b4d0-aefcfab5d395,2000-08-16,,772-66-0537,S70785949,X78967954,Ms.,Leslie,Haley,Elliott,,,S,white,hispanic,female,New Robertland AZ US,2707 Michael Burgs Suite 489,Phoenix,AZ,Maricopa,44865,85006,5.199663,-72.894525,146914.6,16414.42,63827,227-295-3088,tina17@example.net,330678048,330102
d6a5179f-0d70-4330-baa0-32d756ea9706,1984-02-06,,433-58-5980,S55674608,X14301023,Ms.,Cynthia,William,Parrish,,Collins,W,other,hispanic,female,Glassport TX US,87034 Susan Land,Austin,TX,Travis,51695,78702,-48.97232,121.588139,33156.9,3412.76,108566,(708)546-0889x807,deborahdawson@example.net,330241795,330102
a720f029-820a-40be-b9bd-c4a9e90a819e,1925-02-23,,021-70-6535,S66424470,,Mr.,Douglas,Pamela,Johnson,,,S,black,nonhispanic,male,Brianside MA US,8885 Jake Highway,Boston,MA,Suffolk,13885,02118,42.571877,165.830118,350011.48,34030.48,13625,+1-572-549-2544x0182,jamesmaxwell@example.org,330339469,330102
953144d6-9129-4822-9ad6-c53bdbbb2176,1949-11-10,,789-16-6086,S60266842,,Ms.,Amanda,Alexandra,Klein,,,S,white,hispanic,female,East Johnview MA US,4343 Arthur Mall,Boston,MA,Suffolk,43496,02215,44.828046,-75.575987,25195.45,11977.56,27878,(870)688-6458,aaron11@example.com,330891431,330102
29256132-a957-4f9c-a27d-2195f6a936cf,1963-05-26,,030-50-4364,S94172469,X32995354,Mr.,Mark,,Hernandez,,,S,white,nonhispanic,male,Michelleburgh TX US,648 Gross Meadows,Austin,TX,Travis,26186,78702,73.077873,137.885711,115243.35,35760.46,68208,288.991.1283,vgregory@example.com,330868709,330102
bd065b29-9ab7-4637-b670-9bd6149d3a61,1959-09-04,,037-34-1780,S12443557,,Mr.,James,,Walton,,,S,white,nonhispanic,male,Dillonton CA US,37705 Powell Course Apt. 251,Oakland,CA,Alameda,42179,94609,-19.205126,-85.162681,80919.27,1844.76,93805,+1-975-923-2944x92406,michaelnunez@example.net,330953981,330102
c74a72f5-c418-44f8-810c-68241ca8b58f,1983-05-04,,322-28-5086,S99238031,X72197184,Ms.,Olivia,,Webb,,,S,black,nonhispanic,female,Jacobsport MA US,89263 Richard Road,Boston,MA,Suffolk,39208,02118,76.216792,-167.671594,16206.38,22091.45,67310,+1-252-292-9688x0315,jessica17@example.com,330614628,330102
8048aa50-46d9-407d-9b1b-31c0d4d7c0d3,1947-01-22,,453-34-1666,S54877682,,Ms.,Sharon,Scott,Prince,,,W,other,nonhispanic,female,North Louis TX US,7055 Kristina Trail,Austin,TX,Travis,11918,78702,-77.298995,70.072036,57153.4,24531.72,66090,001-736-322-9612x8635,townsendjohnathan@example.org,330117057,330102
7991ba01-5906-4ee5-87dd-90e5a79a9ce2,1931-09-27,,054-44-9670,S85400052,,Ms.,Linda,Nicole,Stephenson,,Mckinney,,black,nonhispanic,N/A,South Ronald MA US,13087 Jason Circles,Boston,MA,Suffolk,54046,02118,-16.9772,93.886121,11466.5,72091.54,82412,(906)581-3873x066,barnesamanda@example.org,330222464,330102
5233be2a-4dbe-4c78-a33b-725026db4ff6,1947-02-18,,813-33-7120,S61633199,,Mr.,Thomas,Megan,Beck,,,W,asian,hispanic,male,Curtiston MA US,57721 Schwartz Branch Suite 495,Boston,MA,Suffolk,54761,02215,-75.232636,-51.755094,20034.36,144273.89,66106,+1-736-381-8263x717,nrush@example.org,050279685,050201
306b2764-524d-44b1-9b05-eb8d73e127be,1944-12-15,,500-52-2301,S44787508,X70722896,Mr.,Brandon,Robert,Moore,,,D,white,hispanic,male,Gillespiemouth AZ US,16156 Beck Way,Phoenix,AZ,Maricopa,35428,85006,-30.055654,-123.622704,10565.01,17740.95,24540,(432)604-4952x135,janetrose@example.org,050798860,050201
f29f77d4-edb4-4b7a-a478-ee8aa5d34740,1962-03-09,,751-90-5218,S39636891,,Ms.,Sarah,Rachel,Haas,,Schmidt,S,white,nonhispanic,female,Jessicaton MA US,69670 Jon Circles Apt. 720,Boston,MA,Suffolk,50550,02215,66.024847,51.779053,85908.04,21021.88,70988,920.441.2426x26454,russoaustin@example.com,050147976,050201
c3017734-4a84-4c8b-8560-4299e407ca26,1955-08-24,,267-58-1981,S16345298,,Ms.,Karen,Mark,Norris,,Price,M,white,nonhispanic,female,Michaelview IL US,3496 Hill Junctions Apt. 694,Chicago,IL,Cook,01556,60612,-10.088064,-100.400013,155792.87,3525.84,27749,677.465.9694x7198,berrylinda@example.net,050360184,050201
8abbca49-7412-4438-9728-7b2a10a3e70f,1952-04-16,,166-05-6001,S82505839,,Ms.,Priscilla,Allen,Watkins,,Pham,W,native,hispanic,female,North Jamie IL US,00837 Hancock Lock Apt. 281,Chicago,IL,Cook,42589,60612,-87.65187,-129.678642,34317.94,3154.15,121500,+1-975-510-3036x749,howardantonio@example.net,050133054,050201
e024c4f1-1ec2-4b93-8bdf-da2926229e92,1957-01-15,,477-64-2486,S25957472,X70268274,Ms.,Kimberly,,Shannon,,Harris,S,white,hispanic,female,West Dawn GA US,5329 Gregory Drive,Savannah,GA,Chatham,53266,31404,-89.751424,88.871326,43646.09,11151.85,40755,974.578.2501x95898,woodsjulia@example.net,030654648,030301
2035e3f3-43ca-48ef-b9d3-38ee6dc27022,1991-05-29,,562-37-5793,S47254900,X40079155,Ms.,Kathy,,Dennis,,Hall,M,black,nonhispanic,female,South Vincent AZ US,8652 Krista Mountains,Phoenix,AZ,Maricopa,33355,85006,-51.755198,-167.374888,74668.97,118037.41,45733,537.644.9903,williamsanchez@example.net,030785161,030301
8da7b63b-3280-4dba-a297-2ca4ef0ab105,1985-06-20,,352-40-2984,S31339851,X91392873,Ms.,Monique,,Johnston,,Fernandez,D,asian,nonhispanic,female,New Jennifer MA US,90166 Boyle Bypass Apt. 975,Boston,MA,Suffolk,02015,02215,-10.456315,144.475839,87824.24,26048.99,20250,8987607906,pachecorichard@example.net,030825403,030301
2a88de5f-c277-4706-bb9d-bcba96b46324,1964-09-23,,221-40-3662,S99338676,,Mr.,Daniel,Samantha,Curtis,,,D,white,nonhispanic,male,West Brandonhaven MA US,780 Christopher Ranch,Boston,MA,Suffolk,55218,02118,-85.694384,148.282804,21845.07,3900.41,26345,9067449359,erikamartin@example.net,030764433,030301
520f413d-a846-4372-96dc-75b0528c872c,1969-11-03,,212-41-9851,S11035066,X56793408,Ms.,Sara,Jose,Evans,,Davis,S,white,nonhispanic,female,Romeroland AZ US,9512 Allen Hills Suite 350,Phoenix,AZ,Maricopa,29206,85006,-60.400956,-47.943712,12147.07,4981.34,41183,+1-520-947-7372x871,jacobwilson@example.com,030162061,030301
5f92d110-f9e0-4610-b753-fa9f284bc59f,1997-03-09,,168-59-1254,S49894743,,Ms.,Linda,Joseph,Brown,,,W,other,nonhispanic,female,Shelbyfort MA US,4226 Hammond Forest,Boston,MA,Suffolk,16276,02118,69.193667,-171.863114,140411.58,38584.58,40895,484-465-3500x35884,rjones@example.org,030579479,030301
a79af9a8-6103-43af-9ccd-7cf3b3e898d9,1979-01-10,,191-01-5973,S18440795,,Ms.,Stacy,Devon,Christensen,,,W,asian,nonhispanic,female,Nicolestad IL US,027 Lewis Meadow,Chicago,IL,Cook,06245,60612,18.25253,24.192019,72075.29,20825.8,93881,514.326.2811,mackenzie26@example.org,030271141,030301
fe382110-0e97-47d1-b738-091314ddfb36,1952-07-17,,093-50-1899,S60718194,X87979067,Ms.,Emily,Jennifer,Potter,,Snow,D,black,nonhispanic,female,Hallchester CA US,9341 Tucker Crest,Oakland,CA,Alameda,01753,94609,6.215251,83.127389,6293.88,81015.88,42658,600-271-9796x1291,durancrystal@example.com,140966137,140401
b80f1448-29ed-415a-8be5-e72a09c7c129,1966-03-05,,503-03-0250,S24491332,X34812359,Mr.,Steven,Kathryn,Carroll,,,,asian,nonhispanic,male,West Christina CA US,43570 Aaron Ridge Apt. 556,Oakland,CA,Alameda,46977,94609,-81.780713,105.570902,13478.91,16786.84,53038,822-320-8760,ochavez@example.net,140980655,140401
25eaaa46-b175-4d28-be8e-2f28af24ef86,1978-03-10,,826-61-7831,S41652380,X54775142,Mr.,Michael,,Young,,,S,asian,hispanic,male,Guerraberg MA US,6375 Garner Village Suite 708,Boston,MA,Suffolk,35948,02118,33.587551,54.426419,27448.04,6424.24,92818,(549)911-6323,sarahsullivan@example.com,140937753,140401
6e942ac2-84c1-4894-bf34-4957a7397ece,1970-02-20,,293-41-7483,S24766020,,Mr.,Eric,,Nelson,,,S,white,nonhispanic,male,Port Ericland MA US,68068 Payne Coves,Boston,MA,Suffolk,43719,02118,79.350167,27.409643,11935.75,24555.53,34710,001-678-365-9110x514,justinturner@example.net,140645769,140401
b56d8072-dbf0-4150-b0fd-d878ca4508a0,1977-03-26,,180-16-3078,S25476106,,Ms.,Stephanie,Gloria,Jenkins,,,D,asian,hispanic,female,South Jessicaville MA US,290 Mccormick Parks,Boston,MA,Suffolk,04322,02215,38.788212,-66.709963,72710.9,8695.94,65567,7644198974,kimberly04@example.com,140365349,140401
93438db6-1fd8-4b51-b9e1-d86c70e41782,1993-09-21,,019-77-8067,S11813378,,Ms.,Beth,Angela,Smith,,,D,black,hispanic,female,Christinaside TX US,6218 James Fields Apt. 346,Austin,TX,Travis,31843,78702,45.484982,-27.548254,27666.42,91250.51,32748,758-872-7950x2304,carlarodgers@example.net,140896579,140401
e02e0ae1-79d5-4233-b8d7-ac735e7555a7,1953-02-18,,533-06-4653,S21609519,,Mr.,Mitchell,Jordan,Moore,,,D,other,hispanic,male,West Christopherport MA US,96279 Daniel Meadow,Boston,MA,Suffolk,33225,02118,-26.496886,-161.597625,58753.85,860.6,40143,+1-984-470-0739x207,qcervantes@example.net,140710109,140401
5646cf7e-a341-4865-854a-97f097e9f45f,1958-11-25,,882-04-1544,S71007883,X46958436,Ms.,Megan,,Ware,,,W,white,nonhispanic,female,New Taylor TX US,55559 Nichols Terrace Apt. 492,Austin,TX,Travis,49303,78702,26.402339,-84.347394,24265.79,19511.03,58824,(411)452-1952x8324,jennifermoody@example.net,140449038,140401
1037d763-8bec-478d-9c6a-b5b23c936b0f,1954-07-23,,641-22-2344,S47368598,,Ms.,Amy,,Best,,Park,S,white,nonhispanic,female,Watkinsshire AZ US,70611 Alicia Harbors Suite 187,Phoenix,AZ,Maricopa,43470,85006,58.398,-38.837886,131027.32,25960.99,38683,001-670-604-2340,anthony05@example.com,140291107,140401
ebd386e7-bd01-4d8a-98cd-91ff4d2e4220,1961-10-18,,084-06-5293,S69500812,,Mr.,Christopher,Jared,Wood,,,M,white,nonhispanic,male,West Christopherville MA US,970 Vazquez Crest,Boston,MA,Suffolk,11265,02118,38.06456,153.956257,146733.76,4847.76,25652,334-902-5963x7374,vincentramirez@example.org,140953462,140401
f9a267fc-1e76-437b-867b-84b9eb5bb6d3,1987-05-29,,394-03-6380,S48430380,X37613131,Mr.,Jonathan,John,Diaz,,,M,black,hispanic,male,East Angelaview CA US,816 Tammy Divide,Oakland,CA,Alameda,01264,94609,84.928692,72.558693,19745.08,17708.21,114379,464-612-3571,zortega@example.com,140158995,140401
579a6395-19b8-4a23-90a9-1e71ea9289bd,1982-08-17,,483-41-4445,S78667031,,Mr.,Mark,Veronica,Thompson,,,W,other,hispanic,male,Teresaville IL US,13081 Mills Grove,Chicago,IL,Cook,05526,60612,62.762329,151.576415,7415.15,1987.92,153337,830-280-1815x5181,lrichardson@example.net,110631586,110501
cb08da47-c402-474d-b5cb-b37f52664339,1982-03-10,,727-27-6915,S66886664,,Mr.,James,Michelle,Vasquez,,,D,black,nonhispanic,male,Kathrynfort MA US,00272 Sanchez Creek Apt. 393,Boston,MA,Suffolk,02800,02118,-3.603034,122.650223,5418.97,19575.62,73575,(634)628-1823x89351,cisneroskayla@example.com,330915143,330101
31c36fba-abe0-41cd-b70d-bc978bd333bf,1960-06-26,,219-58-6161,S24739829,,Ms.,Patricia,Joshua,Li,,,,white,nonhispanic,female,Rebeccamouth MA US,1736 Melissa River Suite 854,Boston,MA,Suffolk,42007,02215,-81.20495,-50.298887,18061.62,21996.87,68471,4116475751,ucarey@example.net,330532833,330101
c0e638ac-7b73-4f69-aaa5-764fc8e49a16,1980-02-20,,857-56-0339,S53564410,X80216827,Mr.,Joseph,Jordan,Rogers,,,S,white,nonhispanic,male,Lake Brandonmouth AZ US,5724 Angela Estate Apt. 081,Phoenix,AZ,Maricopa,40805,85006,-81.665578,92.276169,152737.7,40501.83,71532,6876696715,scottdavid@example.com,330182674,330101
14dedfeb-cf00-4f00-92e8-9077df46fbd6,1980-08-06,,369-49-6170,S98318104,,Ms.,Diane,,Mcpherson,,,M,white,nonhispanic,female,Parkerchester TX US,213 Beth Springs Apt. 932,Austin,TX,Travis,38874,78702,85.951764,-113.677914,154308.05,13236.25,19764,001-556-810-7586x42453,peter13@example.com,330673034,330101
8af648f5-83fc-4f16-b994-90cd2b6ad6f7,1962-10-02,,005-42-5336,S64420315,X16140181,Ms.,Donna,Jessica,Martinez,,Craig,W,white,nonhispanic,female,Turnerburgh TX US,542 Shelley Way,Austin,TX,Travis,46851,78702,40.930436,82.939695,2775.3,7605.17,56242,884-314-7761,brian04@example.com,330975866,330101
43553782-21da-4913-aecf-15b5d8abac52,1986-10-09,,803-76-6423,S74576942,X62466777,Ms.,Jennifer,Kimberly,Nelson,,,D,white,nonhispanic,female,Lisabury MA US,5270 John Mountain Suite 042,Boston,MA,Suffolk,38866,02118,-28.565887,160.352973,19273.69,2731.03,105022,(304)878-8212,zpage@example.com,330227296,330101
eaf87fc9-4f37-4801-a6dd-b9232371bb87,1980-01-12,,556-99-0025,S26836505,,Ms.,Kelly,,Moreno,,,M,asian,nonhispanic,female,Port Christine CA US,6116 Jeffrey Drive,Oakland,CA,Alameda,02161,94609,-51.79752,132.170577,13445.47,64820.08,29367,316-723-0696,lrichardson@example.net,330116829,330101
c23972a4-ac5d-4834-b029-96ec3830d295,1924-09-12,,830-15-9558,S78937355,,Mr.,Steven,Mary,Garrison,,,M,black,nonhispanic,male,Lake Erika MA US,401 Snyder Path,Boston,MA,Suffolk,54483,02118,-13.316182,-140.411571,11323.96,5678.68,27197,(946)251-3934x67300,orrbenjamin@example.org,330616201,330101
5a98c7bc-e903-4cda-90b9-d4e673ab4dec,1933-02-09,,830-86-9699,S24999964,X58653429,Mr.,Mark,Barbara,Long,,,,white,nonhispanic,male,Bakerfort MA US,08694 Rose Loaf Apt. 744,Boston,MA,Suffolk,27932,02118,-23.47334,-95.21252,31501.75,16396.74,46735,597-846-0250x324,lauren61@example.net,330759982,330101
a36d0999-0337-4f35-a043-5de69b440a17,1957-08-17,,687-75-7933,S29416197,X77240609,Ms.,Regina,David,Garcia,,,M,black,nonhispanic,female,East Janetfurt AZ US,571 Hayden Plaza,Phoenix,AZ,Maricopa,10145,85006,-65.974929,-177.473375,100458.16,12901.73,27044,348.788.0206x69972,donaldsmith@example.net,330288731,330101
76074a65-9e57-47b4-9b77-e18ed9b8056d,1971-04-12,,860-57-3179,S66497010,,Mr.,Joshua,,Diaz,,,M,white,nonhispanic,male,Lake Joshua IL US,4423 Myers Passage Apt. 908,Chicago,IL,Cook,02947,60612,-52.543703,127.129936,42535.33,24082.55,99246,239.377.6087x3767,westgerald@example.net,330852113,330101
759a701a-00a8-4a26-ae40-1667a9902632,1985-07-13,,647-95-9437,S19341098,X78361555,Ms.,Anna,,Hernandez,,,D,white,nonhispanic,female,Lake Andrew IL US,3323 Baker Forest,Chicago,IL,Cook,27366,60612,-1.233103,158.846867,33521.38,6509.66,34401,(582)639-8666x985,wandahernandez@example.com,330371192,330102
a79c27be-95f1-4735-8e09-ed7d1607831d,1960-10-05,,278-90-5458,S58039112,,Ms.,Shannon,Maureen,Bailey,,Avila,S,white,nonhispanic,female,East Jerrybury TX US,90571 Tyrone Port,Austin,TX,Travis,31383,78702,45.846154,-39.05631,46698.64,33833.02,148940,(459)203-5102x73290,david54@example.org,330753299,330102
a93cb67b-ab21-4381-bebb-46c318ff2b70,1969-02-10,,662-79-3449,S25882551,X81054126,Ms.,Debra,Devin,Wilson,,,D,white,nonhispanic,female,Jonesbury MA US,62860 Kimberly Gardens,Boston,MA,Suffolk,29630,02118,38.762377,168.889249,22073.13,4726.74,67942,001-880-873-1915x52771,hcox@example.com,330605856,330102
daf65bea-316b-4100-94a8-f58e7d4394fe,1984-01-23,,400-37-2038,S45529961,,Mr.,Kevin,Rebecca,Stewart,,,S,white,hispanic,male,Lake Scott TX US,3398 Jennifer Courts,Austin,TX,Travis,20030,78702,33.193708,-152.765417,18534.21,7819.64,84389,898.628.8249x420,sancheztimothy@example.net,330191031,330102
c93ef78d-f6ab-4cd4-90cf-f37e7a395510,1955-05-08,,338-96-9132,S20907100,,Ms.,Shannon,,Bond,,,D,white,nonhispanic,female,West Bethborough CA US,0393 Tina Groves Suite 568,Oakland,CA,Alameda,18872,94609,-64.841534,88.136434,9390.86,10688.18,90382,+1-697-969-9196x60641,chill@example.net,330274930,330102
7eb8b787-dc0d-4429-8986-27a520bfcd4e,1975-06-20,,040-48-3286,S30428485,,Mr.,Curtis,Cameron,Peters,,,M,black,nonhispanic,male,Lewismouth TX US,605 Lucas Crossroad,Austin,TX,Travis,35810,78702,84.198976,-41.699193,163796.6,30463.19,60228,473.220.7379,abigaillopez@example.org,330768185,330102
f32d60a2-43b5-40f5-aba0-9795d10b8811,1979-03-04,,467-80-8633,S43995809,,Ms.,Karen,Cory,Evans,,,S,black,nonhispanic,female,Port Alexander GA US,884 Nicholas Meadows Suite 369,Savannah,GA,Chatham,05334,31404,-60.842022,-107.885488,72383.97,10492.69,20849,797-355-6305x6266,samanthamullins@example.org,330919321,330102
9677eba4-61fe-45de-bfda-7ac38fed055c,2009-12-16,,492-99-7077,S38615728,X16682612,,Joe,,Flores,,,D,white,nonhispanic,male,Lake Brendatown TX US,288 Isaac Green,Austin,TX,Travis,28090,78702,-0.558191,7.001804,41781.54,95123.16,60342,478-333-3090x9581,leonardjonathan@example.net,050954846,050201
9daadc23-bf54-4029-9444-b8c7d07cdfa3,1953-07-27,,320-40-4548,S62580138,,Ms.,Vickie,Caroline,Day,,,,asian,nonhispanic,female,Danielberg GA US,211 Fisher Plaza,Savannah,GA,Chatham,47849,31404,53.249281,-171.202714,33108.67,2687.8,25612,001-362-265-8014x4190,crystalflowers@example.com,050600484,050201
8c57897b-4da8-4138-a61e-de4dfc0240b6,1953-01-04,,819-63-2310,S62074115,,Ms.,Stephanie,Kelly,Mckinney,,,D,white,nonhispanic,female,North Christopher GA US,15429 Robinson Terrace Apt. 208,Savannah,GA,Chatham,51821,31404,-31.809102,-72.930702,81933.95,186905.55,34610,(814)881-7181x5863,sharpjessica@example.net,050901905,050201
09333441-4722-40f3-a25f-e85408ac69b5,1953-11-06,,793-75-5723,S34420367,,Mr.,Daniel,,Howard,,,M,white,nonhispanic,male,West Katherinebury MA US,86364 Sara Village,Boston,MA,Suffolk,28791,02215,-46.144782,51.55397,178768.9,22191.89,130846,304.936.9138,villegasjustin@example.com,050627003,050201
cf595a12-1d25-4e40-9bda-7e7515818eea,1949-08-25,,599-94-0802,S81936538,,Ms.,Monica,Megan,Guerrero,,,S,black,nonhispanic,female,Port Aaronland CA US,244 Brown River,Oakland,CA,Alameda,12433,94609,79.730273,98.734877,75501.49,8112.77,75367,407-565-3425,penaashlee@example.net,050851547,050201
e320a49c-140d-448c-900d-8cd9a3b0b8a5,1957-03-28,,719-40-1458,S52076807,,Ms.,Joann,Brandi,Green,,,M,white,nonhispanic,female,Nicoletown MA US,83852 Garrett Harbors Suite 612,Boston,MA,Suffolk,20703,02118,-8.909133,-123.821907,31669.81,2144.94,65111,001-685-459-9329x1115,jpatterson@example.org,050806711,050201
d1e2a669-844f-4312-8fd7-d4c143195ae1,1966-04-25,,047-51-2741,S12052303,X87428206,Mr.,Charles,,Hoffman,,,,other,nonhispanic,male,Port Elizabeth CA US,9939 Phillips Forest Apt. 216,Oakland,CA,Alameda,29356,94609,-53.953939,-3.07846,67268.69,11056.44,36639,862.386.5517x4846,rojastanner@example.org,050628571,050201
16e96bf1-ab66-4536-bb9a-659b80123b9b,1953-11-21,,445-05-9707,S97316556,X64715012,Mr.,William,Kathy,Patel,,,D,white,nonhispanic,male,Fletcherview MA US,7695 Joshua Harbor Suite 951,Boston,MA,Suffolk,20861,02215,-64.784319,159.857164,229369.92,13469.46,28180,001-784-563-2575x677,james13@example.net,050339185,050201
d33b890d-a70f-4bdc-964c-505b7e0af9dd,1924-09-05,,347-67-6549,S21515904,,Ms.,Dawn,Julie,Riggs,,Zimmerman,D,white,hispanic,female,West Margaretfurt GA US,78024 Hubbard Courts Apt. 116,Savannah,GA,Chatham,39763,31404,-71.400149,-149.841554,88800.57,15161.57,75485,001-700-360-0300x807,beckerpatrick@example.org,050708021,050201
ad2ea36d-92ea-4b76-848b-21a9000ca4ac,1972-07-06,,088-62-7003,S71106344,X14201269,Ms.,Danielle,Justin,Jones,,Burgess,D,white,nonhispanic,female,Lake Jenniferfurt IL US,9914 Cordova Hollow,Chicago,IL,Cook,26557,60612,-81.407468,-23.936346,43471.25,13110.1,51595,+1-935-758-0702x9666,ashleysmith@example.org,030448584,030301
11d774b0-bd75-4e1c-9571-7afebbebb1da,1946-01-13,,449-04-1717,S14116647,,Mr.,Michael,,Fischer,,,D,white,nonhispanic,male,New Angela MA US,36591 Boyd Lodge Apt. 696,Boston,MA,Suffolk,13333,02215,26.79777,-35.547877,48677.05,23779.19,103799,354-986-3389,dstone@example.com,030980071,030301
bb950885-75c9-4b17-8424-95d4ae767668,1974-12-11,,092-05-6532,S38970473,,Ms.,Martha,Lori,Olson,,Smith,S,white,nonhispanic,female,Jenkinsfurt MA US,536 Scott Passage Apt. 371,Boston,MA,Suffolk,34118,02118,17.043478,-63.173587,28287.79,37367.31,91372,+1-533-708-2561,joshua03@example.com,030147028,030301
4faf9728-b244-4a18-8d17-806e00a5fdab,1969-04-23,,768-07-1701,S57182928,,Ms.,Veronica,,Salas,,,,white,nonhispanic,female,East Matthewside MA US,7913 Michael Course Apt. 365,Boston,MA,Suffolk,33474,02118,80.092142,-38.57607,15002.96,11812.2,37057,956-665-0030,kevinmoore@example.com,140835345,140401
33a3bfda-3a4e-4c7a-85a7-c35ae5267bc5,1966-07-11,,852-56-3952,S91433478,,Mr.,Justin,Heather,Davis,,,M,white,hispanic,male,West Johnside IL US,015 Carl Crossing,Chicago,IL,Cook,15837,60612,33.957511,-78.842615,44578.45,15558.28,23217,348-251-6924x364,corysantos@example.net,140543333,140401
0a49cc0b-1536-40dd-ad4f-b3c35cca5624,1956-11-27,,794-06-2508,S79791308,X17381600,Ms.,Jennifer,Natalie,Wolfe,,,M,asian,nonhispanic,female,South Ashley MA US,537 Skinner Dale,Boston,MA,Suffolk,08726,02118,-42.508083,-172.882272,84249.01,15089.82,49188,001-252-564-8992,michael97@example.org,140900546,140401
09c2221b-0fd2-45d3-9481-8cb3042f3572,1959-04-10,,663-91-7523,S11824728,,Ms.,Natalie,,Craig,,,M,black,nonhispanic,female,North Vincent CA US,34452 James Hollow Apt. 704,Oakland,CA,Alameda,17037,94609,77.806696,-161.769725,86591.98,5774.4,24220,914.721.4739x22390,odonnellcory@example.org,140117070,140401
ce3ff8f6-1861-48be-ad59-07529aabc9cc,1957-01-09,,173-18-6529,S39769348,X61830024,Ms.,Theresa,Christopher,Powell,,Murphy,S,black,hispanic,female,Kathleenmouth CA US,5890 Cook Curve,Oakland,CA,Alameda,05586,94609,-73.923888,90.471371,83586.4,19676.85,73411,478.861.4910,sarah29@example.net,110646795,110501
d957fda4-6f75-4e0c-8c47-a0b0a68bc5d8,1942-09-20,,570-77-9444,S80736158,,Ms.,Katherine,Linda,Chapman,,,M,white,hispanic,female,Stephanietown TX US,446 Sandra Road Apt. 801,Austin,TX,Travis,07839,78702,-5.275335,111.783266,41226.53,3530.89,25045,+1-889-384-0144x4428,tina69@example.net,110462438,110501
6b3a8bc4-1442-4aec-9d8d-ff6805bfed22,1953-06-27,,468-04-4990,S62199429,X68885143,Ms.,Michelle,Shannon,Mendoza,,,S,other,nonhispanic,female,Anthonyland CA US,5222 Margaret Land Apt. 046,Oakland,CA,Alameda,27681,94609,31.570224,-132.714413,31089.72,14926.73,35984,761.213.5413x4142,johnsonjoshua@example.net,110441135,110501
0fe87ffb-a8ff-4899-b4f2-3f9c894d2d5d,1932-06-02,,726-94-5765,S80145366,X63759879,Ms.,Joyce,Caleb,Fuentes,,,,white,hispanic,female,Toddberg AZ US,5395 Simon Cape Apt. 863,Phoenix,AZ,Maricopa,45884,85006,-65.100357,-157.425856,61124.69,13733.81,51179,001-612-698-9867x1100,hernandezdiana@example.net,110936604,110501
ae7c0313-b838-49a3-9915-5dc13a41406e,2003-08-05,,490-58-1607,S10263655,,Mr.,Christopher,,Hardy,,,,other,hispanic,male,New Ashley AZ US,5102 Duncan Ports,Phoenix,AZ,Maricopa,09835,85006,-34.515613,-172.560253,40067.95,26629.15,54053,(559)917-9734x872,butlershannon@example.org,110705446,110501
232802d6-dcea-4e80-8396-8a46fca06582,1961-08-21,,129-82-5206,S13470715,,Ms.,Sierra,,Hill,,,S,white,hispanic,female,East Bryan MA US,1091 Jason Groves,Boston,MA,Suffolk,43592,02118,-50.604485,112.285301,99774.57,10803.94,45881,+1-698-645-9369x8327,jjenkins@example.net,030754874,030301
919a5e0c-2d2d-446e-8836-d5e8344f39f0,1997-04-16,,457-13-1433,S14667231,X45047454,Ms.,Sherri,Evan,Hamilton,,,W,white,nonhispanic,female,Bergerhaven IL US,21775 Garrett Turnpike Apt. 978,Chicago,IL,Cook,22450,60612,46.717655,-33.795419,86107.83,25532.33,106865,001-846-881-6731x13019,markconrad@example.net,030773656,030301
b923d029-bc78-4b43-b68d-ba55e3d98d05,1987-01-17,,682-26-3025,S21778359,,Mr.,Justin,,Lang,,,S,white,nonhispanic,male,North Julie IL US,1045 Scott Parkway Apt. 829,Chicago,IL,Cook,45652,60612,23.053856,-27.107824,7306.04,6359.65,69756,(541)211-3021x1596,erik66@example.net,330229012,330101
2a2b0faf-5247-4f1b-84a1-8b92ecd5bfee,1926-04-17,,783-18-8047,S33009272,,Mr.,Raymond,,Morris,,,D,white,nonhispanic,male,Belindahaven MA US,1942 Watts Station,Boston,MA,Suffolk,27170,02118,-80.487397,-114.479519,125807.46,14784.52,56690,922-701-1775,danielsjacqueline@example.com,330237695,330101
fe4e54b5-2442-4503-9e90-62a8473a6cb3,1964-07-14,,450-14-2806,S14908782,,Mr.,Garrett,Nancy,Werner,,,S,black,nonhispanic,male,East Ianmouth MA US,13571 Romero Junctions Suite 807,Boston,MA,Suffolk,29223,02215,47.59247,67.170447,100964.68,5323.12,30406,769-695-7301x38556,rebeccahill@example.org,330809622,330101
47ae6d2b-042e-44b1-aa1d-a519cfc02a41,1972-02-05,,498-03-5648,S45895672,,Ms.,Maria,Michael,Carroll,,,W,black,nonhispanic,female,Port Erinside CA US,73302 Christopher Ford,Oakland,CA,Alameda,40309,94609,86.197809,41.310111,18057.05,25506.01,59399,912.623.3653,ryan80@example.com,330660702,330101
e1651653-8cee-4d72-a6f0-0867d84c09fa,1945-05-24,,662-98-7783,S83558849,,Mr.,Benjamin,Brianna,Faulkner,,,M,white,nonhispanic,male,Lake Molly IL US,205 Coffey Vista,Chicago,IL,Cook,26297,60612,-55.865603,-30.019588,8597.53,84822.25,20620,(685)282-8496x040,imartinez@example.com,330393381,330101
1fa2eb9d-f637-402c-bae8-7d6c1c051ba0,1978-08-08,,548-65-4008,S37442998,X36734933,Ms.,Natalie,,Chen,,Pearson,S,black,nonhispanic,female,Lake Denise MA US,6827 Rojas Lodge Apt. 356,Boston,MA,Suffolk,24026,02215,5.28414,21.797692,63024.65,22710.92,18916,001-520-289-9381,wolsen@example.org,330810722,330102
52afcbfc-0062-46a0-a599-15733ed01c5e,1974-01-19,,697-79-0070,S12988692,,Mr.,Joshua,Aaron,Sosa,,,D,white,nonhispanic,male,Palmerberg MA US,2988 Kimberly Estate,Boston,MA,Suffolk,11980,02118,-50.497168,161.561973,147907.17,34849.01,65550,001-220-922-6699x43907,suttontiffany@example.net,330700411,330102
8b7dfc20-b776-4bc6-8e20-7082f1dc005e,1971-09-02,,040-67-4760,S55119465,,Ms.,Emily,,Collins,,,S,white,nonhispanic,female,Johnton TX US,628 Ross Fields,Austin,TX,Travis,08315,78702,-6.238632,-161.52056,118645.19,18646.37,81197,001-815-849-0804x4517,singletonryan@example.com,330467251,330102
af207cce-84fa-46e5-8dd6-581326584a89,2014-11-15,,874-46-9512,,,,Timothy,Jessica,Green,,,S,white,nonhispanic,male,Leeborough AZ US,8974 Adam Manors Suite 905,Phoenix,AZ,Maricopa,07558,85006,71.643074,-128.085054,60058.68,9867.69,131212,001-585-948-8292x18874,crystal89@example.com,330208956,330102
8847593a-c78a-4789-840b-add97bfd73ef,1985-04-04,,015-24-0209,S24807932,X84575312,Mr.,Derek,Brandi,Sanders,,,,other,nonhispanic,male,Priceview TX US,82180 Stokes Bypass Apt. 504,Austin,TX,Travis,38501,78702,-75.183396,111.792521,25943.19,134670.05,15340,+1-919-400-0545x31288,peter92@example.org,330277292,330102
1f2678af-d567-43b5-aaa7-1ea6c4569eba,1955-07-07,,779-63-5507,S12939760,,Ms.,Julie,Robert,Bailey,,,S,black,nonhispanic,female,New Dianeton TX US,568 Smith Hill Apt. 999,Austin,TX,Travis,30692,78702,20.253009,-144.599279,22864.09,8299.58,25535,2666168205,bridget82@example.net,330142976,330102
38c3c7fa-a18b-4f43-9738-2ce8f83b3717,1959-03-17,,607-13-7393,S19390803,X31223588,Ms.,Lori,Lynn,Hoover,,,W,asian,nonhispanic,female,South Ryan AZ US,04941 Silva Circle Apt. 306,Phoenix,AZ,Maricopa,40421,85006,-83.582665,120.359687,19529.59,46748.62,54364,+1-205-597-1644x7221,ojames@example.com,050318230,050201
4eeef475-9b0c-4b44-947d-4cefec8ea941,1969-06-03,,319-46-1573,S16149315,X92902163,Mr.,Edward,,Woods,,,M,white,nonhispanic,male,Hintonberg CA US,1845 Amy Springs,Oakland,CA,Alameda,05107,94609,64.013008,80.583906,24139.21,9899.45,35939,817-530-8358x29325,katiehamilton@example.org,050923328,050201
5d1c003c-0e7b-4aa1-a44b-aa38c375d019,1950-11-13,,751-29-5032,S17871989,X78334660,Mr.,William,Jessica,Williams,,,S,white,nonhispanic,male,Lake Stephentown AZ US,7242 Luis Shoals,Phoenix,AZ,Maricopa,12397,85006,-2.793166,131.105051,7980.5,2444.06,50032,001-711-408-9789,kylieevans@example.org,050525012,050201
bef3b692-3e34-498b-8602-6999c492a15d,1990-12-29,,667-18-9012,S23549972,,Mr.,Danny,,Guerrero,,,D,white,nonhispanic,male,Bauerfurt CA US,216 Susan Crest,Oakland,CA,Alameda,17375,94609,74.46644,-37.138211,44286.76,17443.32,49957,001-509-646-4399x8396,matthewberry@example.net,050847081,050201
3cb7e79b-a702-4e25-bf9e-b14ad71cea02,1964-07-07,,744-84-6647,S11889970,X48346928,Mr.,Craig,Jesse,May,,,D,white,hispanic,male,South Teresaville TX US,56557 Amanda Loop Suite 607,Austin,TX,Travis,14827,78702,-62.021648,-43.229153,29909.2,2725.56,27766,001-634-218-6809,tammybowman@example.com,050120939,050201
8aa0755b-190c-46c2-b5d8-198702909bd2,1992-07-15,,644-63-2942,S22020249,X36490552,Mr.,Robert,Joseph,Reynolds,,,M,white,hispanic,male,South Sydney GA US,55947 Campbell Hills,Savannah,GA,Chatham,51001,31404,-24.245432,61.18704,29996.07,6236.4,35952,7729227483,josephtyler@example.com,030455655,030301
0ecf50de-3e6f-472c-8a53-02aae9267d41,1973-02-10,,865-04-2603,S36302194,X30863978,Mr.,Daniel,,Morgan,,,S,white,nonhispanic,male,Shellyhaven AZ US,14730 Phillips Mount Suite 495,Phoenix,AZ,Maricopa,55891,85006,30.669324,-161.528652,14873.21,13118.7,21505,001-340-533-7478x599,morantimothy@example.org,030578042,030301
c0500eb5-afaf-40fa-a824-2255a7748994,1950-07-14,,035-53-3045,S39608162,X87393413,Mr.,Joseph,Michael,Garcia,,,M,other,nonhispanic,male,Lake Matthewfurt MA US,060 Dalton Square,Boston,MA,Suffolk,01737,02118,39.565874,153.329871,45210.55,8264.97,42814,631.846.6640x409,kenneth38@example.com,030719896,030301
0b794c83-df74-479b-8b90-95512363c0f4,1979-09-10,,546-38-3787,S60679484,X70319841,Mr.,Jason,Janice,Gilmore,,,M,white,nonhispanic,male,Aarontown CA US,2351 Clark Cove,Oakland,CA,Alameda,24388,94609,14.905594,1.878364,40984.28,92891.72,21990,4658090285,rojasjessica@example.com,030536341,030301
9682f9df-d3f0-4b0e-b989-623c22792a9c,1935-03-11,,253-97-7053,S11218055,X57210010,Mr.,Larry,,Mendez,,,W,other,nonhispanic,male,Samanthabury CA US,042 Hayes Island Apt. 079,Oakland,CA,Alameda,32612,94609,24.46769,0.868813,47206.53,8065.44,58920,8004624723,rodneyhoward@example.com,030551133,030301
e97eb18c-82df-4d7f-b980-8ac7a950f155,1947-06-18,,104-43-8484,S48128512,X10970875,Mr.,Kevin,Charles,Perry,,,M,white,nonhispanic,male,Fergusonton IL US,348 West Parks,Chicago,IL,Cook,44632,60612,78.581214,-155.123504,57115.24,22375.67,80368,735-480-8936x251,peterhall@example.net,030324299,030301
27cbffb3-3903-4442-bf2c-ee851a086c39,1924-11-09,,808-40-0040,S91257673,X12190015,Ms.,Angela,Jennifer,Martinez,,,S,black,nonhispanic,female,South Frederickchester CA US,605 Samantha Dale,Oakland,CA,Alameda,17994,94609,-80.313316,-174.681601,17400.19,12138.62,24751,615-205-4319,michelepalmer@example.com,030316435,030301
7656936d-3336-4c21-bad5-6985bd1606e3,2010-04-21,,258-42-5590,S50275676,X58270509,,David,Diane,Rivas,,,W,white,nonhispanic,male,Barnesville GA US,1388 Berry Ports Apt. 981,Savannah,GA,Chatham,16587,31404,32.052186,-122.258487,59174.66,34856.12,49360,+1-325-783-0586x91580,lauren11@example.net,030914250,030301
3be024ba-d270-4c04-a68f-83b2438b50cb,2001-01-25,,281-46-5530,S80081068,,Ms.,Vanessa,Elizabeth,Brooks,,,M,other,nonhispanic,female,Donaldburgh IL US,19231 Mark Glens Apt. 996,Chicago,IL,Cook,43191,60612,62.371966,-145.554826,34366.1,23196.67,30464,+1-278-698-6306x123,wpeterson@example.com,140691282,140401
664673f0-c249-4804-a0ef-d06b3025160e,1978-01-02,,725-89-2616,S23479480,,Mr.,Jeffrey,,Clark,,,M,other,hispanic,male,New Kelsey MA US,10118 White Harbor,Boston,MA,Suffolk,23798,02215,31.796495,-111.305102,5522.74,33871.67,38420,455-658-6926,davismarissa@example.org,140476713,140401
ee21848b-faae-461e-9b4d-0ece557e7d68,1997-12-20,,537-35-9029,S99997968,,Ms.,Angela,Kim,Jacobs,,,,white,nonhispanic,female,Nicholaschester MA US,49831 Perez Drive,Boston,MA,Suffolk,19378,02215,43.899884,3.922309,55115.73,15135.04,142962,(918)746-1640,underwoodangela@example.net,140467643,140401
ddf2b8d3-f482-4d1e-94bc-af8a381dde57,1937-07-02,,527-27-3093,S79167852,,Ms.,Lisa,Brendan,Ward,,,S,white,nonhispanic,female,Jennafort IL US,780 Rachel Drive,Chicago,IL,Cook,05233,60612,28.603206,151.228245,47924.67,19189.22,38232,890-213-5536,bradleyhendricks@example.net,140784052,140401
e0882a05-7703-4836-80b3-3816305b6d37,1969-08-07,,653-80-4519,S28847852,X48453818,Mr.,Jimmy,,Villegas,,,,asian,nonhispanic,male,West Juan AZ US,477 Andrew Villages Suite 090,Phoenix,AZ,Maricopa,47091,85006,-45.475125,-138.741371,14151.04,27924.55,43095,001-222-394-5351x4724,lisa12@example.org,140294831,140401
515defbf-0359-4057-b8b9-2313db03deec,1964-07-03,,005-06-5945,S93082865,,Ms.,Jennifer,Deborah,Young,,,,white,nonhispanic,female,Scottmouth CA US,72357 John Tunnel,Oakland,CA,Alameda,10454,94609,70.232489,49.877789,13735.35,15372.33,36116,+1-282-366-4006x14493,zwolf@example.net,110616899,110501
93fb6799-9d7c-4020-a509-1c9102728b9b,2001-03-01,,342-77-5291,S75226360,,Ms.,Kimberly,Jennifer,Hoffman,,,,white,nonhispanic,female,West Victoria MA US,4891 Holt Heights Suite 983,Boston,MA,Suffolk,04551,02118,-83.305009,-16.682779,89273.84,44599.88,56298,627-514-4418x03580,andremarsh@example.org,110134253,110501
842206f7-ade8-4e62-8092-0d7da4c4a313,1973-05-15,,470-80-5222,S70847769,,Ms.,Christina,,Simon,,Chapman,W,white,nonhispanic,female,Port Andre AZ US,449 Elizabeth Fords Suite 773,Phoenix,AZ,Maricopa,42447,85006,-78.774817,-179.913216,52066.41,13029.98,91492,(969)350-3395,amandazimmerman@example.com,110309537,110501
d2fab404-38f3-4503-bf32-bd7a04882e02,1958-02-15,,303-39-0539,S99092386,X61370565,Ms.,Mary,James,Watson,,,W,white,nonhispanic,female,Hinesbury GA US,983 Pacheco Street Apt. 391,Savannah,GA,Chatham,09870,31404,-58.956656,92.4303,30156.96,35825.8,137173,432.382.4734,andrewortiz@example.org,330105129,330101
f0646a69-0ba3-4c0b-98d4-a427b69148c3,1970-06-10,,883-02-8881,S10025415,,Mr.,David,Michael,Santiago,,,,white,hispanic,male,East Tracie MA US,9662 Soto Plaza Suite 739,Boston,MA,Suffolk,02571,02215,-57.541942,-151.520039,25723.95,3210.3,39213,001-509-207-7580x87725,eric52@example.com,330161313,330101
16e879d4-9dd5-4513-910b-6a078fa1140f,1955-09-23,,686-80-7857,S86492646,,Ms.,Lisa,David,Scott,,Wilkerson,S,white,nonhispanic,female,New Melissa MA US,47257 Debbie Shoals,Boston,MA,Suffolk,42664,02215,-82.482184,175.535255,15663.65,41402.5,69854,402-312-6431x9033,smithlogan@example.net,330929792,330101
bbace073-1ecf-4bc1-8557-c1055a424fc9,1964-03-22,,596-20-6510,S31499423,X78179582,Ms.,Kimberly,Cody,Martin,,,W,white,hispanic,female,West James MA US,7424 Bryan Isle,Boston,MA,Suffolk,31011,02118,-56.257804,-53.600816,41215.53,13211.13,43984,427.588.2187x029,saramercado@example.com,330811512,330101
f4866045-3b94-459e-869f-3db8eab555cc,1989-01-27,,826-06-0031,S49461232,X85238734,Ms.,Monica,Jacob,Mitchell,,,D,white,nonhispanic,female,Hannahville CA US,413 Brian Flats,Oakland,CA,Alameda,35432,94609,32.571259,-73.259756,83492.57,12572.99,53254,941.213.2095x252,wintersglenn@example.com,330291247,330101
eae29dc7-2eb6-4c8f-b9f2-4936be592a7d,1977-02-07,,728-35-7232,S88009456,X96076050,Ms.,Kathryn,,Hill,,Foley,,white,hispanic,female,North Tammyton AZ US,492 Joseph Corner,Phoenix,AZ,Maricopa,02450,85006,13.726104,-49.57574,15116.39,7383.1,59318,001-538-278-2772x30366,dhanson@example.org,330103247,330101
6d9df5b2-ea18-46bc-a0b4-ac3c09b1c4e4,1990-02-11,,011-68-4413,S88382991,X66488324,Mr.,Steven,Susan,Kline,,,M,white,nonhispanic,male,Rebeccafurt AZ US,36132 Christopher Ville Suite 637,Phoenix,AZ,Maricopa,41185,85006,2.783474,-101.898502,32479.7,21007.03,51607,9517521127,mary94@example.org,330879970,330102
969e50d8-1866-49ed-89c3-3805355368ae,1942-08-11,,371-90-4964,S19044149,X61279310,Ms.,Margaret,Marissa,Lamb,,,W,asian,nonhispanic,female,Vaughnland MA US,1892 Rivera Square,Boston,MA,Suffolk,07424,02215,-55.445579,-174.649675,30576.54,8133.59,130970,231.958.2376x2329,taylormartin@example.net,330956779,330102
62769f8e-c927-4756-81e5-ddb0d5c84b2e,1945-12-27,,613-10-7722,S35526343,,Mr.,Scott,,Mcpherson,,,M,white,nonhispanic,male,Jefferyside GA US,99560 Miller Keys,Savannah,GA,Chatham,02650,31404,-60.726818,-101.356167,103967.09,747.16,74660,652.575.5927,leelauren@example.net,330392400,330102
41675ff4-4829-47d8-af5d-ac9e69bcabea,1973-11-26,,307-36-6563,S70119318,,Mr.,Jason,Nicole,Morris,,,S,white,nonhispanic,male,Barbaramouth CA US,725 King Bridge,Oakland,CA,Alameda,04172,94609,-87.991478,-172.245686,8810.21,6771.62,40773,7022452143,psolis@example.com,330723597,330102
96e4a469-3064-4b34-a7a4-7bff9c3b6518,2016-02-09,,720-19-0930,,,,Deborah,John,Riley,,,S,asian,nonhispanic,female,South Michele MA US,58165 Ricky Viaduct Suite 933,Boston,MA,Suffolk,48166,02118,84.664523,-35.434839,151819.98,38377.93,81284,582.543.6154,millskenneth@example.com,330865818,330102
b6d5d826-4957-4f25-bda2-c5629096e41a,1977-11-15,,458-09-4470,S21499755,X91337684,Ms.,Tiffany,Megan,Tate,,White,D,white,hispanic,female,Hahnstad MA US,66495 Stewart Alley,Boston,MA,Suffolk,52191,02118,-72.118141,161.457779,24046.13,32473.75,17584,001-603-936-2556x9224,dillonjacqueline@example.net,330185947,330102
ebaf5f1e-add5-491a-ade5-8d4838c8a25f,1968-11-01,,245-57-4758,S97307619,,Mr.,Michael,Kyle,Webb,,,S,white,nonhispanic,male,New Jacob GA US,4312 Hall Corners Suite 302,Savannah,GA,Chatham,32378,31404,-79.04539,55.195184,23712.89,2551.63,52192,895.671.9212,yhughes@example.com,330405971,330102
5f52db69-3498-44fc-9c9f-4a7e5d2fdc8d,1990-09-16,,454-84-1328,S22086502,,Mr.,Leon,Victoria,Bright,,,,white,hispanic,male,Johnsonmouth AZ US,563 Joseph Forge,Phoenix,AZ,Maricopa,18727,85006,-66.690762,116.482305,9787.85,26175.87,25019,+1-758-241-4921x2595,rgutierrez@example.org,330573583,330102
dcffa39b-38cd-43cf-b77b-c8793ab305b2,1973-03-07,,776-98-6899,S86388535,,Mr.,Tyler,,Armstrong,,,W,black,nonhispanic,male,Mataville IL US,19458 Charles Bypass,Chicago,IL,Cook,50954,60612,56.850487,133.846889,47142.96,217328.27,18366,001-568-390-3700x393,lucasperry@example.org,330853315,330102
232f7b5c-5113-4e12-84a8-547a59c18861,1973-10-06,,332-54-3630,S79014852,,Ms.,Donna,Meagan,Newman,,,S,white,nonhispanic,female,Port Tinamouth CA US,29667 Thomas Parkway Apt. 832,Oakland,CA,Alameda,10015,94609,64.209272,-125.32344,47525.58,28680.37,62261,203-913-9379x23246,cameronbenjamin@example.org,330628898,330102
2bb14da7-6636-4a5a-ad28-3d4034bcb87b,1974-10-03,,750-78-3493,S37844694,X42212260,Mr.,Alfred,,Jordan,,,M,other,nonhispanic,male,Lisaville AZ US,3003 Juan Groves,Phoenix,AZ,Maricopa,53276,85006,19.080763,96.605092,8289.45,4518.76,24407,488.891.8427x5927,jwebb@example.com,330332764,330102
9f4e7954-53a5-49d4-b027-de316a721f4e,1971-12-31,,651-40-8803,S31715388,,Mr.,Paul,Christina,Reeves,,,D,other,hispanic,male,Lake Brooke AZ US,9134 Jessica Falls,Phoenix,AZ,Maricopa,32776,85006,70.976168,-153.272365,42843.26,17893.19,95950,+1-898-694-1431x156,jeff14@example.org,330305569,330102
bece9c7f-f1cf-488b-8f7c-91e7528e5317,2005-07-25,,619-80-0733,S99224602,,Ms.,Patricia,Crystal,Miller,,,S,white,hispanic,female,Lake Tammy CA US,898 Sophia Estate Suite 583,Oakland,CA,Alameda,48433,94609,-65.99797,-35.277959,58921.36,31102.08,16267,503.358.0239,michael49@example.com,330230145,330102
06800e7c-1437-4e90-8b4a-9cc825bf13aa,2000-11-05,,262-29-8389,S29292603,,Ms.,Anita,,Fields,,,M,black,nonhispanic,female,New David CA US,7022 Justin Square,Oakland,CA,Alameda,49502,94609,24.33102,110.403823,30485.41,2087.95,60318,+1-635-279-0282x873,johnnybrown@example.org,330661897,330102
b7aa9a82-d427-4cd9-b207-7a3b19cf4475,1977-12-25,,276-57-1348,S43747549,,Mr.,Jerry,,Robertson,,,,white,nonhispanic,male,Dennisfurt AZ US,184 Riley Villages,Phoenix,AZ,Maricopa,26932,85006,-23.591331,-52.064451,27351.31,2787.5,50918,730.543.6721,adamsmadison@example.com,050643073,050201
28f05ae0-4df7-4fdd-9d1a-a903056aea34,1981-06-17,,769-27-0870,S34204044,,Mr.,Andrew,Curtis,Bates,,,D,asian,nonhispanic,male,West Emilyport CA US,2512 Brown Green Apt. 236,Oakland,CA,Alameda,26526,94609,-76.242105,2.599387,10804.54,21357.37,77566,9578859732,tleon@example.org,050620148,050201
32d98e02-05bb-4c32-89f3-693ce45ee603,2008-06-06,,247-48-2465,S78228159,,Ms.,Lisa,Tracy,Norris,,,W,white,nonhispanic,female,West Rachelburgh GA US,2783 Jackson Pine,Savannah,GA,Chatham,41220,31404,71.229192,-19.753495,9047.6,7213.39,22128,+1-701-257-7923,allencharles@example.net,050176340,050201
2f45ced4-f0cc-46ac-9e11-1b40b5687072,1994-11-30,,299-40-1308,S51571544,X38732136,Mr.,Joshua,,Curry,,,W,black,nonhispanic,male,Tonyastad MA US,139 Miller Skyway Apt. 340,Boston,MA,Suffolk,27649,02118,3.719854,-78.079438,64048.16,22894.43,73442,967.616.6505x7115,brett59@example.org,050485076,050201
0f9d8f8f-f81a-484e-bb0a-b54f941f53a1,1990-03-07,,389-83-7669,S42559305,X68732350,Ms.,Kayla,Diana,Duffy,,,D,white,nonhispanic,female,Cookberg MA US,587 Johnson Brooks,Boston,MA,Suffolk,04197,02215,9.34016,139.020533,295034.15,24954.08,48959,9387853076,baileynancy@example.org,050346162,050201
04d41998-4147-4009-82f8-a979a30c46d5,2022-09-10,,665-99-0412,,,,Joyce,Richard,Roth,,,M,white,nonhispanic,female,West Petertown IL US,151 Amanda Throughway Apt. 956,Chicago,IL,Cook,02317,60612,-68.179693,-172.070227,36603.65,29470.64,52143,403.960.9646,vcastillo@example.net,050589603,050201
30c95ce9-9e25-484f-8436-26b1e4bc4c15,1995-10-21,,328-22-0242,S87307223,,Ms.,Sandra,Jenna,Curtis,,,,white,nonhispanic,female,West Melissamouth GA US,767 Bishop Motorway Suite 617,Savannah,GA,Chatham,47995,31404,69.504877,-117.065525,18006.12,6595.88,66884,(586)413-3373x515,curryandre@example.net,050767536,050201
4cb5af62-5dcf-4c7e-932f-5ab078a4a445,1959-02-27,,607-49-2878,S31823264,,Mr.,Mark,,Dixon,,,M,other,nonhispanic,male,Marytown MA US,835 Bell Estates Apt. 452,Boston,MA,Suffolk,40841,02215,27.262034,152.321474,17729.81,14967.79,26280,413-288-3579x2175,jonesalbert@example.com,030896655,030301
094ef986-9164-4976-879b-d4bb4df76d0f,1959-05-30,,015-62-5289,S20610659,,Mr.,Roy,David,Shaw,,,W,white,nonhispanic,male,East Meghanview MA US,590 Ramos Circle Apt. 760,Boston,MA,Suffolk,47124,02118,-48.17487,23.877151,20509.29,1870.11,51156,(621)923-6129x04510,youngwilliam@example.net,030264462,030301
805aa139-5a69-4aff-aa86-4c1bb803d512,1961-04-10,,288-24-6436,S87000271,X70754237,Mr.,Victor,Christopher,Yates,,,S,other,nonhispanic,male,Port Kevinshire IL US,1843 Kristin View Apt. 875,Chicago,IL,Cook,10203,60612,25.912046,67.350941,28042.59,8503.55,16176,319-408-6999,troytaylor@example.net,030567636,030301
e3219e76-35e3-4457-b943-2a21f3141676,1978-03-26,,330-82-1407,S91315833,,Mr.,Jason,Barbara,Smith,,,D,white,hispanic,male,Taylorborough TX US,036 Dennis Village,Austin,TX,Travis,09105,78702,-37.759793,136.723815,72665.5,24173.25,37076,001-242-275-5685x707,jjohnson@example.org,030106084,030301
c028cd1d-964a-419d-8039-6f424d63b81e,1933-03-16,,761-13-0136,S91581313,,Ms.,Maria,,Cole,,,,white,hispanic,female,Lake Ann MA US,91304 Baker Prairie,Boston,MA,Suffolk,12958,02215,-53.114049,-65.977362,65356.23,12449.87,47553,259.979.0181,jeffrey23@example.com,030540006,030301
47c052f8-1bcb-4890-abe0-6ccb07021931,1956-01-06,,675-25-1361,S39964764,,Ms.,Melissa,Bobby,Cain,,,,white,nonhispanic,female,North Timothychester MA US,24348 Courtney Point Apt. 352,Boston,MA,Suffolk,53276,02118,-55.871277,25.165074,10715.59,61000.41,69432,(471)808-0465,johnsondebra@example.net,030737029,030301
261fb492-8501-40f1-a69c-98960d7686ba,1957-05-26,,899-43-4920,S90336141,,Mr.,Charles,Kelly,Gilbert,,,D,other,nonhispanic,male,West Charlesshire TX US,35913 Moore Inlet,Austin,TX,Travis,45810,78702,-23.279693,-178.358162,17489.51,19359.7,79229,473-351-1497,hvance@example.com,030512981,030301
c5a26a1b-bc89-4cbb-8a28-e8af9f9985b5,2000-09-28,,114-46-1686,S37172004,X44977494,Mr.,Douglas,Kevin,Garcia,,,D,white,nonhispanic,male,Stewarttown IL US,9100 Eric Isle Suite 368,Chicago,IL,Cook,17339,60612,-43.547766,-81.517655,6029.99,16819.85,64833,+1-595-328-6643x536,merrittscott@example.org,140764866,140401
6da1c362-6a63-40c7-8c06-4b84bbf8b8bb,1970-09-03,,016-99-9637,S19661849,X71771351,Mr.,John,Frank,Mclaughlin,,,M,black,nonhispanic,male,Lake Ericberg IL US,6887 Joyce Landing Apt. 602,Chicago,IL,Cook,39291,60612,-12.971825,-109.635915,52943.68,1680.12,22815,851.815.1157,lisa58@example.org,140716057,140401
95e9e645-3a3e-4ea5-80a1-1ff6f4d58306,1969-06-21,,648-79-9302,S70929188,,Ms.,Kimberly,Sara,Shelton,,,S,black,hispanic,female,Alexville GA US,894 Harris Villages,Savannah,GA,Chatham,35400,31404,36.516211,-2.564019,7878.23,14153.29,83081,(854)920-9976x0101,francisco59@example.net,140863966,140401
3b3835d3-058e-4c50-88f6-1929e38d2e7d,1974-12-08,,571-46-4502,S69157072,X31879088,Mr.,Gary,Dawn,Guzman,,,W,white,hispanic,male,Hernandezville CA US,586 Macias Extension Apt. 536,Oakland,CA,Alameda,05239,94609,-32.41104,25.060747,63381.9,24252.77,22245,681-396-4456x311,sparkskathryn@example.com,140232761,140401
61f8d2e4-4e4b-4886-80ea-b3b159a05b79,2002-11-18,,313-31-9262,S48319176,,Ms.,Lisa,Jeremy,Kent,,,S,white,nonhispanic,female,Wilkinschester IL US,564 Christine Land Suite 851,Chicago,IL,Cook,40578,60612,85.645594,83.322615,91284.59,2761.5,59267,001-405-408-8423x04220,thomastaylor@example.com,140748536,140401
625e5a6b-9a66-422f-90ef-ec3cb3e60882,1977-05-23,,656-48-0492,S82563457,,Ms.,Debra,,Singh,,,,white,hispanic,female,Port Christopher MA US,5105 Natasha Greens,Boston,MA,Suffolk,14386,02215,-87.565276,-129.079667,34440.85,3085.05,58668,001-660-684-3753x441,ashley69@example.net,140181997,140401
2373ab0b-0ee6-46c4-99e6-e78a85b56375,1974-07-26,,544-57-5422,S76303773,,Mr.,Nathan,Sabrina,Oconnor,,,D,asian,nonhispanic,male,Frankbury MA US,63980 Lawson Springs,Boston,MA,Suffolk,43078,02215,44.903547,-156.454534,50799.45,8749.5,54989,950.445.5306x58005,monica11@example.org,140159993,140401
35504102-578a-4060-b834-bc160727e28c,1977-10-04,,807-32-8799,S88353907,,Ms.,Pamela,Julie,Porter,,,,white,nonhispanic,female,Cartermouth IL US,331 Mahoney Village,Chicago,IL,Cook,09648,60612,-28.547613,-155.4064,43882.69,17760.16,108993,001-839-972-5044x00927,john40@example.net,140206609,140401
9f2df84c-3c2f-4941-af24-a2b79fdb6450,1957-06-23,,095-33-6272,S34459754,X49608785,Mr.,Travis,Jose,Abbott,,,D,asian,nonhispanic,male,Lake Tammy MA US,241 Roger Light,Boston,MA,Suffolk,35332,02215,-52.711574,-34.994001,13587.57,2193.17,36322,(375)530-0486x1363,brandtalexander@example.com,140629223,140401
1c953126-a436-46e4-bda8-0ff57d480576,1997-08-31,,663-53-9926,S13575564,X61665833,Ms.,Angela,,Ford,,,D,white,nonhispanic,female,Maryberg CA US,77563 Cook Streets Apt. 095,Oakland,CA,Alameda,35691,94609,81.345801,-59.583384,6285.68,803.67,35036,267.271.5586x9669,keith88@example.com,110473128,110501
8e5da19b-4450-488e-b663-8b5942b85723,1972-04-30,,373-96-8359,S91115664,X52998232,Ms.,Traci,Beth,Jones,,,M,white,nonhispanic,female,Brandiview MA US,807 Jennifer Circles Suite 316,Boston,MA,Suffolk,36900,02215,-67.520971,-11.069184,65766.3,51014.86,43283,338.594.9373x3998,dparker@example.org,110263162,110501
647c7011-267e-450f-89f5-1cf74a3c6c85,1969-03-01,,752-78-1080,S25707441,X89956468,Ms.,Alyssa,Katie,Payne,,,,white,hispanic,female,Richardshire GA US,8366 Mark Wells,Savannah,GA,Chatham,38134,31404,-13.375438,-88.398998,11470.78,4732.97,53612,(487)472-7691,johnathan55@example.net,110764653,110501
e8a9305b-1b44-47da-b916-c899b40d79fc,1941-04-18,,323-27-9393,S59638943,,Ms.,Anna,Derrick,Fisher,,,S,white,nonhispanic,female,Gilmorechester AZ US,79173 Don Squares Apt. 538,Phoenix,AZ,Maricopa,17450,85006,84.204094,-125.035649,81032.55,5901.5,136449,+1-553-422-1853x6895,valerie34@example.com,110308783,110501
840921e9-1830-4e8a-8cb4-9ec3df1502a3,2006-11-23,,599-12-7890,S87131703,X44323786,Ms.,Cheryl,Sarah,Estrada,,,S,white,nonhispanic,female,East Jamesland AZ US,5338 Darrell Meadows Suite 022,Phoenix,AZ,Maricopa,08399,85006,-80.723805,-118.243041,52900.41,13345.78,62816,882-591-7626x4157,brettmiller@example.com,110243852,110501
898be6b1-778b-48a5-bb25-05649647d5b5,1938-07-05,,470-03-5005,S34265682,X41274207,Mr.,Juan,,Wolfe,,,M,black,nonhispanic,male,Acevedoside AZ US,58135 Jennifer Well,Phoenix,AZ,Maricopa,29695,85006,-83.789552,5.642062,67986.94,55633.23,10739,(748)278-3355x3464,ugonzalez@example.com,330434510,330101
15a28260-ae73-4f76-ac00-78739af6281e,1965-04-17,,464-40-7311,S65697889,X36766997,Mr.,Elijah,Evan,Alvarez,,,W,white,nonhispanic,male,North Shannonstad TX US,028 Debra Forge,Austin,TX,Travis,28348,78702,49.975336,-48.911889,17321.78,64356.72,71489,001-899-928-8998x295,tmontgomery@example.com,330868754,330101
c4342e4e-75b6-4ac0-b167-e7b4eeb727e5,1930-03-27,,304-12-3718,S32004145,,Mr.,Barry,Stephen,Webb,,,W,black,nonhispanic,male,Lake Victoria CA US,876 Tina Station Suite 184,Oakland,CA,Alameda,19666,94609,-86.528599,149.888665,32316.9,14315.83,19129,450.362.6134x02242,sarah82@example.com,330658464,330101
0213a2b4-45e5-48ef-93f9-8026e581a25a,1961-12-19,,883-05-2038,S76716053,,Ms.,Jennifer,Jeremy,Ware,,,W,black,nonhispanic,female,Carolstad MA US,56728 Linda Ports Suite 900,Boston,MA,Suffolk,13569,02215,37.105438,111.958239,57669.64,18365.41,116465,+1-776-580-0333x78063,ychavez@example.net,330963158,330101
1c6a58bc-3777-40ae-ae86-89ddedd3f72f,2005-06-11,,783-87-9274,S19452042,X23966018,Mr.,John,,Coleman,,,,white,nonhispanic,male,Jonathanmouth GA US,3949 Lewis Manors,Savannah,GA,Chatham,28794,31404,28.162987,-113.195011,47638.2,29797.96,67537,(563)250-5906x410,jennifer34@example.net,330490863,330101
50d006d1-87a6-42a1-aedc-3142f2220608,1971-10-24,,801-51-7935,S71346374,,Ms.,Kathleen,,Gray,,,,asian,nonhispanic,female,Ashleyborough MA US,8489 Hall Squares Suite 319,Boston,MA,Suffolk,14559,02118,21.250112,111.315111,150860.1,8674.86,18380,001-208-354-4990x42739,samantha16@example.org,330740671,330102
fa0a5981-eb0b-49e9-8141-210193b078eb,1981-08-23,,308-84-4643,S44368189,,Mr.,Jared,Carol,Carey,,,M,other,nonhispanic,male,Catherineberg IL US,531 Washington Island Suite 095,Chicago,IL,Cook,37694,60612,-78.617784,4.601424,27359.67,12340.27,14104,7514692183,longerin@example.net,330761750,330102
b91f127f-c1c8-4536-82a6-d6382904c647,2008-07-18,,193-76-6971,S13919335,X35895019,Mr.,Eric,Sandra,Williams,,,,other,hispanic,male,North Cynthiachester CA US,168 Melendez Locks,Oakland,CA,Alameda,04006,94609,10.585499,-102.848243,50228.23,58737.9,55064,001-210-835-4836x82129,cory25@example.org,330762275,330102
17bbf76d-3c05-4272-9ba9-5185ad897485,1951-10-08,,328-70-0907,S51151733,X36966669,Mr.,Jason,Charlene,Harris,,,D,white,nonhispanic,male,Michaelchester GA US,72896 Williams Roads,Savannah,GA,Chatham,44406,31404,0.577469,-140.377575,7145.52,5790.64,9811,244-743-0117,christophermckenzie@example.com,330823091,330102
acc6e65f-9a2a-4ace-925f-1b0f7d8ecbb1,1962-05-08,,688-27-2192,S98623180,X43691476,Mr.,Thomas,,Taylor,,,S,white,hispanic,male,Andersonland MA US,921 Torres Creek,Boston,MA,Suffolk,41513,02118,-1.314078,-54.102154,66501.8,53293.45,131082,622-504-3003,meredithjohnson@example.com,330459061,330102
769fc0a3-f401-4156-b16f-6db5afd1319a,1961-05-02,,802-01-2870,S35866327,X39338266,Mr.,Thomas,,Anderson,,,,white,nonhispanic,male,East Tiffanyburgh AZ US,174 David Prairie Suite 190,Phoenix,AZ,Maricopa,05969,85006,-76.403684,81.174984,10678.67,4665.41,27418,253-982-8743,hammonddiana@example.net,330407180,330102
bc9a5143-e5ff-4ae1-8532-f7f4d7318843,2012-12-09,,214-83-7532,,X12109707,,Taylor,,Oliver,,,M,white,hispanic,female,Ryanborough CA US,5137 Sean Landing,Oakland,CA,Alameda,53929,94609,-16.284947,153.306023,24524.68,18507.97,50090,3319217824,monica67@example.com,330371208,330102
91e9b7c3-a209-4720-a731-dbc3b2e32a00,1951-03-06,,694-74-0636,S65467808,X80956514,Mr.,Joshua,,Scott,,,S,white,nonhispanic,male,South Charlesside CA US,05904 Pittman Stream Apt. 206,Oakland,CA,Alameda,08175,94609,-69.491472,50.541056,86962.81,8794.86,39228,5503811879,hramos@example.net,330428135,330102
6b1cb682-c977-4b70-8ead-e6294e8ca77e,1968-08-19,,093-41-9861,S85591784,X14787635,Mr.,Christopher,Jordan,Black,,,D,white,nonhispanic,male,East Tiffany TX US,8722 Cook Point Apt. 288,Austin,TX,Travis,05472,78702,-17.180551,169.563051,9407.28,66387.74,27815,735.507.9614x52370,obond@example.net,330864212,330102
f65779ec-8176-4736-9e00-52a5d414aeb2,1949-03-13,,750-50-0851,S35660371,X31461560,Mr.,John,Kelly,Carter,,,S,black,nonhispanic,male,New Adam MA US,29745 Sherman Wall,Boston,MA,Suffolk,43870,02118,52.978732,-174.581573,22974.97,27272.19,51838,+1-703-769-6384x4267,amber99@example.com,050488067,050201
e3a70837-f0f0-4987-8da3-d964cf8bf1b5,1976-06-15,,176-72-2513,S54780118,,Ms.,Amy,Christopher,Warren,,,,white,hispanic,female,Wallaceville TX US,3744 Henderson Views,Austin,TX,Travis,33029,78702,-83.714424,86.561592,33743.12,77809.71,53890,749.230.4566x16124,rjohnson@example.com,050558638,050201
fb44be5e-2659-49d8-b718-81742f3d4c94,1950-02-01,,651-58-8785,S41089793,X31779127,Mr.,Arthur,Alan,Branch,,,W,white,nonhispanic,male,Lake Victoria AZ US,74405 Matthew Common Apt. 358,Phoenix,AZ,Maricopa,06068,85006,50.054608,45.057199,6708.69,1828.51,24735,276.307.1839,shannonronald@example.com,050583065,050201
1be3331f-ff64-44cc-a283-14e0dee4c5ab,1997-07-20,,383-52-9738,S11292704,X27217823,Mr.,Christopher,Joel,Johnson,,,,white,hispanic,male,West Lisaville CA US,865 Martin Avenue,Oakland,CA,Alameda,35032,94609,-8.85591,174.943338,24214.84,6418.01,144083,+1-908-744-5994x79984,ashleymccormick@example.org,050571615,050201
eef2d33d-226b-4b22-8f92-28609836b0fb,1994-06-06,,371-20-9627,S11734423,X57536600,Mr.,Joseph,Jennifer,Watson,,,D,other,hispanic,male,East Jeremymouth TX US,7490 Nicholas Divide Apt. 484,Austin,TX,Travis,34350,78702,-67.698064,22.287116,70529.88,9069.47,59452,805-290-2671x680,thomassmith@example.org,050340652,050201
c54f2531-db44-4721-a897-0f011829a2e9,1984-06-23,,821-82-3155,S57411712,,Mr.,Dustin,Kimberly,Mccall,,,W,white,nonhispanic,male,Lake Erica AZ US,875 David Grove,Phoenix,AZ,Maricopa,37660,85006,-16.454842,-2.146557,33823.38,3555.41,81562,634.872.1355x460,amanda82@example.net,030212789,030301
b134bbd6-5a68-4100-9947-ebbeb46c0edc,1976-07-04,,767-54-8671,S94748032,,Mr.,Mark,Catherine,Davis,,,W,white,nonhispanic,male,Port Jacobborough MA US,996 Joanna Turnpike,Boston,MA,Suffolk,27826,02215,29.825212,94.20689,284305.42,11951.0,31796,3812920928,michaelritter@example.net,030739522,030301
8e4b623d-30f5-40ce-86a6-3ce9ce401666,1924-09-11,,204-35-3727,S15598021,,Ms.,Samantha,Jamie,Alvarez,,Dunlap,D,other,nonhispanic,female,Lisastad AZ US,5975 Gregory Street,Phoenix,AZ,Maricopa,17987,85006,-2.796541,-0.188093,28172.53,21685.22,67724,001-743-613-6808x560,stephaniepruitt@example.net,140569797,140401
6b35b5b2-2afa-4d21-bd28-424fc5f9acfb,1947-04-14,,709-96-7986,S69355879,X38957113,Mr.,Trevor,Mitchell,Keller,,,,white,nonhispanic,male,Donnabury IL US,9074 Patrick Mount,Chicago,IL,Cook,52178,60612,9.86897,43.398792,44188.86,9500.25,64479,+1-345-994-6881x733,michael44@example.org,140154179,140401
bffce095-e3ed-4fa6-890e-6343b8b3916e,1999-06-15,,057-04-8356,S64029199,,Ms.,Claire,,Edwards,,,M,white,hispanic,female,Lake Diana AZ US,28559 Mason Landing Apt. 928,Phoenix,AZ,Maricopa,39441,85006,-83.946319,-87.097048,39451.68,4779.38,55258,(505)985-2947,brianna48@example.org,140188292,140401
20586eeb-b3d5-4255-b550-d768b568e72c,1972-12-16,,112-70-0410,S78952762,,Mr.,Carlos,,Kline,,,W,black,nonhispanic,male,New Keithville GA US,9202 Gutierrez Mission,Savannah,GA,Chatham,25561,31404,-43.112858,46.515606,35904.43,49279.66,128834,(425)328-8916x3096,dylan68@example.net,110559194,110501
0e99a25e-caca-4748-991b-92cf7061d631,1974-01-23,,879-44-2779,S85556420,,Ms.,Debra,Stephanie,Jones,,,S,white,nonhispanic,female,Smithshire IL US,3910 Baker Unions Suite 840,Chicago,IL,Cook,02334,60612,-70.970183,107.56698,13000.25,4291.43,110743,951.710.0369x44387,timothy25@example.com,110328757,110501
1c8242f1-4ed1-4ab9-b223-4ba3b6bb1bd2,1980-09-07,,582-84-4844,S81163948,X45988568,Mr.,Ronald,,Washington,,,S,white,nonhispanic,male,New Aaron CA US,68326 Anthony Roads Suite 483,Oakland,CA,Alameda,26606,94609,89.620193,107.571019,16190.85,11744.21,43292,536.243.4876,gregoryhawkins@example.org,110927004,110501
2c5f3291-d762-4f17-9b69-a324bc17e322,1974-10-14,,499-99-9288,S85845787,X42228749,Mr.,Patrick,Cheryl,Murray,,,W,other,hispanic,male,New Don TX US,08936 Thompson Spring Suite 205,Austin,TX,Travis,09523,78702,55.223036,166.094926,18292.73,41719.43,54427,(284)995-1924x628,lopezdavid@example.org,330345016,330101
59ca399e-3667-45ad-b4ae-44776dac7962,1964-09-21,,599-37-8345,S94855012,,Ms.,Kimberly,James,Kelly,,Barrett,D,white,nonhispanic,female,Michaelborough GA US,2701 Angelica Court Apt. 210,Savannah,GA,Chatham,07893,31404,-7.643506,86.13976,32605.9,15278.25,56068,566.558.7440,mitchell38@example.org,330539018,330101
f3fc1acb-c1a0-4518-bda9-e80899a01fd9,1965-06-17,,034-22-5336,S93392309,X55048019,Ms.,Maria,Lisa,Phillips,,,,black,nonhispanic,female,Rogershaven MA US,517 John Land,Boston,MA,Suffolk,06578,02215,1.990095,-164.594692,31647.83,1885.23,44870,(623)689-5036x4846,chambersandrew@example.com,330116165,330101
bc3a7c3f-6b47-4cfb-bd89-6f0ae0287774,1969-12-22,,742-42-0452,S64781676,,Ms.,Jeanette,,Atkins,,,W,white,nonhispanic,female,Mckeetown CA US,624 Wagner Lodge,Oakland,CA,Alameda,20744,94609,-70.75512,93.124516,80303.41,7570.72,51492,532-369-1023x5809,dillononeill@example.org,330136485,330101
3c6a3af8-1c9d-4b8c-afbe-3bff8ec136e6,1975-03-29,,686-06-8138,S29789899,X32786260,Ms.,Betty,Gloria,Flynn,,,S,black,nonhispanic,female,New Angela GA US,32994 Davis Crossing Apt. 631,Savannah,GA,Chatham,03524,31404,74.813286,43.171872,52912.41,111393.33,82139,(906)629-2985x727,margaret35@example.net,330356746,330102
7b22c949-d825-4099-b0b7-a248af84d814,1997-01-08,,576-79-6769,S76858082,,Ms.,Jenna,Kathy,Ford,,,S,other,nonhispanic,female,Henryhaven AZ US,0173 Caroline Mall Suite 170,Phoenix,AZ,Maricopa,47735,85006,28.298071,45.801603,78020.25,23804.0,43463,575.768.9625x8815,kellyjamie@example.net,330318490,330102
c57aaca2-55b1-4144-bbdd-dfe35a7ed482,1970-06-05,,205-99-4774,S37313695,,Mr.,Joshua,Allen,Davis,,,S,black,hispanic,male,West Thomastown MA US,9545 Ford Garden,Boston,MA,Suffolk,08957,02215,-19.529074,8.856154,47409.27,8944.98,19328,001-306-319-7993x0453,ian55@example.com,330762816,330102
c976cbc0-6e98-4fcc-94b4-317acbbe3e53,1964-12-28,,702-38-3581,S13759036,,Ms.,Natalie,,Bridges,,,M,black,nonhispanic,female,North Destiny CA US,4280 Wallace Branch,Oakland,CA,Alameda,17026,94609,49.391223,-47.359102,28126.5,4554.52,59230,436.358.2015,reynoldstony@example.org,330382744,330102
b8b92fe2-3a73-4471-84fe-3610b6fcdc5a,1987-01-31,,889-43-7259,S67267845,,Mr.,Kyle,Luke,Cervantes,,,,white,hispanic,male,East Jessica AZ US,6540 Bell Rue Suite 303,Phoenix,AZ,Maricopa,18019,85006,-45.712989,-112.579956,26256.1,4350.76,18110,283.968.0913,lukevasquez@example.org,330527556,330102
cbb5b35c-0bbd-4311-b60c-355e750ece1c,1982-06-02,,059-70-6851,S48796074,,Mr.,Joshua,Kyle,Owen,,,D,white,nonhispanic,male,Thomasburgh GA US,144 Wilson Locks,Savannah,GA,Chatham,53818,31404,26.264417,-101.190497,9203.99,2831.55,20228,921.616.4068,chapmanamanda@example.net,330427511,330102
a400613e-6409-410f-87ab-5184a07f0a88,1997-04-06,,191-23-6164,S82548515,X55895050,Mr.,Nicholas,,Ross,,,W,white,hispanic,male,West Kim IL US,65233 Rodriguez Knolls,Chicago,IL,Cook,42155,60612,-21.837458,-87.38618,28004.57,34243.11,36556,297-996-6242,heatherbecker@example.net,330172509,330102
0dccc711-cd41-430c-a2ae-6f9224ca9fb1,1952-08-21,,124-19-1537,S69168756,,Mr.,Jeffrey,,Johnson,,,W,white,nonhispanic,male,Hernandezland AZ US,80943 Arthur Road Apt. 344,Phoenix,AZ,Maricopa,28070,85006,-8.319279,179.319642,141061.47,10417.65,21931,(480)749-7781x137,jlopez@example.net,330318039,330102
b6bafe6f-574b-447b-8207-ff0b9db85bd0,1975-04-07,,882-58-6144,S89501794,,Ms.,Janet,,Leonard,,Merritt,M,white,nonhispanic,female,Erinview MA US,9189 Smith Canyon Suite 861,Boston,MA,Suffolk,40621,02118,65.428385,-92.564473,18385.2,45247.51,136721,001-948-906-1258x366,christianamber@example.com,050126962,050201
8f887253-206e-4a77-9cc3-01023ee835b2,1961-02-19,,069-58-4097,S98195745,,Mr.,Gregory,Anna,Alexander,,,S,white,nonhispanic,male,West Jasminefort TX US,4182 Graham Junctions Apt. 541,Austin,TX,Travis,45009,78702,-3.397359,52.607873,14880.12,35315.06,45584,434.555.6021x223,nancy00@example.net,050638681,050201
65f516ce-3572-4303-b687-242f6f18afe1,2006-03-22,,286-98-3782,S63521829,,Ms.,Kimberly,David,Levine,,,,white,nonhispanic,female,Lake Sheristad MA US,1286 Emily Loaf Apt. 155,Boston,MA,Suffolk,31384,02215,76.648625,32.75006,11305.22,8564.89,43670,328.770.9108,tammy24@example.net,050825928,050201
13484db8-98c4-4b62-b652-0b10e0731983,2003-12-15,,035-24-8555,S39822600,,Mr.,Donald,Nicole,Chapman,,,D,white,nonhispanic,male,Powellview MA US,85693 Taylor Groves Suite 625,Boston,MA,Suffolk,12053,02118,-11.436446,-17.664248,22176.22,24878.15,68406,001-773-321-6358x6093,juan55@example.net,050869070,050201
db8307f9-8bdb-42c2-acf2-816685a09b82,1992-11-28,,550-04-3644,S64292477,,Ms.,Kimberly,,Kim,,,,white,nonhispanic,female,Lake Johnshire TX US,46671 Williamson Mall Apt. 076,Austin,TX,Travis,26795,78702,18.152461,143.18259,35147.65,22098.45,88630,001-621-407-9605x89465,samantha96@example.com,050836033,050201
960fe8d7-0ff5-428f-9b5f-f858ff164676,1966-08-10,,096-56-4303,S11058612,X13058715,Ms.,Kimberly,Justin,York,,,S,black,hispanic,female,Steinview AZ US,554 Christine Forks Apt. 086,Phoenix,AZ,Maricopa,04951,85006,-27.78231,-27.828805,60277.98,58405.69,33855,+1-654-207-1439,joshua04@example.com,050171482,050201
b7d3490f-27f8-45ca-9280-dd705c78e5bc,1983-09-23,,119-53-2414,S56824025,,Ms.,Brandy,Rachael,Clark,,,W,black,nonhispanic,female,Port Caitlinton MA US,8392 Penny Hill Apt. 797,Boston,MA,Suffolk,08365,02118,7.130323,151.715008,33185.07,10777.82,35274,(753)542-7875,garrisonstephen@example.net,050918088,050201
decb7809-995c-46cc-bb9e-8c096286a6b5,1957-10-05,,652-14-3149,S81326540,X81255292,Mr.,Richard,Michael,Ramirez,,,S,white,hispanic,male,Davidchester TX US,01099 Michael Mall Suite 261,Austin,TX,Travis,18913,78702,1.104479,140.956587,54224.31,41306.61,20361,+1-804-781-9338x899,martinezchristopher@example.net,030519794,030301
dd197e69-4aa2-4391-b871-7f23347f94d7,1992-01-27,,866-08-3992,S88288281,X82620993,Mr.,Craig,Michael,Torres,,,W,black,nonhispanic,male,Danieltown GA US,10397 Gloria View,Savannah,GA,Chatham,39714,31404,-84.727923,118.874833,36300.57,5403.81,36238,(642)906-2345x73862,amanda02@example.com,030916332,030301
3fc0d3e7-c8f4-4a52-a325-614778f497be,1990-01-18,,854-64-4764,S16400268,X33679980,Mr.,Robert,,Mitchell,,,D,white,hispanic,male,Brownfort MA US,5076 Tyler Ramp,Boston,MA,Suffolk,15067,02118,-79.862911,97.908221,97828.21,33058.89,41828,913-815-0651x66832,phillipsbrian@example.com,030484728,030301
d2db5ea0-acd6-4145-bff3-f900c77caf63,1980-04-25,,026-11-6291,S92474233,,Ms.,Julie,Veronica,Jacobs,,Barber,W,black,nonhispanic,female,Burgessmouth AZ US,929 Williamson Squares Suite 750,Phoenix,AZ,Maricopa,31147,85006,23.704466,103.392909,44521.78,775.27,55511,290.973.2798x2219,ronaldtaylor@example.com,140639891,140401
79b0635b-005b-40fa-8279-0e316cd20abc,1984-05-30,,790-19-5868,S14286257,,Ms.,Betty,,Castro,,Wolfe,S,black,nonhispanic,female,Rivershaven MA US,767 Miller Ferry Suite 152,Boston,MA,Suffolk,31053,02118,-45.41243,24.439636,11259.51,17015.53,25540,365.450.8043x266,deniserandall@example.net,140758549,140401
ae65d1d0-fd15-4c7a-b2c3-cdcef77f5cd2,1965-08-24,,210-85-9513,S69797336,X88521232,Ms.,Amy,,Brennan,,Smith,S,black,nonhispanic,female,North Brianstad MA US,2211 Matthew Road Apt. 632,Boston,MA,Suffolk,21294,02118,48.86515,19.49344,33812.69,39968.6,74167,+1-794-407-1087,hstephens@example.net,140234696,140401
dec0c011-7062-432b-a64a-b49206a46210,1999-12-17,,367-01-8873,S39447107,X35745927,Ms.,Brianna,David,Evans,,,W,other,nonhispanic,female,Jacksonborough GA US,7085 Karina Via,Savannah,GA,Chatham,31648,31404,-58.502269,-150.037565,26744.33,5075.23,62062,(930)632-5453,stevensjessica@example.com,140642757,140401
08b0df0b-5d34-4d8b-911c-bdfc57cbb58e,1944-07-22,,453-90-3711,S67611661,,Ms.,Gabriela,Tammy,Walton,,,M,black,nonhispanic,female,Davisstad AZ US,7948 Victor Lane Suite 938,Phoenix,AZ,Maricopa,33479,85006,3.062875,51.221917,7020.53,31785.5,45173,774-442-5946x735,ryan13@example.com,140718078,140401
7424dab7-dc87-4a1a-b0b8-726b16914eea,2001-06-28,,015-99-5060,S59845605,,Mr.,Jimmy,Russell,Barber,,,W,white,nonhispanic,male,Port Williamshire GA US,012 Mary Harbor,Savannah,GA,Chatham,23736,31404,-36.162614,129.433354,14124.09,38560.39,186238,(551)430-7916,mallory75@example.net,140981370,140401
03bb9ed3-1ddc-4c3e-b11a-1cf87dc8e788,1945-07-07,,880-16-9455,S10289562,,Ms.,Abigail,,Lee,,Dixon,D,asian,nonhispanic,female,Villarrealchester MA US,366 Ramirez Trace Suite 514,Boston,MA,Suffolk,30834,02118,86.415295,-75.642939,19240.36,13758.23,37272,561-920-9525,bryan85@example.com,140676294,140401
2c24b8aa-13ba-49a5-a666-8b48f7d5f038,1979-04-16,,504-44-0589,S96569846,,Mr.,John,,Jenkins,,,W,white,nonhispanic,male,Stephaniechester GA US,3308 Bell Orchard Apt. 543,Savannah,GA,Chatham,43383,31404,33.60496,-23.831276,11284.84,34388.48,118564,001-859-345-6369x422,mosssharon@example.com,140258336,140401
4cdfde79-978b-43ea-84f3-d8ebaf5cc653,1957-02-28,,145-56-0330,S83652102,X87043292,Mr.,James,,Maxwell,,,W,white,nonhispanic,male,East Michellechester CA US,466 Mejia Station Apt. 006,Oakland,CA,Alameda,13236,94609,-21.119045,-96.086183,43975.2,8618.32,32724,409-935-5945,anthony83@example.com,140757558,140401
189d9652-b5d9-4edf-a968-d69985c94371,1949-03-12,,455-56-2244,S81185193,,Ms.,Wendy,Erika,Sims,,,S,other,nonhispanic,female,Jacquelineborough MA US,6354 Shane Wells Apt. 644,Boston,MA,Suffolk,49316,02118,84.185941,-58.770526,42537.25,21158.19,55566,+1-439-541-7831x26604,chadjohnson@example.net,330869373,330101
67d355af-363f-437e-872a-b61a1ddae2ad,1984-08-26,,709-87-9883,S37082636,,Mr.,Joseph,Jessica,Conner,,,M,white,nonhispanic,male,Campbellmouth AZ US,3929 Cathy Meadow,Phoenix,AZ,Maricopa,08221,85006,0.858633,75.344719,73881.59,36843.31,47682,283-352-1619x400,lacey30@example.net,330127865,330101
a04301fa-a5b4-4a7e-b0d8-324f48a7a5fb,2010-09-29,,843-72-2773,,,,Kristen,Shannon,Campbell,,,W,black,nonhispanic,female,Port Saraborough AZ US,227 Henderson Pike,Phoenix,AZ,Maricopa,50499,85006,31.496029,161.07636,10973.48,12451.86,36287,346-782-0613,edward56@example.com,330305649,330101
e8a0c589-dd5e-46c1-bb6b-7a73f6add04e,1961-01-14,,022-89-6588,S29402060,,Mr.,Gary,Eric,Villanueva,,,,white,nonhispanic,male,Vincentfurt GA US,267 Jennifer Spurs,Savannah,GA,Chatham,39395,31404,24.340239,96.017733,14473.11,28129.87,74562,+1-767-630-9241x57902,sandralong@example.com,330492242,330101
60320e1f-989d-44b8-bbd4-34af5f05e665,2004-01-24,,147-01-9233,S50511230,X44032616,Mr.,James,,Mills,,,W,white,nonhispanic,male,Kentshire MA US,969 Guzman Haven,Boston,MA,Suffolk,38570,02118,3.3443,-99.889594,138366.5,6330.39,67915,(890)710-4775x62651,amandamartinez@example.com,330968936,330101
9705c68d-91fa-4b4a-9dbc-aea34e829099,1991-04-18,,712-62-0333,S52104580,,Mr.,Justin,Carl,Bell,,,W,white,nonhispanic,male,Port Kristen GA US,93827 Lisa Unions Apt. 276,Savannah,GA,Chatham,48915,31404,-61.057454,-120.1438,24610.36,1130.05,47009,(529)277-2912x999,carlnguyen@example.net,330744661,330102
d85a075c-06ec-4db1-a98d-7b41d261c1d0,1952-03-16,,329-58-8893,S34962127,,Mr.,Michael,Blake,Johnson,,,M,white,nonhispanic,male,Simpsonmouth AZ US,632 Kimberly Views,Phoenix,AZ,Maricopa,05599,85006,-46.592987,-90.447598,30062.8,6089.71,47666,+1-274-347-9160,michaelgutierrez@example.com,330275862,330102
085f85ee-fd8f-47a9-b2bc-4e74a8ebc254,1938-11-20,,437-39-9570,S12628640,X30959055,Mr.,William,,Mitchell,,,D,asian,nonhispanic,male,Lake Kevinbury GA US,617 Scott Path,Savannah,GA,Chatham,35498,31404,29.116861,156.231078,71480.68,17834.57,77369,001-619-883-3384x53328,michellestanley@example.org,330421014,330102
fbf36b51-cab7-4df7-bf7c-d39acbacc629,1994-06-03,,116-40-7384,S92144957,X74618581,Ms.,Katie,Tina,Lee,,,,white,nonhispanic,female,West Jill MA US,875 Samantha Station,Boston,MA,Suffolk,39708,02118,12.276269,10.908903,31590.39,24735.97,20009,+1-804-234-0102x2618,shortchristopher@example.net,330493061,330102
b658979c-0efa-4fe0-b1c2-a1bcc27bfe6a,2011-09-11,,376-41-4810,,X98789022,,Lawrence,Nancy,Carpenter,,,M,white,nonhispanic,male,Caseystad CA US,2482 Lisa Estates Suite 177,Oakland,CA,Alameda,42744,94609,-12.472854,-172.326378,43817.42,14538.43,32887,8057837026,amywilson@example.net,330886863,330102
3f36cad1-c863-4171-9157-52aadffdf083,1968-01-06,,070-25-2483,S69524108,,Ms.,Connie,Alyssa,White,,,,white,nonhispanic,female,Ortiztown MA US,317 Adam Estate,Boston,MA,Suffolk,05683,02118,-47.638978,135.96877,64609.43,7440.58,117832,6426968607,bookernatalie@example.com,330669132,330102
de1ddfb4-a783-4cd4-9e6e-c8bac8d30faa,1993-07-13,,266-56-4913,S23021778,,Ms.,Brandi,Thomas,Perez,,,S,other,hispanic,female,Port Kathleenmouth TX US,19349 Robert Ferry Suite 500,Austin,TX,Travis,48680,78702,80.013196,61.713737,14276.82,10150.9,27609,+1-552-615-6694x771,klowe@example.com,330136196,330102
29b6ae55-0113-4d18-aef5-23a06777b73a,1957-12-19,,189-48-5866,S36721530,,Ms.,Lisa,Kelly,Lee,,,S,asian,nonhispanic,female,Olivertown MA US,21110 Larry Lock,Boston,MA,Suffolk,02251,02118,-45.630178,16.717259,22522.07,22879.31,32321,915-641-7370x379,goodwincourtney@example.org,330616568,330102
165f48fc-25dd-4e84-b592-297368fe84f4,1945-10-27,,420-41-1293,S43610670,,Mr.,Ronnie,Sonya,Dorsey,,,S,other,nonhispanic,male,Port Brookeland GA US,7796 Jennifer Garden,Savannah,GA,Chatham,02955,31404,-32.986058,-42.598771,97701.62,14032.59,32766,433.313.8531x2410,erin70@example.com,330706388,330102
7442e0c7-775c-4cc9-8221-05b72dfebbfb,1986-02-07,,558-14-9503,S19428390,,Ms.,Emily,Joseph,Pittman,,,M,white,hispanic,female,Nguyenburgh MA US,53792 Chavez Mountains Suite 542,Boston,MA,Suffolk,46677,02118,-9.529407,-129.216944,26334.02,7371.61,58186,724-644-3078,garciakimberly@example.com,330772999,330102
66df908f-e731-49fd-82b5-dec9d4d05720,1972-06-25,,724-79-5750,S14408780,X83568157,Ms.,Shirley,Derrick,Martin,,Meyer,D,white,nonhispanic,female,East Georgebury MA US,7259 Thompson Springs,Boston,MA,Suffolk,28384,02118,26.587404,-0.932006,35415.65,25897.71,71349,001-780-944-4011x54268,pauljennings@example.com,330369169,330102
2e4fd9d3-d5ad-4619-91a3-f60780cc7c46,1955-08-21,,568-32-6936,S81149077,,Ms.,Leah,Elizabeth,Sullivan,,,D,white,nonhispanic,female,Townsendborough TX US,9505 Jennifer Island,Austin,TX,Travis,26915,78702,-75.356366,-119.199756,14960.2,6738.06,136214,(805)523-0923x25209,tgray@example.org,050851121,050201
497058f7-74e7-4507-a9d1-58d6c77bd9cd,1939-10-20,,608-61-4493,S27183673,,Ms.,Heather,Erica,Day,,,W,white,hispanic,female,Hermanberg MA US,752 Anita Points Suite 878,Boston,MA,Suffolk,17228,02215,16.787568,157.065771,61292.5,3574.29,119782,+1-821-537-6520x05915,annbentley@example.com,050689039,050201
9cfd991c-d50f-4a6e-9209-200d86d9bb27,2003-01-06,,159-66-8643,S14482824,,Ms.,Jennifer,Christopher,Hopkins,,,S,white,hispanic,female,New Andrewbury TX US,57355 Alan Viaduct,Austin,TX,Travis,48385,78702,42.053678,-9.029023,11805.23,15060.67,91983,001-290-625-8836x064,hsloan@example.org,050869007,050201
29b0e2aa-dc87-4bf8-9fb4-29df1a8d9a0f,1976-10-28,,314-07-6299,S41776912,,Ms.,Lisa,Ronald,Ray,,,,white,nonhispanic,female,Martinezberg CA US,01897 Moody Summit Suite 082,Oakland,CA,Alameda,39035,94609,57.263253,-23.517056,12008.09,53572.86,38296,001-690-949-5910,cindyhill@example.org,050293343,050201
5fa997d9-540b-49d4-9c96-59231970825e,1978-07-02,,802-70-4384,S12099543,,Ms.,Jennifer,Crystal,Torres,,,M,white,nonhispanic,female,Patriciaton MA US,4012 Jones Forge,Boston,MA,Suffolk,31402,02215,-5.158219,114.037429,17981.48,88430.83,35160,+1-524-939-1500x581,shannoncurtis@example.org,050336491,050201
edc0c912-5072-4b00-a942-8c75f6eea031,1973-04-20,,444-60-3517,S16536508,,Ms.,Jessica,Daniel,Carr,,Taylor,S,white,nonhispanic,female,New Michelletown TX US,3372 Jacqueline Crest,Austin,TX,Travis,28291,78702,29.947187,100.273378,72364.16,7928.46,90276,001-542-422-8876x8143,nbell@example.net,050736058,050201
796ae9da-2a8f-4f66-ac37-d6fd3153d9e6,1980-03-26,,143-99-4852,S77042965,,Mr.,Cory,,Wells,,,D,white,nonhispanic,male,Port Amberport MA US,23419 Farrell Expressway Suite 727,Boston,MA,Suffolk,32023,02215,-31.339536,72.688263,21726.03,16175.27,70596,379.377.4313,lewisjennifer@example.net,030836660,030301
58b08fa1-addb-4aa1-8ba2-c181c3b2cffa,1953-02-04,,844-65-4076,S73962016,X50189141,Mr.,Andrew,Matthew,Smith,,,S,white,nonhispanic,male,Angelaview CA US,623 Angel Loop Apt. 287,Oakland,CA,Alameda,25176,94609,68.957066,-151.92069,134614.5,3464.3,80668,533-603-0153,pmeyer@example.com,030652192,030301
a3754661-891c-4ba2-8b06-d720727d81ca,1974-07-22,,393-92-8876,S90211820,X70205945,Ms.,Mary,Nicole,Cook,,Deleon,W,native,nonhispanic,female,North Cheyenneport IL US,35620 Amber Corners,Chicago,IL,Cook,47718,60612,-7.765465,160.23042,31804.07,5256.2,21769,(512)254-8534,klevy@example.org,030561208,030301
ddd9b976-2c98-4d53-aaf0-f10edf1117be,2001-09-17,,606-52-3200,S59130414,,Mr.,Joshua,,Alvarado,,,D,asian,nonhispanic,male,Zimmermanchester AZ US,405 Angela Courts,Phoenix,AZ,Maricopa,46690,85006,4.020258,131.833531,9016.49,15324.22,14318,(790)864-1012x2301,ssmith@example.com,030605751,030301
dad5fb4e-af84-4dba-8850-33311e4c48db,1981-08-10,,470-34-1664,S85672795,X43584207,Ms.,Becky,,Hill,,,M,other,nonhispanic,female,Ayalafort IL US,98961 Harmon Harbors Suite 587,Chicago,IL,Cook,38930,60612,69.826834,138.74889,26252.98,25379.33,51538,001-729-557-2386,gmiller@example.com,140164092,140401
1e120cc2-86a7-4bd0-80e2-56d3870c2ccd,1970-11-10,,643-05-6641,S72357002,,Ms.,Jennifer,David,Ellis,,,D,asian,nonhispanic,female,New Larrytown GA US,107 Alyssa Trail,Savannah,GA,Chatham,47826,31404,1.598754,-64.946905,9195.47,15430.53,47230,359.350.8231x5232,lisasmith@example.org,140892241,140401
a1eb6232-c187-4e93-92c5-8effaa7bcd09,1981-10-04,,633-83-7543,S90419582,,Ms.,Anna,Mary,Garcia,,Hale,,white,nonhispanic,female,Lake Dianeport IL US,3306 Zachary Park Apt. 131,Chicago,IL,Cook,40870,60612,-24.862234,155.173506,5038.63,17498.19,26992,236.909.3802x4481,shelleystone@example.com,140866685,140401
7ea7a765-aaaa-4e74-b6a0-7dc7d5394ef3,1953-05-10,,790-20-7573,S61426294,,Mr.,Paul,,Gibson,,,W,other,nonhispanic,male,Maryfurt IL US,85531 Deanna Flat,Chicago,IL,Cook,11973,60612,38.886174,-140.43011,14895.62,102298.56,88695,(811)535-4675x531,melodycastro@example.org,140432242,140401
0bf93a7f-daf3-49db-b2c7-dbc2eb6f2ddc,1971-07-08,,454-91-7703,S61298966,X81558521,Ms.,Cheyenne,Bradley,Vazquez,,Torres,S,white,nonhispanic,female,South Amyton AZ US,15925 Rachel Turnpike Suite 844,Phoenix,AZ,Maricopa,22363,85006,3.096162,-53.112027,10189.68,36099.05,78146,235-514-2863x002,jasonboyd@example.org,140683530,140401
7185bc0d-bcb4-4741-8c75-a7f12bba122d,1968-09-16,,417-71-6463,S80681225,,Mr.,John,Nicole,Walsh,,,D,white,nonhispanic,male,Royview IL US,13057 Smith Falls,Chicago,IL,Cook,17242,60612,-18.860425,116.92243,46848.08,3344.4,100794,517.311.2686x6269,nixonjames@example.com,110479961,110501
604bba60-bbb9-4bd6-813c-68c95b665cdb,1986-04-19,,340-72-7338,S84386053,,Ms.,Sarah,Amy,Ramos,,,M,black,hispanic,female,Andrewport TX US,9519 Wall Burgs Apt. 151,Austin,TX,Travis,30537,78702,21.430803,40.073856,105167.04,7642.18,47639,487-510-0437x7765,thomas11@example.net,110775445,110501
ca3e751a-5d15-459d-9bbe-32ea16964dc6,1945-11-18,,864-48-2627,S46944946,,Mr.,Paul,Elizabeth,Anderson,,,,white,hispanic,male,North Christine AZ US,80476 Donald Fort Suite 475,Phoenix,AZ,Maricopa,14963,85006,-21.944029,134.617464,24436.2,12543.9,70089,(811)739-3370x226,bryan46@example.net,330633391,330101
542c3ce7-f0f8-46e2-9d3f-d9eaba33501e,2025-07-15,,827-71-9088,,,,Gail,Paul,Gonzales,,,S,asian,nonhispanic,female,Youngfurt IL US,3096 Jason Ridge,Chicago,IL,Cook,06855,60612,-24.383509,146.484224,98722.38,30237.9,91354,650-417-9292x1718,gailjones@example.org,330557774,330101
232552f6-c19d-4fc7-a3b2-7f17fc6f9035,1946-07-12,,636-04-0294,S60209601,,Mr.,Daniel,,Johnson,,,M,asian,nonhispanic,male,North Carrie MA US,382 Raymond Trail,Boston,MA,Suffolk,10670,02118,-37.888771,-22.792186,274177.99,12365.83,48692,613.344.2846x97794,martinmonica@example.org,330526232,330101
b3e3f21b-d0b5-46bc-ace5-a7919a8e5ec0,1987-11-28,,249-72-5143,S55211591,,Ms.,Caroline,Jeffery,Harris,,,,asian,nonhispanic,female,Port Jonathan MA US,7719 Thomas Plains Suite 863,Boston,MA,Suffolk,03811,02215,31.519433,150.901805,113706.13,43988.24,35104,562-602-4030x817,robertdunn@example.com,330625107,330101
68c90a66-d28a-45a1-9aef-ce7ece586e13,1955-06-11,,561-59-0551,S17357712,X67725303,Mr.,Bryan,Savannah,Huffman,,,,white,nonhispanic,male,New Gregport MA US,90776 Jay Gateway Suite 312,Boston,MA,Suffolk,41225,02118,51.778399,-14.301045,16418.41,15863.69,36642,+1-517-291-9563x52727,elizabeth31@example.com,330908862,330101
eb4333c2-1022-452c-8e51-f45e8c320e75,1967-12-06,,013-50-9790,S19871469,,Ms.,Christina,Jack,Howard,,,S,white,nonhispanic,female,West Garrett AZ US,220 Jose Brook Suite 244,Phoenix,AZ,Maricopa,13368,85006,-32.289643,179.216712,58418.81,10387.75,47122,766.649.4032,yatesamanda@example.net,330870080,330101
6bda3e48-3d42-4a1b-8e44-82a6b7093525,1932-01-24,,151-81-8443,S37080914,,Mr.,Antonio,,Logan,,,D,other,nonhispanic,male,New Tracyborough MA US,9946 Bell Estates Suite 303,Boston,MA,Suffolk,19122,02118,87.935905,21.016102,14310.51,58839.62,36373,(687)215-6212,josephsilva@example.org,330166104,330102
9cf11892-f5f9-4b84-8374-caa4f30ec6ea,1965-10-04,,032-28-3112,S60015453,,Mr.,David,Shannon,Copeland,,,M,asian,nonhispanic,male,Lake Elizabeth IL US,1845 Garcia Centers Suite 397,Chicago,IL,Cook,21833,60612,75.859278,112.336422,39493.27,75552.17,44474,(235)345-9846x384,lauren83@example.org,330703271,330102
86e3296a-593a-42c1-96cb-469991ac9398,1928-10-18,,529-30-8952,S52291223,,Mr.,Kevin,Chris,Carter,,,W,white,nonhispanic,male,Autumnfort IL US,874 Todd Mission,Chicago,IL,Cook,18438,60612,49.174853,95.951664,64352.04,10415.44,49622,001-596-816-8681,patrick54@example.org,050265667,050201
ad46be3a-4aa0-4a73-aca6-dd829928023c,1974-11-27,,014-96-8357,S99632486,,Ms.,Michelle,Stephanie,Smith,,Murray,W,white,nonhispanic,female,East Alyssaland MA US,3672 Cowan Mall,Boston,MA,Suffolk,03251,02215,5.845107,179.977521,14660.6,5086.99,86245,(389)813-7307x261,sheilaterry@example.com,050544319,050201
a8293957-fbff-49f1-993a-14afae7668dc,1973-05-19,,659-51-9036,S57984572,X71293429,Mr.,David,Judy,Jones,,,,white,nonhispanic,male,East Mike MA US,077 Davis Brooks,Boston,MA,Suffolk,15388,02118,-71.279611,-98.568245,81558.14,4101.96,63675,+1-345-937-5684,ramseypamela@example.net,050245128,050201
a041b2b2-ce42-4147-8e8d-2abde9c589e5,1968-07-19,,063-72-0070,S89689812,,Ms.,Anita,Hunter,Hensley,,,D,white,hispanic,female,New Heather AZ US,1936 Bishop Port Suite 162,Phoenix,AZ,Maricopa,28174,85006,-48.30843,140.783297,63261.99,38450.56,67804,240.265.4564x15319,nicholasharmon@example.com,050835015,050201
46bf1e6c-83e6-4cc7-b7c7-b3f33b6b1b92,1939-04-09,,309-80-8999,S64954012,,Mr.,Dustin,Sarah,Mack,,,,white,hispanic,male,Lake Ann TX US,971 Travis Mount Apt. 748,Austin,TX,Travis,36329,78702,78.923551,39.948319,13381.77,20384.23,42466,+1-383-483-8021x67807,williamsdan@example.com,030306116,030301
24e10619-70c1-4315-8b66-864eef2a8e28,1940-09-21,,164-55-3066,S10563303,,Mr.,Peter,Ronald,Velazquez,,,M,white,nonhispanic,male,Jasonhaven MA US,41348 Freeman Road Suite 435,Boston,MA,Suffolk,21432,02118,-48.393845,-173.458781,37741.06,15404.46,98545,516-650-6386x3145,dayrebecca@example.com,030551601,030301
14bbeaa4-7a8d-4564-abcf-76de79ac6c43,1983-11-10,,710-07-9918,S26322098,,Mr.,Joshua,Dawn,Harris,,,,white,hispanic,male,Lake Troy MA US,023 Bush Burg Suite 765,Boston,MA,Suffolk,02686,02215,2.324569,-20.189575,53418.01,7704.84,78921,863.711.6089x60857,jamesgonzalez@example.net,030517051,030301
733963da-334d-454e-b5a6-3c483f6f18a8,1994-05-31,,085-39-3172,S11780272,,Ms.,Nicole,,White,,,,white,hispanic,female,Sharonmouth CA US,0006 Jonathan Glens,Oakland,CA,Alameda,38316,94609,-16.346183,175.535129,23410.49,11876.77,78300,327-620-6010x2034,lorikelley@example.org,140909339,140401
7eb3294e-ce3c-44b6-88a6-8a89eed9bca8,1983-04-17,,290-45-6527,S98830390,,Mr.,Travis,Heidi,Wilson,,,,white,nonhispanic,male,New Lynn IL US,55900 Pamela Field Suite 608,Chicago,IL,Cook,53981,60612,-1.770872,-7.237926,23102.95,37082.74,68154,(842)228-3939,catherinepayne@example.com,330198260,330101
e89893d5-d663-49b7-9f61-80ad3e4466d8,1969-02-22,,470-78-1243,S16305918,,Ms.,April,,Luna,,,D,other,nonhispanic,female,Troyville IL US,361 Watson Walk,Chicago,IL,Cook,19248,60612,84.792423,98.90047,9385.52,4418.6,84401,+1-528-362-6941x603,sheri20@example.net,330223498,330101
fb11987f-b7a2-4e6f-bc7e-03d82fd9cda2,1989-11-26,,285-73-0130,S43468399,X58732104,Ms.,Heather,Joseph,Wade,,Mason,W,asian,nonhispanic,female,Whitakerfort GA US,1830 Davis Falls,Savannah,GA,Chatham,03985,31404,-36.464365,-123.542117,8727.35,8021.35,15740,718-608-2751x4357,cindyfreeman@example.com,330993142,330101
85bd737e-88ae-4f06-a978-cbac1dc12463,1983-05-13,,591-01-9291,S54475693,,Ms.,Betty,,Dominguez,,Anderson,W,white,nonhispanic,female,Smithside MA US,986 Mitchell Parkways,Boston,MA,Suffolk,46774,02215,-82.452451,40.898965,94912.56,8040.07,77896,5863015035,alice63@example.org,330979185,330102
e208c97f-22f4-44a5-970c-cd7c228bb95f,1947-06-05,,280-14-9688,S10303074,,Mr.,Joshua,,Scott,,,D,white,nonhispanic,male,North Markberg GA US,866 Morrow Plain Apt. 352,Savannah,GA,Chatham,20372,31404,-64.244888,-150.795266,16504.41,1659.59,32552,992-725-0310x50562,soliver@example.org,330742119,330102
3ef4da9f-9a9d-4b49-904b-860e6141b4ef,1944-03-31,,235-41-2241,S58313789,,Mr.,Edward,Laura,Davis,,,W,white,nonhispanic,male,Gillside CA US,65454 Kristin Prairie,Oakland,CA,Alameda,33677,94609,73.795154,-159.469626,20399.82,5798.58,76815,909.619.7518x041,kirk95@example.org,330412478,330102
382760da-4fa0-4bbf-b58f-1299ea3e0d6e,1986-10-13,,806-69-2309,S93916371,X60932483,Mr.,Robert,Cathy,Davenport,,,S,black,nonhispanic,male,Port Elizabethmouth CA US,284 Sandra Inlet,Oakland,CA,Alameda,35518,94609,11.071335,126.863917,39263.12,8622.9,44658,376.272.8872x91767,baxterchristian@example.com,330425955,330102
bae1ac44-bdc9-4b21-8d78-13de4a94b5f9,1946-01-10,,464-53-6852,S89403200,X52725023,Ms.,Michele,Angel,Hamilton,,Flores,S,black,nonhispanic,female,Riveraside GA US,0227 James Pine Apt. 111,Savannah,GA,Chatham,47933,31404,-43.55518,155.586749,20991.4,4194.94,10224,822-925-7806,nicoleross@example.com,330390348,330102
8608bde0-1829-40e1-b69c-6c52da68dcbf,2013-12-29,,330-32-2500,,,,Eric,Nicolas,Moore,,,,white,hispanic,male,Marissashire GA US,948 Julie Circle Apt. 890,Savannah,GA,Chatham,27214,31404,-81.758506,113.955891,62647.42,45293.63,56521,001-528-739-6209x588,lsmith@example.net,050686860,050201
84fac191-ed78-453a-9f0c-f8ea89c6f156,1971-06-19,,068-40-0485,S42003596,,Mr.,Nathan,Zachary,Morrison,,,,white,nonhispanic,male,Meganshire TX US,51183 Johnson Junctions,Austin,TX,Travis,55283,78702,17.974999,-70.809397,36957.7,32394.95,48609,001-650-659-7496x901,esnyder@example.org,050973088,050201
3ae9fa8f-4192-4120-937c-824094c4dbdc,1984-08-08,,122-13-5623,S38122751,,Ms.,Kimberly,Daniel,Perez,,,S,black,nonhispanic,female,Bellberg TX US,25884 Anthony Streets,Austin,TX,Travis,12428,78702,41.20525,152.847516,22819.34,5703.36,46825,+1-432-451-5381x33698,meganmartinez@example.org,030422849,030301
b0cc721d-508a-48e3-a7b0-6ab9a2d6f759,2025-12-08,,418-58-8435,,X77519496,,Mario,,Smith,,,,white,hispanic,male,North Aimeehaven CA US,369 Garcia Courts Suite 704,Oakland,CA,Alameda,08290,94609,-81.648121,-53.39048,13208.23,14128.32,25419,355-223-8671x14294,reginamorgan@example.org,140877657,140401
f6568a19-acc3-43f7-8bee-58a0b0fb5539,1934-06-27,,756-43-7175,S89989214,,Mr.,Anthony,Angela,Bowman,,,,asian,nonhispanic,male,Melissaside IL US,779 Brett Keys,Chicago,IL,Cook,41271,60612,34.815692,178.401757,225881.59,27052.74,88668,681-791-8631x76448,craigsimmons@example.org,140865099,140401
048f7556-6b03-435c-ac7a-67f1b9e67171,1972-11-22,,248-58-8513,S54510657,,Ms.,Krystal,Kimberly,Orr,,,,black,nonhispanic,female,Eugeneville AZ US,605 Andrea Port,Phoenix,AZ,Maricopa,24701,85006,-30.634772,-74.093684,13386.29,101266.64,129629,9296537260,creed@example.org,140261900,140401
eaf0aa86-cd62-46cd-9e81-ee0cdeed41d0,1975-10-05,,328-47-9734,S59162881,,Mr.,Alexander,Lori,Graham,,,M,black,nonhispanic,male,North Melanieside MA US,10146 Rodriguez Rest Apt. 286,Boston,MA,Suffolk,11014,02118,-79.330884,51.730039,27843.64,21551.34,96346,504.298.4271,nicolepatterson@example.org,140994566,140401
a98bb609-94eb-430c-80b2-982ddffea4c9,1971-04-10,,145-06-1401,S36824824,,Ms.,Kelly,Colin,Thomas,,,W,white,hispanic,female,Hendersonberg AZ US,50610 Colon Creek Suite 088,Phoenix,AZ,Maricopa,42360,85006,68.659574,62.504271,42566.28,7417.57,88447,666.858.1596,lewisjeremy@example.net,110692972,110501
72d848f3-1a5a-44af-af3c-66f8b4605dbb,1943-04-20,,839-76-1121,S11426425,X91189330,Ms.,Stephanie,,Ponce,,Keith,S,other,nonhispanic,female,New Josephton CA US,671 Michael Knolls,Oakland,CA,Alameda,03132,94609,-83.000789,-38.733567,42972.98,32651.86,27285,703.799.1419,inichols@example.com,110631176,110501
6ea05c8b-05e9-41ed-b3da-3d75fcd05f51,1974-06-07,,303-36-3934,S52244963,,Ms.,Mary,,Owens,,,S,white,nonhispanic,female,Ashleyport TX US,8277 Rivera Locks,Austin,TX,Travis,28404,78702,-79.307866,-29.641584,41836.69,8503.15,47417,(996)458-3567x516,thomas44@example.net,110818044,110501
1bc2bf60-1d11-4962-84f0-f1c294f1de8e,1978-06-29,,588-49-3135,S18631779,,Mr.,Jonathan,Eric,Rivera,,,S,asian,nonhispanic,male,West Kimberly MA US,91778 Katherine Port,Boston,MA,Suffolk,40951,02215,25.865132,123.500774,17792.1,19863.18,30897,+1-834-815-2644x56415,jerrybishop@example.org,030701534,030301
0917acaf-bed2-4e08-9a53-fd1ca330856c,1940-11-26,,091-25-9659,S39346079,,Ms.,Cheryl,Scott,Phelps,,,D,white,hispanic,female,Port Danielside MA US,3070 Sherry Ports,Boston,MA,Suffolk,13501,02215,48.758339,81.000391,98233.99,45303.71,374634,338.264.6116x930,patriciajohnson@example.net,140515972,140401
