Id,BirthDate,DeathDate,SSN,Drivers,Passport,Prefix,First,Middle,Last,Suffix,Maiden,Marital,Race,Ethnicity,Gender,BirthPlace,Address,City,State,County,FIPS County Code,Zip,Lat,Lon,Healthcare_Expenses,Healthcare_Coverage,Income,phone,email,mrn,source_facility_id
c4b8691b-a298-4ec6-8975-cd781f153c4d,1982-02-06,,263-30-5484,S50541003,,Ms.,Erin,Anthony,Torres,,,W,other,hispanic,female,North Kristina TX US,4530 York Summit,Austin,TX,Travis,33902,78702,-65.541218,-166.451237,135071.15,3882.53,40633,001-801-357-5749x07062,johnsonjamie@example.com,330721217,330102
b1f6e859-67bc-4855-bbdd-54a915e152dc,1948-07-25,,608-27-2876,S36159037,,Ms.,Nichole,David,Gibbs,,Hernandez,D,native,nonhispanic,female,Kevinburgh GA US,38849 Gray Spur Suite 199,Savannah,GA,Chatham,08757,31404,4.280735,7.958076,3250.32,8375.01,40631,692-806-2377x6574,andrew55@example.org,030735935,030301
ca51ea57-ff16-4c22-9c65-b5e80d3d71fc,1968-07-28,,154-40-0616,S32620106,X58945037,Mr.,Karl,Julian,Baker,,,S,white,nonhispanic,male,Barnettfort TX US,24795 Day Light Apt. 564,Austin,TX,Travis,28633,78702,-27.061243,-49.224378,58662.81,12572.39,80491,+1-420-439-8106x5192,ele@example.org,330729293,330101
dd1f4af0-a726-4949-91ec-7aa7602d4c42,1994-06-02,,835-98-9712,S89123743,X54423780,Mr.,Daniel,,Hensley,,,S,black,nonhispanic,male,Port Danny IL US,149 Frank Fords Apt. 508,Chicago,IL,Cook,18711,60612,-35.902351,-15.013179,16242.23,118291.1,50733,(620)895-2072x44836,juanreed@example.com,030743333,030301
724b2fd7-da8a-4d53-85db-4fc41cac7878,2007-05-07,,151-80-7327,S21705771,,Mr.,Dakota,,Figueroa,,,W,white,hispanic,male,East Calebshire TX US,1235 Susan Mews Apt. 136,Austin,TX,Travis,13782,78702,3.13655,-172.397443,45412.99,28653.76,128662,896.791.7912x0807,butlerrichard@example.org,140890322,140401
1baeb387-84e5-405c-839e-81230579a3b5,1950-07-01,,676-72-9884,S89958060,X34290999,Mr.,Mitchell,Elizabeth,Bates,,,,white,nonhispanic,male,North Martin TX US,8006 Thompson Village,Austin,TX,Travis,49059,78702,66.530999,108.878706,24667.09,6112.02,40093,001-491-571-6242x0662,linda71@example.com,330540181,330102
a5f9f95d-e0c5-4bd9-94ef-8db29c991fde,1990-07-04,,624-20-7024,S44437074,,Mr.,Stephen,Matthew,Huerta,,,W,black,nonhispanic,male,Burgessmouth MA US,44802 Armstrong Ridges,Boston,MA,Suffolk,50764,02118,-20.149332,-110.820198,9131.38,10075.15,68283,861-596-5579x96239,hammondjoshua@example.com,140272743,140401
a4c4fb01-564e-4db1-bfbe-50944836099b,1948-04-05,,605-24-5920,S97773687,,Mr.,George,,Montgomery,,,D,black,nonhispanic,male,East Sean MA US,2730 Hall Pike Apt. 354,Boston,MA,Suffolk,55227,02215,55.793641,-68.405025,235107.87,17643.72,50930,200.659.8674x677,patriciajames@example.org,050951230,050201
a84d4973-793d-4594-b95d-915e5ac68c4f,1975-12-09,,605-44-5422,S57479511,,Mr.,Shawn,,Lewis,,,,black,nonhispanic,male,East Mariofurt IL US,6881 Russell Cliffs Suite 579,Chicago,IL,Cook,43382,60612,53.910193,107.385709,13957.48,7895.44,30525,6756544747,nhall@example.net,140739088,140401
fe29b4bc-e13e-4cff-98d6-e100115f14d5,1940-07-17,,220-88-5174,S87138496,,Mr.,Daniel,Luis,Bray,,,W,white,nonhispanic,male,New Laura GA US,878 Garcia Roads Apt. 591,Savannah,GA,Chatham,48663,31404,73.670123,110.958693,23613.38,8586.09,50918,228-394-2376x52384,ncarney@example.com,330549676,330101
b67c958c-a23b-49c7-afd7-8d6dd1c37013,1982-09-13,,228-93-9179,S62428072,X83061852,Ms.,Sandra,Tiffany,Diaz,,,W,black,nonhispanic,female,South Michelle MA US,26580 Emily Centers,Boston,MA,Suffolk,16356,02215,84.920235,46.556308,34715.32,15838.15,25684,+1-500-448-9569x95984,johnunderwood@example.net,330904850,330102
e8a0c589-dd5e-46c1-bb6b-7a73f6add04e,1961-03-05,,022-89-6588,S29402060,,Mr.,Gary,Eric,Villanueva,,,,white,nonhispanic,male,Vincentfurt GA US,267 Jennifer Spurs,Savannah,GA,Chatham,39395,31404,24.340239,96.017733,14473.11,28129.87,74562,+1-767-630-9241x57902,sandralong@example.com,330750444,330102
6b19927a-dc96-4c77-b8bd-f38800e150a3,1959-02-09,,655-59-6179,S85780028,,Mr.,Benjamin,,Ortiz,,,M,white,hispanic,male,East Christine MA US,8446 Montes Heights,Boston,MA,Suffolk,31673,02215,30.49888,-94.908977,17731.44,10707.62,15726,640-605-7694,uallen@example.net,330894095,330102
5a0ac942-dddd-436c-9f66-e0cc49f574b8,1927-12-29,,016-37-4056,S77534151,,Mr.,Charles,Benjamin,Chan,,,M,white,nonhispanic,male,South Jorgeburgh GA US,30467 Elizabeth Row Suite 038,Savannah,GA,Chatham,47119,31404,-84.595427,-45.96433,32213.05,7229.41,71419,6266801184,sanchezcindy@example.com,140773201,140401
0aef9905-162d-400b-a55b-4454100e8f55,1953-01-27,,663-15-6809,S43082956,X93535820,Mr.,James,,Peterson,,,S,white,hispanic,male,Careyberg CA US,01231 Tyler Mountains Suite 886,Oakland,CA,Alameda,10295,94609,36.915106,-156.323876,192094.45,24701.27,160668,(279)716-5640,vjohnson@example.com,330667090,330102
e656681a-c0b5-4f0c-b0ca-2f2826b683de,1926-02-06,,043-35-2089,S67909192,,Ms.,Shannon,James,Smith,,,S,asian,nonhispanic,female,Lake Brian GA US,078 Kimberly Crossroad Suite 960,Savannah,GA,Chatham,03379,31404,-17.775198,174.403445,6062.91,17609.05,108605,+1-606-758-7679,john88@example.net,330862119,330101
15fc1d2d-a1a3-4279-933e-904cc9497460,1943-05-14,,595-67-1295,S81206451,,Ms.,Amber,Jeffrey,Gonzales,,,S,black,nonhispanic,female,New Eric MA US,1491 Beltran Fort,Boston,MA,Suffolk,13938,02118,39.44637,114.494328,24827.46,7879.32,34182,267.870.0397,martinmichael@example.com,330674009,330102
779278ac-2437-4206-b701-bb9ceefb7032,1928-05-10,,109-11-8196,S17180634,,Ms.,Diane,John,Lopez,,,,other,nonhispanic,female,Johnsonshire AZ US,452 Alvarado Lock,Phoenix,AZ,Maricopa,07684,85006,19.347497,-52.774699,39398.88,7459.31,260088,982.868.1392x63032,robert92@example.com,330369824,330101
19bc78ff-157b-481d-b5af-1161e3e697d3,1951-12-02,,040-75-9422,S10171190,X30652080,Mr.,Tony,,Bradshaw,,,W,white,nonhispanic,male,West Gregoryfort MA US,62145 James Walks Suite 953,Boston,MA,Suffolk,54922,02215,63.530009,-9.500589,7411.5,10730.61,40925,236-636-0813,mayobrian@example.com,330169171,330102
a3e4b27f-d608-4d25-aea6-6313a1667335,1973-09-10,,376-35-7526,S45234659,,Ms.,Jennifer,Brandon,Hernandez,,,,black,hispanic,female,Gouldbury CA US,40149 Jennifer Ports Suite 190,Oakland,CA,Alameda,10182,94609,19.622065,-71.470033,89636.09,110848.37,60618,226-534-4565,jessicacollins@example.com,140216715,140401
e78904bc-b323-4486-8408-8b7b56670b76,1965-12-10,,246-56-3774,S60007049,,Ms.,Judith,,Brooks,,,S,white,nonhispanic,female,New Marvin IL US,845 Christine Ports Suite 394,Chicago,IL,Cook,23656,60612,-30.428414,118.607043,14058.75,23969.55,42416,966-368-4512x4730,stephen23@example.org,140578441,140401
eb9d67d2-256b-47c5-8d7e-0fd936f0a734,1947-10-19,,729-87-3381,S51225976,X34976052,Mr.,Matthew,Tracy,Middleton,,,M,white,nonhispanic,male,Powellburgh MA US,4883 Barnett Key,Boston,MA,Suffolk,21127,02215,-21.769527,-69.228608,79404.0,2278.29,35548,447-226-6911,austinwright@example.net,030335785,030301
ba8bf782-f779-4ab5-b107-dfb1990fec8a,1979-02-25,,446-81-6416,S44584867,,Ms.,Mary,Brittany,Edwards,,Wilson,S,white,hispanic,female,West Justinberg MA US,889 David Crescent Suite 249,Boston,MA,Suffolk,43812,02215,78.412905,-116.179302,21514.42,16171.58,54539,375-275-5351x540,lstone@example.org,050709790,050201
31d4d5d4-21b7-4ba6-92b1-b53d0652e3ff,1949-05-08,,158-02-1106,S68950467,X32852952,Ms.,Erica,Ralph,Gomez,,,M,other,nonhispanic,,Turnerburgh CA US,92276 Tyler Cove,Oakland,CA,Alameda,03215,94609,33.543123,154.95422,20383.97,14140.61,52188,+1-295-584-7279,markcontreras@example.org,140145501,140401
66723665-be52-43b1-9e5c-efb9555cb452,1959-04-03,,573-71-8686,S82254375,,Ms.,Amy,,Walker,,Taylor,S,white,nonhispanic,female,Spearsside AZ US,1197 Tiffany Throughway Suite 669,Phoenix,AZ,Maricopa,17458,85006,78.216076,135.176032,13713.36,18894.63,26789,938-851-7543x7411,jonathan67@example.net,330842241,330102
ccabc6c6-d196-4ab9-aba6-83580a05768a,1935-10-11,,062-02-8178,S31938510,X38014866,Ms.,Tammy,,Smith,,,D,white,nonhispanic,female,North Sharon MA US,271 Joshua Stravenue,Boston,MA,Suffolk,19489,02215,-72.663447,-124.410366,28254.8,4184.75,50339,001-321-487-5109x0927,hklein@example.net,330160278,330102
f2b17e60-4081-4769-bf95-a142e43820bf,1946-08-17,,548-64-0536,S27422073,X92599703,Ms.,Lisa,Brian,Yang,,,M,black,hispanic,female,Port Amberstad AZ US,2881 Vargas Burgs Apt. 340,Phoenix,AZ,Maricopa,27880,85006,-48.580579,-8.017923,123415.4,39460.39,31089,(503)640-0839x29040,april35@example.net,330458154,330102
063cea69-c485-4944-a338-4e8d18cc2137,1951-06-25,,827-73-9629,S28943393,,Ms.,Erica,Michael,Murphy,,Lopez,M,black,nonhispanic,female,Kennedybury GA US,3816 Bonnie Spur,Savannah,GA,Chatham,54102,31404,29.008443,-86.144984,69641.75,36938.61,105098,001-678-879-4250x331,suzanne04@example.com,050940596,050201
e5a15e49-8755-449c-a0c4-fb0adf6362fe,1970-03-10,,403-45-5242,S79198175,X34155387,Mr.,Tyler,Robert,Martinez,,,M,white,nonhispanic,male,New Kevinton MA US,7406 Erica Cliff Suite 993,Boston,MA,Suffolk,23458,02215,-10.874237,142.120334,52768.85,24057.58,63239,851-753-1572,stacey97@example.com,030755359,030301
b09cb7b9-abdf-4695-b5bc-9e737aa31fc2,1960-09-18,,161-03-5187,S93209936,,Ms.,Debra,,Nguyen,,,,asian,nonhispanic,female,Parktown MA US,9312 Romero Light Apt. 023,Boston,MA,Suffolk,44826,02215,31.208301,-29.079912,109297.62,18558.11,71862,255-498-3943,williemccarthy@example.com,330530004,330102
000b124d-5a6f-4d32-ac89-f15444da58e4,1925-03-24,,102-37-5858,S47538662,,Mr.,James,Christopher,Leblanc,,,D,white,nonhispanic,male,Bradleyfort MA US,7743 Phyllis Pike Suite 519,Boston,MA,Suffolk,40627,02118,35.829126,100.876962,28498.25,16087.04,39616,001-607-204-9574x901,annamartinez@example.com,330171682,330102
d94e90ae-2170-4b32-ac69-927b9c4f90f8,1984-12-10,,855-74-9862,S29467531,X15993301,Ms.,Amber,Eric,Turner,,,M,black,nonhispanic,female,Mitchellton AZ US,8357 Brian Branch,Phoenix,AZ,Maricopa,07571,85006,-63.30663,-148.625274,22423.97,21330.73,44724,297.689.5593x234,ibaxter@example.org,330974617,330102
eae403e3-219e-4c4e-9007-1926f9c94853,1947-04-23,,319-01-2829,S75244815,X36261206,Mr.,Robert,,Zhang,,,D,other,nonhispanic,male,West Tina MA US,957 Michael Branch Apt. 676,Boston,MA,Suffolk,31185,02118,-8.809513,-0.012445,18475.87,6634.49,44015,493-364-4796x51745,pneal@example.net,030792078,030301
772797c4-e40f-4976-9cab-a0bbcb8ec294,1966-10-28,,826-05-4908,S94543902,X79936427,Mr.,Gregory,Jeanne,Grant,,,S,white,hispanic,male,Port Herbert MA US,78356 Tracy Court,Boston,MA,Suffolk,52230,02215,21.243084,-92.361641,21599.84,117308.96,14697,(340)795-3778x929,spearsvirginia@example.com,330172437,330102
46d1659a-e8d8-4674-9f58-ec70f7b2580b,1981-06-19,,564-50-4635,S79316045,X76448753,Mr.,David,Caitlin,Phillips,,,W,white,nonhispanic,male,Tamaraside GA US,877 Schmidt Turnpike,Savannah,GA,Chatham,45913,31404,-40.419337,34.488874,26609.55,20654.19,28333,3935005890,morganallison@example.com,140336958,140401
7865c70b-6f17-4435-819e-474e47ab40da,1960-07-25,,289-89-3310,S92630845,,Ms.,Claire,,Mcdowell,,Adams,S,black,nonhispanic,female,East Brittanyview AZ US,06858 David Parkway Apt. 192,Phoenix,AZ,Maricopa,48376,85006,-64.099007,102.441687,26435.96,7271.64,26818,+1-886-479-6382x2644,william44@example.net,330810169,330102
e90f4a0f-ad64-4564-911e-3754b9b97b43,1993-01-16,,655-81-3497,S67314643,,Ms.,Julie,Nathan,Roberts,,,S,other,nonhispanic,female,South Stacey IL US,71425 Butler Crossing,Chicago,IL,Cook,29379,60612,-18.916714,91.241968,28458.42,340269.69,93662,001-289-539-8442x1065,jermainejones@example.com,330525688,330102
fd75cc89-93e1-43d6-90fb-48995f7dacc6,1938-04-14,,469-03-7603,S97531168,X43891929,Ms.,Angela,Kenneth,Shelton,,,W,white,nonhispanic,female,West Jefferyland AZ US,289 Lucero Trafficway Suite 465,Phoenix,AZ,Maricopa,27951,85006,-89.449274,110.500681,30212.71,476.53,13974,635.986.9171,johnsondaniel@example.com,110355898,110501
af1a5a2f-4d7f-4ce6-9069-d6493a21a3c1,1961-06-30,,640-53-1115,S86686002,,Ms.,Kimberly,,Mercado,,,M,white,nonhispanic,female,South Joshuaton AZ US,8352 Foster Station,Phoenix,AZ,Maricopa,16278,85006,-71.79396,79.001865,13504.44,94035.99,89379,9977587350,mary19@example.com,050385929,050201
2b53391f-5965-4ebd-bd87-ef31825937a0,1979-10-30,,817-97-1317,S73915766,,Mr.,John,Pamela,Trevino,,,D,white,nonhispanic,male,Jameston TX US,839 Courtney Ferry Suite 870,Austin,TX,Travis,12841,78702,-5.624645,-39.02061,30373.94,31534.53,44768,001-259-641-1345x7458,stevenjones@example.com,330591615,330101
51714ea6-3735-48bf-9e97-943a79220b95,1946-10-26,,383-44-6669,S46594072,,Ms.,Linda,Katie,Elliott,,,,other,nonhispanic,female,South Jesse CA US,6347 Elizabeth Meadow Suite 041,Oakland,CA,Alameda,27127,94609,18.628296,123.254529,158311.77,13702.48,38597,+1-945-597-5723x23574,ushelton@example.com,330886177,330102
cd706df2-886d-4046-a22b-54553aaf2425,1996-04-13,,210-78-6307,S52348523,,Ms.,Monique,,French,,,S,black,hispanic,female,South Mark MA US,362 Garcia Island Apt. 198,Boston,MA,Suffolk,10526,02118,63.883699,157.474995,70595.16,42339.42,8663,+1-937-251-6829x354,lancevaughn@example.net,330655029,330102
ab80c8af-549e-492d-b423-88b9062970c0,1946-04-16,,818-88-2890,S19636830,,Ms.,Michelle,Victoria,Brown,,,M,white,nonhispanic,female,Taylorport GA US,6224 Lawrence Drives,Savannah,GA,Chatham,25676,31404,71.371961,-131.374416,24085.01,3457.32,49494,2687761026,michael47@example.org,330479777,330101
55a8566b-1b54-4272-9033-f12fba9c8dd8,1969-06-19,,358-98-9064,S89541891,,Ms.,Natalie,,Harrington,,Vance,,white,nonhispanic,female,Lake Catherine AZ US,04379 Nguyen Oval,Phoenix,AZ,Maricopa,19532,85006,71.392295,93.620599,11541.96,1035.87,67460,001-990-538-0572x95652,gonzalezcrystal@example.org,330196868,330102
5003ff05-ca7b-4385-8a00-28802fa32571,1962-04-02,,646-66-0063,S60914391,,Mr.,Jesse,Samantha,Conley,,,S,other,nonhispanic,male,Jennyburgh AZ US,1782 Evans Street,Phoenix,AZ,Maricopa,16344,85006,45.106419,-111.554163,18973.02,5209.01,90006,911-445-4618x55017,markellis@example.org,050489076,050201
af049bc2-5e89-4cf8-9170-c9ab9009b008,1954-12-23,,345-90-3532,S86874928,,Mr.,Robert,,Cross,,,W,white,nonhispanic,male,West Steven CA US,242 Jacob Court Suite 366,Oakland,CA,Alameda,23361,94609,4.899612,-48.711886,55276.11,47929.42,36500,457.627.5131x941,patricia22@example.net,050806452,050201
27c39842-4df2-48e8-9526-9b8b48a5f789,1962-05-18,,775-96-4529,S19846643,X42591801,Mr.,Michael,,Shields,,,S,other,nonhispanic,male,Kimberlytown CA US,52540 Samuel Vista,Oakland,CA,Alameda,42201,94609,70.028487,-87.065288,58283.1,68139.06,30961,550.846.3079x24014,martinpamela@example.net,330545181,330101
27323083-d25a-4e1c-9235-8513caef3552,1960-09-23,,776-01-3537,S69229255,X59119107,Ms.,Melissa,Kristin,Morris,,,S,white,nonhispanic,female,East Kristi TX US,5801 Paul Rue,Austin,TX,Travis,02312,78702,-46.224865,92.449658,34338.19,6608.13,70023,(674)498-6121x4314,pjohnson@example.com,330671454,330102
6d5ded75-fccf-459f-b88d-4d406570de5e,1947-03-04,,428-53-8522,S66545444,,Mr.,Mark,,Shepherd,,,D,white,nonhispanic,male,Carlaport MA US,9412 Medina Forest,Boston,MA,Suffolk,23777,02118,-1.405808,-133.533534,29197.04,25416.27,13632,(598)423-1534,brandyrobinson@example.net,330291883,330102
cf6fdf02-ea5d-41f7-9dd4-16774fb9b2a1,1983-12-11,,399-62-3593,S75380076,X41093101,Mr.,Thomas,Mary,Butler,,,D,white,nonhispanic,male,Robertsonland TX US,304 Yvonne Freeway,Austin,TX,Travis,52727,78702,-35.359069,-101.662663,53587.23,13118.42,27921,(638)426-5851x8401,lmartin@example.org,140899309,140401
2b138495-d6bf-44de-a3fb-5eb80edddf3b,2011-02-15,,381-87-9856,,,,Lisa,Jennifer,Williams,,,D,white,nonhispanic,female,Bonniemouth MA US,0276 Rivera Parkway,Boston,MA,Suffolk,18927,02118,-86.983176,119.01718,28520.27,16108.2,50080,5702538105,jo01@example.org,330815638,330102
7eb8b787-dc0d-4429-8986-27a520bfcd4e,1974-12-15,,040-48-3286,S30428485,,Mr.,Curtis,Cameron,Peters,,,M,black,nonhispanic,male,Lewismouth TX US,605 Lucas Crossroad,Austin,TX,Travis,35810,78702,84.198976,-41.699193,163796.6,30463.19,60228,473.220.7379,abigaillopez@example.org,330367460,330101
7e030570-2f27-42eb-998d-09e7da37200f,1949-07-12,,522-05-2666,S26405854,,Mr.,Jacob,,Chase,,,,white,nonhispanic,male,Cindymouth TX US,886 Kimberly Fort,Austin,TX,Travis,52755,78702,-16.724753,-54.148898,10917.3,162220.67,87684,564.344.2552x5332,casey29@example.net,330560720,330102
1570ff8a-ebd6-401a-9003-f19901cd61b2,1924-11-13,,312-22-3323,S74928938,,Mr.,William,,Garrett,,,W,other,nonhispanic,male,East Vanessamouth GA US,6391 Lee Lane,Savannah,GA,Chatham,27155,31404,35.604791,64.93226,65852.33,29846.22,23454,662-561-4731x47615,stephanie95@example.com,140598066,140401
c4d9c6b4-6fb1-4e86-8865-aabb119abe64,1999-11-30,,491-30-6489,S72886672,X60675928,Ms.,Kayla,,Townsend,,,,white,nonhispanic,female,Knightmouth TX US,637 Brittney Glens Suite 571,Austin,TX,Travis,17757,78702,16.247216,17.884431,41032.23,15269.05,150245,(832)608-2517x992,kennethlowery@example.com,030851493,030301
7aa5c56b-a15c-4822-adc8-14847080d0f1,2002-09-02,,605-99-2671,S18594488,,Ms.,Breanna,Elizabeth,Morris,,,S,white,nonhispanic,female,Michaelburgh MA US,016 West Fords,Boston,MA,Suffolk,47847,02215,38.114558,-128.596099,53134.8,4122.49,36644,293-737-2079x93811,hancockjasmine@example.net,050556779,050201
97cc4c40-15b1-49f9-8cd1-09f297c63a15,1933-04-27,,832-03-4431,S50071838,X63618451,Mr.,Joseph,Garrett,Miller,,,S,white,nonhispanic,male,Tonyton AZ US,838 Charles Square,Phoenix,AZ,Maricopa,10001,85006,-9.063531,-43.259815,8785.52,15447.16,172074,001-796-701-0615x970,hector49@example.com,330680487,330102
8c90ad95-d5a4-4e5c-9fd5-02a1a47fb3d5,1980-12-24,,832-22-6972,S55557089,X24592952,Mr.,John,Stanley,Ingram,,,,other,hispanic,male,Reedmouth IL US,908 Erin Stream,Chicago,IL,Cook,21468,60612,30.228883,77.370574,46596.53,34824.15,62674,999.919.7817x08390,kristopherbell@example.net,330605632,330101
27f0fa45-7142-412d-ae25-41a311aa13ff,2000-07-22,,869-33-0003,S94989536,X55493016,Ms.,Latoya,Ariana,Sanchez,,,S,other,nonhispanic,female,Castilloton MA US,91609 Mccall Corners Suite 593,Boston,MA,Suffolk,30269,02118,84.415266,38.148602,63263.09,25471.47,101474,001-690-886-0102x607,landrews@example.org,030301737,030301
5334bcf2-cc5e-49d8-b1cc-b1e53d9ae451,1979-03-30,,357-18-1883,S56492523,,Mr.,Keith,Thomas,Barnett,,,D,white,nonhispanic,male,North Meganbury AZ US,41735 Jeffrey Loop,Phoenix,AZ,Maricopa,15303,85006,-59.722237,5.146349,395672.37,7229.83,57636,(968)393-2661x236,clarkmarissa@example.org,110216152,110501
39754214-1f86-4b68-8457-93c360529163,1966-10-17,,729-71-1779,S22294624,X20386216,Mr.,Nathan,,Garcia,,,,black,nonhispanic,male,Huangmouth MA US,6471 Stephen Squares,Boston,MA,Suffolk,54805,02118,-8.298779,-54.3346,44266.06,15358.58,126131,(233)303-3339x863,wendyrose@example.com,330854002,330101
ec579999-b8fd-4d85-a124-b03151d781bf,1986-03-17,,049-97-8873,S89034642,,Ms.,Kristin,Stephen,Phillips,,Gray,W,black,hispanic,female,Kellerview AZ US,52528 Kevin Curve,Phoenix,AZ,Maricopa,18990,85006,-8.219553,14.886861,21419.72,15328.01,55448,3439605367,nelsontimothy@example.org,330192669,330102
9ed3e0c6-3445-4130-b91c-5554f65d5c29,1977-08-22,,873-08-6756,S72804066,,Mr.,Mark,Cindy,Thomas,,,D,white,nonhispanic,male,Stevehaven GA US,589 Esparza Bridge Apt. 364,Savannah,GA,Chatham,02038,31404,33.614554,150.948495,23411.56,19686.73,174000,+1-735-639-4302x933,hubersydney@example.net,330955110,330102
771d3643-56b1-4223-855a-6a685f1eb60f,1961-08-13,,246-08-0838,S48297973,,Mr.,Christopher,,Esparza,,,M,white,nonhispanic,male,Jenniferfurt AZ US,440 Jacob Roads Suite 756,Phoenix,AZ,Maricopa,31818,85006,54.848147,-149.586497,14668.55,10326.08,43597,760-335-9232,matthewhill@example.com,140327754,140401
d9cd5a50-68ae-47aa-9b87-680013a21083,1943-12-05,,655-67-9874,S64319291,,Mr.,Charles,Shawn,Reyes,,,S,black,nonhispanic,male,South Madisontown MA US,483 French Port,Boston,MA,Suffolk,03793,02215,-4.384524,52.728392,8447.43,41852.17,29226,(550)565-9955x40848,vcabrera@example.com,140411811,140401
bab7d3e6-9083-4a32-899b-462bd4c00ae4,1967-07-05,,749-38-0676,S60065339,X11165399,Mr.,Gabriel,,Mitchell,,,M,black,nonhispanic,male,Pachecoberg MA US,87458 Cynthia River,Boston,MA,Suffolk,16503,02215,86.058239,100.167989,34839.96,28251.51,46433,911-890-0833,jacob99@example.org,330646217,330102
232ca1aa-957e-4d2f-8761-adccaa62b1c7,1947-12-24,,830-79-5323,S75298334,X64429640,Ms.,Sarah,Calvin,Carrillo,,Gonzalez,W,asian,hispanic,female,Lynnside MA US,3553 James Junction Apt. 062,Boston,MA,Suffolk,14227,02118,13.034073,108.901998,84016.16,11218.46,10578,383.535.6494,john84@example.net,030942921,030301
f87aecd7-5db8-4a3c-b18b-4244d2edaa9f,1973-11-09,,300-35-4032,S42201265,X93764345,Ms.,Alyssa,Joshua,Lopez,,Murphy,M,white,nonhispanic,female,Blackwellfort GA US,37802 Walters Turnpike,Savannah,GA,Chatham,43620,31404,-24.580095,-40.560455,18960.8,29205.79,81454,358.755.6199,lrodriguez@example.org,110122201,110501
c346e685-7e83-4f94-b1b1-6fc95c6535f0,1981-07-07,,679-31-7992,S59928926,X37948145,Mr.,Stephen,Tina,Boyer,,,S,asian,hispanic,male,East Briannaview AZ US,17694 Martinez Crossing Apt. 497,Phoenix,AZ,Maricopa,37811,85006,80.595943,-59.008723,15165.18,21918.1,75601,791.208.9915x389,johnsonjames@example.com,030439355,030301
5f405585-a977-4ecc-b924-b01c11dd73e1,1974-12-10,,089-39-6876,S11174189,,Ms.,Jessica,Michele,Barnes,,Blankenship,M,white,nonhispanic,female,Davidbury TX US,997 Joseph Village,Austin,TX,Travis,09076,78702,-88.264262,79.414698,132200.29,91941.18,35002,842-353-7138x28284,reedelizabeth@example.net,330693692,330102
69a21d5a-0c12-4355-92d9-998a004b6bca,1956-11-08,,754-18-9112,S76307872,,Mr.,Joseph,Shelby,Torres,,,S,white,nonhispanic,male,Alexandraside MA US,8851 James Junctions Apt. 656,Boston,MA,Suffolk,21143,02118,28.493728,89.10306,25971.04,17761.4,149933,853.659.2843x900,cwiggins@example.net,330976823,330102
4ebb8531-64a8-4752-abb0-cc6fede507e8,2004-03-13,,852-54-0244,S66452474,,Mr.,Gregory,Samantha,Williams,,,,white,nonhispanic,male,Brandyhaven AZ US,62798 White Parkway Apt. 479,Phoenix,AZ,Maricopa,25984,85006,78.410218,67.329884,214771.99,78761.47,77077,+1-422-705-2828,richardreid@example.net,330816099,330102
cc77fe2c-3aa8-4a15-90b8-09a9096988a4,1952-05-07,,030-87-1109,S76783748,,Ms.,Michelle,,Parker,,,D,white,nonhispanic,female,Nelsonberg GA US,8400 Brian Hollow Suite 588,Savannah,GA,Chatham,46153,31404,-69.913815,117.605297,16005.42,7396.69,51378,+1-303-846-4823x81072,becky33@example.net,330987920,330102
b4f01a2c-78d3-4b4a-b043-725f668e8000,1967-04-29,,778-02-7718,S76436103,,Ms.,Mary,Jason,Douglas,,,D,white,nonhispanic,female,Morganbury IL US,5629 Newman Village,Chicago,IL,Cook,45056,60612,-47.360526,-142.214324,58983.12,5910.9,26214,(398)546-9091,brownjenny@example.net,110633332,110501
453e5215-89a0-45c2-b258-668c6219794e,1973-08-04,,451-40-1648,S82879033,,Mr.,Gabriel,Jenny,Jones,,,D,other,nonhispanic,male,Burgesston MA US,88787 Michael Cape Suite 876,Boston,MA,Suffolk,35821,02118,-47.469312,139.80253,12061.56,42997.0,259611,(979)213-6998x160,troyhenderson@example.net,050184881,050201
050ab4b7-3b1b-43b9-aa54-5cb6c2808348,1939-01-02,,251-42-7341,S85144681,,Mr.,Lawrence,,Callahan,,,D,white,nonhispanic,male,Anthonyburgh GA US,1586 Heather Motorway,Savannah,GA,Chatham,19619,31404,-47.249598,-60.417489,6893.6,56515.55,316718,001-626-841-8759,gabriel46@example.org,140740996,140401
bc553df9-7397-485f-82cb-134c6b855947,1981-06-24,,453-28-8667,S43714996,,Ms.,Caitlin,,Hamilton,,,,white,nonhispanic,female,West Crystalport TX US,171 Wade Branch Suite 547,Austin,TX,Travis,17263,78702,25.634318,108.408294,6063.29,4706.8,23794,674.382.6788x818,robin02@example.net,330181213,330101
a0bb9885-31c6-4234-a324-88b623edd61a,1924-12-23,,200-93-4045,S88620339,X68810634,Ms.,Laura,Keith,Evans,,,W,other,nonhispanic,female,Tapiaside TX US,64207 Obrien Prairie Suite 766,Austin,TX,Travis,36092,78702,69.439686,124.652816,30478.71,3967.54,38494,2827379510,karenking@example.org,330510437,330102
62cd6bb8-9beb-4413-a1d4-2c576d84a817,2006-03-16,,498-39-6261,S39641771,X91488802,Ms.,Abigail,,Hardy,,,D,asian,hispanic,female,Joneschester MA US,463 Bradley Circle,Boston,MA,Suffolk,27779,02118,-65.918093,-83.818299,27137.81,40936.03,64961,3206504144,ocain@example.com,050292928,050201
dd6fa595-d1dc-46df-be87-aac9f62d1b17,1962-11-30,,852-41-4285,S27250706,X37291558,Mr.,Mark,Monique,Valdez,,,,black,hispanic,male,Alexismouth GA US,78799 Garcia Corners Suite 570,Savannah,GA,Chatham,04553,31404,30.256493,-57.347333,32604.19,43895.69,90234,+1-356-449-3006x09587,hardykara@example.org,330583406,330101
a7be8bc3-63ba-4354-a088-1b2b1057e1e2,2010-12-03,,226-11-7730,,,,Valerie,Mark,Smith,,,,white,nonhispanic,female,North Staceyland MA US,31404 Grant Coves Apt. 550,Boston,MA,Suffolk,26154,02118,-60.155293,85.654004,66503.4,1252.35,27179,+1-996-677-8171x523,parkerjuan@example.com,330183874,330102
33b03136-f492-4588-94a0-6ab52fe9d3ce,1961-06-27,,252-46-7161,S44245054,,Ms.,Tammy,Leah,Williams,,,W,white,nonhispanic,female,Kellychester MA US,5728 Robertson Drive Apt. 771,Boston,MA,Suffolk,17791,02118,87.654626,49.340677,30363.63,21296.68,51760,428-451-6436x6955,stevenhawkins@example.com,330737423,330102
f67eff23-bf1f-45f1-a979-d639c985c2d8,1939-05-22,,235-07-3951,S10749687,,Ms.,Kimberly,Frank,Bell,,,M,white,nonhispanic,female,West Shelbytown TX US,26495 Ramsey Turnpike,Austin,TX,Travis,28777,78702,-64.341826,-22.33265,43309.97,11791.63,206841,360.514.2498x947,jeffery17@example.org,140973025,140401
a20b83d6-9909-40a4-9c82-1423c8577b04,1953-01-31,,837-18-2227,S93154372,X87312343,Mr.,Patrick,,Hawkins,,,M,white,nonhispanic,male,North Chris GA US,79122 Ashlee Green Apt. 252,Savannah,GA,Chatham,20951,31404,-18.648259,-124.468768,16834.54,7925.85,156220,490.206.9695x12594,mpatel@example.com,330228318,330102
b1be2ab9-57ae-416e-bde5-5a9d343145e6,1940-08-12,,187-92-0085,S60235500,X34534642,Ms.,Erica,,Reed,,,,white,nonhispanic,female,Leachville TX US,9057 Schneider Field Apt. 581,Austin,TX,Travis,50341,78702,7.04683,5.330315,298579.97,26729.53,-39368,001-221-549-2766x338,ccurtis@example.com,030188299,030301
5362a54c-bbdf-42ed-891f-5daf6e39ecbb,1977-08-05,,091-04-4314,S83259944,,Mr.,Joseph,Shelby,Ramirez,,,,black,nonhispanic,male,New Sonia MA US,678 Stephanie Circles,Boston,MA,Suffolk,37661,02118,81.913039,-174.421427,69766.32,27312.34,65367,(357)225-1128x1556,yhorn@example.net,330665035,330102
dec440a6-05c9-4dc3-a77c-9076b7e8f209,1995-08-31,,444-07-1159,S73231589,X59315029,Ms.,Alexandra,Jessica,Salazar,,,W,other,nonhispanic,female,Port Dean MA US,5568 Moore Lights,Boston,MA,Suffolk,05626,02215,-28.279482,177.127026,24557.55,3864.63,35422,(449)819-3067,burgessalec@example.net,050672315,050201
f21a3eef-cd39-41fe-8936-1d27bc412def,1993-05-31,,030-22-7101,S69258238,,Mr.,Erik,Christine,Hayes,,,,native,nonhispanic,male,Caitlinberg GA US,783 Bradley Ford,Savannah,GA,Chatham,19516,31404,-88.538345,-49.127827,43583.0,18555.39,30237,406-412-8230x99692,tuckerrachel@example.net,140599439,140401
3f63c755-ffae-41d6-93a5-119ec37544a9,1970-01-20,,831-27-3767,S41215852,,Mr.,James,Joshua,Cohen,,,D,white,nonhispanic,male,Port Zacharyberg IL US,6232 Dustin Via Suite 000,Chicago,IL,Cook,30588,60612,-68.588494,-170.366762,18276.59,10276.89,25691,2489099694,michelle34@example.net,330599709,330101
8795be63-0ef7-4a29-90cf-520f08bd7fff,1961-12-29,,096-72-7061,S41036443,X49060451,Mr.,Seth,Michael,Morgan,,,M,black,hispanic,male,Port Jamieside IL US,1436 Brenda Mount,Chicago,IL,Cook,36639,60612,33.470073,-18.781816,34359.53,2288.07,42733,(284)728-3836x91139,amanda01@example.org,050915961,050201
22c5501b-70ce-4436-8d6a-d5eea4626aee,1959-01-19,,201-15-6386,S57408916,,Mr.,John,Mark,Oconnor,,,W,other,nonhispanic,male,New Charles MA US,084 Carr Groves Suite 847,Boston,MA,Suffolk,08768,02215,38.121195,-156.320738,17897.77,4192.38,88490,(836)702-2002,melissa31@example.org,030694459,030301
e77c43f2-dd86-4c1a-94fd-79100d782f81,1970-10-14,,821-28-2914,S45221284,,Mr.,Justin,,Sullivan,,,W,white,hispanic,male,Riveratown GA US,849 Jennings Fords,Savannah,GA,Chatham,13252,31404,-1.881938,-73.163342,48043.39,12730.12,105455,213-825-2738x76186,gonzalezalbert@example.org,330415814,330101
0ff87d95-e5c0-488a-a5a4-1ce3a7981b3c,1987-07-04,,608-58-4041,S62221342,X87085871,Mr.,Kevin,Kelly,Greer,,,M,white,nonhispanic,male,Aaronfurt AZ US,64965 Williams Street,Phoenix,AZ,Maricopa,13850,85006,30.819452,-128.507852,60733.13,177284.08,12826,(339)761-1624x3568,dboyd@example.org,330731381,330101
d8413d8e-96e9-4409-abf2-d88b8568b182,1974-01-08,,679-35-0398,S10527199,,Ms.,Kathleen,Scott,Ross,,Huerta,S,white,nonhispanic,female,West Susanhaven MA US,107 Douglas Mews Apt. 018,Boston,MA,Suffolk,03260,02118,-46.316991,136.700428,111449.64,8573.8,44939,001-245-865-5592x4291,hawkinsmichelle@example.org,050531374,050201
03077459-f534-43fe-951e-75fa26cc50eb,1960-03-25,,785-43-8158,S87175927,,Ms.,Victoria,,Shepard,,,D,999,nonhispanic,female,East Edward AZ US,651 Beth Ridges,Phoenix,AZ,Maricopa,15983,85006,-16.387446,36.509153,24091.4,18814.02,33049,9953792328,vmiller@example.net,050408411,050201
0b2a7f28-0db8-42a6-8941-798388915ac6,1957-05-20,,605-49-2440,S76942795,,Mr.,John,Lisa,Woodard,,,D,white,nonhispanic,male,Lake Patriciatown IL US,59916 Gardner Villages,Chicago,IL,Cook,52708,60612,64.949,-102.657727,32518.15,1838.34,27510,(720)656-8268,samuel38@example.org,140306987,140401
361288dc-6e99-458c-9447-f529b3f910fc,1950-11-19,,157-93-4143,S82276276,,Mr.,Daniel,,Lynch,,,D,black,nonhispanic,male,Delgadoton AZ US,76217 John Lane Apt. 058,Phoenix,AZ,Maricopa,51495,85006,27.407667,122.588577,39291.28,23205.15,90931,516.293.1409x4722,dsmith@example.org,330969830,330101
42a136f9-3856-43aa-84ad-60034a674d2e,1949-11-06,,079-80-5486,S79301177,X11521091,Mr.,Michael,Jessica,Bass,,,S,white,nonhispanic,male,Colemanchester TX US,9825 Sexton Common Apt. 611,Austin,TX,Travis,21517,78702,-16.567107,-95.879432,9791.73,12143.68,63159,+1-600-237-4835x639,matthewallen@example.net,050197547,050201
335b4749-fe0a-4ddc-8879-7e9f73ee255f,1986-02-10,,757-34-2983,S94171485,X47287326,Mr.,Steven,,Salazar,,,W,black,nonhispanic,male,Nathanielmouth MA US,7731 Ferguson Lakes Apt. 897,Boston,MA,Suffolk,52344,02215,-1.776763,-110.080075,66495.67,1887.27,28770,9833846191,brodriguez@example.com,050990879,050201
050a48cf-661f-46fb-8515-8c6f953e86a7,1960-09-25,,899-02-7363,S93481241,X31625684,Ms.,Jennifer,Dana,Terry,,Howell,,white,hispanic,female,Curtisborough TX US,007 Gonzalez Drive,Austin,TX,Travis,46180,78702,48.899194,-53.729112,25119.42,4470.62,67239,(610)732-0547x42292,kristenholmes@example.org,030923607,030301
d1b28b1a-8325-4fc9-bfc2-daf2eaa88940,2016-09-06,,120-63-8741,,,,Jennifer,Lisa,Miller,,,W,white,nonhispanic,female,New Scott AZ US,5317 David Parkways Apt. 027,Phoenix,AZ,Maricopa,44981,85006,-55.897959,115.821646,44272.53,10968.89,40687,+1-655-408-9649x8812,vgarcia@example.org,330124710,330101
7134ad10-5dcd-4f6b-91ac-fe24230341d5,1943-01-09,,766-55-0184,S53015208,X32544036,Mr.,Jonathan,Bryan,Curry,,,S,other,hispanic,male,Espinozaport MA US,2210 Julia Turnpike,Boston,MA,Suffolk,47927,02118,18.910023,109.65872,71733.73,26935.69,38486,001-581-374-9199x0340,hramos@example.com,030865629,030301
41675ff4-4829-47d8-af5d-ac9e69bcabea,1974-05-16,,307-36-6563,S70119318,,Mr.,Jason,Nicole,Morris,,,S,white,nonhispanic,male,Barbaramouth CA US,725 King Bridge,Oakland,CA,Alameda,04172,94609,-87.991478,-172.245686,8810.21,6771.62,40773,7022452143,psolis@example.com,330321785,330101
233d5655-7441-42e7-b5bd-37959d1941be,1958-02-05,,381-61-3754,S11637722,,Ms.,Tammy,Samantha,Carr,,,D,black,nonhispanic,female,Robinstad TX US,03612 Roman Wall Apt. 313,Austin,TX,Travis,26748,78702,68.99411,92.72708,190196.32,15641.06,43319,+1-263-989-9904x78688,fwise@example.net,140802196,140401
849074e1-a07c-450b-a7f4-45dd5a38e6f9,1972-02-23,,283-13-9494,S68039552,,Ms.,Rachael,Robin,Bond,,,W,white,nonhispanic,female,Brandonchester TX US,35268 Adam Ridges Apt. 187,Austin,TX,Travis,48964,78702,50.812616,0.400456,97222.6,7210.71,58075,(785)880-9079x9181,clarkcourtney@example.net,330525787,330101
19f18f06-fcc8-4304-8d36-3fe9780469eb,1975-12-28,,447-79-3830,S84498772,X60780616,Ms.,Emily,Kayla,Jones,,,W,other,nonhispanic,female,East Christopher MA US,28681 Daugherty Mews Apt. 652,Boston,MA,Suffolk,14136,02118,-46.129045,-175.022828,60569.29,36992.68,88916,944-895-6671,staceyjames@example.org,050865365,050201
5bc673bf-bac8-46bf-925d-e8ea63424bda,1978-09-12,,221-66-4936,S67395201,,Mr.,Gabriel,Mark,Floyd,,,W,asian,nonhispanic,male,Brownbury TX US,7705 Shannon Trail Suite 587,Austin,TX,Travis,14627,78702,-69.614981,-124.713462,17324.87,16128.01,82583,(661)538-0157,aguirreabigail@example.com,030398813,030301
60529542-1de1-4eb3-9db7-fd7c4b365e71,1943-05-04,,827-81-8135,S66185007,,Ms.,Beverly,Amanda,Soto,,,S,other,nonhispanic,female,Daisyshire CA US,7994 Stacy Street,Oakland,CA,Alameda,05208,94609,-16.980844,-48.236319,18614.97,3969.55,33187,7158526191,brian58@example.net,330403805,330102
57d8e84b-42f5-4c39-b4d4-c07300143d99,1947-06-05,,714-10-4528,S15760344,X92136550,Mr.,Seth,,Duncan,,,,black,nonhispanic,male,Elliston CA US,427 Lawrence Burgs,Oakland,CA,Alameda,43996,94609,-30.386046,-156.309848,11926.2,54522.06,247876,944.235.5712,graveshenry@example.com,330480326,330101
b68d0670-3e45-4106-814f-23a52353b90c,1986-05-02,,578-11-6033,S52793482,,Mr.,Anthony,,Reed,,,,white,nonhispanic,male,East Williamville AZ US,68585 Wright Gardens,Phoenix,AZ,Maricopa,11841,85006,-19.369628,130.794875,26533.44,11990.28,51745,(434)770-9196,lauramorgan@example.org,330778544,330101
782866e9-db28-4453-bd10-fbb413d34b45,1965-04-18,,019-32-1381,S69333107,,Ms.,Sarah,,Hanna,,,W,black,nonhispanic,female,Bakermouth CA US,2209 Long Plains Suite 476,Oakland,CA,Alameda,12820,94609,-11.63687,-60.146551,5936.2,17477.43,64695,001-577-554-0221x4049,debraholmes@example.org,330970853,330101
447e497c-6133-48cc-9ada-d007eee0fa55,1950-05-11,,242-62-8612,S36997519,,Ms.,Shannon,Teresa,Rivera,,,D,black,nonhispanic,female,Cummingschester AZ US,558 Webb Path,Phoenix,AZ,Maricopa,26719,85006,5.429456,-120.176972,146307.91,4143.13,70433,(236)569-8601,daylaura@example.com,330983507,330102
2c5247b7-cc65-455c-bdd9-23d4d5a4d3f4,1972-09-14,,871-52-9758,S21978747,,Ms.,Rachel,Deborah,Lucas,,,W,white,nonhispanic,female,New Robinshire MA US,0881 Scott Manor Apt. 514,Boston,MA,Suffolk,37981,02215,-88.945963,16.147797,32279.6,34530.4,19027,(333)463-5010x0037,kathrynjohnson@example.com,330632258,330101
c498ae2b-416e-46d7-919e-37bd4c761fd1,1969-06-25,,146-78-8498,S40142166,,Mr.,James,,Holmes,,,,white,nonhispanic,,North Michealland IL US,35963 Clark Center,Chicago,IL,Cook,07681,60612,-84.796385,-148.874223,38916.6,5280.59,56356,001-209-745-0537x73096,wilsonbrandon@example.org,330279872,330102
7c2e1ac7-1780-44ec-a5e2-ed254104e807,1949-07-04,,798-48-0517,S40239753,X95172832,Ms.,Linda,Ashley,Martinez,,,S,black,nonhispanic,female,Biancafurt CA US,172 Goodman Stravenue,Oakland,CA,Alameda,18305,94609,-28.698547,117.212199,17680.9,7481.15,99256,(864)833-5506,psanders@example.org,110744461,110501
cbd6637d-4cd3-40a3-8235-3cf2a34fb4a9,1984-12-24,,791-14-9233,S51969226,X58017277,Mr.,Chris,Stephanie,Terry,,,S,white,nonhispanic,male,Valerieshire AZ US,550 Linda Street Suite 659,Phoenix,AZ,Maricopa,30730,85006,81.451652,-135.139203,45185.16,11184.06,15604,214-381-9196x3120,shawn37@example.com,030141322,030301
5cb44c82-16c5-469e-997e-2cde27b0aad9,1975-11-08,,670-80-6321,S58734828,,Mr.,Henry,Eric,Diaz,,,W,white,nonhispanic,male,East Robertbury MA US,24785 Christopher Locks Suite 117,Boston,MA,Suffolk,50055,02118,22.018129,-119.662514,288124.09,11190.81,16641,(658)553-1520x597,dguzman@example.net,030118985,030301
b72ee777-023c-4c53-a17a-11b30c48af24,1945-11-18,,743-57-3250,S61508915,X93483648,Ms.,Jasmine,Wendy,Miller,,,D,white,hispanic,female,South Pamelaport TX US,79348 Wilson Square Apt. 540,Austin,TX,Travis,12279,78702,-57.229805,-179.921724,67229.27,18687.53,46211,759-207-7076,michael67@example.net,140301561,140401
339f35c2-d11d-4714-967d-fa4f7a9c729d,1980-07-23,,427-02-7959,S36761791,X70874462,Mr.,Jeremiah,Craig,Pope,,,,black,hispanic,male,New Frederickberg CA US,69820 Trujillo Coves Suite 741,Oakland,CA,Alameda,03139,94609,-35.993054,149.773087,31613.51,3472.76,55183,+1-832-529-0923x5217,millerkari@example.net,330207526,330101
8ee6ac36-be45-4265-9abe-8a6cabc2647b,1985-12-28,,075-12-0352,S19951226,,Mr.,Benjamin,Larry,Mays,,,D,other,nonhispanic,male,Perryton MA US,850 Williams Keys Apt. 022,Boston,MA,Suffolk,36599,02118,18.583309,80.917507,25506.07,11850.47,76380,663.856.5165x75692,jcampbell@example.org,330735949,330102
d85a075c-06ec-4db1-a98d-7b41d261c1d0,1952-01-27,,329-58-8893,S34962127,,Mr.,Michael,Blake,Johnson,,,M,white,nonhispanic,male,Simpsonmouth AZ US,632 Kimberly Views,Phoenix,AZ,Maricopa,05599,85006,-46.592987,-90.447598,30062.8,6089.71,47666,+1-274-347-9160,michaelgutierrez@example.com,050356865,050201
f7359724-b2c3-47b9-b6da-5f70f2fdb69f,1958-08-03,,462-89-2382,S87419693,X76678123,Ms.,Lisa,Tiffany,Perez,,Goodwin,,white,hispanic,female,New Sarahville MA US,1342 Weeks Spring,Boston,MA,Suffolk,37124,02215,65.944829,-66.319646,28230.59,7672.67,69832,(350)223-7483,swest@example.net,330432936,330101
3e876afd-9fba-46a5-af5d-e2fe0cca2d32,1983-06-08,,217-36-1405,S63020643,,Ms.,Caitlin,Monica,Cruz,,,,black,nonhispanic,female,Evansshire MA US,643 Trevor Haven Apt. 971,Boston,MA,Suffolk,20151,02118,-48.43771,159.056129,7697.41,8391.52,86481,467.638.3464,stevensonelizabeth@example.org,330780674,330101
de7a0489-6abc-4f73-a06c-b0c617742c96,1967-08-07,,696-71-1028,S10131106,,Mr.,Edward,Willie,Allen,,,S,black,hispanic,male,Patelshire CA US,916 Mark Knolls Apt. 233,Oakland,CA,Alameda,30146,94609,49.316038,-122.134323,72447.21,39258.2,46449,278-773-2833x1233,terridelacruz@example.com,330295597,330101
96f55f2f-efbb-475a-b0d4-060d4b6b2dc3,1936-03-12,,865-60-6159,S73026817,X91360962,Ms.,Jennifer,Michael,Acosta,,,M,white,nonhispanic,female,Port Steven AZ US,6019 Reynolds Glen Suite 169,Phoenix,AZ,Maricopa,21669,85006,69.463223,-114.263421,34608.91,25888.82,33576,+1-603-880-2380x01755,elizabeth50@example.org,330757873,330102
151e00e6-f5f7-4bff-8e9f-7e3588b6ddc5,1950-01-13,,732-07-1689,S72842922,,Ms.,Julie,,Wolfe,,Rodriguez,S,white,hispanic,female,Ortizville TX US,2717 Timothy Plains,Austin,TX,Travis,40958,78702,82.509283,-31.051366,7015.29,10722.93,79026,+1-279-248-6344,robertcrawford@example.com,030958159,030301
ce019f7a-781b-41a7-9ff5-93a6186b8dd6,1971-05-30,,603-85-6294,S14206702,X64689724,Mr.,Matthew,Christopher,Klein,,,S,other,nonhispanic,male,Murraystad TX US,919 Nicholas Island,Austin,TX,Travis,26921,78702,-6.195173,-131.216709,54757.18,21960.74,5820,308-443-7788x901,gmichael@example.com,030417238,030301
97e92710-fdb4-49ee-89a4-c704abfd6015,1996-04-22,,802-64-3095,S49241901,,Ms.,Brenda,,Alexander,,,D,asian,hispanic,female,Lake Samanthaside IL US,438 Antonio Prairie Suite 493,Chicago,IL,Cook,49804,60612,-67.57636,-20.694831,49473.3,19683.61,50753,(412)687-7145x495,salazarmark@example.org,140720839,140401
2da260a5-a97d-4640-bc63-d30b2d9d4e2f,1968-12-07,,723-94-1102,S58696343,,Mr.,Kerry,Sarah,Haas,,,S,other,nonhispanic,male,East Elizabethport MA US,7223 Ayala Union Apt. 136,Boston,MA,Suffolk,19702,02118,-67.446316,-146.230693,49328.37,108279.89,30402,(267)895-9594,johnmartinez@example.net,140470475,140401
f26ccdf8-0f87-4a13-aa8e-d0569b01e196,1938-06-07,,463-61-3674,S72785200,,Ms.,Jessica,Sydney,Kelley,,,D,white,nonhispanic,female,West Johnland IL US,52430 Stacy Well Apt. 507,Chicago,IL,Cook,50237,60612,-59.626666,76.494221,380062.39,5095.48,76665,505.896.3809x32017,ivanperry@example.net,330999340,330101
d1947bc4-2b7d-4fba-b96f-f619d8d10831,1955-11-01,,439-31-2072,S94269653,,Mr.,Richard,Edward,Ward,,,S,other,nonhispanic,male,New Robertville CA US,833 Pamela Corner Suite 211,Oakland,CA,Alameda,08254,94609,51.962151,-97.301625,54783.63,10032.37,23351,940.319.9514,ghartman@example.net,140430645,140401
2328cba4-75e8-40a6-b8f9-9f365b9df580,1952-08-07,,259-67-6157,S15938838,X33698798,Ms.,Kelsey,,Powell,,,M,white,nonhispanic,female,East Meredithmouth GA US,186 Johnson Extension Suite 629,Savannah,GA,Chatham,16974,31404,-75.504737,108.57816,11554.71,33132.74,186866,(267)666-8294,abigail67@example.org,140310769,140401
9e53b1d2-1b67-4fb1-bf9b-9d8338c31f1a,1942-12-15,,313-45-7635,S76422161,,Mr.,Joshua,,Morton,,,W,black,nonhispanic,male,Lake Richard AZ US,6259 Hahn Isle,Phoenix,AZ,Maricopa,55735,85006,-6.358513,75.015638,9815.15,31435.5,59917,(327)529-8941x208,jamie65@example.com,330563986,330101
aa1b2586-e17e-419d-bb3d-f7ff82ebbcb9,1953-11-23,,142-95-6641,S65020266,,Mr.,James,Robert,James,,,S,white,nonhispanic,male,Port Laura AZ US,1657 Charles Crest Apt. 185,Phoenix,AZ,Maricopa,12483,85006,78.467829,95.433134,15508.88,4112.74,62091,(527)333-5911,brianlee@example.net,330938204,330101
a8b10dda-b586-440b-8ec7-31a7d594ec59,1971-01-14,,717-71-1978,S55719488,,Ms.,Laura,Derek,Burton,,Weaver,M,white,nonhispanic,female,Wilsonmouth TX US,86525 Mitchell Hollow,Austin,TX,Travis,50519,78702,88.663508,147.708387,19262.46,48394.49,62014,837-446-7016x7711,sheena89@example.com,330656567,330101
ecffc0b4-e486-460e-af4d-c5f4667bef43,1988-07-04,,128-45-5907,S11859015,,Mr.,James,Sophia,Mitchell,,,S,white,nonhispanic,male,Kempton MA US,259 Bennett Ways Apt. 352,Boston,MA,Suffolk,51145,02215,-69.208973,176.200906,53014.12,13367.27,50747,643.580.2942,qmarks@example.com,330960906,330101
6dee592b-dd61-442a-a4b8-e2e2a9c6fc50,1989-02-09,,769-85-3744,S97643645,,Mr.,Christopher,Meredith,Martinez,,,M,white,nonhispanic,male,Bernardfort TX US,51343 Ashlee Drives,Austin,TX,Travis,44803,78702,-80.190147,-26.449987,13497.07,17663.3,160164,(913)851-9309x124,brian99@example.com,330237746,330101
20f96919-d402-4ea9-9a04-95f72d8770df,1985-04-02,,480-26-5914,S74732259,,Mr.,Shaun,Destiny,Bauer,,,M,white,nonhispanic,male,Lake Juanside CA US,7722 Thomas Loop,Oakland,CA,Alameda,51744,94609,-56.818547,-125.144969,21727.54,13859.22,55257,961.381.5324,morganshannon@example.net,030157895,030301
e6de785a-e04b-4728-a0a4-b114c84427a4,1991-10-04,,877-46-7095,S34244867,X18410289,Mr.,Dennis,Melissa,Taylor,,,M,other,hispanic,male,East Mark CA US,589 Waters Flat Apt. 767,Oakland,CA,Alameda,33014,94609,62.230577,-55.036765,137897.13,13521.27,103513,965.900.7732x4249,douglasklein@example.org,140840066,140401
e174a48c-def1-4002-8bdc-3308a27d4a56,1984-02-15,,808-67-8326,S98437760,X12672990,Ms.,Alicia,,Wall,,,,other,nonhispanic,female,West Zacharytown GA US,0471 Frazier Forks,Savannah,GA,Chatham,14205,31404,-19.449411,-178.866234,21572.95,11432.86,33269,+1-992-695-3797x654,daniel41@example.com,030639828,030301
e2e5cd48-df14-4de7-b507-e9071f3290a9,1952-05-29,,475-91-8328,S75401539,,Mr.,Jeffrey,,Johnson,,,,white,nonhispanic,male,Scottside MA US,729 Martin Stream Apt. 757,Boston,MA,Suffolk,26733,02215,8.016274,5.194911,414844.1,4907.16,36276,708-902-9002,laura77@example.net,140701089,140401
f1c50e1f-72cb-4cd1-b56b-0da67bc64e17,1960-11-15,,104-27-6162,S31494459,,Mr.,Anthony,,Dudley,,,,white,nonhispanic,male,New Matthewburgh CA US,435 Lawrence Flat,Oakland,CA,Alameda,23719,94609,-54.880173,-14.859035,17210.1,32924.36,49766,442.327.2834x1977,smithkristin@example.net,330698814,330101
3ffd84fe-2192-4a0b-9a6a-0e8b59fa13e8,1979-10-04,,879-40-0484,S35305260,,Ms.,Kylie,Stephanie,Beck,,,S,asian,nonhispanic,female,Port Stephanieshire GA US,4575 Patricia Bypass Apt. 036,Savannah,GA,Chatham,31442,31404,37.871762,9.186954,101257.07,20687.17,64101,(618)773-8264,bclarke@example.org,330261471,330102
cf2beb3f-4283-4e19-89ce-128caab50f31,1975-07-14,,214-41-9081,S28954039,,Ms.,Cynthia,Kevin,Osborn,,,W,other,nonhispanic,female,Summersside AZ US,16948 Ramirez Plaza Apt. 731,Phoenix,AZ,Maricopa,02132,85006,33.28387,85.824057,77446.86,45268.14,48055,+1-218-503-4825x1070,huffmanadriana@example.com,330179657,330102
263a9cab-9414-4956-89a7-5345a05f67c7,1992-02-04,,689-81-5540,S16645008,X52113137,Ms.,Phyllis,Karen,Smith,,,W,white,nonhispanic,female,Clarkshire IL US,081 Jon Fort,Chicago,IL,Cook,14713,60612,34.936664,121.220153,16124.66,7124.77,67810,360-968-6858x64850,cgibson@example.org,330733832,330102
290451d7-a3af-4932-9c15-098df4bbbd27,1972-04-25,,425-31-4508,S18341480,,Ms.,Tammy,Amber,Hernandez,,Lee,W,white,nonhispanic,female,Lake Nicholas IL US,5720 Hernandez Ridge Suite 799,Chicago,IL,Cook,29432,60612,56.738586,105.338817,12437.24,15806.96,41754,+1-919-629-5473x86584,michaelhaynes@example.net,330519296,330102
30584cf1-8314-4fa4-8e65-469f56cd30d6,1963-03-07,,828-66-6493,S49405331,,Ms.,Jacqueline,William,Rhodes,,,,white,nonhispanic,female,Williamsville CA US,509 Margaret Ferry Apt. 090,Oakland,CA,Alameda,43766,94609,-15.884135,-143.098152,57917.15,7050.76,137796,+1-321-365-4122x76188,wprince@example.net,330667117,330102
52fe8c64-7791-48d8-aa47-1029a2bf3e76,1968-07-27,,370-16-2476,S76574061,,Ms.,Renee,Eric,Gray,,,W,other,nonhispanic,female,Perezhaven CA US,664 Ashley Station Apt. 492,Oakland,CA,Alameda,08652,94609,-25.076072,-28.520497,29854.11,15154.57,37085,+1-730-473-7952,jennifer41@example.org,140228597,140401
5e21a176-cce4-4bd7-89e7-28b6f6b60a2c,1980-11-19,,840-65-4572,S93551706,X71716573,Mr.,Jonathan,,Holland,,,,white,nonhispanic,male,West Patrick MA US,169 Tiffany Plaza Suite 413,Boston,MA,Suffolk,01684,02215,43.869848,-46.630791,95856.61,11982.69,54258,(860)382-4069x954,morgansamantha@example.net,330357796,330101
55f18540-5ce2-489a-91bb-d818b362ac51,1943-07-23,,467-66-5189,S27703496,,Ms.,Allison,Paula,Phelps,,,D,white,nonhispanic,female,Aguilarville GA US,65324 Courtney Heights Apt. 441,Savannah,GA,Chatham,17517,31404,-70.518259,161.914687,47070.44,28568.09,24167,985.864.0904x84246,logan13@example.com,050512483,050201
c5a68f2e-661d-40dc-abc1-284137dfb7a7,1964-06-08,,313-44-2414,S39516855,,Ms.,Michelle,Alexis,Cox,,,D,other,nonhispanic,female,West Roberttown IL US,16756 Mayo Camp Apt. 666,Chicago,IL,Cook,44996,60612,2.901795,-87.925261,21395.45,3984.65,53189,(426)828-7586x3250,barbaratucker@example.com,030876855,030301
b3902fc5-b631-4ed2-9d4f-b776fb5d07ee,1924-08-28,,118-03-8910,S64609650,X26008202,Mr.,David,,Long,,,D,black,hispanic,male,New Meganberg MA US,91688 Sanchez Highway,Boston,MA,Suffolk,49899,02118,35.098205,-8.658179,27235.86,157005.94,118705,+1-393-887-3207x203,powelljon@example.org,330948579,330101
dbf36daf-e1dd-4dec-b97a-df1de4e703ef,1924-08-27,,732-23-1512,S46895561,,Ms.,Paula,Gregory,Thornton,,Thompson,S,black,nonhispanic,female,New Maria AZ US,420 Lisa Lodge Apt. 384,Phoenix,AZ,Maricopa,44827,85006,-44.693432,-110.667852,20375.71,97063.33,28288,640-740-6832,devin90@example.org,330383123,330101
5a2222fc-bdfe-4e9f-9b18-18e42144dbce,1948-01-11,,114-04-5154,S24616489,X46468430,Mr.,Christopher,Erik,Davis,,,S,other,hispanic,male,South Josephmouth CA US,286 Maria Drive Apt. 823,Oakland,CA,Alameda,44573,94609,53.636862,16.11649,11791.25,53425.88,69851,001-466-802-2657,marcushunter@example.net,050439573,050201
02028386-e28f-4be9-a3fb-f63de4f01d1e,1956-08-12,,410-37-7454,S63584980,,Ms.,Tammy,,Byrd,,,M,white,hispanic,female,Port Crystal CA US,640 Edwin Forges Apt. 793,Oakland,CA,Alameda,38729,94609,-75.259973,-97.530817,17794.96,10046.76,10890,+1-784-783-8797x24325,bbright@example.org,050295652,050201
7a2f80c9-7fbb-4aa4-9e4c-f5f4bc2e7c75,1964-10-24,,631-39-8426,S83053141,,Ms.,Rose,Scott,Smith,,,M,white,nonhispanic,female,Lake Donnatown MA US,8188 Christine Plaza,Boston,MA,Suffolk,01044,02215,-74.403839,-37.186222,71207.72,2094.42,114341,001-959-945-1687x8341,greensarah@example.org,050943667,050201
df717ba4-a53b-4cbd-a969-536a5ac3af04,1966-06-21,,657-96-9987,S55258097,,Mr.,Justin,Elaine,Carney,,,W,white,hispanic,male,Port Kylemouth MA US,87856 Taylor Fort Suite 833,Boston,MA,Suffolk,49717,02118,-66.524017,83.84094,6458.72,6486.19,38318,222.697.0672x976,fpark@example.org,330624617,330102
b1ce0cc9-5d74-4bf0-b450-6354a1bd5ac7,1983-05-28,,198-95-3184,S76799539,X61668308,Mr.,Robert,Michael,Morris,,,W,other,nonhispanic,male,Ramoschester GA US,8017 John Crossing Apt. 098,Savannah,GA,Chatham,28533,31404,84.776222,40.579654,14739.81,6270.72,67841,271.669.4858x16703,smithmallory@example.com,330709294,330101
8dd60bdb-bd3e-4357-b6da-02ea787d91b6,2015-03-24,,599-21-9509,,,,Robin,,Smith,,,D,white,nonhispanic,female,New Heather MA US,133 Reed Extensions,Boston,MA,Suffolk,25079,02118,-6.421678,-138.642362,25043.36,70789.98,54990,801-291-4944x122,ybrown@example.net,330733129,330102
679b655d-552e-4bd0-b2c0-20a4f2b2af1b,1946-07-30,,593-39-7563,S96989646,,Ms.,Elizabeth,Christopher,Barrett,,,S,black,nonhispanic,female,Lisaside TX US,0720 Theresa Vista,Austin,TX,Travis,54954,78702,9.665152,7.236694,8315.36,23888.78,81531,+1-312-618-8461x24517,vincent57@example.net,330966178,330101
9baab717-9b4f-4567-9ae2-4f813d5eeb1c,1975-09-30,,028-72-5018,S34878657,,Mr.,Hector,Sandra,White,,,,white,nonhispanic,male,East Donna GA US,6639 Zimmerman Overpass Suite 698,Savannah,GA,Chatham,52528,31404,42.052408,67.671663,39260.45,20744.81,33547,324.956.6852,hannaharellano@example.org,050977340,050201
952ba67b-fa39-4918-bd3e-5fa5495882f9,1975-11-21,,355-41-9182,S57985862,X11653947,Ms.,Stacey,Angela,Saunders,,,,other,nonhispanic,female,Port Rebeccaport MA US,232 Teresa Streets Suite 165,Boston,MA,Suffolk,27055,02215,-54.000357,114.797258,70171.41,44069.03,36537,(542)973-0472,uperry@example.org,140469375,140401
4ec5141a-2d5b-4ed4-ab86-cf179b464fba,2000-08-28,,479-36-7955,S45806194,X20929874,Mr.,David,Robert,Moore,,,,other,nonhispanic,male,North Jenniferchester GA US,638 Best Fall Apt. 500,Savannah,GA,Chatham,34720,31404,46.279758,-174.270749,23701.88,3780.8,90455,(980)663-0435,xjohnson@example.com,140214646,140401
e1d6329c-39d5-4f83-b372-dde6cc9f1dd5,1974-02-24,,403-11-8832,S71277419,,Mr.,Brandon,Joshua,Evans,,,S,black,nonhispanic,male,Beckermouth GA US,2049 George Hills,Savannah,GA,Chatham,40779,31404,-77.898319,50.360238,25620.53,11745.99,25644,620.692.7707,robertjackson@example.net,330415745,330102
01644502-f939-4e7b-89f4-f0c382a72e14,1945-06-25,,443-77-4844,S93237865,,Ms.,Sydney,Paula,Case,,Smith,S,white,nonhispanic,female,East Travis MA US,081 Heather Circle,Boston,MA,Suffolk,10679,02215,3.910951,-110.305077,39915.42,11952.67,44934,001-834-385-3519x48722,jamesrodriguez@example.com,050473019,050201
46bd605c-9ebc-4e67-95c4-105e7789ac40,1965-12-27,,623-80-8546,S92158008,,Mr.,Jason,Tami,Wood,,,S,white,nonhispanic,male,New Mollyfurt GA US,80983 Smith Plains Apt. 729,Savannah,GA,Chatham,15461,31404,68.31327,151.441248,33880.32,3529.64,50739,819.208.2079x2289,lalvarez@example.org,140734592,140401
0070e711-c43b-4f8d-9d81-357aa5787037,1985-12-31,,377-98-5859,S90405389,X91396553,Ms.,Pamela,Jared,Baker,,,,other,nonhispanic,female,Port Rachel TX US,3518 Erika Mission,Austin,TX,Travis,37069,78702,7.950108,-5.395772,26074.41,12661.13,42660,811.948.2266x0658,teresamason@example.org,330721434,330101
02898ccf-0d02-4a59-a657-42936cb98fb5,1970-10-11,,441-27-4502,S75814191,X57230728,Mr.,Andrew,Jesse,Lopez,,,M,asian,nonhispanic,male,Hendersonton CA US,85840 Fields Tunnel,Oakland,CA,Alameda,24206,94609,-58.214016,-155.456492,254212.02,25882.75,41696,799-856-6410,waltondawn@example.org,330629491,330102
c8bc5b4b-f0d6-4890-abd3-f1e5000c3b65,1986-10-18,,190-32-6853,S96649894,,Mr.,Brian,Karen,Rocha,,,M,white,nonhispanic,male,Lake Danielleview GA US,4064 Keith Cape,Savannah,GA,Chatham,16735,31404,63.822264,112.049732,13825.17,4037.83,58526,(831)672-1545x72985,carterchristopher@example.org,050915078,050201
11e17eae-a72a-4ce4-af58-b9a61cfc71e4,1954-05-18,,328-06-7235,S88730415,X43668139,Mr.,Charles,Adam,Williams,,,M,white,hispanic,male,Raymouth MA US,899 Howe Light Suite 777,Boston,MA,Suffolk,22100,02215,-49.603434,-19.848865,30509.75,111506.42,36132,+1-582-692-1172,schwartzkenneth@example.com,050760384,050201
977385e0-b1c7-461d-986d-fbb586d1e86d,1982-11-30,,222-84-3427,S49896490,,Mr.,Sean,Kelly,Romero,,,M,white,nonhispanic,male,North Eric TX US,175 Caldwell Mountain,Austin,TX,Travis,13909,78702,18.869399,-7.274296,65891.74,6983.53,55182,001-812-663-8323x8587,wisethomas@example.net,050180511,050201
c981305b-780c-472d-ba89-f5289a24b6dd,1925-10-07,,286-16-7115,S88767075,,Ms.,Melissa,Christopher,Singh,,,,asian,nonhispanic,female,East Stephanieport MA US,388 Schultz Avenue Suite 689,Boston,MA,Suffolk,22676,02215,28.399831,23.042861,66009.6,23091.51,96512,+1-419-339-2150,vcarroll@example.org,030793724,030301
23996981-45cc-4c45-ad4f-04b6aebb1d5c,1988-08-05,,469-07-9864,S12665695,X57742353,Ms.,Kimberly,Sarah,Jackson,,Cole,D,black,nonhispanic,female,New Jessica CA US,106 Potter Hill,Oakland,CA,Alameda,46053,94609,-52.643282,59.278202,276674.19,29200.19,42534,649.818.2579x2426,mpatel@example.net,140535584,140401
4d7adaee-931d-46e0-b42e-d46a5a99efab,1984-03-25,,698-33-3520,S57369584,,Mr.,Samuel,Donna,Morgan,,,M,white,nonhispanic,male,North Jody GA US,7064 Schwartz Flats,Savannah,GA,Chatham,22837,31404,6.00329,-124.469323,180678.46,14310.33,72225,375.722.3574,eanderson@example.org,110363671,110501
69516519-28bd-45c7-af27-1601cd6e5ed3,1994-03-22,,563-79-5928,S95893294,,Ms.,Jessica,Alexandra,Orozco,,,,white,hispanic,female,Port Michaelside AZ US,67173 Gail Pass,Phoenix,AZ,Maricopa,46202,85006,83.879889,-118.31277,5270.42,2343.67,53520,7738228158,andrewherrera@example.com,330152703,330101
a16cf820-2b47-4c6d-8e08-475d2cec5885,1933-03-27,,802-85-1179,S53596589,,Ms.,Olivia,Nathan,Adams,,,M,asian,nonhispanic,female,Amyfort CA US,2228 Marsh Flat Suite 932,Oakland,CA,Alameda,51935,94609,88.803341,36.746176,23240.62,34912.12,96493,213.935.3436,patriciacampbell@example.com,330585836,330102
96e0ea02-ba52-40d1-82c7-d1ce2f6b891f,1967-09-15,,418-56-1214,S21238783,,Mr.,Randall,Bruce,Martin,,,D,black,nonhispanic,male,Port Thomasstad CA US,266 Hancock Plaza,Oakland,CA,Alameda,32007,94609,65.943255,40.218234,42500.12,21747.54,21862 mg,421.616.9190,danielsgary@example.com,030665443,030301
38c6fa33-4e0b-4aa7-ae3a-9e2728d14812,1991-03-30,,500-21-6995,S51010258,,Ms.,Meghan,Jason,Freeman,,,,other,nonhispanic,female,North Annashire GA US,5163 Jonathan Dam,Savannah,GA,Chatham,41825,31404,27.892281,57.09107,57184.76,23696.16,89952,654.876.5350x7481,douglasbrian@example.net,140398239,140401
4d17899a-6596-4941-ba34-76e4d2d3d34e,1961-03-26,,118-88-1367,S20058556,,Mr.,Pedro,Sandra,Merritt,,,D,white,nonhispanic,male,North Angelaport CA US,90112 John Plains,Oakland,CA,Alameda,54836,94609,29.719787,-175.289812,104683.71,7031.21,38581,4103772219,rlopez@example.net,140559603,140401
d5efded0-8a40-4c39-ab02-f244ad6e8e1a,2014-10-28,,355-05-8141,,X57071418,,Samuel,James,Taylor,,,S,black,hispanic,male,Hendersonmouth MA US,5609 Burch Light Apt. 408,Boston,MA,Suffolk,27444,02215,21.642918,25.897795,20390.52,39282.84,28987,811.356.5955x748,gscott@example.com,330340735,330101
1e01e253-23dc-4b9e-8c9f-398ba9251888,1955-09-22,,031-60-1483,S38128779,X61304492,Ms.,Debra,Melissa,Campbell,,,S,black,nonhispanic,female,Markville AZ US,7535 Friedman Burgs Apt. 454,Phoenix,AZ,Maricopa,47397,85006,4.112985,-137.484613,25871.48,46295.75,98048,407-475-1643x62442,fernandezjames@example.com,050809805,050201
75f63f8c-a4e9-40ef-971b-395559dab6d6,1935-09-18,,451-25-0473,S31360162,,Ms.,Amanda,,Hopkins,,Thompson,,black,nonhispanic,female,Flemingfurt TX US,773 Howe Spur,Austin,TX,Travis,13534,78702,73.800138,-78.048641,65034.51,29200.14,65126,503.774.7210,kross@example.org,140788886,140401
0f85362a-8c94-42a2-93b7-1c44ed508938,1995-07-23,,667-69-8554,S70516675,X80839721,Mr.,Christopher,Devin,Wilson,,,S,white,nonhispanic,male,New Stevenland TX US,48140 Kristopher Summit Suite 200,Austin,TX,Travis,14824,78702,-37.764757,-81.451011,46238.69,27276.31,35661,8379970847,csmith@example.org,330382843,330102
176254d1-6dd5-4428-a2e7-0295e9200f21,1970-04-05,,294-57-3700,S74438188,X30650393,Ms.,Megan,Timothy,Jackson,,,W,white,nonhispanic,female,Lake Justinton TX US,87868 Cameron Fort,Austin,TX,Travis,12196,78702,34.730277,-72.436503,99512.86,6504.47,48085,(244)355-3708x37024,johncarter@example.com,330487500,330102
3b1ca805-7eec-4bad-965b-440936e61027,1987-06-14,,812-80-4310,S65223991,,Mr.,Micheal,,Jones,,,S,white,nonhispanic,male,Lake Audreyberg GA US,122 Wilson Groves,Savannah,GA,Chatham,22974,31404,-83.761566,-101.891147,51484.91,5693.8,29897,001-911-681-7849x424,robertsjessica@example.net,050416104,050201
de74a4ce-6883-4842-bf52-c02d4ef777e4,1952-12-01,,570-45-6422,S52605200,,Mr.,Robert,Victoria,Mcfarland,,,W,white,nonhispanic,male,Port Kyle MA US,244 Reese Shoals Apt. 979,Boston,MA,Suffolk,41242,02215,2.732705,-117.139927,34714.26,25569.83,47540,375.359.2080x411,vincentweaver@example.com,330169717,330102
ce739c1f-0ad0-43fc-aa69-b18e28f54034,1951-07-03,,165-55-5881,S92977099,,Ms.,Karen,Christopher,Mitchell,,Wise,W,other,nonhispanic,female,Brittanyfurt CA US,4281 Rose Keys Suite 033,Oakland,CA,Alameda,05404,94609,-89.24939,61.785657,26535.37,10671.07,36148,(583)278-1579x11693,hernandezemily@example.net,050126532,050201
ea4b2357-f095-4e98-afcb-7737c35f30be,1946-05-13,,519-90-0851,S44032647,,Mr.,Shane,Michael,Kelly,,,,white,nonhispanic,male,Davishaven CA US,1946 David Divide,Oakland,CA,Alameda,55385,94609,6.032241,6.966885,63573.09,13513.82,59508,001-545-765-8609x857,darrenjackson@example.net,110859871,110501
f1410209-44c3-4b81-be00-6cc77a6132a6,1996-12-26,,676-21-4399,S81567323,,Mr.,Michael,George,Weaver,,,M,asian,nonhispanic,male,West Michele CA US,2270 Michael Burg Suite 034,Oakland,CA,Alameda,48726,94609,9.163934,160.884755,15235.23,7766.31,55951,268-437-1807x2828,norrisjustin@example.com,330316417,330102
32699820-cb94-49ef-ac7c-dd3bb4cf73d3,1977-05-12,,681-34-5443,S72241968,,Ms.,Jillian,,Salas,,,M,black,nonhispanic,female,Walterchester IL US,283 Gabrielle Spur Apt. 516,Chicago,IL,Cook,39349,60612,25.416099,107.820145,115560.06,11654.62,110626,294-729-4720,jwood@example.net,050504820,050201
abab7a00-906a-4018-9abe-9524301ac93f,1932-04-08,,601-40-3789,S37095597,X98849544,Mr.,Matthew,,Carter,,,,white,hispanic,male,Edwardburgh MA US,17122 Danielle Centers,Boston,MA,Suffolk,04271,02215,-69.932007,56.634983,47072.58,5012.19,42116,366-263-4604x41262,kennethgordon@example.net,330977149,330102
3001e497-a2da-47d4-80a3-f1c468490f69,1982-01-01,,134-22-6299,S14075041,X32706166,Mr.,Sean,Daniel,Garcia,,,,white,nonhispanic,male,North Vincentside CA US,91250 Darlene Roads,Oakland,CA,Alameda,36156,94609,24.674454,-121.180213,23406.59,36572.87,50545,5795387596,emilyburke@example.com,330353992,330102
6fc83c88-c922-48d3-b7ad-70efda1f1df1,1953-04-26,,360-42-1150,S41241747,X32266957,Mr.,Darryl,Hannah,Powell,,,S,other,nonhispanic,male,Nicholasborough MA US,54496 Zachary Pike,Boston,MA,Suffolk,04961,02215,-85.730057,-47.152045,73923.18,14328.67,29804,(841)832-6581,igomez@example.net,330954405,330102
4da19f0a-020f-451d-acf8-9344a8f06639,2009-06-05,,248-14-8720,S67095695,,,Jennifer,Deborah,Cooley,,,,white,nonhispanic,female,Greenhaven AZ US,73707 Gilbert Expressway,Phoenix,AZ,Maricopa,34784,85006,-37.529413,172.893368,34723.08,920.54,30520,001-580-353-6973x595,nicole64@example.net,050735741,050201
d90fe7f7-fe4f-4a8a-bee3-54b403a7f045,1977-02-07,,712-16-1382,S30237504,,Mr.,Daniel,,Burns,,,,other,nonhispanic,male,North Jamesland CA US,24558 Benjamin Pass,Oakland,CA,Alameda,25635,94609,21.727266,-45.962202,32207.32,10410.74,25764,392.268.9251,kaylawilliamson@example.com,140403879,140401
402558d8-051a-46d0-8995-98de692ab0c3,1965-10-30,,817-17-0645,S29982834,,Mr.,Roger,Heidi,Dalton,,,W,white,nonhispanic,male,East Alexberg MA US,4931 Tammy Burg,Boston,MA,Suffolk,32093,02215,34.846061,85.64526,216355.2,97233.73,26934,(336)265-0235,davidbrown@example.com,330963391,330102
f70c8f7f-2895-4bb8-a41e-20f5d0a59c9f,2018-06-07,,657-43-0009,,X10603354,,Carolyn,Sherry,Robinson,,,M,other,hispanic,female,Alicehaven AZ US,3901 Holt Ports Apt. 727,Phoenix,AZ,Maricopa,45292,85006,46.07837,98.856179,59055.05,8265.42,38977,001-627-789-3407x422,christopherpeterson@example.org,030632065,030301
10bf68a2-1a41-4f80-a5c8-f1318f8bcb1a,1992-09-28,,896-07-8596,S28995084,,Mr.,Calvin,,Oliver,,,M,other,nonhispanic,male,Hayesside CA US,308 Frederick Shores Apt. 391,Oakland,CA,Alameda,30970,94609,21.938171,161.191374,78300.93,23758.9,56428,8835224741,joanna10@example.com,140201036,140401
3ee9d928-1eb3-46bb-9e7b-81a5afe2cbc7,1957-12-27,,160-41-3211,S78227310,,Mr.,Anthony,Samantha,Johnson,,,M,asian,nonhispanic,male,South Antoniofort CA US,12242 Douglas Stream,Oakland,CA,Alameda,29093,94609,-44.389763,146.621041,28593.32,9682.48,38976,224.553.0057x449,susan38@example.net,330796076,330101
162d5e74-6ebc-4278-8e87-95a3f5e328dc,1959-11-19,,602-61-2758,S56685347,,Ms.,Audrey,Stephanie,Shaffer,,,,white,nonhispanic,female,Bullockbury MA US,031 Ellis Plain,Boston,MA,Suffolk,10033,02118,-20.800185,77.809636,28549.51,3290.13,31979,361-212-1358,wsuarez@example.net,330146641,330102
b40e4ffc-fc78-4643-b528-aac7564e7e99,1939-07-16,,748-55-3222,S60593329,X69360356,Ms.,Patricia,,Ellis,,,W,white,hispanic,female,Manuelville MA US,47550 Noah Parks Apt. 807,Boston,MA,Suffolk,04543,02118,-6.617162,-97.451361,43157.04,29375.84,31356,443-375-8165,phillip64@example.net,330303741,330102
ba7302c7-ab23-46dc-a9be-7ade26f23cf9,2005-04-30,,249-78-0300,S62035362,,Mr.,Derrick,Evan,Forbes,,,,white,nonhispanic,male,New Carrieton MA US,2675 Justin Orchard,Boston,MA,Suffolk,44020,02118,-34.238586,171.942708,41627.76,35004.57,68865,001-737-840-1881x04308,jeremy10@example.org,030572767,030301
5a033b95-80dc-4545-b65f-4c785b0837a2,1956-05-17,,552-41-5823,S65849698,,Ms.,Catherine,Erica,Phillips,,Smith,,asian,hispanic,female,Sarahborough CA US,8151 Jessica Valleys,Oakland,CA,Alameda,43129,94609,17.459079,-164.047069,14622.06,29071.81,102379,001-782-920-5966,bateskyle@example.com,330312150,330101
2408d1d9-8df7-4071-93df-0d81b3ce6f7b,1968-01-01,,511-66-5630,S37576002,,Ms.,Barbara,Anna,Dunn,,,,white,nonhispanic,female,Hernandezview MA US,26567 Rodriguez Mill,Boston,MA,Suffolk,03304,02118,-22.649006,-13.593955,7544.34,6974.48,39062,694-257-6396x74561,allison74@example.com,330373105,330101
a96222bc-aa17-40c1-8305-d175b37bcc88,1982-07-25,,013-34-9847,S92875258,,Mr.,Lawrence,Tabitha,Vargas,,,D,white,nonhispanic,male,East Anthonyhaven MA US,925 Kidd Inlet Apt. 209,Boston,MA,Suffolk,20437,02118,11.524385,121.576229,21807.79,27918.67,126662,+1-704-609-0461x73412,psimon@example.net,330747684,330102
1507c85d-a3db-4816-8ffd-1c799a4292ad,1982-01-08,,525-49-8419,S74818086,,Ms.,Amy,,Cantrell,,Hogan,,asian,nonhispanic,female,Lake Carolyntown TX US,076 Johnson Village,Austin,TX,Travis,52282,78702,-83.244001,100.449413,37620.04,8561.32,35503,+1-845-746-1638x76386,bsantos@example.net,140400654,140401
ab2cb787-fa02-4bfd-8ce8-c35955885da3,1961-12-06,,572-18-8331,S51179720,X15128061,Mr.,David,Karen,Campbell,,,W,black,hispanic,male,Port Gloria IL US,723 Kimberly Greens Apt. 099,Chicago,IL,Cook,25578,60612,-68.996904,-71.486806,48826.21,9034.7,76929,445.385.7502,cynthiaflowers@example.org,140947586,140401
abfd7fec-ba9b-4f48-bc38-f5a1d17d86a5,1964-01-17,,199-68-7987,S12944666,X67131686,Ms.,Angela,,Gardner,,Griffin,W,white,nonhispanic,female,Tiffanyhaven TX US,5623 Brown Haven Suite 724,Austin,TX,Travis,27459,78702,-36.74849,106.486424,51718.08,5133.33,39393,001-760-553-3879,smithedward@example.org,140617542,140401
808e0159-39c5-48d9-8888-2b0953ed31de,1932-03-15,,170-79-1283,S80583983,,Mr.,Steven,Kristi,Hicks,,,,asian,hispanic,male,West Aliciatown MA US,192 Michelle Fords,Boston,MA,Suffolk,35955,02118,-43.363869,-160.852207,23826.58,37476.14,223074,001-427-704-9556x6993,hugheskimberly@example.net,330148647,330102
1ec5055e-b5e9-41d8-9376-7b6c334627db,1934-05-15,,469-64-1598,S14857152,,Mr.,Steven,Gary,Castillo,,,S,white,hispanic,male,West Sara GA US,34640 Kathleen Park Suite 750,Savannah,GA,Chatham,13819,31404,63.227227,25.139487,22154.12,55577.63,39037,001-295-884-3275x22331,kestrada@example.com,140493716,140401
0f7377a0-ad09-4758-b6e1-692fcf692649,1983-01-22,,767-29-4411,S90767371,,Ms.,Lisa,Laura,Miles,,Conner,,white,nonhispanic,female,Russellstad MA US,638 Davis Shores,Boston,MA,Suffolk,16259,02215,-65.719946,-128.437157,8639.76,18038.19,75316,3466092187,glenn99@example.org,030391633,030301
7b3b4283-f055-4df3-b6c2-2872bd5c5a4a,1941-02-25,,646-36-2956,S35260739,,Ms.,Laura,,Ellison,,,,white,nonhispanic,female,Moorestad AZ US,5286 Brandon Overpass Suite 846,Phoenix,AZ,Maricopa,04545,85006,36.633802,-131.689541,16113.6,3761.73,52435,9628501432,davidclayton@example.com,050108947,050201
c090775a-7e0c-4043-a66e-392f0cc1ef19,2009-10-25,,866-13-8807,S24786069,,,Jennifer,,Rivera,,,S,white,nonhispanic,female,New Jacobmouth CA US,223 Cruz Inlet Suite 463,Oakland,CA,Alameda,27011,94609,-16.939515,-0.597752,42478.35,11859.16,70018,001-788-381-3253x950,cindyhester@example.com,330998252,330102
9034aaea-234f-4570-9bcc-2d889319e627,1943-04-17,,685-02-0915,S66006296,,Ms.,Charlene,,Walsh,,,S,white,nonhispanic,female,Christinaland TX US,187 Brooke Brooks Suite 595,Austin,TX,Travis,12875,78702,62.23054,-45.146639,26980.46,2646.35,76758,248.972.3130x4773,patricia74@example.net,140267248,140401
67594b45-0892-451d-b640-ac05c2547dfe,1976-06-26,,788-87-9802,S12393246,,Mr.,Raymond,Rebecca,Bell,,,D,white,nonhispanic,male,Lake Michaelside IL US,27617 Joseph Glen,Chicago,IL,Cook,11611,60612,35.964007,-115.283647,30817.19,29146.14,39848,983.874.3369x141,scottscott@example.net,330762527,330102
9705c68d-91fa-4b4a-9dbc-aea34e829099,1990-11-02,,712-62-0333,S52104580,,Mr.,Justin,Carl,Bell,,,W,white,nonhispanic,male,Port Kristen GA US,93827 Lisa Unions Apt. 276,Savannah,GA,Chatham,48915,31404,-61.057454,-120.1438,24610.36,1130.05,47009,(529)277-2912x999,carlnguyen@example.net,330883439,330101
237d15bb-9a55-4266-a6d2-48de237bf7ed,1978-07-17,,456-65-0590,S92999274,,Mr.,Derek,Melinda,Valentine,,,,white,nonhispanic,male,Smithchester AZ US,7794 Tina Pine Suite 865,Phoenix,AZ,Maricopa,26339,85006,-12.739074,-20.989108,10434.08,31754.97,15648,(956)449-0969x804,xmcintyre@example.com,330660079,330102
72024781-04ec-4cfa-b992-2b77ea2d835d,1960-09-19,,289-28-4922,S37624917,X60066952,Mr.,Gabriel,Bill,Allen,,,,other,nonhispanic,male,North Olivia MA US,8032 Cassandra Vista Apt. 391,Boston,MA,Suffolk,02845,02118,55.145327,-77.797117,12203.34,4257.95,146837,(490)433-6636x374,robert81@example.net,050427841,050201
4e61d5bf-0119-4846-b0a8-59eda83b5d47,1937-03-10,,839-54-5025,S59686935,,Ms.,Diana,Ashley,Harrison,,Wilson,D,white,nonhispanic,female,Rodriguezview MA US,2647 Pamela Pass Suite 646,Boston,MA,Suffolk,45552,02118,87.41874,-83.698291,17920.48,9022.92,56155,(357)758-3761x46237,micheleharrington@example.com,030133374,030301
9878b270-af92-4c24-96d4-67e6c10283c1,1961-06-10,,172-83-7233,S99086947,,Ms.,Andrea,,Marshall,,,W,white,hispanic,female,Laurenland GA US,624 Buck Ferry Apt. 232,Savannah,GA,Chatham,04119,31404,-80.156454,-172.886195,12849.5,25637.8,42709,563-960-6320x79108,benjamin58@example.org,030932435,030301
f81c778e-ef3d-48d2-8872-b66c718505a8,1982-02-25,,231-26-9201,S23075576,,Mr.,Matthew,Heidi,Caldwell,,,,black,nonhispanic,male,New Johnland CA US,555 Daniels Rest Apt. 882,Oakland,CA,Alameda,41862,94609,45.553632,-42.244942,19567.02,2200.97,35981,+1-754-275-5991x2460,skinnerrobin@example.com,330563590,330102
6f7775b3-a726-419e-8b44-093768fbcdf0,1946-06-15,,158-02-5572,S31158521,,Mr.,Alan,Brittany,Mendoza,,,,white,nonhispanic,male,Ramosbury GA US,019 Walker Cliffs,Savannah,GA,Chatham,35444,31404,77.155135,171.334869,21269.35,41892.58,83323,(964)968-6662x1791,chapmancarrie@example.net,050804678,050201
1934cfc3-f823-413c-af85-496dacb75d63,1939-05-07,,318-23-2024,S31885435,,Mr.,George,,Gonzalez,,,D,white,nonhispanic,male,Anthonyport MA US,4587 Daniel Corners Suite 780,Boston,MA,Suffolk,17589,02118,-69.225386,143.553618,32907.78,4666.16,47404,9294016380,nancy73@example.com,050572284,050201
e38758a3-7e85-4587-9e80-01679b3e0f64,1942-02-02,,639-76-7566,S38813461,,Ms.,Christina,Kyle,Santiago,,,D,white,nonhispanic,female,Lake Edgar GA US,5914 Austin Rapid,Savannah,GA,Chatham,48155,31404,61.452801,-152.153161,212747.82,9254.65,65913,334.321.6046x389,iparsons@example.com,330543161,330102
e72d9bac-c8e9-49a7-ba23-70fe3e370d04,1986-09-27,,879-66-1768,S86128023,,Mr.,Jesse,Devin,Oliver,,,W,white,nonhispanic,male,Whiteborough MA US,3992 Katherine Dam,Boston,MA,Suffolk,18309,02118,-23.475489,74.738212,8330.79,43001.76,27654,001-395-725-3604x03744,rachel32@example.org,330627285,330102
0c394de5-d673-44a7-b0c9-1d243e12ace3,1974-03-14,,721-46-8392,S63377519,X37774481,Mr.,Joshua,Vincent,Price,,,W,other,nonhispanic,male,Lake Johnborough AZ US,0679 Robertson Summit Suite 516,Phoenix,AZ,Maricopa,49769,85006,29.246754,-53.658198,43623.49,7094.63,15042,001-429-333-6926x8954,harveysarah@example.net,030561029,030301
9e112398-dfdc-4ad4-9866-d9b71fde0607,1974-01-23,,089-77-0251,S90102244,X58166703,Mr.,Russell,Michelle,Miller,,,D,asian,hispanic,male,West Andrew MA US,125 Stacey Villages,Boston,MA,Suffolk,31270,02118,85.770489,81.191346,123651.05,39639.69,33823,001-919-454-7603x8504,jamesthompson@example.com,030489358,030301
dab61f0e-fdf2-47bd-bc93-08b00b05d09a,1976-07-12,,413-74-2439,S44545243,X67343834,Mr.,Randy,Teresa,Vasquez,,,D,white,hispanic,male,Crystalhaven CA US,26137 Vargas Crossroad Apt. 755,Oakland,CA,Alameda,48998,94609,-53.75282,-148.585741,14005.98,42509.09,34706,258.766.3926,bramirez@example.com,140281433,140401
09235c60-a618-48a5-b7dd-0550dbff31d6,1947-10-12,,777-14-4270,S12614546,,Mr.,Eric,Whitney,Garcia,,,M,asian,nonhispanic,male,New Ericport MA US,1958 Monica Green Suite 856,Boston,MA,Suffolk,37840,02118,-34.64282,45.210932,15783.04,31917.06,25521,001-873-339-4211,mckinneycindy@example.net,330291255,330101
04270989-69d1-4444-8656-9a0b1ab7e91f,1972-08-16,,402-44-8995,S79844251,,Mr.,Joseph,Timothy,Perez,,,M,white,nonhispanic,male,Hamiltonmouth MA US,640 Davis Cape,Boston,MA,Suffolk,35308,02118,-38.861571,57.361508,21145.81,41386.03,124372,(882)788-0153x263,justin31@example.net,330109736,330101
1be3331f-ff64-44cc-a283-14e0dee4c5ab,1997-04-01,,383-52-9738,S11292704,X27217823,Mr.,Christopher,Joel,Johnson,,,,white,hispanic,male,West Lisaville CA US,865 Martin Avenue,Oakland,CA,Alameda,35032,94609,-8.85591,174.943338,24214.84,6418.01,144083,+1-908-744-5994x79984,ashleymccormick@example.org,330503960,330102
8f935b81-343b-46bd-bc78-de54b97c013e,1972-07-25,,836-17-6022,S72281693,X97721237,Ms.,Emily,Bryan,Christensen,,Henry,M,asian,nonhispanic,female,New Monicabury AZ US,0915 Coleman Mountains Suite 155,Phoenix,AZ,Maricopa,14714,85006,29.247474,34.730583,19190.9,16998.38,81164,001-360-361-2762x9129,yaguilar@example.com,050783747,050201
e782cf9c-ff17-46f2-96d9-214d87e53b98,1952-11-29,,079-56-1189,S94663793,X68760295,Ms.,Brandi,,Ramsey,,York,D,asian,nonhispanic,female,Finleychester CA US,521 Andrew Squares Apt. 220,Oakland,CA,Alameda,24125,94609,-46.762891,-75.607393,23915.6,5527.2,28358,577.618.6643x29152,erica66@example.com,140322129,140401
e7a66e10-f874-4bee-8423-02c60abe4235,1984-02-11,,396-45-3612,S78712532,,Mr.,Andrew,Brenda,Sandoval,,,S,black,hispanic,male,Williamsville CA US,24133 Amanda Land Apt. 762,Oakland,CA,Alameda,22862,94609,-80.259241,-175.299008,127651.93,8770.6,132559,796.304.8414x15547,zfoley@example.org,330473090,330102
3d02d71b-271c-44a1-832e-bf029f08c88f,2005-11-29,,446-23-4338,S65033571,,Ms.,Julia,Jennifer,Haney,,,W,asian,hispanic,female,Bradleystad TX US,05340 Christopher Mountain Suite 411,Austin,TX,Travis,11722,78702,-85.378925,72.027057,13428.56,3430.1,17320,(656)409-1717,allen89@example.org,330768804,330102
70c2d08c-b8fc-4987-8b95-ed5ba6cb1843,1961-01-25,,136-49-3295,S14973919,X45567120,Ms.,Cassandra,Lisa,Howard,,Thompson,D,white,nonhispanic,female,Lake Kevinside TX US,8879 Crystal Circles Apt. 654,Austin,TX,Travis,28151,78702,31.388858,43.244708,86062.48,2515.75,93921,001-600-968-0208x68861,qwilliams@example.org,330862846,330102
039dc8f2-30f3-4a1f-b7de-8083b9a2022c,1958-11-01,,532-06-8614,S91950746,,Ms.,Melody,,Brown,,Nelson,D,black,nonhispanic,female,Lake Josestad MA US,129 Owens Island,Boston,MA,Suffolk,17532,02118,81.965951,55.127545,16134.06,18648.16,19305,(484)720-8010x70155,johnsoncandice@example.net,050336658,050201
43abc3bc-4bcb-4ba3-acfd-190e276929ba,1937-10-01,,512-51-1462,S50129801,,Mr.,Christopher,Robert,Perez,,,M,white,nonhispanic,male,Roberttown MA US,429 Tyler Crossroad Suite 758,Boston,MA,Suffolk,45986,02118,21.954722,173.103664,16300.78,7840.56,35170,(289)428-6474,xnichols@example.com,330468336,330102
cc6a1f38-e029-4f21-8884-bfaf990fa89d,1995-10-25,,502-05-7127,S92798902,X39169836,Mr.,Christopher,Deborah,Hammond,,,W,white,hispanic,male,Haleyton MA US,13219 Sims Mill,Boston,MA,Suffolk,19133,02215,-81.310892,-56.019832,71514.61,9902.19,36123,001-314-300-0916,bmanning@example.org,050694776,050201
8253a688-5ba6-4e8c-8b25-e0e7a99e6e02,1977-12-02,,600-65-2276,S19808531,,Mr.,David,Kimberly,Owens,,,S,white,nonhispanic,male,Loristad TX US,2168 Mcdaniel Coves Suite 587,Austin,TX,Travis,20473,78702,-25.743658,109.480462,26132.08,15336.94,21116,001-951-982-5202,larry67@example.com,330984166,330102
c55fa99b-0c78-4295-b766-5891d85419c4,1972-06-13,,035-55-6945,S10279194,,Ms.,Donna,Matthew,Wells,,,M,white,nonhispanic,female,North Oscarhaven MA US,32368 Andrews Mission,Boston,MA,Suffolk,49195,02215,-5.690141,0.618672,15793.07,31408.96,57165,(329)650-6077,tanya68@example.org,330350410,330102
18dbac4c-0075-4982-bd48-db35c043b446,1961-09-01,,712-40-5169,S82485622,,Mr.,James,Debra,Goodman,,,D,white,nonhispanic,male,Joyceview GA US,7837 George Fork,Savannah,GA,Chatham,06316,31404,-41.442926,-72.653688,61958.73,3339.19,99302,(875)377-6047x6377,barbaracox@example.com,330976158,330102
0bf83da4-6a6c-4beb-9f74-8bc2ba0fc492,1961-11-13,,654-12-5829,S14525090,,Mr.,Arthur,Susan,Kelley,,,M,white,nonhispanic,,Mannburgh MA US,34630 Lee Walks Apt. 840,Boston,MA,Suffolk,32796,02118,-2.397192,-116.368342,167650.21,25017.77,75455,527.430.2765,rojasmaria@example.net,030646919,030301
9df67ab1-d222-4446-b222-4ae1f08b156f,1966-04-13,,768-70-4815,S67939155,,Mr.,Trevor,,Perez,,,M,white,nonhispanic,male,Davilaburgh CA US,6751 Reynolds Light,Oakland,CA,Alameda,13823,94609,13.970928,-48.516199,33145.03,23545.03,33819,259-208-6118,james42@example.net,050213960,050201
4a9cfbf3-404a-450f-a20e-37c192530dff,1990-11-13,,018-43-0198,S34747723,,Ms.,Judy,Christopher,Jefferson,,,M,white,nonhispanic,female,South Theresaside MA US,131 Ricky Field Apt. 068,Boston,MA,Suffolk,52174,02215,-13.789049,83.469346,30122.54,6854.35,50469,(866)633-9034x98725,washingtonjames@example.com,140664223,140401
4e15db61-c1af-4f8c-9be1-137e0845182c,1953-05-10,,808-16-9165,S97156869,,Mr.,Michael,Eric,Noble,,,M,white,nonhispanic,male,Tamarachester CA US,930 Brian Groves,Oakland,CA,Alameda,45621,94609,-84.948036,90.562461,70459.58,7805.09,53017,344.237.2556,perrybrian@example.com,050120769,050201
c139ce56-913b-4ccd-8e11-1f2e29b5c7b7,1984-04-23,,284-17-6271,S74013883,,Ms.,Elizabeth,David,Day,,Pierce,M,black,nonhispanic,female,Port Kimberly MA US,9733 Erika Brook Suite 843,Boston,MA,Suffolk,43677,02118,31.200685,-149.6713,30652.58,59649.73,8740,748.458.6756,anna10@example.com,330616956,330102
9be976a8-1b29-4ffe-b078-cbf3b8df880d,2000-08-04,,878-81-9518,S18795313,X98017665,Ms.,Hailey,Angelica,Garcia,,,W,white,nonhispanic,female,North Deborah MA US,832 Peterson Cliffs,Boston,MA,Suffolk,55871,02215,39.575947,-35.072548,15574.27,5012.32,27463,965.748.1813x94542,crystalsullivan@example.com,050430330,050201
818420f1-850d-4f29-9a39-7365865d172b,1961-07-18,,602-77-3912,S24130902,,Mr.,Bradley,Jessica,Mora,,,,black,nonhispanic,male,Lauriestad GA US,7874 Brooke Lane Apt. 080,Savannah,GA,Chatham,18417,31404,43.599629,-52.766001,31426.3,25333.0,39546,001-210-393-4263,tramirez@example.com,330392725,330101
f9151c85-e4d6-4b74-b51c-0562a7970d93,1965-06-19,,441-11-2146,S34734585,,Mr.,Keith,Jerome,Shea,,,,white,nonhispanic,male,North Emily GA US,0155 Donald Fords,Savannah,GA,Chatham,26274,31404,44.533569,-55.564725,13372.58,14435.46,30503,440.374.2949,benjaminwilliams@example.org,140190015,140401
4eff8434-3854-4c7b-a3bb-6f06ba15e93b,1987-04-02,,678-19-4662,S91535331,,Ms.,Holly,,Wright,,,M,other,nonhispanic,female,North Melanie CA US,86522 Jose Drive Suite 173,Oakland,CA,Alameda,32468,94609,-29.038072,-126.34037,29496.81,15470.83,46773,+1-571-242-5573x43774,qcook@example.org,050428135,050201
f83e99fb-8274-4734-8302-2c4edb61eaaf,1974-11-11,,494-45-4608,S44761900,,Ms.,Jasmine,,Bernard,,,D,black,hispanic,female,East Aaronland AZ US,854 Allen Island,Phoenix,AZ,Maricopa,26543,85006,-52.471137,99.11304,23531.56,115413.04,53824,(443)296-8923x678,hwarren@example.org,330276846,330102
2534ca77-151f-47a0-8482-da52b1b1dd90,1979-12-29,,872-16-9140,S71564503,X28939089,Ms.,Stephanie,,Mann,,,M,white,nonhispanic,female,Morenoside CA US,6829 Kayla Lane,Oakland,CA,Alameda,38270,94609,-0.379512,48.367083,10616.04,7181.91,12660,001-412-576-1177x23596,george76@example.org,110901844,110501
e2a42831-94c2-4f34-9b83-7a0e19252dc6,1963-07-25,,828-72-8019,S65620418,,Ms.,Patricia,,Romero,,,,white,nonhispanic,female,Lake Sarah IL US,5419 Lewis Turnpike Suite 155,Chicago,IL,Cook,11418,60612,26.237164,165.057766,13244.92,25236.75,36103,795-870-8190,gambletiffany@example.net,050146604,050201
2772014c-878a-4a55-a558-7887e10e0843,1956-05-01,,757-46-3496,S81762849,,Mr.,Taylor,Steven,Brooks,,,S,white,hispanic,male,Ryanville CA US,464 Rivera Inlet Apt. 495,Oakland,CA,Alameda,21565,94609,-39.969371,-23.146386,218362.85,5103.38,38602,(900)477-8776x83413,david11@example.org,030325985,030301
e5004430-32c9-4f88-a879-8b7a83fafd9d,1956-07-17,,843-57-1683,S20405687,,Ms.,Vanessa,Michael,Davis,,,S,white,hispanic,female,South Danielside IL US,3231 Jordan Stravenue,Chicago,IL,Cook,11073,60612,44.748899,-167.105549,145452.18,28066.34,45564,881.209.9120x069,erica81@example.net,030127857,030301
35664cca-b23a-4641-b978-ea39a6d7eb37,1966-01-13,,248-82-2887,S22798777,,Ms.,Kara,Janet,Sheppard,,,D,other,nonhispanic,female,Christopherport AZ US,931 Melissa Gateway,Phoenix,AZ,Maricopa,46261,85006,-9.155663,-173.988287,21346.18,4242.65,67896,747-406-5708,hardymichael@example.org,330427723,330101
22da3af0-7647-435d-8039-0eab72681ef8,1929-01-11,,424-50-5870,S79700784,,Mr.,John,,Merritt,,,W,white,nonhispanic,male,Rachelchester TX US,7549 Hernandez Village,Austin,TX,Travis,39708,78702,17.067051,27.027711,28070.53,9791.42,88002,001-787-374-4390,jeremy56@example.net,330528963,330102
fc586c41-e44a-4766-8191-05cbae4186f7,1929-09-13,,787-22-8536,S78367626,,Ms.,Carrie,,Hudson,,,D,white,nonhispanic,female,Rebeccafurt AZ US,1018 Charles Locks Suite 245,Phoenix,AZ,Maricopa,21132,85006,25.681607,63.783161,10428.6,1544.31,50405,6264975811,pmiller@example.org,050424755,050201
b68fc16a-e21b-4f37-a834-b3a822ff8edf,1965-01-30,,327-63-9777,S45702294,X15011870,Mr.,Henry,Vanessa,Schmidt,,,S,white,nonhispanic,male,North Micheletown AZ US,24570 Gray Pine Apt. 729,Phoenix,AZ,Maricopa,42243,85006,51.277453,109.192738,47873.14,78681.45,209401,206.980.3698x602,bclark@example.net,030752794,030301
ffc26862-5bae-4ffa-88eb-0c2f92b1c347,1959-06-21,,036-21-1637,S61186155,,Mr.,Dwayne,Nicole,Curry,,,W,white,nonhispanic,male,Heatherbury AZ US,6749 Danielle Hill,Phoenix,AZ,Maricopa,43260,85006,6.542306,-54.746594,86351.51,6899.92,38766,5204944430,james20@example.com,330507349,330101
41c1d5ef-a085-411c-8775-41feac1d488c,1929-05-14,,604-81-0327,S97565579,,Mr.,Garrett,Kimberly,Jones,,,,white,hispanic,male,Christinaborough AZ US,22894 Bautista Roads Suite 419,Phoenix,AZ,Maricopa,13922,85006,25.545306,-29.274016,114239.39,6013.24,49236,542.320.6850x31512,thompsonsarah@example.org,330893013,330102
c6c036ed-1bbf-40c2-8c7f-afc21cb63470,1957-06-21,,815-30-2995,S37324165,,Ms.,Jessica,Jesus,Ray,,Forbes,M,white,nonhispanic,female,South Amymouth MA US,09498 Reynolds Points Apt. 195,Boston,MA,Suffolk,53077,02215,-30.932582,15.614472,37755.27,94981.77,97764,+1-701-268-3563x788,charlesjones@example.org,330434171,330102
4884acbf-4029-492b-8a88-a8441ebcf168,2008-11-03,,461-32-5866,S88048581,,,Christine,Brianna,Ross,,,D,white,nonhispanic,female,Baldwinchester MA US,0591 Daniel Manor Apt. 100,Boston,MA,Suffolk,23192,02215,-33.51404,124.168494,8516.26,2215.22,29500,6479301722,phillipsamy@example.net,330669405,330102
64b8f7de-0d29-47a5-9356-b38f301a1d89,1951-10-28,,623-18-8940,S74849868,,Mr.,Timothy,Jennifer,Brewer,,,W,white,hispanic,male,North Graceport GA US,433 Barber Orchard Apt. 980,Savannah,GA,Chatham,01864,31404,53.942036,-6.5492,47016.24,4894.01,161858,4295654500,danhenderson@example.com,330885559,330102
143a3bd0-ae5a-4889-bcc3-32839bec8b95,1968-04-20,,438-59-6915,S55638245,,Mr.,David,Jim,Patterson,,,D,black,nonhispanic,male,Jennifertown CA US,49878 Ashley Rapids,Oakland,CA,Alameda,44349,94609,70.768185,-49.620591,42838.27,21351.57,74226,364-511-2396,shannoncarson@example.org,330790102,330102
e66809f3-4408-4c86-8d79-b7b182c1b266,1925-07-31,,117-50-1534,S79689763,X34198804,Ms.,Alicia,Mindy,Gray,,,M,white,nonhispanic,female,Stevenfort IL US,03782 Vasquez Harbors,Chicago,IL,Cook,37295,60612,-44.757498,88.178149,21426.86,19232.71,18677,(813)903-2375x11062,loriortiz@example.net,050843661,050201
6fe03749-4ff7-4864-8806-970b3b38b845,1960-04-24,,363-42-8908,S18461025,X91352304,Mr.,Noah,Justin,Perkins,,,S,asian,nonhispanic,male,Port Brandon IL US,47039 James Corner Suite 365,Chicago,IL,Cook,06174,60612,-48.411189,-94.30024,29631.68,5137.5,38767,(888)632-8558x9587,theresa96@example.com,050864860,050201
a912f827-5150-4bc0-9b93-ef03e3fcb7ec,1987-06-29,,150-55-2008,S63711587,,Mr.,Benjamin,Andrew,Powers,,,W,white,nonhispanic,male,Sharpland MA US,737 Bryant Terrace,Boston,MA,Suffolk,46176,02118,85.508025,-80.124118,28043.62,21769.05,125186,702.812.7760x08923,johnnycross@example.org,050446705,050201
8106708d-41fb-4087-979b-e305782d6870,1977-11-06,,313-79-5027,S15885795,X12541397,Ms.,Sabrina,,Christian,,,,asian,nonhispanic,female,Christopherfurt AZ US,00336 Benjamin Bypass,Phoenix,AZ,Maricopa,47618,85006,23.983277,-63.257437,3896.79,4273.4,57572,(293)654-1527x25496,andreapope@example.net,050365805,050201
dd42ae12-400e-47eb-81cb-68b0005130f6,1959-04-23,,474-17-9424,S40087731,,Mr.,Aaron,Christian,Jordan,,,,black,nonhispanic,male,Amyland MA US,20288 Emma Center,Boston,MA,Suffolk,13221,02118,-16.521127,-164.942959,94726.48,11355.47,182387,574.378.5802x1582,jeffreyjohnson@example.net,050342940,050201
a812b090-bbcb-4a3c-a8f6-0445624943d5,1971-06-19,,261-67-8266,S71926935,,Ms.,Elizabeth,Tiffany,Simon,,Brown,M,black,nonhispanic,female,Thompsonview TX US,8739 Joshua Avenue,Austin,TX,Travis,43389,78702,26.149521,-122.775132,21511.24,8368.99,38646,+1-402-611-3263x16390,davisrachel@example.com,030625262,030301
12a1af59-8c72-4f2d-82f1-dd3f74f35d5e,1967-09-18,,531-04-5630,S18911461,X93354801,Ms.,Tiffany,,Wright,,Brown,M,asian,nonhispanic,female,North Virginia TX US,60160 Smith Mountains Apt. 322,Austin,TX,Travis,49597,78702,-52.881591,-101.904947,22158.97,14817.27,69140,+1-362-480-6921,emily86@example.com,330671508,330101
2ebcc206-d488-455e-a765-a10a2ddec677,1966-09-17,,525-30-5603,S60283873,,Ms.,Megan,Jeremy,Phillips,,Gonzalez,,white,nonhispanic,female,East Johnnyborough GA US,995 Nancy Vista,Savannah,GA,Chatham,05339,31404,29.200275,42.780863,62041.34,16496.56,75299,8163403966,jprice@example.com,330354896,330101
7b6335f8-9a39-40e4-8fcf-dc9abfe96a19,1946-05-13,,065-66-4431,S15287244,,Mr.,William,Yolanda,Osborne,,,M,black,nonhispanic,male,East Eric GA US,04407 Flores Ranch Suite 872,Savannah,GA,Chatham,51307,31404,83.682497,140.720462,184299.43,9697.65,51383,834.808.6113,daniel35@example.org,330811817,330101
20f4e79b-9200-4e4d-ac89-c570a3821b90,1948-08-08,,698-88-5811,S89054168,,Mr.,Mason,,Smith,,,M,black,nonhispanic,male,West Glenda IL US,42630 Le Meadows,Chicago,IL,Cook,32423,60612,48.241666,-157.475333,51576.51,12855.98,47114,001-476-754-5217x826,afrazier@example.org,330683749,330102
c01acc44-4ac7-48a8-b0ad-8199899acf08,1989-03-08,,529-84-2567,S55540819,X99301308,Ms.,Laura,Earl,Gonzales,,Green,W,black,nonhispanic,female,New Kevin CA US,628 Hunter Flat Suite 812,Oakland,CA,Alameda,06711,94609,74.366891,-102.041877,29998.36,5689.72,36577,995.761.5973x8232,zrivera@example.com,330414703,330102
4a11a3b5-3697-4213-8143-33d198700fbf,1967-08-21,,518-73-7588,S71745052,,Ms.,Cassidy,Travis,Crawford,,,D,white,nonhispanic,female,Lawsonstad IL US,72275 Edward Fords,Chicago,IL,Cook,55828,60612,89.365702,-158.830691,13299.8,41579.85,27354,485.602.1129x28527,garylee@example.com,330386592,330102
969b0f0c-3951-4f2f-8036-70d2fc0fb50c,1998-03-12,,291-89-2928,S58990671,X61827765,Ms.,Lisa,Julia,Wright,,,W,asian,nonhispanic,female,Coopermouth AZ US,79802 Gonzalez Coves Apt. 691,Phoenix,AZ,Maricopa,40499,85006,23.626664,62.773941,18454.38,6638.88,42971,672-358-0337x854,collinscaleb@example.com,330858041,330102
e70d7677-a301-4168-a86d-612bad0a83fb,1983-08-26,,028-03-7116,S22684513,,Mr.,David,,Morales,,,W,black,nonhispanic,male,West Rebecca TX US,70208 John Courts Suite 774,Austin,TX,Travis,32552,78702,-75.667351,-177.268782,90893.99,4925.83,42589,870-474-7135,sydneynichols@example.org,050151244,050201
bc3a7c3f-6b47-4cfb-bd89-6f0ae0287774,1970-05-08,,742-42-0452,S64781676,,Ms.,Jeanette,,Atkins,,,W,white,nonhispanic,female,Mckeetown CA US,624 Wagner Lodge,Oakland,CA,Alameda,20744,94609,-70.75512,93.124516,80303.41,7570.72,51492,532-369-1023x5809,dillononeill@example.org,030163246,030301
1dc7c6b6-732f-4041-a704-d04df175f4de,1960-02-26,,157-81-6233,S30790776,,Mr.,Jeff,Mark,Williams,,,,white,hispanic,male,South Edwin GA US,0338 Jason Station,Savannah,GA,Chatham,22201,31404,49.873006,-113.21531,70171.42,5171.12,38844,+1-995-576-0634x8569,sanchezdean@example.com,030439115,030301
608b25ac-5e1e-43f4-995c-abc1f3629129,1950-11-29,,833-54-4692,S62894730,X51454938,Ms.,Debra,Amber,Wallace,,,,white,hispanic,female,North Brandyberg AZ US,91899 Sanders Parks,Phoenix,AZ,Maricopa,25659,85006,-43.036988,173.851827,45513.08,6204.07,58708,+1-302-908-1117x52411,fwilson@example.net,140463789,140401
3a641383-45df-44ff-b22b-6d98c9a73b92,1945-06-16,,146-57-0732,S20512208,X86431004,Mr.,William,Ronald,Morgan,,,W,white,nonhispanic,male,Costaville MA US,12926 Brett Bypass Apt. 533,Boston,MA,Suffolk,38318,02118,73.612984,-157.553483,15922.01,165385.83,38465,772.339.7589x1903,aperkins@example.com,110815131,110501
7d01b610-0f22-4ee2-a9e0-9cbfe1ad5338,1938-07-05,,617-22-1162,S99682668,,Mr.,Michael,Daniel,Powell,,,D,white,nonhispanic,male,Mcdonaldtown GA US,682 Robert Ramp Apt. 784,Savannah,GA,Chatham,16880,31404,-40.98442,115.073032,36400.16,1975.65,34869,903-472-6827x423,mmarshall@example.org,110703642,110501
160cf26f-0b05-4202-9907-b09d095dd416,1999-09-25,,248-97-7904,S97860712,,Ms.,Kathryn,,Henry,,,W,other,nonhispanic,female,Lisaville CA US,80882 Harding River,Oakland,CA,Alameda,13283,94609,68.815365,67.42068,79938.8,5411.09,53570,(290)367-3389,eshelton@example.org,330258603,330101
af939e62-8a5e-4394-81d8-ad5b8bb1d6dd,1973-02-26,,072-44-3805,S26271624,X48441419,Mr.,Steven,Yolanda,Thompson,,,S,white,nonhispanic,male,South Amber GA US,3398 Villarreal Passage,Savannah,GA,Chatham,38581,31404,14.853299,-150.579099,67947.14,138070.16,56566,(228)230-2486x36034,lgalloway@example.org,330650197,330101
8d0557c3-9a03-4561-bded-1026cc21d0b3,1960-09-02,,183-49-8289,S37419030,,Ms.,Amy,Mark,Brown,,,,white,nonhispanic,female,Rasmussenport CA US,867 Teresa Groves,Oakland,CA,Alameda,34547,94609,84.878801,25.51229,228749.54,13027.13,139513,855.335.5720,atkinstodd@example.com,330485522,330102
9e973ac0-eeb3-4476-8f15-746bfc03ca38,1936-04-13,,800-94-7820,S84797199,X33880041,Mr.,Clifford,Bobby,Davis,,,,other,hispanic,male,Lake Caitlynfort GA US,1208 James Heights,Savannah,GA,Chatham,07567,31404,25.50356,-91.837455,21183.97,2249.38,33783,404-313-2054,maurice99@example.org,330915873,330102
91dd97c3-c221-4f38-9b8b-35b2fdb49f2c,1969-07-31,,750-57-6739,S43720422,X53841097,Mr.,Michael,Deborah,Kline,,,,white,nonhispanic,male,Toddside CA US,717 Brandon Ridge Suite 684,Oakland,CA,Alameda,43156,94609,-2.483653,-19.483818,35363.92,10317.61,180810,501.771.9284,blambert@example.net,050285408,050201
f8ee9a5d-0f8c-42a6-ac24-f135dea92468,1999-11-30,,226-38-1816,S12770821,,Mr.,Dylan,Barbara,Erickson,,,,white,nonhispanic,male,New Jeanettemouth MA US,1614 John Tunnel,Boston,MA,Suffolk,07497,02118,-7.250021,-110.694948,22725.87,37160.11,61197,244-935-6075x719,gregory08@example.org,050353004,050201
f9b5962c-b6a5-4b2a-8e7a-cd4381af0a89,1965-02-16,,140-08-7906,S92052548,,Mr.,Matthew,Christine,Fisher,,,S,white,nonhispanic,male,Darrylside CA US,8704 Baker Estate Apt. 263,Oakland,CA,Alameda,01311,94609,-53.390585,153.624773,53287.81,6518.96,81889,305.770.9100x3711,tammybell@example.com,050269548,050201
884dbc9d-2972-4df1-b5d2-42cc424e8537,1985-09-27,,879-09-3432,S61167287,X39002408,Mr.,Richard,Teresa,Logan,,,S,black,nonhispanic,male,Roseview AZ US,7091 Jackson Circles Suite 372,Phoenix,AZ,Maricopa,43634,85006,-78.494277,-98.882319,65558.11,7873.85,80584,(474)713-9587x846,spitts@example.com,030492985,030301
ee2a7991-9523-4c37-a2a3-5b851e4ce948,2004-06-23,,141-79-4494,S87321943,,Ms.,Kimberly,Robin,Daniels,,,S,white,nonhispanic,female,Annetteport IL US,87791 Lester Junction Suite 024,Chicago,IL,Cook,50937,60612,-68.747741,4.004774,9712.39,11157.62,71137,533-359-4367,nhoover@example.org,030884199,030301
b258090e-5618-439f-b669-4d2898ac0133,1982-08-25,,596-61-7995,S53143169,X73006640,Ms.,Brenda,Jamie,Chambers,,Dunlap,M,white,nonhispanic,female,Port Todd GA US,57630 Brown Villages,Savannah,GA,Chatham,10276,31404,-77.494647,-37.672484,49606.67,39305.29,22878,549.298.3335x364,toddrussell@example.net,140491793,140401
463feabb-10b4-4e0e-9100-fb405f2fb61c,1939-02-21,,528-51-7877,S20461528,,Ms.,Jennifer,,Barker,,,,white,nonhispanic,female,West Anthony TX US,1104 Antonio Path,Austin,TX,Travis,17614,78702,51.097048,-150.376684,15255.84,6497.63,102843,001-618-244-8023,moranaaron@example.org,110656863,110501
55616e6d-357f-4a2b-b99f-e5a2915f6f38,1972-05-08,,716-76-8073,S98126472,X63738990,Mr.,Bradley,,Allen,,,S,other,nonhispanic,male,East Amy MA US,1667 Donna Forges Apt. 778,Boston,MA,Suffolk,08794,02215,-78.65612,54.941186,35847.49,8052.73,40179,001-937-832-4657x156,lauren83@example.net,330154132,330101
a04301fa-a5b4-4a7e-b0d8-324f48a7a5fb,2011-02-11,,843-72-2773,,,,Kristen,Shannon,Campbell,,,W,black,nonhispanic,female,Port Saraborough AZ US,227 Henderson Pike,Phoenix,AZ,Maricopa,50499,85006,31.496029,161.07636,10973.48,12451.86,36287,346-782-0613,edward56@example.com,330305649,330101
42460cfe-4a41-4887-9991-aae28e7916ac,1973-10-31,,205-51-8856,S18098364,X24740940,Ms.,Andrea,,Rose,,,S,white,nonhispanic,female,North Bryanland IL US,9746 John Corners,Chicago,IL,Cook,41575,60612,-58.591176,-88.486868,26373.61,6732.13,40429,(288)300-5483x5049,heather97@example.net,330193445,330102
6fab459a-dd62-41df-aa00-b73aa06b01d5,1986-12-25,,761-02-1948,S24496960,,Ms.,Crystal,,Delgado,,,D,white,nonhispanic,female,Loganland AZ US,891 Andrews Lock Suite 326,Phoenix,AZ,Maricopa,17689,85006,12.056142,-128.60571,43743.09,17721.44,81037,001-213-920-3392x3009,ashley73@example.net,330842615,330102
295c8542-e8a1-4e93-b081-97c8904c78e4,1980-06-02,,067-48-6835,S77072580,X81778247,Mr.,Allen,John,Ewing,,,,black,nonhispanic,male,New Tyler MA US,5639 Miller Park Apt. 963,Boston,MA,Suffolk,23582,02118,-69.921622,36.012318,74978.7,28421.26,45064,001-733-549-7397x73449,englishwesley@example.net,330314831,330102
3ef8859a-3bb3-4587-a9ab-e3a441251ef7,1956-10-11,,165-01-9547,S98568494,,Mr.,Richard,Robert,Banks,,,D,white,hispanic,male,Jennifershire MA US,6144 Christopher Mountain Suite 659,Boston,MA,Suffolk,11476,02215,-76.931396,-42.7926,16869.54,22410.96,28608,4792181897,sextonmichael@example.net,330464219,330102
30c2ea29-56ff-4219-902e-127f25ae730c,1969-09-25,,107-56-4796,S41690844,,Ms.,Denise,,Adams,,,,white,nonhispanic,female,New Brandonhaven IL US,84771 Young Parkways,Chicago,IL,Cook,30616,60612,-16.730152,-85.975048,11510.84,18659.26,43157,001-569-695-7266x7182,fhernandez@example.org,330146225,330102
650c927e-1f73-48c4-b903-74a74d8ae7c7,2011-06-12,,503-33-5965,,,,Juan,Christopher,Miranda,,,S,black,nonhispanic,male,Griffinville GA US,84247 Amy Road,Savannah,GA,Chatham,39855,31404,-13.458593,55.482519,63564.58,3193.55,127456,+1-711-366-8134x88047,carolynholt@example.net,330675058,330102
a556002d-e23a-4b9a-8ccf-9d0e3f7fdb8e,1953-11-10,,225-83-2428,S70329538,,Mr.,John,,Smith,,,M,black,nonhispanic,male,Port John MA US,582 Duncan Landing,Boston,MA,Suffolk,43022,02215,30.403654,7.442651,13914.8,21625.6,29167,980.948.3898,douglasbrown@example.org,330448965,330102
170b9f21-75ac-4aa0-b882-ad3c1f078b52,1940-04-01,,847-78-4472,S65826847,X91695945,Ms.,Rachel,Kaylee,Hill,,,W,white,hispanic,female,West Samuelside MA US,546 Hailey Mill Apt. 347,Boston,MA,Suffolk,14995,02215,28.28335,-5.856456,50730.8,10197.19,50673,316-291-3888x104,andrew36@example.com,330998371,330102
f3cb7bc0-e678-4816-9870-6595a098e8db,1938-10-20,,142-77-6294,S21212227,X58642675,Ms.,Shannon,Laurie,Olson,,Martinez,W,asian,hispanic,female,Smithtown MA US,137 Robert Rapid,Boston,MA,Suffolk,08593,02215,-82.99412,-82.966625,48666.25,39275.7,40731,925.396.2110x839,jamesmatthews@example.net,050744103,050201
a8d1a74d-21dd-42ed-aed2-9fa21006e701,1971-12-23,,106-42-0375,S17344654,X46835764,Mr.,Jerry,Latasha,Martinez,,,S,white,nonhispanic,male,West Stephanieville MA US,89675 Zoe Forest,Boston,MA,Suffolk,24177,02215,-78.168588,179.690757,16914.25,5226.69,31744,626-766-3352x43521,caitlinbuck@example.com,050204154,050201
b7077850-4bcb-4d38-ba90-226267a33e8a,1979-08-24,,670-66-3663,S70944378,,Ms.,Candice,Michele,Avila,,,D,other,nonhispanic,female,North Jamesbury TX US,2517 Melissa Run Apt. 965,Austin,TX,Travis,51430,78702,89.127111,118.983684,43875.33,7654.69,146609,693.555.5527x921,matthew54@example.org,050795837,050201
ea0e9ee0-d05c-4a3f-8af0-daf1e5410f67,1975-05-09,,636-01-4914,S70866063,,Ms.,Angela,Timothy,Brown,,,,black,hispanic,female,Sanderston GA US,8079 Jennifer Tunnel,Savannah,GA,Chatham,15150,31404,42.063515,144.097627,16639.98,8870.68,26475,+1-270-778-9951,lindaritter@example.net,050151298,050201
046124e9-5bec-40c6-9408-5f28ea2a9d39,1988-09-02,,636-95-4218,S48209811,,Mr.,Christopher,Joyce,Owens,,,,white,nonhispanic,male,Jonesburgh MA US,05933 Montes Square Apt. 778,Boston,MA,Suffolk,03481,02215,-80.961389,-49.180211,9700.58,19588.23,32801,725.764.6742,swoods@example.net,050209792,050201
842e572e-b606-4d45-a8a0-ed68001542f5,1978-07-06,,155-04-1977,S24612151,,Ms.,Samantha,,Perez,,Jordan,,native,hispanic,female,Nelsonton MA US,4592 Moses Dale,Boston,MA,Suffolk,01491,02215,-80.180403,-18.5877,12684.86,5617.6,16084,(839)812-5684x565,katievaldez@example.net,050418958,050201
332be664-014a-41f1-8c58-05deb51050d6,1990-12-19,,844-65-4942,S50498444,X38349794,Ms.,Samantha,Patricia,Alvarado,,,,other,nonhispanic,female,Hernandeztown MA US,42388 Bryant Rapid Suite 460,Boston,MA,Suffolk,53834,02118,27.15832,-46.92817,31434.25,17732.85,49659,238-674-2094x857,zsmith@example.com,030599918,030301
ff7a8b68-f4c5-4e6b-8682-1406021813bd,1983-12-14,,160-55-3465,S14325564,X34117060,Mr.,Jon,Gordon,Brady,,,,white,hispanic,male,New Evelynchester MA US,0079 Linda Cove Suite 341,Boston,MA,Suffolk,06177,02215,-13.049872,135.075481,56654.61,12950.65,28611,631-985-3774x37776,michellewilliams@example.org,030293308,030301
0441350b-47b8-48da-adba-a895ec4b1dbd,1969-08-17,,815-78-6516,S56274475,,Ms.,Jillian,Lisa,Howard,,Morgan,S,white,nonhispanic,female,Port Andrew TX US,703 Oconnor Fall,Austin,TX,Travis,42997,78702,-44.29159,-78.301011,37885.75,19772.72,34704,3839367120,wilsonamanda@example.net,030885432,030301
693025c4-632e-4e0b-9b56-128076811b38,2007-05-07,,708-30-9687,S70632788,,Mr.,Justin,,Day,,,D,other,nonhispanic,male,Shawnchester CA US,589 Kim Prairie,Oakland,CA,Alameda,30261,94609,-18.798671,-99.261875,15762.89,35025.82,15596,(936)349-4346,flowersmatthew@example.net,030352161,030301
07ac0784-5ebb-4f49-bbaa-620885cb8a52,1970-07-07,,186-24-4106,S77876110,,Mr.,Antonio,,Bailey,,,,black,nonhispanic,male,Reynoldsport CA US,6483 Lee Court Apt. 141,Oakland,CA,Alameda,34464,94609,2.501663,162.9553,30730.65,8324.94,66513,001-368-344-5944x4389,williamcarpenter@example.net,140364406,140401
24e6c4d1-ecfc-428b-b8e9-874534ca2e9e,1972-03-24,,795-92-3237,S26441491,,Mr.,Joseph,Shannon,Williams,,,S,white,nonhispanic,male,North Christopherland TX US,976 Robert Mall Apt. 379,Austin,TX,Travis,33173,78702,9.273458,47.521364,89991.88,13054.82,34695,4286430921,kingfrancis@example.com,140484900,140401
0d3ba6b6-eb81-4b49-a7ca-3dcff08332c1,1932-01-04,,890-06-0751,S92738369,,Ms.,Colleen,Alicia,Chase,,Figueroa,W,white,nonhispanic,female,Figueroahaven CA US,1006 Kristy Spurs Apt. 175,Oakland,CA,Alameda,46104,94609,41.557094,-65.743337,194724.33,11169.74,72186,(231)204-3745,williamssarah@example.com,140526023,140401
cdc7d643-26c6-4dae-a830-b7228aa20f30,1987-05-16,,605-23-8703,S33527815,,Mr.,Samuel,,Vazquez,,,D,white,nonhispanic,male,Lake Marcberg IL US,4590 David Stravenue Suite 631,Chicago,IL,Cook,32510,60612,-82.639942,153.097124,31763.26,12601.01,105096,494.581.1679,pharmon@example.com,140683104,140401
cb1ade4f-4a67-4e26-92aa-8e6cfd9d9146,1939-07-24,,348-05-8362,S88113197,,Ms.,Shelly,,Wyatt,,Dennis,W,white,hispanic,female,Acostatown GA US,17257 Amy Path,Savannah,GA,Chatham,28936,31404,-32.269742,-24.080583,63851.61,2258.95,33027,639.754.1682x2422,myerstheresa@example.org,110264039,110501
c6e6ac55-0c53-47fb-b798-2a6e1f412785,1970-06-20,,439-17-4863,S89221555,X98426624,Mr.,Jordan,Natalie,Miller,,,,asian,nonhispanic,male,Rayville GA US,9781 Petersen Row Suite 468,Savannah,GA,Chatham,47374,31404,-26.300084,62.38666,51841.63,64905.57,22398,001-247-701-9084x59611,mbrown@example.net,330766969,330101
e422868c-e6f2-4bf2-aee4-1bb8c36573c4,1947-02-14,,249-92-3037,S17533705,,Ms.,Lisa,Patrick,Jefferson,,,S,asian,nonhispanic,female,Erichaven AZ US,737 Carolyn Mission,Phoenix,AZ,Maricopa,42839,85006,-88.968284,167.039041,35035.25,29431.08,47157,426.391.6014x7568,dmclean@example.org,330140159,330102
6c050727-0af4-4e78-a31b-065c2e27b02f,1971-09-19,,684-10-0593,S30095967,,Ms.,Barbara,,Thomas,,,W,white,nonhispanic,female,West Peggystad TX US,0648 Matthew Via Suite 463,Austin,TX,Travis,46702,78702,-35.960837,149.488938,85361.3,11684.15,53285,476.785.7551x490,ramirezleah@example.org,330999773,330102
c5538591-a84d-4bba-ad6d-4c6e32ab2726,1991-07-29,,122-58-9947,S38466608,,Mr.,John,Kevin,Ramirez,,,S,white,nonhispanic,male,New Christophermouth IL US,75752 Lisa Knolls Suite 494,Chicago,IL,Cook,04126,60612,-8.588154,-11.121965,30640.23,8627.64,52349,+1-815-608-7911x1594,martinezkathleen@example.com,050768320,050201
2bb14da7-6636-4a5a-ad28-3d4034bcb87b,1975-02-23,,750-78-3493,S37844694,X42212260,Mr.,Alfred,,Jordan,,,M,other,nonhispanic,male,Lisaville AZ US,3003 Juan Groves,Phoenix,AZ,Maricopa,53276,85006,19.080763,96.605092,8289.45,4518.76,24407,488.891.8427x5927,jwebb@example.com,050946941,050201
b8315781-0249-4c06-9606-1cd9adcb5af3,1975-08-20,,668-61-8765,S60910141,X39549292,Ms.,Kimberly,Holly,Morales,,Sexton,S,white,nonhispanic,female,Orozcoshire MA US,5634 Christine Mews,Boston,MA,Suffolk,21422,02215,-60.964133,54.015034,25660.08,29245.16,47518,523.297.3141,dguzman@example.net,050367618,050201
044e33e5-3b17-4f2c-98e4-3b96e705da53,1983-09-22,,249-41-8584,S14663694,X70863990,Mr.,John,Austin,Hogan,,,S,black,nonhispanic,male,Prestonmouth TX US,546 Victoria Springs,Austin,TX,Travis,23288,78702,-75.215491,149.956288,13906.71,30268.3,41262,(399)231-4020x2958,wrosales@example.net,050795267,050201
53075833-cd51-4a20-ab0b-f50c17451269,1951-12-08,,003-19-0304,S60260216,X61546986,Mr.,David,Alan,Martinez,,,,white,nonhispanic,male,Lake Ryan MA US,8369 Angelica Fall,Boston,MA,Suffolk,04133,02118,54.93551,42.31072,9861.2,9605.15,22749,(788)680-4328x27743,evan21@example.com,050732826,050201
9cb19ed1-0057-41be-a9c4-fafa91bbb3e2,1957-11-09,,222-24-9865,S15516625,,Ms.,Connie,Richard,Cain,,Kane,S,white,nonhispanic,female,Jacksonland IL US,3763 Joel Mill,Chicago,IL,Cook,28467,60612,49.159063,-77.817588,31871.85,30169.99,63117,001-382-585-3646x9051,allisonmartin@example.org,050601685,050201
070f8070-7e91-4ef1-a3c0-194129ee32f3,1990-09-24,,659-96-1068,S61233812,,Ms.,Morgan,Nancy,Carlson,,,W,asian,nonhispanic,female,Wilsonmouth MA US,73877 Randolph Run,Boston,MA,Suffolk,10951,02118,16.998841,-145.811866,45530.83,17556.1,36903,001-701-891-5574x97699,cynthiaorozco@example.com,030889234,030301
d7e9a920-7bf9-4e5d-b519-d3137eb44445,1968-05-13,,457-07-7591,S65510311,,Mr.,James,,Mason,,,S,white,nonhispanic,male,Warrenberg IL US,73131 Parker Springs,Chicago,IL,Cook,24407,60612,22.079263,-48.948838,18179.3,78208.21,53564,4023617741,iwatson@example.com,140504020,140401
cd96b686-ed03-46e8-8ed8-7d207a4c29c3,1961-05-27,,476-74-2406,S63316850,,Ms.,Lauren,Paul,Long,,,,black,nonhispanic,female,Lake Brenda TX US,0629 Wallace Mews,Austin,TX,Travis,49950,78702,62.915478,112.83558,28506.07,22187.73,26048,742-218-7362x125,kimberlyroberts@example.com,140756188,140401
35dd306b-82f2-4479-b0ef-cf30c7c7c296,1925-08-10,,003-33-4410,S81135927,X43327964,Ms.,Heather,Jimmy,Stafford,,Hanna,,white,nonhispanic,female,Brandonfort MA US,17979 Cynthia Prairie Suite 892,Boston,MA,Suffolk,28545,02215,-56.535819,-46.797935,47258.84,15679.98,87595,8325843136,jonathon96@example.org,140779394,140401
2d423d6e-faf2-4d20-9e66-987df97972a7,1948-12-01,,740-50-9463,S16113326,X47986821,Ms.,Margaret,Mark,Evans,,,M,white,nonhispanic,female,Justinville IL US,13607 Thompson Groves Apt. 789,Chicago,IL,Cook,18491,60612,-87.222913,-148.685807,33567.21,9987.15,23024,(485)753-6948,roblesabigail@example.org,330872482,330101
c2d3fba0-2596-4915-87bb-1e89371f7d96,1960-12-15,,476-64-2406,S97580710,,Ms.,Yvette,David,Phelps,,Williams,S,white,nonhispanic,female,Millerside IL US,6813 Andrew Villages Suite 007,Chicago,IL,Cook,08767,60612,-25.203256,3.738226,97162.95,40535.93,42115,934-695-5458x61626,stokestina@example.net,330293995,330101
096ec753-0966-4fe2-a45a-d20cbe236f92,1982-09-15,,029-65-6754,S40456383,X91462830,Ms.,Yolanda,Jeffrey,Rojas,,Allen,W,white,hispanic,female,Chambersmouth MA US,4021 Arellano Landing Suite 103,Boston,MA,Suffolk,42166,02118,-18.643728,-17.870096,60899.22,5799.06,58441,750.241.8422,shaun97@example.net,330624567,330102
450e04d9-0c55-4196-a61d-62454ae1fc3d,1970-06-23,,047-56-3723,S28029593,X62684581,Ms.,Julie,Karen,Mahoney,,,S,white,nonhispanic,female,Ingramburgh TX US,7856 Gary Lock Apt. 233,Austin,TX,Travis,09687,78702,-81.649969,-125.01711,28595.41,17249.2,33911,360.677.3750x28759,brivera@example.net,330980779,330102
7ad724d4-d59e-49f4-b0d8-a3926cac9ccd,1995-02-07,,697-65-2147,S97302293,,Ms.,Victoria,Lawrence,Weaver,,,W,black,nonhispanic,female,Jessicabury AZ US,9006 Lewis Square,Phoenix,AZ,Maricopa,09711,85006,-67.246647,45.33923,111765.12,53284.7,115735,976-912-5537x2753,rdunn@example.com,330467732,330102
7eea3298-bd00-40eb-84e0-fb39ad45482e,1963-01-16,,351-61-3431,S28863274,X28075038,Mr.,Patrick,Andrew,Diaz,,,M,other,hispanic,male,New Judyland GA US,575 Joseph Knoll Suite 225,Savannah,GA,Chatham,05585,31404,12.470542,61.111476,12351.04,14623.1,81980,+1-570-575-2103,matajeffery@example.net,330998949,330102
621838b8-8957-4e6c-8988-6e8d0e9e22ef,1940-10-27,,393-04-2062,S44978744,,Ms.,Leslie,,Young,,,W,white,nonhispanic,female,Noblemouth IL US,883 Green Groves,Chicago,IL,Cook,49880,60612,47.416589,1.805006,50939.05,9457.97,33692,397.814.7637x4366,peterduncan@example.com,330681343,330102
2b904f23-4318-49d9-b448-34d28f64c3d8,1925-05-18,,262-39-2943,S99453632,,Ms.,Sydney,John,Bishop,,,M,white,hispanic,female,Brendahaven IL US,81517 Kelsey Estates Suite 047,Chicago,IL,Cook,03204,60612,82.955067,39.102242,7621.35,18781.25,29658,(912)259-4708x00760,sextondaniel@example.com,050484069,050201
aced93ad-1247-4492-af56-fc8eed49a713,1960-04-06,,300-43-8691,S90444817,,Ms.,Rachel,Maria,Love,,,,white,nonhispanic,female,South Davidville CA US,31001 Zachary Square,Oakland,CA,Alameda,46265,94609,-69.416384,52.27874,24705.43,10476.37,30995,650-284-8415,john81@example.net,030217684,030301
e897cae7-605e-4488-9c73-c5f65e08c24d,1942-07-10,,347-81-2490,S43546491,X60366877,Ms.,Jaime,,Lewis,,,S,white,hispanic,female,Barrystad MA US,790 Tyler Falls Apt. 525,Boston,MA,Suffolk,19382,02118,77.835683,-77.040658,95133.06,84548.49,63859,+1-248-871-6984x46700,kristenbenson@example.net,140995384,140401
fa4e3dd0-c470-4985-87af-4df5eac8f834,1958-01-05,,823-82-2679,S10847029,X90405194,Ms.,Kaitlin,,Bradford,,,,white,nonhispanic,female,South Tracie AZ US,389 Randy Roads Suite 993,Phoenix,AZ,Maricopa,41328,85006,51.668203,-125.552312,1972.57,17983.7,17160,(889)309-2092x76089,walkerchristopher@example.org,140899951,140401
b264870d-bc64-4653-996c-540f4b2bde21,1950-07-12,,664-72-0623,S78627976,,Mr.,Mark,Denise,Hernandez,,,,white,hispanic,male,Jasonborough CA US,815 Derek Place,Oakland,CA,Alameda,31072,94609,11.474943,-100.102484,12630.74,12681.44,59498,(268)577-3767x12729,christinaduncan@example.com,140303988,140401
e6a82ef0-80d8-4615-adaa-4e795bcfde84,1994-07-31,,822-11-2035,S22000745,,Ms.,Patricia,James,Perry,,Dunn,W,black,nonhispanic,female,North Sandrafurt CA US,441 Nelson Forks,Oakland,CA,Alameda,06893,94609,-18.225753,16.569386,52534.39,14048.82,50824,6368940060,xwilson@example.org,110523885,110501
8c76ebb8-6965-45ae-a7c8-1c7adda7d1e9,1984-09-14,,809-85-7973,S71871127,,Mr.,Tyler,Thomas,Rojas,,,S,white,nonhispanic,male,Katiemouth GA US,216 Lopez Stream,Savannah,GA,Chatham,36051,31404,-3.026019,-166.556573,5339.32,200584.49,70879,342-745-9408x15799,kennethyoder@example.net,330836393,330101
ce7eb2c0-7918-42f9-bfb3-2765b5fc6b53,1996-07-09,,748-88-6870,S27291256,,Mr.,Scott,Ashley,Boyle,,,,white,hispanic,male,East Bobbyshire AZ US,7391 Fisher Cape,Phoenix,AZ,Maricopa,17364,85006,6.453995,-153.599296,18662.55,32987.08,40943,+1-954-909-9433,beverlysmith@example.net,330520627,330102
f02033e9-977c-4632-bae1-5c0890bed17a,1946-02-06,,152-42-9682,S74369591,,Mr.,Brian,Richard,Carey,,,D,white,nonhispanic,male,New Amberburgh CA US,811 Moore Villages,Oakland,CA,Alameda,49833,94609,81.185339,-135.796007,20276.02,41235.37,73345,350.666.0679x36627,ronaldstephenson@example.org,330781296,330102
92e0eddf-1c54-425f-b1db-e3562c8d462f,1963-01-28,,590-15-4438,S29086963,,Ms.,Kelly,Kathryn,Reese,,Collins,S,black,hispanic,female,South Manuelfurt AZ US,912 Allison Mill Suite 115,Phoenix,AZ,Maricopa,31043,85006,-39.423504,-68.297858,38025.95,6630.47,58456,+1-995-543-7870x77720,brownjesse@example.com,330517187,330102
08fc2402-b154-474e-b26e-36bfc6bd6818,1994-07-10,,072-06-7880,S99550420,,Mr.,Douglas,Timothy,Whitney,,,W,white,nonhispanic,male,South Sharonmouth GA US,5905 Wyatt Burg,Savannah,GA,Chatham,26270,31404,15.467063,-39.149971,26651.78,44932.43,66898,+1-646-506-4322,cvazquez@example.org,030957999,030301
60322093-b6b3-4999-b4d2-3b447f62b4a6,1942-11-09,,538-94-4048,S15495984,,Mr.,Nathan,Micheal,Jones,,,M,black,nonhispanic,male,Pamelabury CA US,99535 Crosby Prairie,Oakland,CA,Alameda,24203,94609,34.533539,-111.733432,38202.62,5664.78,174598,200-992-5245x34083,fnguyen@example.org,030833157,030301
015e6f99-8cd1-42bf-9725-fe73a6ccd490,1931-08-07,,132-21-1496,S96543586,,Mr.,Alan,Helen,Hunter,,,,white,nonhispanic,male,Port Taraview IL US,86604 Amy Expressway Apt. 887,Chicago,IL,Cook,19430,60612,-64.392876,-91.725229,13045.08,21903.12,26552,(812)963-2810x4116,matthewsemily@example.com,140861355,140401
d290c236-f4be-44b5-9cef-ae0308ceba23,2025-03-03,,006-79-7073,,,,Taylor,Seth,Ramirez,,,D,white,nonhispanic,male,Port Scotttown IL US,930 Gonzalez Trafficway,Chicago,IL,Cook,11157,60612,-7.92577,-140.654999,69151.56,19982.28,25281,001-805-527-1778x518,jason23@example.net,330622995,330101
2107accb-6354-4cda-a531-7d52f1ed492c,1952-01-11,,772-10-7115,S86220170,X85246059,Ms.,Lisa,,Brown,,Smith,W,white,nonhispanic,female,Hullchester MA US,7887 Diana Station Suite 814,Boston,MA,Suffolk,31228,02215,-73.046104,40.915083,156919.99,4553.74,41361,(259)827-5783,hstone@example.org,330180140,330102
5f7f32aa-90f8-45e0-8453-cf1ac2692f34,1981-05-21,,526-98-8858,S43518526,X14119392,Ms.,Paula,Brianna,Li,,Matthews,D,black,nonhispanic,female,South Adriana MA US,21479 Jennifer Forks,Boston,MA,Suffolk,21472,02215,-74.93934,106.048877,62598.88,19490.86,18185,+1-528-283-9761x210,kinghailey@example.com,140433662,140401
8b424ac8-08e8-43e2-9e51-aa0cedd5cf2f,1992-01-04,,108-24-7225,S19831168,,Ms.,Christine,Dennis,Hill,,,W,white,nonhispanic,female,Stacyport AZ US,160 Hill Crossing Suite 283,Phoenix,AZ,Maricopa,11331,85006,80.823617,-85.655787,24506.96,24194.95,33604,620-879-2338x872,frankaguilar@example.net,330430320,330101
928bde3c-6125-4e5e-9741-add681b728cd,1964-12-03,,258-22-3933,S69802458,,Ms.,Mary,Craig,Evans,,,W,native,nonhispanic,female,Hannahbury TX US,565 Wilson Mountains Suite 071,Austin,TX,Travis,31464,78702,-1.032652,-141.75256,3776.67,15751.63,61304,4848848109,amandalewis@example.net,330299303,330101
d108cfaf-1fb6-4794-bab1-9bd95f53410a,1948-04-20,,117-17-8132,S23387241,,Ms.,Tammy,Alex,Miller,,Brown,M,other,nonhispanic,female,South Bill TX US,172 Edward Square,Austin,TX,Travis,17380,78702,53.484488,-10.858059,118731.24,13570.85,71983,001-650-595-6662x05376,derrick93@example.com,330752796,330102
f7afd236-1c4e-4e29-8db1-7bb0804fa653,1941-03-10,,750-65-4762,S43991300,,Mr.,Billy,Clarence,White,,,D,asian,nonhispanic,male,Henrybury GA US,698 Ashley Camp Apt. 953,Savannah,GA,Chatham,47955,31404,48.654609,-59.773311,5691.94,32116.83,27472,+1-298-997-2903,acarter@example.net,050862406,050201
90b5a8d2-3edd-4c71-9140-2778c2dc8a0d,1940-05-20,,599-66-2451,S41400989,,Mr.,James,,Bauer,,,,black,hispanic,male,West Brittany AZ US,691 Caitlyn Pass,Phoenix,AZ,Maricopa,10809,85006,83.95648,31.642898,62625.45,8170.05,45553,857.883.7772x77127,daltonarthur@example.org,030910599,030301
a97f7bcc-9e78-4b41-a248-8b3df39a3f3c,1965-12-02,,148-63-6790,S39247608,,Mr.,David,Melanie,Anderson,,,,white,nonhispanic,male,Lorrainechester MA US,32058 Jackson Hill,Boston,MA,Suffolk,38747,02118,57.732008,-17.946927,67930.98,8560.76,128260,001-914-957-2417x543,shelleyreyes@example.org,030354590,030301
18208e1b-8337-4f69-ba92-c7150d7fc6e3,1971-01-06,,861-46-5120,S48752429,X18699140,Mr.,Jeffery,Alyssa,Edwards,,,W,other,nonhispanic,male,Lake Tylertown AZ US,032 Silva Road Suite 420,Phoenix,AZ,Maricopa,46146,85006,13.717678,-92.329653,106468.56,13855.43,66552,+1-930-213-3869x360,sandra99@example.com,140242220,140401
ad81486c-eaf2-4e4b-a623-18038b06617f,1964-04-08,,023-79-0964,S72186783,X56710848,Mr.,Jose,Brooke,Allison,,,W,black,hispanic,male,North Rose IL US,9687 David Points,Chicago,IL,Cook,35278,60612,18.946067,-37.94652,31146.16,33001.29,39772,+1-279-856-4345,woodsnathan@example.com,140453463,140401
42045819-3599-4ca9-884b-b5022bd4fd22,1985-11-07,,872-87-2401,S99708992,,Ms.,Kathleen,Nicole,Fields,,,S,white,nonhispanic,female,East Kristen MA US,2946 Thomas Fall Suite 875,Boston,MA,Suffolk,09914,02118,0.949032,-17.059823,23996.88,5894.94,81457,+1-668-520-2803x70648,kschneider@example.net,330545697,330101
e56a8fdd-c091-4936-b208-566146fe7350,1957-06-05,,089-88-2623,S66469471,X37248729,Ms.,Haley,,Rice,,,W,other,nonhispanic,female,Michaelhaven AZ US,199 Charles View Suite 916,Phoenix,AZ,Maricopa,09434,85006,-83.834833,-165.027239,20473.44,56897.89,44358,837-347-7389x2030,cynthia75@example.com,330959282,330102
f2a11f61-5216-4a7d-9223-3d3bf34d31b4,1973-10-25,,146-11-0795,S83844468,,Mr.,Carlos,Carolyn,Robinson,,,,asian,nonhispanic,male,West Rachelton GA US,02230 Ryan Pike,Savannah,GA,Chatham,13942,31404,17.356984,-109.356316,23733.52,35041.4,12884,(580)335-3411x55284,clarkmary@example.org,330711328,330102
e277c6ab-7c6c-41b3-ab26-a032082aa9a2,1967-05-19,,827-07-5758,S10193883,,Mr.,Robert,,Garrett,,,,white,nonhispanic,male,Lake Lauren IL US,10255 Joseph Stream Apt. 375,Chicago,IL,Cook,15259,60612,-9.256924,-177.282384,76890.47,5254.79,22511,713.215.3651,michaelgreen@example.com,330686593,330102
df578bcd-4110-4e01-9318-52958bcf1ea3,1958-04-14,,806-47-2487,S18057083,,Ms.,Diana,Judith,Vazquez,,,,white,nonhispanic,female,New Thomas AZ US,7860 Garcia Loop,Phoenix,AZ,Maricopa,06463,85006,79.423776,-147.176528,42870.44,32795.97,29810,001-266-579-1285x22127,kathleendavis@example.com,050919963,050201
389a4071-0bc3-4e1b-be2f-e7976e16fe8d,1934-09-17,,273-74-0418,S86718461,X18202807,Mr.,David,Sandra,Martinez,,,W,white,nonhispanic,male,Lake Debraberg TX US,98968 George Crossing Suite 604,Austin,TX,Travis,15485,78702,-61.357021,-52.883978,53480.28,31647.87,62601,729.426.3977,mario69@example.com,030837188,030301
0a0c4b6b-0409-43c7-9b77-64f62ac6e5b0,1978-09-11,,339-11-6469,S25733437,X82097796,Ms.,Diane,Julie,Orozco,,Washington,,white,hispanic,female,Austinstad MA US,02304 Roberts Shoals,Boston,MA,Suffolk,54765,02118,-48.360245,133.495716,65492.75,5859.95,43528,001-898-958-0678x67694,matthew24@example.net,140160314,140401
b0e16a64-886a-487e-b509-efa0bde832c1,1946-03-15,,503-48-1308,S24448145,X31128056,Mr.,Brandon,,Ward,,,W,white,nonhispanic,male,North Laura IL US,865 Walker Ports,Chicago,IL,Cook,22783,60612,36.952179,-157.655044,21801.3,10311.14,56694,(948)856-9835x41996,curtislevine@example.com,140428453,140401
f418374c-83e3-4da5-b2ba-2cae4497af90,1948-12-02,,798-88-0816,S43616149,X71170101,Mr.,Michael,Michael,Wright,,,W,white,nonhispanic,male,East Daniel CA US,2639 Bridget Island,Oakland,CA,Alameda,09330,94609,-69.457443,57.922138,41528.31,22890.48,95075,001-550-389-6490x9763,warren04@example.org,140544541,140401
4466dc26-564b-4731-855b-4c0672a262a1,1946-06-26,,319-42-7690,S77068679,X79976424,Mr.,Justin,Carly,Hayden,,,D,other,hispanic,male,Riveraport MA US,219 Holloway Run,Boston,MA,Suffolk,54662,02215,-39.567355,35.120303,14143.14,7020.83,54998,516-233-4893,theodorefrazier@example.org,330408413,330102
a0dd2766-29d4-486c-b462-4ea76a492d75,1991-02-10,,164-07-2655,S34672258,X62947925,Ms.,Amy,,Maxwell,,,W,white,nonhispanic,female,Duranland MA US,59242 Bowers Inlet Apt. 149,Boston,MA,Suffolk,34937,02215,68.952241,68.265634,89517.14,41032.27,40087,(718)388-2396,ngriffin@example.net,330365524,330102
a8658eee-d87f-43d3-ae97-25cd634fdd4e,1993-02-02,,489-86-4490,S39865561,,Mr.,Edward,Timothy,Thomas,,,S,white,nonhispanic,male,Timothyborough TX US,6734 Pamela Gateway,Austin,TX,Travis,18439,78702,47.905525,-76.784978,172347.09,13129.03,118135,5694358068,bcollins@example.net,330193363,330102
68f30e35-fedc-45a3-8189-7d896c2ba2b3,1966-12-15,,280-08-0887,S97987302,X71190487,Mr.,Jeffery,Rebecca,Wolf,,,M,white,nonhispanic,male,East Bethchester GA US,137 Morris Radial Suite 258,Savannah,GA,Chatham,02656,31404,68.209154,179.594151,3133.53,14662.08,75826,699.500.7761,carolyn37@example.com,050859776,050201
1247c881-3f09-41e2-977f-c23c78c4eb72,1974-08-22,,642-61-2737,S83118134,,Ms.,Jennifer,Keith,Scott,,,D,white,nonhispanic,female,Moorehaven MA US,05587 Pearson Oval Apt. 693,Boston,MA,Suffolk,47542,02118,-36.886604,-161.554538,96299.36,26503.58,37101,(478)568-0486,joeanderson@example.com,140138746,140401
22d82f3f-b4d3-4c69-950a-e76815a545bd,1988-07-13,,842-73-3375,S44473726,,Mr.,John,Robert,Shannon,,,W,white,hispanic,male,New Destiny IL US,010 Flores Brook,Chicago,IL,Cook,33319,60612,25.71379,-106.824103,45883.5,82589.19,105365,(551)870-7270,brittany14@example.net,140407102,140401
0765d730-21e6-458c-a5e6-6692fd6c438e,1940-01-20,,694-55-0366,S82584879,,Mr.,Chris,Meredith,Gordon,,,S,other,nonhispanic,male,Derekbury MA US,575 Samuel Roads,Boston,MA,Suffolk,33157,02215,43.212165,-168.327625,118490.63,37603.5,85561,347-821-6423,phelpstina@example.net,110532955,110501
c76d3762-3b81-4d2b-92bc-7dd2a496aa48,1950-10-07,,413-11-5137,S78413193,X84940839,Ms.,Nancy,,Brown,,,W,other,hispanic,female,South Susanport AZ US,0186 Ewing Row,Phoenix,AZ,Maricopa,45036,85006,37.207924,121.302917,26922.03,20095.46,31980,+1-884-246-1833x57568,josephmurphy@example.net,110980764,110501
d0d62a8a-5ee0-4d3b-b7f4-558bc46f2f6f,1951-05-01,,845-48-8248,S38008802,,Ms.,Sandra,,Conley,,Campbell,M,white,hispanic,female,Christophermouth TX US,95006 Boyd Trail,Austin,TX,Travis,36035,78702,89.929423,-50.397715,191660.84,6429.63,32521,3257933218,barrettlawrence@example.com,330712051,330101
1deb2952-d759-4de5-bb8e-35e665a99696,1937-01-02,,806-42-9307,S14768189,X72625364,Mr.,Kevin,,Spencer,,,S,white,nonhispanic,male,New Stephanieshire CA US,5862 Rosario Shore,Oakland,CA,Alameda,16202,94609,2.576224,-58.848573,23185.21,106040.57,27046,2684035768,danielle15@example.org,330214575,330101
628dbe51-7d9a-4e25-a611-31458faca7d1,,,061-62-3030,S11916401,,Ms.,Nancy,Robert,Alvarado,,,,white,nonhispanic,female,Christinaton IL US,76250 Kimberly Turnpike Suite 111,Chicago,IL,Cook,41087,60612,-24.794762,-75.81129,262909.97,9069.1,36664,512.238.1285x39277,othomas@example.com,330264160,330101
655ded39-0a05-47f5-a9d9-6e04b7bd537a,2002-11-03,,308-92-4975,S86095590,,Mr.,Kyle,Jay,Jennings,,,W,white,nonhispanic,male,Clarkemouth AZ US,674 Alicia Springs,Phoenix,AZ,Maricopa,25017,85006,47.863096,12.8486,19091.63,28361.27,16267,567-796-5103,rhouston@example.org,330135862,330101
a33c80e4-8451-428e-b3a0-00db1b8e9284,2004-03-09,,168-15-1084,S56166574,,Ms.,Susan,Lisa,Kelly,,,,white,nonhispanic,female,Smithmouth CA US,2293 Todd Hill Suite 492,Oakland,CA,Alameda,54097,94609,-36.591173,166.068031,63418.1,5125.21,79905,+1-744-531-7051x22426,smithkristine@example.com,330652915,330101
6f935f82-ae6a-4225-ad0f-83495491e1b4,1975-05-09,,271-90-3156,S78046853,X15790486,Mr.,Raymond,Kayla,Fisher,,,M,other,hispanic,male,Lake Keithberg MA US,148 Barbara Mission,Boston,MA,Suffolk,30853,02118,-74.074967,148.785881,113878.51,6036.94,48554 mg,910.553.4136x11504,elliottdaniel@example.com,330882295,330101
141bcc7b-97b7-4349-91ff-ee50f74b1f50,2000-02-18,,719-08-6716,S17639050,X65831205,Ms.,Kelly,Vicki,Mccarthy,,,M,white,nonhispanic,female,Lake Ryan AZ US,3171 Tanya Forge,Phoenix,AZ,Maricopa,38915,85006,21.783481,172.113858,93243.46,164166.09,28305,348.264.5972,jamestaylor@example.org,330197143,330102
5ae1d43e-9d0e-48f7-b145-1e77561a2150,1939-11-29,,453-01-1497,S52495933,,Ms.,Shannon,Jeremy,Acosta,,,D,white,nonhispanic,female,North Anna IL US,7997 Hernandez Neck Apt. 529,Chicago,IL,Cook,50018,60612,-49.460692,-84.940524,33349.97,14038.33,86337,4493917998,charlesbutler@example.net,330669521,330102
f4aa7302-391c-439e-aeb7-b5cf05abfced,1979-03-21,,512-23-4616,S59356723,,Ms.,Elizabeth,Patricia,Reyes,,Mcconnell,,white,nonhispanic,female,Hillfurt MA US,630 Julia Ville Apt. 831,Boston,MA,Suffolk,51600,02215,14.301697,134.355508,13643.45,6687.99,47929,+1-709-505-3340x8110,msalazar@example.com,330730982,330102
c321d50e-c25a-4d45-bd71-fd3ee030f905,1968-08-16,,575-95-4420,S29354609,,Mr.,James,Victoria,Terry,,,W,white,nonhispanic,male,Rowlandland MA US,149 Cheryl Shoals Apt. 901,Boston,MA,Suffolk,05286,02118,-69.276827,-179.589546,37878.63,1793.75,18786,293.316.7638x57694,johngalvan@example.org,330958195,330102
98195667-3052-43ac-9929-8be8f20a32a0,1982-11-14,,162-68-5312,S40622428,,Ms.,Donna,Rodney,Thompson,,,S,white,nonhispanic,female,Pamelashire IL US,431 Brian Way,Chicago,IL,Cook,45941,60612,-2.459812,12.230871,35052.52,38824.69,76240,+1-297-483-6500x41641,ronaldmartin@example.net,330236353,330102
d6c897de-b1fe-4157-a529-b0db93a9cd87,1999-03-24,,372-91-2354,S97601802,,Mr.,Phillip,,Evans,,,S,white,nonhispanic,male,North Gregory CA US,7682 Villanueva Mews,Oakland,CA,Alameda,48598,94609,-36.483507,83.750115,13823.55,4526.21,111304,001-854-598-6305x5611,gabriel35@example.net,050800765,050201
ad9ccd5f-fdcf-489d-829d-5e7901b5d83b,1967-02-08,,329-42-2163,S62472279,X95538111,Ms.,Amanda,George,Robertson,,Mcknight,D,white,nonhispanic,female,Erikaton AZ US,156 William Underpass,Phoenix,AZ,Maricopa,43273,85006,-5.682097,-56.097355,128001.37,9091.57,230715,958-206-4202x753,tammyhaas@example.com,050223554,050201
1ceb17ff-d532-47d0-8a53-8cbd06b5d7a7,2004-04-25,,780-96-5407,S15251651,X64427102,Mr.,Jeffrey,Jerry,Anderson,,,D,white,nonhispanic,male,New Billychester MA US,62102 Guzman Course,Boston,MA,Suffolk,01499,02215,67.419703,-148.538552,43004.97,24375.07,55683,(811)659-5728x38663,ktravis@example.net,050592002,050201
fbdd0a74-9083-489a-a192-a2e03fab7c9e,1970-12-04,,447-41-3697,S62792036,X87957738,Ms.,Angela,Chase,Clark,,,,black,nonhispanic,female,Port Jenniferton GA US,28465 Sarah Ways,Savannah,GA,Chatham,53474,31404,-3.557773,-44.988485,9280.77,9801.45,85972,233.408.2855,alexisyoung@example.net,050968504,050201
6b8bc4ff-b3f7-4f4e-b5f5-1db129498f44,1987-10-15,,019-97-8978,S60581556,,Ms.,Brooke,Linda,Woods,,Frazier,M,white,nonhispanic,female,North Ashleytown GA US,811 Andrews Roads Suite 899,Savannah,GA,Chatham,18276,31404,54.069505,37.105256,18656.39,35339.29,32798,+1-804-362-7238,tbanks@example.com,050547092,050201
6394a71b-0580-493b-9a62-3e3a1f127b9c,1968-11-01,,780-99-4246,S38029756,,Mr.,William,Jason,Gomez,,,M,white,nonhispanic,male,New Marvin MA US,14353 Osborn Track,Boston,MA,Suffolk,26081,02215,-83.205112,-170.732951,6372.31,58923.74,25899,630.911.8872,isaacchang@example.net,140729210,140401
d5151874-7932-4bc9-9c1d-1b7a13305dca,1974-01-27,,470-24-0407,S49999510,,Ms.,Madison,Cameron,Mills,,,S,white,nonhispanic,female,Port Laurenchester AZ US,27455 Salinas Unions,Phoenix,AZ,Maricopa,27707,85006,48.123285,73.513224,4082.33,8977.57,125603,613-449-3915x24951,lisa45@example.net,140608194,140401
e9fb8ba6-2a4c-48ba-a9dc-adc9c0249ab1,1940-12-31,,136-21-8395,S33541299,X40255752,Mr.,Christopher,Karen,Gregory,,,S,black,nonhispanic,male,Coleburgh CA US,868 Thompson Mill Suite 335,Oakland,CA,Alameda,21611,94609,16.839343,61.643578,33717.56,27205.63,46690,001-789-705-6317x493,williamsjessica@example.org,110792985,110501
b592264e-0edc-4a27-954c-f0afcdfdaf35,1950-11-22,,117-86-5025,S50415744,,Mr.,Benjamin,Erica,Baker,,,,black,nonhispanic,male,Christophertown MA US,523 Johnson Brook Apt. 228,Boston,MA,Suffolk,55387,02118,84.592297,134.19117,19186.26,30848.35,64536,+1-784-658-8495x552,morrisjames@example.org,110762169,110501
0369bf7d-d394-43e4-a603-1e3289a2b62f,1951-09-17,,880-38-2732,S94252796,,Ms.,Sara,,Willis,,,M,white,hispanic,female,North Lindafort IL US,7103 Katherine Freeway,Chicago,IL,Cook,07896,60612,2.067051,58.43251,158862.99,4259.95,33074,733.455.4730x97067,christinaoliver@example.com,050826146,050201
5d662c21-0ab7-46d8-904f-ebba83b77435,1966-11-22,,196-11-8299,S89591806,,Mr.,William,Brandi,Bradley,,,M,black,nonhispanic,male,Shawnland GA US,5704 Rowe Wall Suite 034,Savannah,GA,Chatham,25622,31404,10.166857,-4.398186,29366.07,45679.7,63546,685.532.2677,johnsonjoseph@example.org,050888891,050201
1c6ca5a5-e006-49d2-a85a-cc5e9b355b26,1983-04-15,,814-72-0054,S15209511,,Mr.,Michael,,Carter,,,W,white,nonhispanic,male,Lake Belinda CA US,437 Mcdonald Walk Suite 870,Oakland,CA,Alameda,36115,94609,64.393822,-43.690118,23670.17,30042.08,67115,4007725043,nicholas30@example.org,030792493,030301
969cefef-8292-4770-acb0-42dcf90712f2,1928-12-22,,267-02-1092,S67536872,,Ms.,Lauren,Christine,Le,,,D,other,nonhispanic,female,Dennisborough TX US,95436 Kevin Ferry,Austin,TX,Travis,31642,78702,30.977987,-125.52049,39888.36,14543.99,45433,001-794-516-3861x10773,belinda16@example.org,140487752,140401
3981b3d1-3aec-4a00-a1f1-8545492c6259,1946-04-29,,079-83-4839,S53232426,,Mr.,Robert,Jason,Castro,,,D,asian,nonhispanic,male,East Barbarahaven TX US,0078 Johnson Brooks,Austin,TX,Travis,06678,78702,-53.590297,-123.211253,7313.0,4132.05,35509,650.478.9200x50135,christopher49@example.org,330524685,330101
e5cfa96b-d58e-4af3-a94a-80e68f5b0cb1,1982-07-17,,072-54-6889,S85724386,X57070904,Mr.,Christopher,Isaac,Rodriguez,,,,black,nonhispanic,male,West Jessica CA US,2004 Kimberly Turnpike,Oakland,CA,Alameda,16836,94609,60.267234,-30.771638,44430.71,6547.19,96411,+1-200-548-8690,joshuacox@example.com,330303672,330101
112e2d49-3dd9-4fca-af73-b1d1bffe6a60,1953-11-27,,604-75-0915,S19314983,,Mr.,Joseph,Lindsay,Lynn,,,M,other,nonhispanic,male,Bushport IL US,31219 Angela Junction Suite 598,Chicago,IL,Cook,19338,60612,19.883394,-38.372655,24905.49,24907.7,86925,634-445-1802x29967,connie11@example.net,330779628,330101
79611b88-2874-4e30-827a-6030673c4115,1983-12-22,,607-56-0834,S60321348,,Mr.,Ryan,Joshua,Berg,,,,white,hispanic,male,Shawnshire TX US,7289 Love Greens,Austin,TX,Travis,15716,78702,-26.654682,-15.074,67846.1,8375.07,35081,+1-977-723-5975x537,hwallace@example.com,330557432,330101
e7c2f1f9-cd98-47ea-88d2-dc4e4491129c,1971-07-04,,495-04-7421,S91295814,,Ms.,Kimberly,Tracy,Wong,,Montgomery,W,white,nonhispanic,female,Ruizfurt AZ US,80392 Perry Plaza,Phoenix,AZ,Maricopa,24760,85006,89.04172,37.638635,36704.47,31609.46,71545,455.681.4250,craigkaitlyn@example.com,330516731,330102
24ff5f87-a7d5-4c06-a9c2-b402d35ce026,1970-02-07,,646-74-6313,S86139927,X51650670,Mr.,Philip,Danielle,Perry,,,M,white,nonhispanic,male,Bakerberg GA US,05035 Hoffman Creek Suite 106,Savannah,GA,Chatham,36343,31404,-72.182499,-78.537228,127648.94,9888.38,126349,+1-372-287-2303x42871,archercarol@example.net,330561385,330102
0e23c9ef-49d3-4450-8142-a8286ca968dc,1940-03-13,,740-72-8544,S31163406,,Ms.,Leah,Tasha,Porter,,Smith,W,white,nonhispanic,female,Sarahshire CA US,165 Jasmine Burg,Oakland,CA,Alameda,52671,94609,57.38893,-150.932779,9534.51,25106.1,119291,741.999.2992x458,hestes@example.org,330467615,330102
00761229-107f-47ba-8ce6-cca64c64e2a0,1954-03-11,,693-03-7174,S65549731,X94670990,Ms.,Cynthia,Erica,King,,,M,white,nonhispanic,female,North Joanfort GA US,167 Cobb Junctions,Savannah,GA,Chatham,39543,31404,37.737259,-10.373761,28281.02,40224.4,23416,4316830189,eric12@example.net,330217524,330102
61fa2823-827f-40f2-9704-de13faf88c91,1966-08-21,,043-61-8834,S21237865,,Mr.,Jacob,Charles,Holmes,,,M,white,nonhispanic,male,Cindymouth IL US,8084 Daniel Prairie Suite 273,Chicago,IL,Cook,29365,60612,-49.341727,118.411351,9037.1,9585.99,60003,916-213-1998x241,oliverkelly@example.net,050770316,050201
3d234a5e-ce4d-4f6a-9305-c9309fd3aa19,1970-05-25,,586-40-7253,S30712602,,Mr.,Michael,Bradley,Dougherty,,,,white,nonhispanic,male,South Christopherside MA US,36401 Andrew Village Apt. 201,Boston,MA,Suffolk,29480,02118,-12.943503,92.558597,31679.93,2912.87,44377,9932733856,deborahbrock@example.net,050439851,050201
dcd3e1e5-b9b8-430a-8c19-08db582223f0,1996-01-05,,554-16-8024,S98225179,X52206846,Ms.,Dawn,Gina,Arias,,,D,white,nonhispanic,female,Port David CA US,54095 Julie Shore,Oakland,CA,Alameda,45034,94609,-67.889243,103.959585,105209.26,17184.75,58603,838.399.0525x2620,mossstephanie@example.com,050704803,050201
d24fcf56-1ecd-47d5-84bb-e6657f3d1d49,1976-02-26,,808-08-4293,S69877711,,Ms.,Stephanie,,White,,Jones,D,white,nonhispanic,female,Port Lindaland CA US,403 Garcia Walk,Oakland,CA,Alameda,04642,94609,30.464801,68.497143,35512.64,15477.2,15232,590-278-4562x41275,amandagutierrez@example.com,050754800,050201
fb4a7004-eab6-43c9-8519-2d81a233cfaf,1940-03-25,,194-21-3103,S36400615,X54052474,Mr.,Jeremy,,Perez,,,W,white,nonhispanic,male,Tonyaland MA US,2144 Tracey Ramp,Boston,MA,Suffolk,13632,02118,-4.003494,175.551643,31214.83,36653.01,51176,001-945-746-1173x881,kmejia@example.net,050816043,050201
3ab6373a-16fa-4fd7-987d-82545986bd43,1956-06-13,,516-90-6935,S28582680,,Ms.,Alexandria,Jonathan,Wright,,Miller,D,white,nonhispanic,female,Elliottberg MA US,9837 Dunlap Gateway Apt. 478,Boston,MA,Suffolk,37689,02118,37.666778,56.624258,60623.42,13846.92,123204,(564)927-3913x28770,anthony04@example.net,030572797,030301
42b7b592-eb9e-4772-87f6-943251e8a507,1985-10-01,,588-19-9795,S17346845,,Ms.,Amy,Derek,Pena,,,M,white,hispanic,female,Benjaminton AZ US,5086 Rowe Meadow,Phoenix,AZ,Maricopa,48439,85006,5.464457,53.303505,35726.11,10213.45,85600,811-476-6678x84248,tiffanysullivan@example.com,030407908,030301
7157eb8f-bdb0-49f2-ab7a-18cea84393c9,1990-08-26,,386-63-7860,S93945661,X12545673,Mr.,Richard,Christopher,Houston,,,W,asian,nonhispanic,male,Lake Laurastad CA US,245 Ricardo Key,Oakland,CA,Alameda,02042,94609,51.28911,-22.945432,87199.99,42763.98,24170,252.525.6836x4333,darrengentry@example.org,030843306,030301
e0d31798-8a7a-4d9b-88ad-cf655a262bbe,1975-03-28,,385-94-0501,S23861990,,Ms.,Michelle,Shawna,Lopez,,,W,white,nonhispanic,female,Port Amy AZ US,914 Moore Prairie Apt. 759,Phoenix,AZ,Maricopa,13212,85006,70.759474,-100.089632,26841.19,26000.35,100582,001-801-252-9252x9876,mcervantes@example.net,030478709,030301
ac8342f0-fc62-4c2a-aaf6-da837cea3d6a,1951-06-02,,151-46-1531,S11067504,X93017711,Ms.,Caitlin,,Hampton,,Gutierrez,D,white,hispanic,female,Evansstad GA US,00241 Noble Gardens Apt. 856,Savannah,GA,Chatham,54973,31404,79.334662,5.567799,253757.27,14023.14,125536,001-538-638-3057x1501,patrick28@example.com,140241755,140401
d4eae5a7-cdfb-4acd-9ff1-8614b826920a,1983-02-08,,555-87-0699,S90419467,X14971565,Ms.,Cynthia,,Anderson,,,,other,nonhispanic,female,East Derek GA US,9656 Shawn Spurs,Savannah,GA,Chatham,42099,31404,82.782507,114.671017,5489.0,104589.62,55506,214.700.6663x575,williamsdawn@example.com,140949879,140401
8b950c4e-f017-4b32-8df5-9aa0d2646aee,2025-09-20,,223-95-0380,,X15712690,,William,Maria,Strickland,,,S,white,hispanic,male,Lake Heather CA US,051 Cruz Run,Oakland,CA,Alameda,07414,94609,28.705975,116.755718,44735.18,31469.48,63901,537-581-6591x8893,piercealexandra@example.net,140468964,140401
02cee4c1-112e-4cb5-bf21-ef0e659b6714,1955-11-12,,528-62-2216,S79767905,,Mr.,Alexander,Anthony,Collins,,,M,white,nonhispanic,male,South Bryanville GA US,637 Williams Knoll Suite 829,Savannah,GA,Chatham,30254,31404,72.406453,124.447025,119778.95,14312.36,36089,635.529.2176x7706,rachel49@example.net,140555274,140401
d46a8d3e-08da-401f-8f86-25e15b2f59b3,1974-06-18,,009-23-8260,S97322026,,Ms.,Jessica,Michael,Alexander,,,W,white,nonhispanic,female,New Richardfort AZ US,4475 Colleen Roads,Phoenix,AZ,Maricopa,13420,85006,85.212788,85.13087,48803.64,4858.78,39656,+1-221-852-2130x39946,iwarren@example.com,140412014,140401
5a6a3783-e8db-4568-b212-15236dc2c55c,1959-07-14,,896-62-5795,S59181556,X47937946,Ms.,Brittany,,Barton,,Martinez,W,black,nonhispanic,female,Jacksonview AZ US,30673 Smith Stravenue Suite 173,Phoenix,AZ,Maricopa,23225,85006,86.010882,114.788351,21245.16,10532.24,27054,(798)890-2160x64310,smithfrancisco@example.org,140757782,140401
e7a3ea32-e7d7-45e2-8d74-2cc6b77f2c58,1978-02-07,,841-51-4874,S14121286,,Ms.,Kristin,Laura,Perez,,,W,black,hispanic,female,Lake Kimberly AZ US,79125 Duane Islands Apt. 576,Phoenix,AZ,Maricopa,34720,85006,-21.872471,-76.382195,11378.37,2666.64,70742,(301)439-9048x8802,ileon@example.com,110462283,110501
490a5bd9-fd2e-4781-8c70-4bb789681f0d,1974-08-30,,464-56-2061,S52523582,,Ms.,Desiree,William,Best,,,M,black,nonhispanic,female,Alexanderton AZ US,654 Dodson Viaduct,Phoenix,AZ,Maricopa,48303,85006,79.177335,178.850645,11229.5,86137.5,17716,001-946-765-1747x485,clinephillip@example.com,330157756,330101
c7547083-8379-4fc5-a058-c1cd3f792bd5,1967-12-06,,289-85-0004,S46059977,,Ms.,Evelyn,Christopher,Olson,,Ward,S,white,nonhispanic,female,Hendrixhaven GA US,258 Woods Haven,Savannah,GA,Chatham,28851,31404,-24.576199,3.600939,11930.87,13300.35,39974,286-732-6157x881,kristennichols@example.com,330282233,330101
6b7c545c-44bd-435e-ae61-4bd389734bfe,1968-06-09,,033-69-9453,S85089433,,Mr.,Jacob,,Cook,,,M,asian,nonhispanic,male,West Erin IL US,52842 Brittany Estate Suite 271,Chicago,IL,Cook,29176,60612,0.659548,93.708042,17540.61,29435.55,39695,440.368.0784,james88@example.com,330711243,330101
eae62adc-e4c0-40b3-b15a-e7a96ac9cd78,1960-03-18,,782-10-5290,S91431113,,Ms.,Christine,Tammy,Williams,,,S,white,nonhispanic,female,East Stephanie MA US,913 Julie Ports Apt. 176,Boston,MA,Suffolk,36274,02118,86.612561,-102.313319,12040.38,15820.95,74349,479-857-4703,kimberlyevans@example.com,330912393,330101
53fddf67-bd07-43b2-ae0e-f71a08a08af5,1929-03-31,,338-85-7711,S10041947,X15645557,Ms.,Erica,David,Barber,,Hood,W,other,nonhispanic,female,Pattersonberg IL US,072 Roy Vista,Chicago,IL,Cook,36203,60612,-60.251764,170.12806,35777.85,14835.1,135420,001-930-261-2118x56254,julia48@example.com,330465411,330101
58f7c947-b5ff-41f1-b7e8-8bc05fcae921,1963-04-19,,424-97-9709,S11822657,X43063550,Mr.,Andrew,Ruben,Thomas,,,M,white,nonhispanic,male,Clarkton TX US,05015 Thompson Hills Suite 273,Austin,TX,Travis,50060,78702,84.72491,148.146044,9171.54,28890.42,39721,001-423-604-9223x932,gkelley@example.org,330909633,330101
f704eb64-8601-40d0-be15-e081ab4a9570,1973-01-19,,669-54-8576,S75541263,,Mr.,Omar,Wendy,Rogers,,,W,black,nonhispanic,male,Mckayburgh AZ US,525 Cantu Street Suite 101,Phoenix,AZ,Maricopa,43369,85006,62.112471,57.335078,9566.35,3863.96,83804,001-226-478-8651x30430,btrevino@example.com,330395257,330101
c91347f9-a2aa-4c72-bc6a-8972622c0d7b,1957-01-03,,803-22-9195,S26680567,,Mr.,Anthony,Jonathan,Browning,,,D,white,nonhispanic,male,Lake Justinchester MA US,6112 Randall Ports,Boston,MA,Suffolk,02768,02215,3.880625,69.401721,91813.55,7950.46,53647,(577)587-3253,marybrock@example.com,330303062,330101
db8307f9-8bdb-42c2-acf2-816685a09b82,1992-09-07,,550-04-3644,S64292477,,Ms.,Kimberly,,Kim,,,,white,nonhispanic,female,Lake Johnshire TX US,46671 Williamson Mall Apt. 076,Austin,TX,Travis,26795,78702,18.152461,143.18259,35147.65,22098.45,88630,001-621-407-9605x89465,samantha96@example.com,330147207,330101
03e75425-43c5-4c7c-be30-bc49880cfff7,1959-02-22,,865-29-8584,S58589497,X60673512,Mr.,Brian,Daniel,Brewer,,,,black,nonhispanic,male,Schneidermouth CA US,807 Knight Fork Apt. 430,Oakland,CA,Alameda,12710,94609,42.347245,133.796828,61746.47,22469.65,119205,+1-217-656-3087x50278,kelseycox@example.com,330380031,330101
94b6963f-671e-4e4c-8c9a-9cda56ef14c4,1995-03-11,,735-12-0764,S89336310,X15298042,Ms.,Taylor,Nicole,Vasquez,,,S,other,nonhispanic,female,East Michael AZ US,703 Frank Ville Suite 716,Phoenix,AZ,Maricopa,46562,85006,-44.294823,-77.541553,83779.37,93037.66,14651,+1-940-421-9183x13324,nathanowen@example.com,330540335,330101
1dd33e30-11c7-4747-8c63-2c314015bb74,1953-08-25,,675-86-1144,S63124932,,Ms.,Crystal,,Dominguez,,,,white,nonhispanic,female,South Brittney MA US,4839 Weaver Coves,Boston,MA,Suffolk,30003,02118,34.568466,-145.947194,71308.41,11154.38,9471,(638)705-7978x69208,jonesmichelle@example.com,330395482,330101
758242f9-1819-4e7a-a05f-9daf8de90165,2000-11-25,,363-37-7366,S90905957,,Mr.,Derrick,Anthony,Johnson,,,D,asian,nonhispanic,male,North Tina TX US,01287 Robert Bypass,Austin,TX,Travis,51205,78702,41.669109,165.064116,118392.28,27836.91,79143,+1-972-876-5366x28036,stephenbrown@example.net,330918771,330101
4fd1a19c-4085-4eec-8b36-26ae94d79e1d,1940-07-11,,290-32-0893,S98839504,,Mr.,Bryan,Stephanie,Wilson,,,M,white,nonhispanic,male,South Michaelstad CA US,3116 Joseph Knoll,Oakland,CA,Alameda,24249,94609,-57.596762,-100.52775,300228.14,9746.68,34046,001-893-356-3932,benjaminbrown@example.net,330734790,330101
1b32d3b3-764e-498b-baa1-04992e7f92e5,1971-09-07,,341-28-8764,S99804451,X90184835,Mr.,Steven,,Cummings,,,S,white,nonhispanic,male,Loganfurt MA US,9015 Marshall Corners Suite 547,Boston,MA,Suffolk,32311,02118,21.153565,-35.812667,67349.24,6815.44,70605,865.787.0479,chambersbrenda@example.com,330871289,330102
a7e85f44-e0d2-4f8f-8f3e-55360d7cad45,1989-10-14,,895-78-9340,S38221419,X61107246,Ms.,Sarah,Amanda,Bailey,,Andersen,M,black,nonhispanic,female,Garrettburgh CA US,9950 Derek Meadows Apt. 367,Oakland,CA,Alameda,30479,94609,-73.331655,-82.766201,4852.51,32722.87,47418,234.980.2609x29512,robert45@example.org,330705520,330102
19984b93-da0e-483e-9f7d-16e0d0cc8157,1960-03-29,,173-28-0455,S98415408,,Mr.,Charles,,Doyle,,,S,asian,nonhispanic,male,North Adamberg MA US,3665 Jo Canyon Apt. 295,Boston,MA,Suffolk,40256,02215,-32.136435,-121.349631,55678.33,5463.92,31657,(269)713-1676x26042,bryan21@example.net,330789758,330102
3b63a051-c89d-4695-9f71-3b2f444a6ef7,1977-11-23,,181-23-0896,S39068923,,Ms.,Sandra,,Gillespie,,Thornton,D,other,nonhispanic,female,Jenniferside GA US,281 Frances Run,Savannah,GA,Chatham,49569,31404,29.624494,43.540545,42574.73,5132.14,68093,771-526-5829x4818,myersraymond@example.org,330873322,330102
76ebe2e0-44c5-476a-abaf-010d077d6838,1959-12-04,,487-07-0894,S81357220,,Mr.,Clifford,,Brown,,,S,white,nonhispanic,male,Wrightland TX US,0817 Jean Crossing Apt. 326,Austin,TX,Travis,38590,78702,69.469425,-9.000086,23178.52,21592.19,42280,771-267-0539x76098,olivia35@example.net,330607352,330102
124d3c3b-20fe-4992-ab26-a26b98b22baf,1938-03-06,,868-19-8116,S73471747,X90778770,Ms.,Jennifer,Michelle,Weeks,,,D,other,nonhispanic,female,Melissaville IL US,117 Gregory Estate Suite 611,Chicago,IL,Cook,01324,60612,37.814644,-67.184651,21975.62,231018.12,113590,001-386-791-4592,miguelhanson@example.org,330875406,330102
71b70fc4-a252-4640-85c3-e23d2a8c9904,1964-01-15,,805-43-8367,S81162645,,Ms.,Sarah,Stephanie,Olson,,Sanchez,S,white,nonhispanic,female,Hannatown GA US,6542 Morris Rapid,Savannah,GA,Chatham,20958,31404,-11.14131,146.301781,286583.97,2709.81,59831,731-801-5154x08121,gutierreztroy@example.net,330135517,330102
0bed85f6-3b8a-4566-8bc9-51c444e42a24,1975-12-29,,083-66-8931,S48334203,,Mr.,Alan,Michael,Hernandez,,,W,black,hispanic,male,Lake Anna GA US,67389 Mcbride Shoals,Savannah,GA,Chatham,01659,31404,-35.515057,-76.660765,100876.39,60301.18,33273,(702)489-4015,vmccarty@example.net,330519334,330102
74b6634f-b097-407c-883c-06766c3d2405,2006-06-20,,312-21-5834,S57172862,X72976950,Mr.,William,Brian,Neal,,,M,white,hispanic,male,Kellyhaven MA US,108 Nicholas Rue Apt. 385,Boston,MA,Suffolk,24174,02215,10.118074,-28.408091,20526.62,43648.95,54943,808-978-3559,jaimehaynes@example.com,330978616,330102
20f1bb9e-1aaf-4de4-9489-8eb3945e54be,1940-09-21,,566-04-0608,S49311550,X25682390,Mr.,John,,Torres,,,M,white,nonhispanic,male,Jacquelinechester AZ US,6491 Kevin Mountains Suite 570,Phoenix,AZ,Maricopa,06534,85006,43.210549,-139.865032,42581.92,23946.97,47337,541-378-8673,ballardjessica@example.org,330185788,330102
185f81e6-c30f-4bc0-a84e-6c0b14f5376a,1971-09-24,,396-35-6693,S44968586,,Ms.,Cathy,Amanda,Stewart,,Robertson,D,white,nonhispanic,female,Williamshaven TX US,9407 Watkins Crossing,Austin,TX,Travis,18354,78702,6.00252,51.986631,43149.07,23483.28,32442,001-690-557-5076x98807,adamharrison@example.net,330319408,330102
e55090fe-a854-4d94-a8c0-5b3a854753ae,1970-10-03,,633-03-7308,S63520950,,Mr.,Michael,,Hernandez,,,M,other,nonhispanic,male,West Wendy CA US,9237 Ariel Harbors,Oakland,CA,Alameda,13558,94609,-55.856779,143.350896,14658.16,23246.42,59250,(330)456-2100,romeroalicia@example.com,330309479,330102
82aa4330-806b-4075-9542-8c8e2b6b2ec5,1982-07-04,,187-19-6979,S62682622,,Ms.,Nancy,Shawn,Lopez,,,,white,nonhispanic,female,Brockborough IL US,300 Davidson Groves Apt. 769,Chicago,IL,Cook,29221,60612,60.97106,-131.367454,18304.89,18194.66,91167,+1-642-414-9475x39973,gonzalezmichael@example.org,050228774,050201
441d5c37-504a-4e3a-a806-9aaaf298d7c8,1948-05-09,,774-60-8213,S72518593,,Mr.,James,Tamara,Huynh,,,W,white,nonhispanic,male,South Jacob MA US,9141 Miller Stream Suite 581,Boston,MA,Suffolk,55410,02118,-16.622072,161.34594,122506.39,70728.73,25370,306.823.4105x6114,jonesphyllis@example.net,050601126,050201
f4e873a5-8b69-485f-9b1b-63d4954aad94,1983-05-25,,786-58-6131,S78824833,X91475722,Mr.,Alexander,Crystal,Bradley,,,D,white,nonhispanic,male,Elliottland MA US,753 Adams Street,Boston,MA,Suffolk,42922,02215,71.444132,-26.558782,26488.64,47252.17,28145,+1-568-528-3556x0630,maysmelvin@example.com,050405808,050201
c9103334-c477-4e50-8d05-2d35a8ad43ad,1944-09-27,,156-90-0549,S26402540,X82058012,Mr.,Joseph,Amy,Smith,,,M,white,nonhispanic,male,Janiceburgh MA US,72145 Leon Way,Boston,MA,Suffolk,31658,02215,3.98985,175.561948,19411.69,75454.99,78956,495-587-5007,tracey37@example.org,050415405,050201
4a3bfee0-97fa-460f-a358-899151f1f2f2,1972-08-10,,226-94-3786,S86022008,,Mr.,Andrew,Tracy,Patel,,,S,white,hispanic,male,Robertchester TX US,633 Benjamin Ridge Apt. 657,Austin,TX,Travis,33897,78702,-1.425363,111.841524,96274.38,12030.47,54834,711-689-4943,brittany84@example.org,030198684,030301
b52cd228-a676-4f6e-958f-62bb74f49485,1942-04-11,,189-54-6177,S36194520,X39914560,Ms.,Erin,,Macdonald,,Frank,D,white,nonhispanic,female,Bellport AZ US,451 Gonzalez Turnpike Suite 827,Phoenix,AZ,Maricopa,39145,85006,1.908943,144.398246,15287.27,6318.54,55065,001-235-888-1688x530,wendy87@example.net,030591539,030301
591aa474-4d31-4b80-99aa-5b572b74dad8,1949-07-18,,249-43-7289,S19671938,,Mr.,Richard,Monica,Barrett,,,W,white,hispanic,male,West Randybury MA US,3221 Woodard Fort,Boston,MA,Suffolk,25523,02118,-83.401284,-18.743873,35694.77,7218.24,72293,(922)993-1029x9787,rhodge@example.com,140951841,140401
96d2c7cc-b4e8-4bf6-ae47-739bba8eaf6a,1986-06-18,,323-26-3905,S45736303,X65672800,Mr.,Robert,,Owen,,,D,black,nonhispanic,male,West Elizabeth GA US,08563 Ramirez Valley Suite 154,Savannah,GA,Chatham,30233,31404,-61.69258,105.099734,62547.57,37600.31,30158,2898869450,joseph20@example.com,140631008,140401
86579584-394b-4ae1-a0a4-70a64afea9ea,1957-03-21,,727-76-5243,S88456303,,Ms.,Andrea,Ruben,Quinn,,,,white,nonhispanic,female,Jamesborough GA US,02082 Hooper Freeway Apt. 699,Savannah,GA,Chatham,55145,31404,3.119963,-75.737426,33648.31,54907.87,48307,001-829-564-1393x500,melinda25@example.org,140596682,140401
b98aef14-73ab-45b4-93a9-7b98ffa1df8c,1953-09-18,,888-32-7031,S66107446,,Ms.,Nancy,Ethan,Ramirez,,Martinez,S,white,nonhispanic,female,Alejandromouth AZ US,41696 Jason Spring,Phoenix,AZ,Maricopa,05650,85006,-71.017404,-154.135177,83211.08,20731.75,64339,768.416.4248,kennedylaura@example.net,140830953,140401
749ffe26-2b13-4912-bc6b-f22064d5344f,1981-12-08,,714-41-8756,S12655105,X84875181,Ms.,Kelly,Todd,Hill,,,S,white,nonhispanic,female,Robertton GA US,00857 Welch Estate,Savannah,GA,Chatham,53771,31404,-88.300633,-117.804002,37492.71,12565.28,23675,(816)241-7078x802,john47@example.net,140973370,140401
457e38e2-e950-47e0-a249-5c16959a1449,1964-11-30,,447-51-1809,S39170577,X54073210,Mr.,Daniel,Brian,Benitez,,,D,white,nonhispanic,male,New Melaniehaven IL US,88286 Daniel Islands,Chicago,IL,Cook,08456,60612,-14.005415,86.099677,21594.23,61407.41,55103,001-552-397-3296,amanda04@example.net,140326235,140401
82687258-5580-4ace-8507-ec5517c5def1,1984-06-09,,594-90-7518,S11224879,,Ms.,Penny,Melissa,Martin,,,S,white,nonhispanic,female,Kellybury TX US,163 Barnes Park,Austin,TX,Travis,41489,78702,26.958074,-74.271036,61045.26,49864.29,23911,290.368.8608,david08@example.net,140700173,140401
ecb1b571-cb81-49b0-875a-175ad5452b57,2009-09-04,,134-94-2269,S46684708,X36775015,,Elizabeth,Dustin,Martinez,,,M,white,nonhispanic,female,Williamschester AZ US,74162 Stewart Harbor,Phoenix,AZ,Maricopa,43425,85006,-81.232338,-109.70856,72399.63,68193.69,38362,852-492-1610,holmesdebra@example.com,110925716,110501
a4691145-46b0-4851-a5fd-b31072c03c2f,1954-08-14,,765-99-5225,S56963386,X95917377,Mr.,Jason,Tammy,Lee,,,,native,nonhispanic,male,East Jennifermouth TX US,108 Torres Point,Austin,TX,Travis,14597,78702,1.34442,33.016743,19998.57,8621.34,39640,+1-829-737-1414x3091,jenniferboyle@example.org,110467857,110501
fb0368dd-e9b4-4fac-ad0b-a9e7f4b6fe82,1962-05-04,,245-51-9660,S18984229,,Ms.,Allison,,Lee,,,M,other,nonhispanic,female,Port Lauratown MA US,3459 Rogers Pass Apt. 617,Boston,MA,Suffolk,36395,02118,68.132614,53.03983,157409.11,47544.26,50152,557-697-8131x001,teresabell@example.org,330133362,330101
2caf001a-7a2d-443f-843b-26f5e5704932,1963-04-21,,066-67-9306,S93741454,,Mr.,Benjamin,,Russell,,,S,white,nonhispanic,male,Meganburgh MA US,7326 Jillian Rue Apt. 703,Boston,MA,Suffolk,45093,02215,67.804022,18.531379,63147.79,17145.83,47732,001-516-988-0688,cervantessergio@example.net,330757678,330101
5084a4a8-75ea-4408-a544-a9f21a50e72c,1965-10-28,,544-64-8193,S82213511,,Ms.,Mary,,Hunt,,,D,white,nonhispanic,female,East Christina MA US,310 Tran Pass,Boston,MA,Suffolk,04081,02215,67.259274,27.58621,17982.93,8886.59,134096,001-889-616-2905x4257,mary12@example.com,330172180,330101
1c289f03-a799-4c8d-af51-fea7ef7e1098,1984-07-14,,414-71-6469,S61893596,,Mr.,Jonathan,James,Hart,,,D,white,nonhispanic,male,Port Lisafurt TX US,16825 Lester Ports,Austin,TX,Travis,47432,78702,-52.142683,73.706077,17033.64,14323.72,79862,+1-481-613-5346x48832,johnstonaaron@example.com,330129314,330101
dc74111c-7090-4a15-8ec8-30688c122ebb,1977-10-09,,192-36-9745,S54558109,X49952606,Ms.,Priscilla,Brian,Gardner,,Poole,M,black,nonhispanic,female,Russellchester GA US,24623 Brittany Drives,Savannah,GA,Chatham,03657,31404,56.306647,35.65792,47343.04,11715.58,43827,328-964-6607,emily75@example.org,330196016,330101
5feba9fb-307d-482a-94f4-55424d4d4caf,2007-10-09,,071-50-8263,S42738980,X86099154,Ms.,Diana,Kevin,Jones,,,S,other,hispanic,female,North Savannahchester TX US,19700 Denise Fall Apt. 792,Austin,TX,Travis,25593,78702,-12.963465,134.316043,119876.7,13460.78,57021,428-884-9986x2638,brycehill@example.com,330498769,330101
c8bc33c4-1f52-4ea2-a4f4-86fa4fca0e41,1946-01-27,,839-94-1888,S31058485,,Ms.,Diane,,Rodriguez,,,M,asian,nonhispanic,female,East Alfredside GA US,6850 Williams Square Suite 037,Savannah,GA,Chatham,41267,31404,42.778999,14.564365,57015.63,39587.33,82770,271.639.0652,allenangela@example.com,330346228,330102
eac8ae40-a233-4e3f-9449-03098f0fcfd0,1942-09-18,,686-68-1119,S14714695,X73452988,Ms.,Elizabeth,Charles,White,,,M,white,nonhispanic,female,Amandaborough MA US,32858 Galvan Burg,Boston,MA,Suffolk,13239,02215,77.205039,-134.393121,4641.32,40386.41,168745,001-454-243-3047x57036,sara88@example.net,330678648,330102
3b1ce7f5-e397-4d08-ad99-4efb4db41eff,1933-06-15,,448-06-1752,S35920260,,Mr.,Kyle,,Ellis,,,W,white,nonhispanic,male,Port Gary AZ US,64786 Aguirre Wall,Phoenix,AZ,Maricopa,38669,85006,3.51447,-51.412666,79257.14,3157.26,30950,001-206-791-6069,rossjohn@example.com,330235454,330102
b0c366ab-e44a-4a9d-8d0e-26e09a44e217,1931-02-02,,327-72-0444,S16945912,X46852756,Ms.,Stephanie,Mackenzie,Woods,,,M,black,nonhispanic,female,Johnmouth MA US,1123 Joel Trail,Boston,MA,Suffolk,26743,02118,40.319567,-157.49841,115035.77,17675.34,38431,(294)579-4609,nealmichael@example.net,330122629,330102
0e40771f-70d7-42a4-ae12-0098a1e6a32d,1984-11-13,,800-64-0095,S62323054,,Mr.,David,Katherine,Cherry,,,S,white,nonhispanic,male,Lake Amanda TX US,181 Joshua Groves,Austin,TX,Travis,34742,78702,-55.049926,87.942295,30005.85,10761.45,27683,001-711-572-2216x384,daniel36@example.org,330621186,330102
2916d701-4ec0-4cc1-95e9-bd436d231b30,1971-11-06,,569-09-1743,S71582633,,Mr.,Steven,Angela,Butler,,,W,white,nonhispanic,male,Lake Frank CA US,26279 Johnathan Light Apt. 239,Oakland,CA,Alameda,45222,94609,50.022087,55.860736,13068.11,15311.09,44625,798.292.6916x2488,donaldyang@example.com,330784507,330102
44cf0bd6-7720-4c53-a2e7-d22f3e56f940,1998-10-02,,542-42-2188,S76407043,,Mr.,Melvin,,Davies,,,M,white,nonhispanic,male,South Jodi GA US,25017 Martinez Ranch,Savannah,GA,Chatham,12894,31404,-6.330666,-14.88924,91385.11,2570.78,27839,001-553-695-7594,dmejia@example.net,330116498,330102
72225837-8d38-4b24-9ad5-edda752af852,1924-12-21,,001-21-7456,S67303009,,Ms.,Jordan,Kelly,Swanson,,Wright,D,asian,nonhispanic,female,Cynthiaport TX US,124 Larsen Park,Austin,TX,Travis,30615,78702,-74.329964,67.357419,27436.78,132629.0,33439,3706187761,jennifer02@example.com,330169866,330102
fb98391b-0048-43c4-a1f0-df153907ddf4,2013-08-22,,332-47-6479,,,,Kellie,,Jimenez,,,D,white,nonhispanic,female,Port Ryan MA US,45947 Hoffman Lodge Suite 993,Boston,MA,Suffolk,01717,02118,88.842545,-20.937156,99979.5,45250.43,29753,(572)544-7814x3729,geraldgreen@example.org,330306363,330102
00a77b73-4c47-4cfd-a001-1e1a3ed3b471,1973-04-03,,222-63-3458,S46735673,X50769018,Mr.,Robert,Melissa,Durham,,,S,black,nonhispanic,male,Colleenberg CA US,51848 Linda Mews Apt. 353,Oakland,CA,Alameda,44694,94609,-61.757824,-26.144959,83789.95,129006.95,35612,001-492-616-4533x9360,xwest@example.net,330154752,330102
a44c15c4-da3d-417b-831f-fcaa541495fb,1985-11-01,,797-39-0182,S98079427,X61344218,Ms.,Angela,,Henderson,,Dixon,D,other,nonhispanic,female,East Garrettborough IL US,96580 Mann Drive,Chicago,IL,Cook,44228,60612,-71.139264,127.686215,14661.6,23485.08,29696,212-968-0752,bstrong@example.com,330133251,330102
2e881842-30f7-45b2-8018-90476b1e72bb,1958-05-20,,607-31-3468,S98061672,X53935684,Ms.,Karen,Jimmy,Turner,,Ayala,W,asian,hispanic,female,Transide MA US,2510 Christopher Groves,Boston,MA,Suffolk,10114,02118,-40.741455,136.942582,36572.12,28787.55,39249,001-977-654-4332x793,hurstdanielle@example.org,330611160,330102
d51c15e6-c34a-4209-afe5-d2866cd1d2ff,1975-03-20,,312-34-9039,S95249026,,Ms.,Elizabeth,,Collins,,,,white,nonhispanic,female,West Emma TX US,1152 Becky Mills,Austin,TX,Travis,20963,78702,17.222542,-139.882471,67053.26,9950.73,104841,5392403087,lauracastro@example.com,050691909,050201
5a736741-574e-4e94-8c98-70b0bd48e235,1965-10-16,,633-14-6135,S96331491,,Mr.,Michael,,Pineda,,,W,white,hispanic,male,Danielmouth TX US,36162 Regina Bridge,Austin,TX,Travis,27407,78702,-26.739,7.91131,110083.88,17384.74,24554,799-448-7180x478,nford@example.org,050660925,050201
03763e44-854b-4d0e-8031-1d69849730ec,1977-06-15,,055-80-4677,S88290901,,Mr.,Douglas,,Swanson,,,,white,nonhispanic,male,Richshire MA US,8369 Lawrence Vista Suite 849,Boston,MA,Suffolk,37385,02215,-35.085611,-171.312858,22364.29,4494.36,57291,001-912-513-2121x2826,ysnyder@example.com,050603325,050201
fe8cdab3-a614-4e49-b27d-bb12562f3d72,1961-09-08,,541-51-6212,S93736547,,Ms.,Mariah,Sarah,Fleming,,Lopez,,native,nonhispanic,female,Thomasstad CA US,71211 Wanda Lane Suite 013,Oakland,CA,Alameda,35857,94609,34.762835,-9.6122,10015.25,17239.83,50311,867-575-7647x7007,daniel14@example.com,050235081,050201
b810a070-8b2d-45b4-8ae9-791a0aa22d88,1955-11-12,,540-19-2474,S49031433,,Ms.,Janet,Anna,Green,,Woods,S,white,nonhispanic,female,Thomasfurt MA US,717 Brown Ports Suite 165,Boston,MA,Suffolk,55336,02215,-33.62778,-11.24248,77835.55,32962.3,83325,(550)942-9572x12450,ppierce@example.com,050198546,050201
c2ed7847-530d-4a60-b108-79ea17ee55e9,1948-07-05,,724-64-0783,S74423206,X32228310,Mr.,Thomas,Barbara,Griffin,,,S,white,nonhispanic,male,South Aliciaburgh CA US,4338 Austin Union,Oakland,CA,Alameda,42283,94609,60.983278,20.847133,69848.73,2576.71,90058,798-331-5171,clarkjacqueline@example.org,050373651,050201
dc949a63-d80b-45be-b77e-700cfec2e9b5,1990-12-12,,114-13-4633,S90436294,,Ms.,Patricia,,Lambert,,Scott,W,white,hispanic,female,Rodriguezberg TX US,233 Brittany Circles Suite 343,Austin,TX,Travis,21443,78702,-27.285168,-72.675122,71079.17,9771.29,324476,336.874.1481x421,twright@example.net,050988619,050201
807a8262-db86-45ff-98a1-24d6ba71e583,1947-05-14,,804-03-4702,S64736779,,Mr.,Brian,Sharon,Murillo,,,D,white,nonhispanic,male,East Victoriafurt MA US,7172 Nguyen Spur,Boston,MA,Suffolk,48732,02215,12.257601,-116.349469,10086.6,2701.21,23128,382-341-0214x923,gonzalezwesley@example.net,030883434,030301
3ea84b33-244d-45c9-85cc-409f799d2418,1952-12-12,,804-28-0595,S92093828,,Ms.,Lisa,,Brewer,,,S,white,nonhispanic,female,North Paul CA US,71345 Hubbard Mill,Oakland,CA,Alameda,06521,94609,-7.686961,-58.269271,9389.9,10387.45,49283,(633)855-1216x7994,brittney61@example.org,030154205,030301
36ac6a4f-0721-4536-942d-e9833cdd84b0,1925-06-14,,441-17-5907,S40984389,,Mr.,Alan,Brandon,Martinez,,,,black,nonhispanic,male,Ericaland CA US,08250 Mitchell Mills Apt. 462,Oakland,CA,Alameda,29343,94609,85.74194,126.413324,2833.07,59724.75,96929,990.264.0291x9105,christian68@example.net,030862327,030301
a3f8ae21-5ce6-42da-bcdf-f7bd59de5ad0,1973-01-10,,008-71-0062,S74706522,,Ms.,Kristen,John,Mullen,,Patel,M,other,nonhispanic,female,Lake Justinville TX US,298 Melissa Coves Apt. 133,Austin,TX,Travis,18052,78702,-64.213403,153.507413,37637.3,13812.52,14691,(405)928-0254,tina37@example.org,030484639,030301
a7189963-4292-4a09-92be-3a7be6a93f1c,1961-12-09,,428-74-3285,S48776485,,Ms.,Ashley,,Sosa,,Perkins,M,asian,nonhispanic,female,Jacksonchester MA US,0082 Ford Lane,Boston,MA,Suffolk,55703,02118,-76.552855,120.190185,129858.38,34872.94,33261,2573787428,benjamin94@example.org,030979016,030301
7c839e0c-cde6-420a-908e-4b49a1fcced3,1946-04-22,,895-24-8771,S67359297,X87039997,Ms.,Abigail,Michael,Porter,,,M,white,nonhispanic,female,Erikmouth MA US,779 Bradshaw Ways Apt. 233,Boston,MA,Suffolk,07790,02118,-60.43092,-77.376626,34612.11,6408.18,63269,3904117601,jamesthornton@example.org,030753391,030301
8a16b807-56e7-4e5b-b4e4-8a324db5c49a,1989-12-14,,204-99-3403,S39891078,,Mr.,Perry,Karen,Salazar,,,M,white,nonhispanic,male,Port Josephfort AZ US,83114 Nichols Summit,Phoenix,AZ,Maricopa,07151,85006,-34.902738,162.266454,17967.77,81353.49,20722,(233)301-8664x2109,changjeremy@example.com,030733373,030301
1271900c-413d-42bf-b2ba-734b218165d7,1940-11-26,,718-60-5683,S22297731,,Mr.,Robert,,Vance,,,M,white,nonhispanic,male,Armstrongmouth AZ US,504 Christy Turnpike,Phoenix,AZ,Maricopa,28104,85006,79.899308,2.975869,4329.57,36623.17,48038,001-806-965-9773x77860,ksims@example.com,030371208,030301
48a450eb-18b4-463b-b005-8664ba002e19,1983-03-09,,070-41-3319,S53550594,,Ms.,Nicole,Laura,Ward,,,,other,nonhispanic,female,Jennifermouth CA US,014 Briggs Spring,Oakland,CA,Alameda,03994,94609,-64.63457,2.133732,20707.08,21814.88,42064,252-495-1454x0287,johnsonkimberly@example.net,030565621,030301
7da9a827-c1ac-4c24-bd7d-c3f4af62346e,1936-06-30,,048-66-4006,S96106954,,Ms.,Julie,Clinton,Summers,,,W,white,hispanic,female,North Alanfort GA US,2426 Jennifer Estate Suite 720,Savannah,GA,Chatham,24251,31404,-42.887064,-85.966343,24517.05,21505.25,29839,001-702-524-2609,jodi03@example.net,140886000,140401
77232c31-8c1d-4f31-b442-03939d3a6e47,1986-06-26,,067-25-6492,S44408729,X99080954,Ms.,Stacey,Kerry,Woods,,,,white,nonhispanic,female,Petersonport IL US,036 Fisher Station,Chicago,IL,Cook,46629,60612,-27.598026,-164.841104,18503.42,55353.05,48444,393.443.7170x25532,srussell@example.org,140343401,140401
04e19e55-970d-46cc-a799-b4f02f9ee117,1959-10-10,,689-49-5355,S15340845,X79630079,Ms.,Denise,,Hanna,,,W,black,nonhispanic,female,Janetview MA US,09228 Gardner Tunnel Apt. 209,Boston,MA,Suffolk,01415,02118,8.929941,-138.294433,104490.19,5207.71,48989,927.268.3055x9940,smiller@example.net,140265229,140401
4e5d47e1-5bfa-4c4d-a666-c7d813d6dbbf,1977-12-21,,099-50-3599,S57920277,X33507134,Mr.,Randall,Jessica,Nixon,,,S,white,nonhispanic,male,South Amanda IL US,764 Adam Trace Apt. 812,Chicago,IL,Cook,17659,60612,86.329682,2.24572,24833.39,15849.53,39921,001-555-508-4340x43797,angela83@example.com,140608880,140401
22d74d32-e616-48b6-ac76-e0884ed9d6b4,1995-01-12,,661-39-4147,S44295693,X82273864,Ms.,Amy,Gregory,Serrano,,Shaffer,W,white,nonhispanic,female,North Christina TX US,683 King Light Suite 486,Austin,TX,Travis,16795,78702,38.623219,113.780808,35912.54,74442.15,143314,+1-429-641-8350x266,meagan68@example.org,140409583,140401
63ee90aa-2a6a-4e94-b73d-d7138fff8d60,2000-01-06,,450-19-4540,S69374054,,Mr.,Brandon,,Shannon,,,,white,nonhispanic,male,New James GA US,98708 Michelle Garden,Savannah,GA,Chatham,02516,31404,-61.948794,115.265491,11349.69,4157.81,40706,(882)225-5772x52858,bschroeder@example.com,140811102,140401
11db1314-338d-4c51-be6c-2df635de5d65,1988-06-10,,735-26-0742,S82746979,,Ms.,Lisa,,Mcclain,,Burton,D,white,nonhispanic,female,Lewisborough MA US,5265 Mark Club Apt. 099,Boston,MA,Suffolk,43254,02215,-14.054223,128.537076,20775.42,22320.16,94901,(701)848-8588x9384,jcain@example.org,140109225,140401
5914de34-b45a-4347-930f-9a8f76d09858,1954-11-23,,320-88-6497,S33373099,X68733454,Mr.,Christopher,,Lopez,,,,black,hispanic,male,Anthonyton TX US,98730 Anne Isle Apt. 328,Austin,TX,Travis,06556,78702,-22.302967,137.415125,101498.77,2339.7,21386,950.367.5383x56582,josephrangel@example.com,140130557,140401
fe87fdd7-0db3-47fa-9509-33a2d154d2a3,1993-05-28,,878-52-3998,S14225267,,Mr.,Paul,,Green,,,M,black,nonhispanic,male,Davidbury IL US,4100 Martinez Plains Suite 910,Chicago,IL,Cook,47981,60612,19.789057,154.302267,49419.93,24942.36,32015,(685)796-1561x499,chris50@example.net,110370066,110501
742ed9d4-181d-4a77-81dc-8b46769dd946,1960-12-19,,157-45-8209,S91469719,X15440091,Mr.,Keith,Meghan,Hansen,,,D,black,hispanic,male,Masonport AZ US,7413 Jon Stravenue Apt. 638,Phoenix,AZ,Maricopa,12786,85006,75.465601,110.374904,54747.19,11883.18,107525,(630)648-0730x0045,dbuchanan@example.net,110504549,110501
6abf35dd-cf6c-42e2-bbdb-7880ec6aac84,1989-10-18,,359-30-5197,S80675024,X85398223,Mr.,Charles,Peter,Bradford,,,M,white,nonhispanic,male,Cooperview MA US,1804 Brooke Locks Suite 460,Boston,MA,Suffolk,43475,02215,-29.554861,-134.510123,40607.93,4476.48,27076,9669010817,palmerjessica@example.com,330612628,330101
2d56e9dd-5831-4296-9c61-2b3badd495d5,1955-12-12,,604-22-7091,S60908088,X16717389,Ms.,Pamela,Heather,Anderson,,,S,white,nonhispanic,female,Robertburgh GA US,995 Cervantes Meadows Suite 765,Savannah,GA,Chatham,43240,31404,71.93624,135.550849,21881.89,809.06,70937,859.775.6083,hunteranthony@example.org,330697232,330101
41f88f8f-8457-4bff-80e9-879dfe7d45f7,1972-01-25,,088-38-4396,S69930365,X33968876,Ms.,Jennifer,Edward,Gomez,,Perez,M,black,nonhispanic,female,Underwoodview IL US,01364 Christian Court,Chicago,IL,Cook,50893,60612,17.311121,-125.417289,76189.29,5805.08,66753,001-640-469-5715x9449,montgomerymatthew@example.org,330337977,330101
5793decf-c509-4e46-ba36-ca30560fc3ac,1934-07-25,,853-93-1420,S30921307,,Ms.,Lori,Pam,Blair,,,,white,nonhispanic,female,Taylorfort GA US,38428 Wilson Points,Savannah,GA,Chatham,03685,31404,-79.644665,48.103643,59242.67,9532.2,39488,262.601.4565x495,leematthew@example.com,330210965,330101
af8a1a36-ebe7-4dd9-9e53-e6576433e971,1994-09-28,,337-75-5625,S17335339,,Mr.,Robert,,Walker,,,D,black,hispanic,male,West Peggy MA US,1765 Tara Forge Suite 326,Boston,MA,Suffolk,47427,02215,56.213318,-112.963718,55327.61,5962.12,21208,+1-616-294-0731x89721,epeters@example.net,330662132,330101
b62c73f8-ab57-43b9-94b6-6fb87a7e608c,1985-04-15,,254-28-4089,S83911161,X89967258,Ms.,Casey,Jasmine,Farmer,,,W,white,nonhispanic,female,West Marc IL US,53573 Morris Pine Apt. 031,Chicago,IL,Cook,43577,60612,-15.046634,-6.476712,7936.63,13776.54,39854,001-509-946-2173x2157,cristina99@example.net,330911645,330101
3da9f7ac-4681-4885-ab02-faa866e14338,1952-03-12,,397-50-2971,S42291501,,Ms.,Mariah,Paige,Lambert,,,M,other,nonhispanic,female,North Matthewport AZ US,5993 Pamela Views,Phoenix,AZ,Maricopa,54269,85006,0.239302,-94.323752,37961.78,3491.2,24880,352.692.8856x241,yvaldez@example.com,330125628,330101
ebc99bad-339b-465e-bb7e-665e68364c1f,2007-03-11,,630-04-7917,S32454142,,Mr.,Christian,Sarah,Castillo,,,,white,nonhispanic,male,Rickymouth CA US,707 Jessica Track Apt. 862,Oakland,CA,Alameda,08818,94609,3.658079,166.98826,30670.74,3790.45,17088,(283)249-9888x63915,steven71@example.com,330718551,330101
f626ae66-d934-4e80-a44d-2a9785968be4,1973-02-13,,207-35-0797,S29964288,X92260745,Mr.,Scott,,Gonzalez,,,S,black,nonhispanic,male,South Eric CA US,41669 Stephanie Vista Suite 836,Oakland,CA,Alameda,45110,94609,38.810823,15.60877,113004.14,22214.63,33988,992.435.0803x1722,rachel53@example.com,330665392,330101
af4909fe-f10a-4fa6-a344-4601410756a9,1959-04-05,,859-60-3162,S96214387,,Mr.,Matthew,,Foster,,,D,white,nonhispanic,male,Kevinburgh GA US,26995 Bradley Plaza Suite 804,Savannah,GA,Chatham,38614,31404,16.599051,142.097645,14614.39,7371.61,19523,461-420-8775,fdorsey@example.com,330455580,330101
736d192a-140f-439b-a8bd-83823bf6b79a,1970-12-30,,515-55-9450,S50707853,X98769268,Mr.,Charles,Christopher,Bean,,,M,white,nonhispanic,male,Hortonshire MA US,3160 Adams Point,Boston,MA,Suffolk,46625,02215,15.629342,74.511793,10894.24,31307.2,24503,350.792.3128x25504,dennis88@example.com,330496712,330101
6c50d972-4b13-4d18-85bd-cf3c885b63a7,2000-06-17,,358-29-2490,S21111649,,Mr.,Mark,Anna,Nelson,,,,white,nonhispanic,male,Jamesview MA US,355 Stephanie Island,Boston,MA,Suffolk,46159,02215,9.834843,161.191209,97453.39,19069.12,41038,8089137027,alexanderson@example.org,330213832,330101
3e22e784-4bcc-41ab-b29f-cb7cfa391450,1950-06-19,,050-72-0825,S22357642,,Mr.,Jeremiah,Peter,Lane,,,,white,nonhispanic,male,Hillfort CA US,717 Julie Trail Suite 706,Oakland,CA,Alameda,25602,94609,50.964362,-147.567432,34456.81,18082.57,54907,8315827731,hughesvictoria@example.com,330112419,330101
528316cb-7e0d-4755-97eb-f1d3dbbca6f9,1972-07-04,,003-74-8053,S52747781,X67145259,Ms.,Erin,Leslie,Dennis,,,S,-,hispanic,unknown,South James GA US,697 Davis Ports,Savannah,GA,Chatham,03157,31404,51.284971,45.881593,20344.94,4815.1,41129,2936135887,davispamela@example.com,330441022,330102
92b13df1-944b-466c-aaae-ae2777e7b0b8,1971-12-23,,192-48-8516,S37017744,,Mr.,Scott,Jessica,Kidd,,,D,other,nonhispanic,male,Fowlerbury TX US,840 Austin Prairie Suite 878,Austin,TX,Travis,45375,78702,-79.301406,96.952725,46328.16,33583.02,63091,+1-797-267-3746x098,foxluis@example.com,330462268,330102
ed76723d-85e4-4deb-a241-b4a0aaac13c1,1993-06-09,,850-91-7327,S27903823,X65054272,Mr.,Vincent,Michael,Martin,,,W,white,nonhispanic,male,Nicolehaven MA US,26380 Smith Hill Apt. 443,Boston,MA,Suffolk,10431,02215,38.653979,-150.878685,41587.95,7009.09,18831,4684087884,davisashley@example.net,330398819,330102
2d6c3277-6323-4135-b539-b50e87d2f58a,1999-12-12,,314-42-4247,S85739509,X26974116,Ms.,Courtney,Joshua,Preston,,,M,asian,nonhispanic,female,Howardshire CA US,5065 Jill Islands,Oakland,CA,Alameda,03619,94609,26.521049,-89.895035,79175.68,14896.61,20270,001-993-552-3065x997,michellelogan@example.com,330173808,330102
4c782743-3934-4bc9-8162-15740bf7b114,1990-05-06,,569-49-1561,S35199658,,Mr.,Juan,Jasmine,Long,,,S,other,nonhispanic,male,East Joseland TX US,744 Kelly Fort Suite 834,Austin,TX,Travis,04640,78702,64.210472,139.956859,15436.68,8418.1,65869,(383)583-8925,brownjulie@example.org,330451025,330102
9b975846-5e41-43c6-b5c2-dd0e7afced14,1972-06-02,,577-70-1290,S11620802,,Mr.,Mark,Scott,Ball,,,M,other,nonhispanic,male,New Samanthamouth MA US,113 Jason Mount,Boston,MA,Suffolk,25105,02118,84.73581,-78.165958,167566.09,41768.83,36082,001-639-619-8127,qsutton@example.net,330286573,330102
2f5bbc34-969e-4521-908c-33381849ae92,1978-01-01,,426-10-5023,S79201056,,Mr.,Mark,Angela,Black,,,M,white,nonhispanic,male,Howeton IL US,211 Christina Plaza,Chicago,IL,Cook,50635,60612,-81.996322,-132.25241,65401.87,1696.89,320543,303.580.3695x350,shane59@example.org,050894290,050201
d10f4c15-d288-410a-9365-dcec71cde65f,1962-09-16,,026-37-4603,S66933880,,Mr.,Gary,Alan,Thomas,,,W,other,nonhispanic,male,Bettystad CA US,397 Elizabeth Stravenue Suite 661,Oakland,CA,Alameda,37915,94609,7.89578,-88.533142,17576.92,53509.6,63609,5516990966,hooverkimberly@example.com,050364086,050201
48af0b14-89d1-4739-aeea-25cafd8319ab,1959-11-21,,274-12-1238,S26444921,X35128080,Ms.,Kelly,Melissa,Oconnell,,Green,S,black,nonhispanic,female,New Mark TX US,3902 Malik Walk,Austin,TX,Travis,40210,78702,-58.71974,-10.709465,18515.0,9344.06,26844,744-790-1423x43625,trobbins@example.org,050567573,050201
849b1a22-3ad0-4e6b-81f6-dc103292bd8a,1971-02-07,,647-16-1462,S41258587,X76809473,Mr.,Zachary,James,Reynolds,,,M,white,nonhispanic,male,Lewistown MA US,508 Rodney Forges Suite 066,Boston,MA,Suffolk,40735,02118,-34.36614,-65.354542,154525.3,6030.33,62783,412.216.8261x95947,michele75@example.org,050721773,050201
58f8368a-19fc-4155-814c-6215b88846c3,1979-05-19,,016-46-3384,S22037276,,Mr.,Brent,Amber,Davies,,,M,white,nonhispanic,male,New Connie AZ US,190 Hernandez Burg,Phoenix,AZ,Maricopa,39214,85006,-84.983542,-63.050024,17197.49,9094.76,33851,821-270-0500x311,anacarroll@example.net,050462968,050201
3b48cbdd-6354-46f7-a6b2-b5651fd3d0d4,1942-02-27,,844-50-4461,S50098416,,Mr.,Jeffrey,,Leon,,,S,other,nonhispanic,male,North Austin MA US,2649 Carter Loop Suite 235,Boston,MA,Suffolk,07002,02118,57.972203,153.357077,33870.56,52498.41,17327,575.208.0980x9419,lisa25@example.org,050595682,050201
e32db15d-5999-4b8c-a63a-a7a613c8f0dc,1977-08-18,,739-33-6707,S24143526,,Mr.,Jay,James,Nicholson,,,S,white,nonhispanic,male,Brownbury MA US,15255 Williams Lane Apt. 175,Boston,MA,Suffolk,47953,02215,-21.446908,146.491025,23388.57,3762.09,16581,+1-453-446-0920x050,tyler23@example.com,050324671,050201
0922dcc9-1b82-4e5f-96c7-012978b92c5a,1988-07-05,,411-42-3902,S21011304,,Mr.,Jonathan,Tiffany,Sims,,,,white,nonhispanic,male,Connerfort TX US,269 Gonzalez Mission,Austin,TX,Travis,51169,78702,-20.532729,-39.983967,142143.81,9708.5,32537,(629)352-3697x780,vanessa35@example.com,030826043,030301
eb133403-7f9c-438b-a690-5f1054c2d17b,1962-08-16,,149-20-6282,S51278230,X64768298,Ms.,Stephanie,,Johnson,,,W,white,nonhispanic,female,West Michael CA US,26016 Stacy Ramp,Oakland,CA,Alameda,32954,94609,7.572228,-48.272617,9698.11,5265.61,29893,+1-860-409-7217,wrocha@example.org,030427931,030301
454e09d6-c36f-422e-aa5e-4ccdd25a331a,1954-06-12,,516-28-8660,S68789258,X69335507,Mr.,Kevin,John,Buckley,,,W,other,nonhispanic,male,Markburgh TX US,32603 Short Locks Suite 773,Austin,TX,Travis,39259,78702,-2.636959,43.457874,15072.19,33017.33,36204,001-647-770-5942x9314,lawrencejessica@example.net,030162263,030301
5f487561-d604-436b-a79a-f59021514e07,1940-01-19,,895-79-4819,S26171482,X78318782,Ms.,Lindsey,,Bailey,,,D,white,nonhispanic,female,Petersstad IL US,524 Holly View Apt. 041,Chicago,IL,Cook,17283,60612,10.911508,-12.100617,43166.48,28691.15,119110,001-745-373-4827x65030,ericstanley@example.com,030449444,030301
a6152070-75e2-407f-9c94-911a7017b2d9,1987-12-19,,049-86-6136,S55218277,,Mr.,Michael,Donald,Smith,,,W,black,nonhispanic,male,Lake Alan IL US,996 Mendez Fords Suite 473,Chicago,IL,Cook,28745,60612,-33.921595,-135.589283,18352.41,13610.91,134254,230-698-1535,amanda34@example.org,030644124,030301
418bff72-d9ad-46ce-a057-17a109e588e9,1962-02-19,,704-43-5549,S21276842,X66767157,Mr.,Cole,Mark,Arias,,,D,other,hispanic,male,New Pamela AZ US,547 Manning Pike,Phoenix,AZ,Maricopa,21799,85006,-19.700364,144.308112,9997.03,5787.53,92748,256.369.2989x4472,jacob31@example.com,030559785,030301
8617340e-42bf-45b7-84a3-9ccac0382f5f,1982-08-09,,266-24-5901,S46593762,,Ms.,Kayla,Sierra,Adams,,Stewart,,white,nonhispanic,female,Kennethburgh GA US,55064 Carter Roads Apt. 046,Savannah,GA,Chatham,17450,31404,18.804246,-22.326355,24322.44,3428.47,73091,+1-877-739-9822x349,dbrooks@example.com,030520688,030301
8d41e787-bfe7-48ae-b7e7-5af167055dbf,1979-04-19,,018-95-8236,S89928362,,Mr.,Timothy,Aaron,Jones,,,D,black,nonhispanic,male,West Sara CA US,200 Mitchell Vista,Oakland,CA,Alameda,06157,94609,-10.843409,-96.923212,23756.62,1289.44,34331,845.288.3492,wbutler@example.com,030997731,030301
0bac89f9-04f3-4d60-b773-6150f7b7e235,1982-05-17,,722-92-2192,S59808967,,Mr.,Dustin,Adam,Smith,,,S,black,hispanic,male,Blakeview MA US,98158 Stanley Orchard Suite 000,Boston,MA,Suffolk,38690,02118,73.124034,179.604204,18011.64,6790.2,42563,785.650.1356x771,jonathan18@example.org,030140608,030301
261fb492-8501-40f1-a69c-98960d7686ba,1956-12-13,,899-43-4920,S90336141,,Mr.,Charles,Kelly,Gilbert,,,D,other,nonhispanic,male,West Charlesshire TX US,35913 Moore Inlet,Austin,TX,Travis,45810,78702,-23.279693,-178.358162,17489.51,19359.7,79229,473-351-1497,hvance@example.com,140173748,140401
3895f509-54de-4ce4-92b9-207e37b77942,1939-12-27,,698-88-8354,S43898629,X46454292,Ms.,Jamie,Nathaniel,Edwards,,Sanchez,W,white,nonhispanic,female,East Angelahaven MA US,09715 Rogers Freeway Suite 887,Boston,MA,Suffolk,48440,02118,-14.51597,165.856058,15023.5,14603.99,42672,001-727-880-3433x9079,freemanshannon@example.net,140624429,140401
5b2ce188-7007-4323-b59e-1228cd180888,1939-08-12,,868-45-1075,S72293542,,Mr.,Jared,,Pierce,,,M,other,nonhispanic,male,Lake Lauren GA US,123 Arnold Mews Suite 006,Savannah,GA,Chatham,50276,31404,51.085702,152.38911,22684.4,9805.37,75598,001-736-246-5496x08096,jzavala@example.com,140972883,140401
a9d5e687-7083-46a3-9b81-a296541ee98c,1962-04-24,,785-06-8020,S54308069,X33087839,Ms.,Sarah,Dale,Hansen,,Scott,M,white,nonhispanic,female,New Bethanyfort AZ US,053 Jessica Shoals,Phoenix,AZ,Maricopa,44219,85006,81.238607,-43.270741,19607.85,12805.38,74544,001-244-822-9793x32997,awilson@example.org,140970228,140401
671e847a-5ed4-481a-b2d5-76c9421674af,1930-08-10,,508-97-0042,S90405781,X75496721,Ms.,Ashlee,,Dawson,,Malone,W,white,nonhispanic,female,Rowetown AZ US,647 Mayo Haven Suite 513,Phoenix,AZ,Maricopa,51919,85006,-33.251706,-160.837394,49957.96,73697.33,138959,+1-949-222-7590,scott94@example.net,140439180,140401
2e7bb91e-d85b-4c69-aad7-2fafdfc17bf3,1973-07-20,,650-33-0149,S32107225,,Ms.,Danielle,James,King,,,D,native,nonhispanic,female,Brittanymouth MA US,91470 Rebecca Keys,Boston,MA,Suffolk,11241,02215,-36.190207,100.06793,2545.88,1470.05,27157,719.945.1716x550,smithjordan@example.org,110509756,110501
173914a3-588b-4b7a-b3de-0358e59b46f7,1960-09-24,,314-39-4654,S57699761,,Ms.,Loretta,,Rios,,,M,white,nonhispanic,female,New Amy GA US,930 Carroll Route,Savannah,GA,Chatham,38404,31404,12.440002,-84.368584,34624.52,21077.35,26352,849.527.5728,nathan71@example.net,330516555,330102
a69a9ec7-7a89-495c-9e2f-4235e25a6995,1966-04-23,,077-04-7902,S47903794,,Ms.,Amy,Catherine,Thompson,,,D,asian,nonhispanic,female,East Alexandriaton MA US,54887 Kristin Port Suite 207,Boston,MA,Suffolk,13169,02215,-48.510285,57.149246,147558.47,12396.0,48814,(264)684-8213x93541,cbush@example.net,330374442,330101
a6e98cea-68da-488d-a486-1df8b425c2e5,1950-04-03,,177-23-6394,S28322540,X65753070,Mr.,Anthony,Larry,White,,,,white,nonhispanic,male,Heathton TX US,086 Wright Pine,Austin,TX,Travis,30283,78702,-63.216622,-9.020323,32029.8,9383.87,12014,311.388.2861,michael11@example.net,330404752,330101
7172f2b4-862d-41d5-8a7e-a0237875ac50,1953-10-26,,565-94-0269,S47741066,,Mr.,Benjamin,Stacey,Mills,,,S,white,nonhispanic,male,Troychester MA US,652 Rodriguez Ville,Boston,MA,Suffolk,01666,02118,-83.446573,159.988521,16433.03,1824.63,51660,(665)482-1446x17067,angela60@example.com,330245889,330101
25d4a0af-63b3-4002-b64a-d167cd715ed6,1927-08-08,,398-08-9748,S73062031,,Mr.,Nathan,Dylan,Bryan,,,W,white,nonhispanic,male,Port Anthony AZ US,94780 Lisa Oval Suite 539,Phoenix,AZ,Maricopa,06427,85006,-18.768765,-71.591792,55069.07,98657.5,36637,001-511-461-2382x100,hendersonnicole@example.net,330888780,330101
1d7f08b7-1dff-498b-8dbc-4b5c83128e93,2010-08-07,,239-88-4346,S86734535,,,Scott,Raymond,Herman,,,D,other,nonhispanic,male,Madisonberg IL US,85773 Christopher Courts,Chicago,IL,Cook,10419,60612,-11.16929,153.032812,39994.41,30315.48,95991,8207829836,christopherlucas@example.org,330687457,330101
1e471cbe-3258-46b1-9287-aad149a5b491,1972-04-04,,515-79-6612,S98172636,,Ms.,Karen,,Rodriguez,,,W,black,nonhispanic,female,New Mary GA US,8921 Denise Brooks Apt. 780,Savannah,GA,Chatham,55130,31404,34.614773,-92.465749,66156.8,18948.04,52570,207.508.3970x59846,jillian77@example.com,330371230,330101
65acc8b6-a0a6-4c61-94ba-27cec99dc3c5,1925-02-23,,071-66-6306,S86492980,,Ms.,Kelly,William,Griffith,,Tran,D,asian,nonhispanic,female,North Elizabethport TX US,8016 Baker Club Suite 982,Austin,TX,Travis,46751,78702,-26.059532,-102.825428,79732.54,37332.46,28923,388.338.5080x3275,marcia67@example.com,330769241,330101
2886c6de-6c18-4dec-9afa-84be961773ea,1967-04-22,,225-69-4932,S84783317,,Ms.,Angela,,Hunter,,,W,black,nonhispanic,female,Port Ianborough IL US,1403 Scott Stravenue,Chicago,IL,Cook,28240,60612,-50.009673,7.818467,34002.76,18369.7,22465,+1-556-752-6170x4469,bolson@example.net,330300666,330101
89f9400b-b2e2-488b-9c33-1b2fc1a74bf5,1978-06-30,,228-21-4149,S27368282,,Ms.,Christina,John,Solis,,Griffin,M,native,nonhispanic,female,Justinmouth CA US,1552 Hunter Station Apt. 492,Oakland,CA,Alameda,53194,94609,-23.472868,-150.367926,32684.8,23226.04,90302,438.859.4838x944,montgomeryerin@example.net,330753510,330101
bc27bc83-b005-46bb-95f6-df2c8dfa66f0,1957-04-21,,879-22-5806,S26175253,X64387079,Ms.,Tracy,Andrea,Turner,,,D,white,hispanic,female,Sanchezport GA US,4034 Walsh Gardens,Savannah,GA,Chatham,41808,31404,34.099046,60.719714,27231.95,36240.62,168873,+1-989-253-9650x7791,justin00@example.net,330250403,330101
b8d9e62e-6c16-44a7-a976-e62255c4d57f,1968-09-30,,249-27-7892,S64995842,,Mr.,Ryan,Amy,Berry,,,D,white,nonhispanic,male,Stephanieberg CA US,21057 Mark Mall Suite 292,Oakland,CA,Alameda,23990,94609,-69.86738,151.756594,12193.04,20709.18,47642,(789)597-0624x54516,markknox@example.org,330989430,330102
dc8bd185-abc2-4ce7-9fc8-930f5ebf892d,1972-03-25,,589-25-1393,S83400699,,Mr.,Stephen,,Bridges,,,D,black,nonhispanic,male,South Kathleen MA US,569 Katrina Haven Suite 044,Boston,MA,Suffolk,16818,02215,20.251213,134.600548,18716.64,15814.97,49429,927-472-3403x9265,bwaller@example.com,330339028,330102
513ab4db-0844-4393-a888-dea9de55262c,1950-08-04,,169-43-4119,S85820616,,Ms.,Carol,,Hoffman,,,W,asian,nonhispanic,female,South Victorshire MA US,85725 Morales Crest,Boston,MA,Suffolk,54012,02118,-16.990634,-86.543942,29096.28,9086.02,70730,629-336-2657,lopezeric@example.org,330115992,330102
39bce834-1cb0-46e8-9d61-46e611d43bf7,1986-08-19,,062-60-9252,S40785062,,Ms.,Anita,Lisa,Brown,,Bradshaw,W,white,hispanic,female,Port Seanberg AZ US,85423 Russell Grove,Phoenix,AZ,Maricopa,06208,85006,-14.622236,115.531974,17983.73,9614.0,46718,001-956-874-9859,dylan16@example.org,330143291,330102
cda1f99c-afd8-4a87-b13c-d1aa9edb9ea9,1955-11-10,,281-97-6141,S15417545,X60518087,Mr.,Dale,,Fischer,,,M,other,nonhispanic,male,Ingramfort MA US,55300 Amy Keys,Boston,MA,Suffolk,07753,02118,10.655499,-164.308657,28880.02,5090.13,74220,+1-251-349-5171x6281,cdurham@example.org,330501602,330102
03026864-f896-4222-be4a-c22340d723b6,1979-03-20,,412-72-1780,S42801564,,Mr.,Matthew,Barry,Fuller,,,D,white,hispanic,male,New Jerry MA US,635 Linda Light,Boston,MA,Suffolk,07765,02118,-29.35418,38.399187,18687.09,13420.09,52548,534-919-8192x442,pamela51@example.com,330429316,330102
674168d9-82e5-407e-b506-23d3a35da7d9,1973-10-21,,895-87-6153,S25685962,,Ms.,Heather,Sean,Anderson,,,D,white,hispanic,female,Lake Davidchester TX US,137 John Expressway Suite 702,Austin,TX,Travis,47230,78702,32.035652,-9.135265,59356.36,27552.91,37150,502-597-5574,lfigueroa@example.net,330663801,330102
0e0e2dac-f45e-4321-878b-88cf0ff7b4e7,1978-11-14,,580-23-9691,S36757899,,Ms.,Catherine,James,Peterson,,,,asian,hispanic,female,Danielberg MA US,811 Burns Plaza Suite 233,Boston,MA,Suffolk,10047,02118,-75.361415,-100.699836,17198.11,6069.0,44500,(762)215-0101x49251,bradley03@example.net,330161540,330102
a92c99ba-03fe-4a48-8fba-f516024afb8f,1965-11-15,,500-11-8447,S51031265,,Mr.,Kevin,,Cohen,,,,white,nonhispanic,male,Lake Laura GA US,33116 Nguyen Roads Apt. 376,Savannah,GA,Chatham,01421,31404,-35.67655,-100.239294,37721.09,7554.33,49311,+1-611-407-8707x974,jasonsmith@example.org,330101902,330102
ad0da3ca-7117-4a67-b719-9b5cd23b7b80,1987-06-15,,443-37-2233,S70785112,X73702028,Ms.,Kayla,Cristina,Oneill,,,S,white,nonhispanic,female,South Tammy TX US,075 Amanda Avenue Suite 225,Austin,TX,Travis,56030,78702,-85.112111,-68.539053,20956.15,23656.2,50197,(315)777-3425x51977,matthewalexander@example.com,050846769,050201
52d87c9a-b383-419e-9e4b-0faa48ff7016,1957-08-15,,857-53-0622,S91027054,X53885353,Ms.,Sue,Carolyn,Rowe,,,,black,nonhispanic,female,Garciashire AZ US,5961 Timothy Mission,Phoenix,AZ,Maricopa,11604,85006,-49.030825,-126.011666,25712.13,9759.65,44524,961-288-7899x13948,thomas37@example.net,050984914,050201
007d9c60-1944-4c80-bebe-d3e893a4b511,1974-01-07,,424-38-2213,S91758559,,Ms.,Kimberly,Christopher,Martinez,,Dyer,D,white,nonhispanic,female,Amyborough MA US,580 Kevin Terrace Suite 442,Boston,MA,Suffolk,50696,02118,-82.310541,-101.478022,43055.62,6710.69,29949,214-478-1756,jenningslisa@example.com,050795111,050201
311aedfb-5662-4736-a614-c99cfa8d3894,1991-10-18,,128-01-2364,S82040565,X76503186,Ms.,Christina,Jared,Chapman,,,M,white,nonhispanic,female,Michaelchester GA US,3963 Michael Junctions,Savannah,GA,Chatham,38012,31404,35.642466,-2.098202,128328.03,11122.54,149454,653-486-8696x66180,ttaylor@example.net,050572104,050201
ab8341a1-d1b1-41f3-ac76-af9fecd077b7,1952-07-25,,537-43-4971,S51074833,,Mr.,Blake,,Griffith,,,W,white,nonhispanic,male,South Aaronton GA US,021 Vanessa Throughway,Savannah,GA,Chatham,55343,31404,-42.343145,-82.845417,65400.56,9031.87,48849,001-685-975-9357x3023,dlee@example.net,050903059,050201
182b7300-6d5f-4cfa-a1df-c277b59022f0,1952-05-17,,779-12-9639,S78465103,X77207378,Mr.,Kerry,Sabrina,Davis,,,M,white,nonhispanic,male,Peterschester CA US,49039 Jones Islands,Oakland,CA,Alameda,50718,94609,35.423465,-41.205777,134916.61,9463.77,41647,+1-610-329-6138,candace86@example.org,050551377,050201
7e2c480c-3dea-47b4-a56b-c82eb96a1612,1978-11-29,,399-11-2593,S82648521,X92036418,Mr.,Michael,Ann,Alexander,,,M,white,nonhispanic,male,Andersonborough TX US,886 Booth Drives,Austin,TX,Travis,32787,78702,-21.786044,65.354565,82862.84,28552.93,53305,+1-243-649-4901x5066,martha66@example.org,050877873,050201
843c3cc7-527f-4a42-bd02-2264b21e1491,1982-03-31,,227-94-3414,S96214554,,Ms.,Tamara,,Green,,Montgomery,,black,nonhispanic,female,Valeriemouth GA US,39719 Megan Lane,Savannah,GA,Chatham,05401,31404,-78.157658,-121.45082,8344.3,14218.31,62243,001-277-738-3762,taylortimothy@example.org,050739305,050201
76c96e15-3af4-4b42-a5c6-9a2baea171ed,1979-09-04,,720-26-0950,S16918195,X49578509,Ms.,Morgan,Matthew,Petty,,,D,white,nonhispanic,female,Martinezside AZ US,9821 May Rest Apt. 350,Phoenix,AZ,Maricopa,19919,85006,-19.825043,136.754606,39424.02,3270.13,41973,001-897-605-4330,diana24@example.com,030928809,030301
47303cce-0c86-4a70-9778-81495ef82e6f,1947-10-08,,554-94-5611,S24773642,X20258568,Ms.,Leslie,,Brown,,,M,white,nonhispanic,female,Carlsonhaven AZ US,148 Rodriguez Wall,Phoenix,AZ,Maricopa,51576,85006,-32.704052,-24.83807,22300.76,2055.43,152983,+1-271-931-8680x4241,hickslinda@example.net,030654334,030301
c1aef07c-ac52-409e-99d7-7c4c6f50c488,1980-11-09,,861-15-3148,S33180547,X28446562,Mr.,Robert,,Mcdonald,,,,white,nonhispanic,male,Atkinsonborough AZ US,478 Cody Parkway,Phoenix,AZ,Maricopa,43844,85006,-56.641252,17.125896,34256.73,9149.49,70200,+1-336-593-2928,wardcassandra@example.org,030406298,030301
103ba925-ccc3-46e0-8093-041ada14de33,1986-11-10,,228-01-1617,S20586799,X99576207,Ms.,Sarah,Jeffrey,Campos,,,D,white,nonhispanic,female,Port Stephanieview CA US,524 Joan Valleys,Oakland,CA,Alameda,36798,94609,-37.740276,-71.27473,21204.03,66119.26,37585,458.452.5183x8715,qdavis@example.com,030580786,030301
d9869617-49b0-4e91-bfb2-37cddca24e6c,1964-06-17,,324-40-3989,S37156251,,Ms.,Jennifer,Brian,Valdez,,,,asian,nonhispanic,female,North Allison AZ US,744 Grace Forks,Phoenix,AZ,Maricopa,55091,85006,15.003106,-127.602557,312264.52,2568.68,70461,(834)535-6676x980,dianehunt@example.org,030317472,030301
1bc1b807-d819-4b29-b0a9-143f3df1248c,1984-10-27,,339-93-5514,S91641441,X21724244,Mr.,Nicholas,,Gonzalez,,,D,white,nonhispanic,male,West Nicole MA US,10386 Shaffer Inlet,Boston,MA,Suffolk,14829,02215,59.81584,-125.015742,89003.27,12219.33,35358,206.379.6700x6354,ashleycarey@example.net,140633250,140401
c02f400d-24dc-4923-b4c6-d127c41db651,1955-02-14,,643-61-3639,S25176696,,Ms.,Misty,,Mcmahon,,,,white,nonhispanic,female,Wardfort TX US,056 Briggs Vista,Austin,TX,Travis,12328,78702,-77.758881,104.725089,21143.27,24955.92,43518,6486155887,kristen34@example.org,140247233,140401
eed7ab6e-ad4d-4789-a6ad-18ff071973af,1944-01-09,,710-97-0489,S52136573,X34213504,Ms.,Tammy,Daniel,Patton,,,W,white,nonhispanic,female,Clarkville GA US,1389 Michelle Park Suite 500,Savannah,GA,Chatham,07470,31404,-46.034109,-0.275028,12867.07,14071.01,50472,001-777-847-9148,nwhite@example.com,140953478,140401
d6e25d7a-014c-475e-a237-57586bb3850e,1979-08-28,,500-99-7807,S51897694,,Mr.,Xavier,Donald,Daniel,,,D,black,hispanic,male,East Jasontown TX US,4070 Ryan Roads Apt. 409,Austin,TX,Travis,14385,78702,-65.355989,-159.108496,10830.42,4851.95,130115,(997)940-9452x037,lozanotanya@example.org,140185969,140401
69341f06-667d-48f4-b99c-b5ee7963c9f6,1953-09-11,,632-15-6419,S32304450,,Ms.,Lori,Maureen,Adkins,,,W,asian,nonhispanic,female,Orrmouth CA US,32350 Woods Rue Apt. 005,Oakland,CA,Alameda,12186,94609,13.483078,165.647703,68124.41,5711.95,68009,330-920-1859,sullivanvictoria@example.com,140377305,140401
36ef9650-f46e-4a71-a05a-427aebba14fc,1964-06-28,,841-72-3966,S11456548,,Ms.,Valerie,Justin,Thomas,,Casey,W,white,hispanic,female,Thompsonborough AZ US,012 Tate Ports,Phoenix,AZ,Maricopa,39453,85006,-8.754982,-125.777099,19045.25,51465.25,36878,001-849-223-7807x06294,mosskristen@example.net,140659041,140401
175dbc88-ec7f-42ce-a4ba-68c64d6e46a2,1991-12-24,,804-39-1703,S10502970,,Ms.,Kimberly,,Clark,,,W,white,nonhispanic,female,Lake Jennifer IL US,408 Bennett Walk,Chicago,IL,Cook,11596,60612,-40.242233,104.583528,71634.95,6062.72,129279,509.490.1316x4894,millerjustin@example.net,140481454,140401
9b325f68-4a43-4ac1-8a07-548b89e4e690,1986-09-03,,404-98-6498,S85053087,,Mr.,David,Patricia,Brown,,,M,other,nonhispanic,male,South Steve MA US,5731 Cox Hills Suite 956,Boston,MA,Suffolk,54557,02215,78.223093,19.032751,33245.79,3413.72,52507,(747)265-8503,robinsonjames@example.org,110172070,110501
c3e46411-526f-45ae-98ce-bb1171e86ab7,1984-06-23,,713-11-0799,S55589555,,Ms.,Jamie,Samantha,Hicks,,,M,white,hispanic,female,Elizabethport IL US,050 Matthews Springs,Chicago,IL,Cook,10517,60612,71.571957,-100.697144,19593.95,5078.68,39176,+1-593-897-4800x2114,kevin89@example.org,110411412,110501
218110e4-4426-47b1-a50d-d84b92766dba,1943-11-16,,205-23-5752,S74691249,X88545566,Ms.,Christina,Anne,Hughes,,Harvey,D,white,nonhispanic,female,Haysside MA US,05769 Jessica Springs Suite 227,Boston,MA,Suffolk,21630,02118,-27.609482,-169.783337,44421.2,23584.32,85496,206-975-4579,robin39@example.com,330292671,330101
e965e1cb-de8c-4fda-8eca-4a60f331dc89,1954-02-15,,449-77-5137,S68114147,,Ms.,Ellen,Ryan,Bernard,,Gardner,W,asian,nonhispanic,female,North Alexa IL US,7175 Eric Club Suite 328,Chicago,IL,Cook,12696,60612,44.672246,-176.099165,26218.13,11810.69,204541,336-728-0409x057,williamsdaniel@example.com,330985508,330101
50a8d3ac-cf47-4d77-bbef-a936f72c5327,1978-03-23,,313-69-7757,S43337204,X60031526,Ms.,Jennifer,,Carter,,,M,white,nonhispanic,female,Savagestad GA US,98166 Brown Trail Apt. 974,Savannah,GA,Chatham,41942,31404,-57.521977,172.74845,10425.33,30686.75,28865,3486590613,iwagner@example.net,330267865,330101
edac52e7-9425-48ff-9ef9-6cfffe78ba45,1940-12-21,,432-77-1079,S72599136,,Ms.,Amy,Hector,Walker,,Hill,D,white,nonhispanic,female,New Sandra MA US,6424 Jennifer Lane,Boston,MA,Suffolk,27619,02118,-66.454295,-96.701667,9930.99,9197.67,28007,001-656-956-0084x1266,noahmason@example.com,330519715,330101
7a938c2f-ed4b-402f-be55-d42258c757b7,1968-07-26,,135-55-9904,S70420870,X32419650,Mr.,James,,Ward,,,M,other,nonhispanic,male,West Rebecca CA US,52240 Brittany Station,Oakland,CA,Alameda,27426,94609,-1.786636,-110.488922,23212.25,14382.94,81509,284.295.7550,daniel31@example.net,330266952,330102
4be13fb1-1d84-4510-a260-130e6eafb8b4,1970-07-24,,241-33-3844,S32702511,X87271145,Ms.,Cheryl,,Barrett,,Kent,M,white,hispanic,female,Thomasbury CA US,970 Murray Freeway,Oakland,CA,Alameda,32298,94609,-62.222881,8.973206,18689.3,4488.81,16106,7408922545,trujillonicholas@example.org,330671388,330102
c8d49541-1817-41f6-bded-cadf0be1aaaf,1960-07-30,,172-04-5952,S75965931,X10534300,Ms.,Robin,,Turner,,,,white,nonhispanic,female,East Karen GA US,042 Bradley Coves Apt. 917,Savannah,GA,Chatham,15523,31404,-48.490113,-121.822071,30286.04,11162.29,38183,001-554-914-0334x11002,mlewis@example.net,330713692,330102
a486d10f-e9b2-42cc-a031-5b70f49f9ee5,1970-02-09,,507-07-5807,S11655280,X51112286,Ms.,Lauren,Nicholas,George,,King,M,other,nonhispanic,female,South John CA US,2921 Rivera Drive,Oakland,CA,Alameda,21042,94609,-16.255554,-106.987713,6213.1,26764.8,25744,+1-893-256-8457x69776,fanderson@example.net,330876916,330102
e0da581c-5fd3-43a3-b782-fef8b9243074,1982-03-10,,001-78-3253,S35335813,,Ms.,Brandy,Eduardo,Herrera,,,D,black,hispanic,female,West Andreastad TX US,16006 Linda Groves,Austin,TX,Travis,10475,78702,-8.9107,-48.07943,8634.26,28744.88,57399,617.552.3679,andrew66@example.org,330244943,330102
90370faa-c72d-4f0c-a061-94d70742c8d6,1999-02-01,,847-04-3645,S55977941,X54347675,Ms.,Leah,,Rivera,,,D,other,nonhispanic,female,Port Richard MA US,727 Thompson Spurs,Boston,MA,Suffolk,26333,02118,69.365638,54.6313,10262.85,9068.19,67761,001-214-925-1477,sgray@example.net,330696646,330102
67a1e006-711b-4976-870a-c938fe1210ae,1983-10-24,,880-67-0928,S45004014,,Mr.,Steven,Victoria,Patterson,,,W,white,hispanic,male,Staceytown TX US,75463 Turner River,Austin,TX,Travis,37669,78702,6.697161,141.354162,40507.08,50590.82,37575,364-411-5853x49508,tyler29@example.org,330314914,330102
63a361da-f3d3-45d3-b419-708d0c355333,1924-08-30,,857-86-7880,S18216080,,Ms.,Nicole,Rita,Williams,,,D,black,nonhispanic,female,Morganhaven AZ US,74365 Bishop Mountain,Phoenix,AZ,Maricopa,38449,85006,51.058543,43.575855,2202.19,7275.7,48699,(765)793-1398,tammy93@example.org,330454734,330102
d5356709-ce04-4594-a4d4-44ade92fcf4d,1989-06-26,,613-86-6064,S49060898,,Ms.,Stephanie,Jennifer,Alvarado,,,,white,nonhispanic,female,North Bill MA US,547 Barbara Flats Suite 380,Boston,MA,Suffolk,41662,02118,33.71568,110.62825,36844.62,8830.71,27394,459.410.4368,kimstephen@example.net,330319305,330102
cb0e8e8e-9fd5-464f-89ab-f07319bdb5b2,1937-04-01,,587-66-6933,S63728354,,Ms.,Chelsea,Katherine,Clark,,,M,asian,hispanic,female,South Vincentville GA US,822 Hamilton Park Suite 817,Savannah,GA,Chatham,10154,31404,-24.471714,166.419465,37772.25,20984.03,28259,+1-256-740-3304x2068,davischristopher@example.net,330230835,330102
2d438c47-10f9-46e9-a330-c5e605d0cd12,1938-12-27,,471-69-4760,S58228544,X29251220,Ms.,Carol,William,Mason,,White,,black,nonhispanic,female,Port Denise MA US,740 Connor Lights Apt. 434,Boston,MA,Suffolk,04542,02118,-34.304209,87.311823,64593.04,11968.25,19417,965.907.7742x7055,ortizleslie@example.org,330809999,330102
54522b75-0c92-42af-b47e-4c07eef72668,1965-11-13,,512-11-0534,S15727571,X91641773,Ms.,Ann,Lindsay,Ray,,,M,asian,nonhispanic,female,Hurstfurt TX US,7274 Espinoza Island,Austin,TX,Travis,41859,78702,-70.443833,144.778776,69389.08,3079.16,15811,2439505521,valentinejodi@example.net,330502030,330102
5a532374-26ff-400a-97c8-1acb7f83eb92,1976-04-26,,628-14-9832,S19500761,X88855433,Mr.,Michael,Tyler,Ramos,,,S,black,nonhispanic,male,Jerryhaven TX US,52807 Gray Glens,Austin,TX,Travis,17684,78702,-21.021325,153.100491,67139.02,13502.33,62531,(696)731-1215x69827,terryfrank@example.com,050419523,050201
0e47991c-f5f4-4696-befe-99854f91856b,1925-11-27,,307-69-3569,S67288792,,Ms.,Tammy,Michael,Jenkins,,Beck,,other,nonhispanic,female,Jenniferton MA US,6102 Laura Mills,Boston,MA,Suffolk,29840,02118,-7.243582,124.431091,21149.83,11494.33,39688,001-774-647-5395,donnaobrien@example.com,050439828,050201
2c3a1d89-86b7-4a46-a043-b7c77c080cb2,2018-12-05,,134-46-7885,,X64888236,,Jennifer,,Ortiz,,,D,black,nonhispanic,female,South Ginaport TX US,84821 Zachary Knolls Suite 598,Austin,TX,Travis,10008,78702,35.180717,-154.128706,11675.84,3207.46,109673,(599)395-7809,robinsondaniel@example.org,050389201,050201
ba176995-a0d6-4643-b21a-734b37b1045c,1995-08-05,,383-07-8949,S37173676,,Mr.,Blake,,Price,,,,white,nonhispanic,male,Scottland CA US,8739 Courtney Village Suite 845,Oakland,CA,Alameda,27939,94609,-0.335058,139.731182,60015.28,11456.6,37404,785.714.9645,paul82@example.org,050549163,050201
d717a90b-9b09-4c7d-9d31-e752a87a9e4f,1931-01-03,,475-26-9637,S62033368,,Ms.,Brooke,Cynthia,Peterson,,Merritt,D,black,nonhispanic,female,New Matthew GA US,1554 Sharon Rest,Savannah,GA,Chatham,47061,31404,-78.625745,47.89516,77627.82,14691.88,23950,646.769.0728,xmiller@example.com,050836951,050201
cd214b06-d795-40d9-b274-38bbbffccc27,1962-12-24,,618-08-1447,S91328877,,Mr.,Hunter,,Pierce,,,M,other,hispanic,male,North Christinaborough CA US,16722 Miranda Pine,Oakland,CA,Alameda,21049,94609,37.93964,-75.634053,30661.22,57508.81,24045,(902)735-5010,matthew54@example.net,030853574,030301
2835a4b5-c9a3-48bc-af92-8bf558687219,1954-07-27,,067-89-6805,S84833960,X67541277,Mr.,Clifford,Brian,Noble,,,,black,hispanic,male,Brownside CA US,943 Hoffman Avenue,Oakland,CA,Alameda,25302,94609,87.387179,47.654142,104930.12,45456.78,46574,7937316124,teresa34@example.net,030238619,030301
3fa6e0ec-4e1b-4f60-b2eb-69f26ac70754,1981-02-02,,323-49-0618,S67635567,,Ms.,Sherry,,Friedman,,Butler,M,black,nonhispanic,female,Port Katietown TX US,73100 Campbell Prairie Apt. 350,Austin,TX,Travis,19333,78702,6.737571,-96.415735,22715.29,4370.37,47387,(507)789-6401x401,tina57@example.org,030201664,030301
1e9b88f2-7ae1-4d1b-9267-4ac9b9b55da7,1941-12-30,,326-78-7642,S82597282,,Mr.,Austin,,Davis,,,S,white,nonhispanic,male,Williamtown GA US,442 Stewart Mountain,Savannah,GA,Chatham,18157,31404,-23.807449,-92.405119,183924.32,4857.99,64312,887-503-6420,matthew57@example.net,030649617,030301
2346ab66-f772-4d10-b8cd-91989fb50217,1947-07-27,,052-54-3062,S58884573,,Ms.,Roberta,,Martinez,,Sanford,S,asian,nonhispanic,female,Kristinburgh IL US,2939 Fitzpatrick Mountains,Chicago,IL,Cook,35404,60612,55.897225,-104.635496,83251.18,29902.23,49155,+1-243-276-1872,sarah65@example.org,030487630,030301
6bbc1f7f-4e27-48a3-91b3-e48978b8d7b0,1968-09-29,,334-03-9088,S77779054,X55308654,Mr.,Luis,Joshua,Nguyen,,,S,other,nonhispanic,male,Port Tracytown IL US,156 Annette Crescent,Chicago,IL,Cook,55984,60612,-81.286907,-128.446556,29795.79,5115.52,86022,+1-972-758-8688,littlenichole@example.com,140417268,140401
84bb70ae-67c7-496f-8f9b-3ef5126ef223,1947-12-12,,606-35-8048,S97461335,,Ms.,Shirley,,Patrick,,Nunez,S,other,nonhispanic,female,North Seth MA US,739 Scott View,Boston,MA,Suffolk,20586,02215,-48.669142,78.023528,12104.16,15792.12,27842,908-400-0336x12183,adamalvarez@example.org,140622188,140401
511de815-fb64-4454-9f4c-d2bf8e85b195,2007-10-19,,274-52-7629,S52253327,X29288577,Mr.,David,,King,,,D,white,nonhispanic,male,Lake Randy MA US,3457 Sullivan Villages,Boston,MA,Suffolk,52399,02118,-56.817003,112.591361,8457.64,8039.43,56967,7915441324,shannon40@example.net,140784089,140401
ef4ca9f5-6224-46e8-97dc-e0de68746a04,1977-10-02,,161-22-1988,S30539327,X83259319,Ms.,Jessica,,Hawkins,,,M,white,nonhispanic,female,Lake Hannahstad IL US,376 Taylor Camp Apt. 294,Chicago,IL,Cook,52300,60612,12.672987,-150.219357,58235.25,9264.84,24249,632-983-7974,wbrown@example.org,140726294,140401
eb1c986c-93d3-4020-bd6f-98e548095e93,1961-10-16,,147-14-9452,S58490620,,Ms.,Jennifer,Kelly,Watson,,,M,black,nonhispanic,female,North Derrick AZ US,23377 Brown Springs Apt. 547,Phoenix,AZ,Maricopa,17154,85006,-52.743899,-73.245503,10112.32,40987.6,24286,293-763-7996x774,williamsjody@example.net,140851329,140401
1b12d2bd-5b33-4187-8afc-8a68e32dbf83,1993-12-05,,706-25-5096,S97796815,,Mr.,Jason,Stephen,Bryan,,,,other,nonhispanic,male,Amandaland IL US,54442 Brown Manor Suite 044,Chicago,IL,Cook,20506,60612,-42.129376,-114.790666,6192.87,2076.64,41091,513.805.6608x1304,richard00@example.net,140292364,140401
8b2f3d6e-a1b8-42c7-8ec8-38d39c6eb4ab,1945-10-08,,619-96-3473,S25307667,,Mr.,Nathaniel,Michael,Cisneros,,,,white,nonhispanic,male,Lake David MA US,956 Davis Streets Suite 054,Boston,MA,Suffolk,51998,02118,89.983716,44.900348,48377.66,36555.85,51387,640-659-2570,wbrown@example.net,140792323,140401
cb406f6a-8f88-4872-8e04-7bb80c3a86b2,1973-09-13,,271-97-7213,S73977779,,Ms.,Elizabeth,Cynthia,Singleton,,Miller,W,white,nonhispanic,female,Port Lisamouth IL US,52026 Jill Ranch Apt. 379,Chicago,IL,Cook,47272,60612,76.405749,-7.136542,41856.19,9215.18,79858,(458)528-5629x55185,brandonmurray@example.com,110355896,110501
7699a303-7ef5-46d9-b4b2-b1e0dde6bf64,1943-06-26,,023-54-8145,S54970326,,Mr.,Michael,Lisa,Smith,,,S,black,nonhispanic,male,East Joseph MA US,868 Ponce Prairie Suite 973,Boston,MA,Suffolk,14047,02215,85.471404,28.489776,7397.38,4327.29,120493,977-493-3351,oliviabartlett@example.com,330390826,330101
ed43547c-0605-4a16-90ba-46584af8952f,1979-04-27,,062-68-5904,S23017085,,Ms.,Kathryn,Lisa,Avila,,,M,white,nonhispanic,female,Cathyberg GA US,552 Phillip Walk Apt. 283,Savannah,GA,Chatham,04054,31404,-2.241722,-9.060497,9329.19,13723.48,18575,(668)857-1190x127,collinspeggy@example.net,330705626,330101
51142b6b-249a-489f-8e54-0f15f1d93421,1967-10-30,,481-98-7307,S62064975,,Ms.,Kelli,Melissa,Love,,,S,white,nonhispanic,female,East Johnny IL US,707 Sandra Road Apt. 069,Chicago,IL,Cook,43143,60612,36.9069,-17.646514,23333.55,20646.18,40308,(440)785-0730x53974,charles00@example.com,330409074,330101
660c703b-d91a-403a-a791-c89d413789e6,1955-02-28,,857-77-8791,S51339751,X78383892,Ms.,Colleen,Jamie,Bailey,,Robles,M,other,hispanic,female,Terrihaven MA US,199 Carlos Crossroad Apt. 567,Boston,MA,Suffolk,03997,02215,-35.779174,109.547198,12311.47,22207.78,42611,475-786-7302,charles76@example.net,330440267,330101
590c3469-cc64-42d3-b8c2-2090793988ce,1949-09-07,,342-50-6878,S72420492,,Ms.,Andrea,Alex,Hart,,Hudson,S,white,hispanic,female,Port Gregorychester CA US,11416 Smith Ways,Oakland,CA,Alameda,02939,94609,59.890209,-172.548977,87875.86,6528.05,87948,399-934-3276x24945,bryan55@example.com,330287347,330101
137aa635-f45d-4c62-ac7d-a390eceb5e72,1953-01-07,,837-64-4966,S87852199,,Ms.,Kara,,Jennings,,Peterson,,white,nonhispanic,female,South Robin CA US,12648 Christopher Green Suite 184,Oakland,CA,Alameda,40308,94609,-88.88907,-63.708805,30721.52,4769.89,21415,001-758-731-2645x2997,ronniehughes@example.com,330337583,330101
fa6e513e-4b8d-4735-a519-f1dcc4ff779c,1953-03-26,,736-27-2938,S87747933,X30724222,Mr.,James,Cody,Hall,,,,other,nonhispanic,male,Beasleyhaven MA US,037 Jones Fields,Boston,MA,Suffolk,23695,02215,88.64688,-14.255478,75268.47,18568.3,19338,(591)419-7907x622,jennifergray@example.net,330284150,330101
12b15374-992d-4796-814a-e138aae3df78,1971-11-03,,144-06-5984,S69013158,,Mr.,David,William,Cole,,,M,other,nonhispanic,male,East Nancy CA US,7306 Price Plaza,Oakland,CA,Alameda,16751,94609,5.4263,-65.464354,41979.92,12349.33,68927,+1-321-558-4959x294,anita72@example.net,330732801,330101
c458d1c0-1657-40fa-b76d-9121db455625,1952-05-15,,728-97-2571,S16699978,,Ms.,Lauren,Julian,Romero,,Mendez,D,other,hispanic,female,Humphreyfurt CA US,01308 Matthew Dam Suite 557,Oakland,CA,Alameda,42670,94609,-86.679287,1.350709,38896.85,5310.55,80349,(473)470-4677,ubell@example.com,330589840,330101
5653e995-c98b-4221-82e8-d1eb71e2d704,1991-06-06,,349-66-5551,S90177336,,Mr.,William,Jessica,Robinson,,,D,black,nonhispanic,male,West Jennifer MA US,0454 Adrienne Common Apt. 655,Boston,MA,Suffolk,24072,02215,66.632448,-0.935124,66021.16,11934.93,19874,001-592-458-3534x77767,deborahhoffman@example.org,330672040,330101
d3dd8ad9-6a38-4629-aa16-44b328267893,1960-02-27,,543-11-7434,S24828208,,Ms.,Kristina,,Kelley,,,D,white,nonhispanic,female,Stevenstad CA US,5312 Gallegos Shore,Oakland,CA,Alameda,39831,94609,-48.85854,20.524949,26349.57,25832.55,22297,456.507.0339x857,sgray@example.org,330128690,330102
162ba68f-ad2f-4d40-82cc-f4f41aa0782b,1970-03-26,,084-94-0744,S75411603,X99349603,Ms.,Abigail,Nicole,Williams,,,D,white,nonhispanic,female,East Kaylaside AZ US,16662 Hansen Parkway Suite 924,Phoenix,AZ,Maricopa,25114,85006,5.251999,-83.081189,9902.97,2652.97,68125,(813)267-1789x018,ebarton@example.net,330440962,330102
ebe2c3b5-c70a-4ceb-9b7d-3ffe8bbc5b8f,1959-11-30,,547-51-1806,S14078406,,Ms.,Kathy,Penny,Cooley,,,,black,nonhispanic,female,Wesleyhaven MA US,7831 Mark Summit Apt. 333,Boston,MA,Suffolk,49850,02118,20.23948,105.471302,69707.96,22164.94,72615,212-658-9794x827,jmartin@example.com,330162428,330102
970cb247-e63a-482f-91db-e7b5b0e8b1a7,1939-02-01,,290-42-8543,S92070817,,Ms.,Heather,Tiffany,Smith,,,D,white,hispanic,female,Costachester IL US,1154 Mcintyre Square Suite 248,Chicago,IL,Cook,47924,60612,-40.712751,177.476591,88928.23,27357.47,84729,346.623.6267x04477,vaughandennis@example.com,330481330,330102
33ffaf8a-145f-4936-b295-c62e15ea77a5,1993-02-11,,551-47-1982,S70980426,X99356733,Mr.,Daniel,Grace,Williams,,,W,white,nonhispanic,male,Myersside TX US,778 Kimberly Plaza,Austin,TX,Travis,22930,78702,27.767931,123.555511,48995.27,30064.96,28303,569.419.6708x894,carlagreen@example.org,330424184,330102
ee8d2d68-2486-4efa-b38a-e698f751c843,1960-11-25,,766-07-1693,S18815160,X98897257,Ms.,Chelsea,Gloria,Kennedy,,,D,white,hispanic,female,West Katrina MA US,5766 Shane Heights,Boston,MA,Suffolk,49201,02118,28.278572,107.573786,51007.74,7002.46,17806,(737)841-3517,katelyn24@example.net,330783703,330102
e681cfcd-2794-4df3-b276-a651f741930c,1933-01-14,,413-14-7954,S25425721,X12451956,Mr.,Jason,Linda,Grimes,,,M,white,nonhispanic,male,Lake Raymond AZ US,3828 Houston View,Phoenix,AZ,Maricopa,28267,85006,-39.214241,-157.610531,18662.65,7828.04,64880,+1-804-734-9269x522,jennifer55@example.org,330538490,330102
5a786214-e8fe-40db-8adc-c2a80f05634c,1965-07-14,,605-94-1980,S87147925,,Ms.,Heather,,Fields,,,S,white,nonhispanic,female,Julieport MA US,63352 Erin Road Suite 293,Boston,MA,Suffolk,34041,02215,50.562197,48.107927,26306.24,21140.17,66246,796-555-4502,bross@example.net,330671341,330102
402f833c-2f94-47d0-aef3-a0c1f8d3181b,1971-02-09,,049-61-9278,S22392740,,Ms.,Carolyn,Michael,Sosa,,,D,white,hispanic,female,New Ashley GA US,170 Li Meadow Apt. 973,Savannah,GA,Chatham,46277,31404,58.721931,155.585307,28724.24,17149.64,42110,(823)838-4241,tblanchard@example.net,330337156,330102
eeb67b08-57b1-4ddb-9e5a-cebeb7416aa2,1945-02-19,,884-75-2982,S11188339,,Ms.,Tina,Stephen,Jones,,Byrd,M,white,nonhispanic,female,Alexanderchester GA US,1262 Debra Freeway,Savannah,GA,Chatham,52745,31404,39.745412,171.472596,31981.61,115640.14,57796,001-594-343-7890x616,elizabethhall@example.org,330751263,330102
2699453f-481a-4938-b9f7-ce97b279b3c0,1953-10-24,,704-06-2024,S61341103,,Mr.,Joshua,Jerry,Bird,,,S,white,nonhispanic,male,Jeffreyfurt GA US,8787 Kelly Falls Apt. 687,Savannah,GA,Chatham,24702,31404,19.299794,-155.513865,24606.02,16052.2,20971,(298)201-0196x43274,flane@example.com,050347570,050201
02c34b30-dbef-4634-b8be-525aa976abd0,2000-01-31,,300-95-7745,S65638839,X89739167,Ms.,Monique,Angela,Williams,,,,white,nonhispanic,female,Garciahaven TX US,801 Regina Roads,Austin,TX,Travis,27505,78702,-0.101139,148.369777,21107.45,3892.27,86807,(637)465-5945x8715,nbarry@example.net,050281122,050201
2edb004e-84de-4161-928a-bad3fe959c18,1998-07-20,,200-27-4482,S66108623,,Ms.,Lisa,,George,,,S,white,nonhispanic,female,Timothystad CA US,4624 Jones Stravenue Apt. 534,Oakland,CA,Alameda,41957,94609,4.408456,136.068471,8021.26,17761.83,53915,+1-558-276-1416,johnzamora@example.net,050226473,050201
f2b49745-f5d3-4aae-b179-2fa452a31a1d,1975-08-24,,271-99-6831,S59971632,,Mr.,Alan,,Green,,,W,asian,nonhispanic,male,Penaburgh GA US,7064 Beverly Shoal Apt. 288,Savannah,GA,Chatham,39022,31404,6.588084,-39.33768,60555.61,3601.42,71340,775-917-2059,butlerraymond@example.org,050159944,050201
12678937-8ab1-4445-9563-21762ddacbc9,1983-03-23,,385-13-9853,S70623848,X95191096,Mr.,Carlos,Kristen,Gibbs,,,W,white,nonhispanic,male,Foxton GA US,6124 Robles Union Apt. 691,Savannah,GA,Chatham,35156,31404,-75.125012,96.139378,52465.42,17551.83,34801,(426)441-1127,nrivera@example.net,050599500,050201
97d9572f-2976-4e48-9559-c6514a267114,1958-07-12,,178-96-6312,S29862458,,Mr.,Jeffrey,,Daniels,,,,asian,nonhispanic,male,Kimberlyborough GA US,926 Porter Junction,Savannah,GA,Chatham,26914,31404,53.440052,-107.209013,52019.64,11014.0,47183,5818781648,michaelgriffin@example.org,050128374,050201
11e0f60a-24ee-4222-bef2-a12b1a2d6e6e,1927-10-09,,866-30-3831,S28467194,,Ms.,Kristie,Scott,Lewis,,,,white,nonhispanic,female,Port Andrew CA US,37196 West Passage Apt. 265,Oakland,CA,Alameda,17216,94609,44.394489,-127.177213,7911.41,5707.27,123685,+1-214-680-6648,wendy70@example.com,050901329,050201
f28cba69-db98-4b64-86c6-fa6e9e2a4a1c,1965-11-09,,574-29-7765,S89284105,X57133999,Mr.,Nicholas,,Moody,,,D,other,nonhispanic,male,Lake Brandi CA US,09460 Shannon Brook Suite 745,Oakland,CA,Alameda,25023,94609,-42.136683,44.145005,41463.74,21628.22,51256,707-736-7910x686,mary22@example.net,050372317,050201
1735487c-3cd6-4b9e-b2c4-22dc40e02209,1973-04-18,,683-50-8143,S55108228,X66144996,Ms.,Allison,Alyssa,Wilson,,,,white,nonhispanic,female,Port David GA US,891 West Parkway,Savannah,GA,Chatham,27905,31404,-51.379216,19.460689,123244.78,9596.94,31382,504.768.4747,ealexander@example.org,050147960,050201
8f2cec3f-d074-464d-80bd-664f966b58f0,1981-05-13,,365-74-4960,S68356852,,Mr.,Carlos,John,Kramer,,,,white,nonhispanic,male,Lake Janice AZ US,4522 Young Terrace,Phoenix,AZ,Maricopa,24693,85006,-51.469996,112.541218,7101.27,163377.14,93669,001-856-205-6164x8214,rogersnicole@example.com,050698419,050201
d72617af-5fcf-4793-8003-2fc2495bcfa3,1980-12-13,,026-31-7238,S58218545,X46949682,Ms.,Denise,Deborah,Curry,,,,other,nonhispanic,female,Lake Jessicamouth AZ US,750 Morgan Neck,Phoenix,AZ,Maricopa,53351,85006,29.313028,145.538661,75282.43,58820.68,36109,001-549-496-9336,tammyvelasquez@example.net,050999550,050201
090ca57a-6728-4e84-8df2-8e771a995801,1952-05-11,,531-05-7255,S73412396,X78136952,Mr.,Steven,Raymond,Pearson,,,D,white,nonhispanic,male,Garrettborough CA US,41818 Norman Mill Suite 223,Oakland,CA,Alameda,42833,94609,-40.527366,-61.012423,15158.86,170433.01,54046,336.702.3153,angelachristensen@example.net,030889907,030301
314d1e71-3ae4-4db2-b4f4-2e3437f521b4,2006-10-19,,354-49-6225,S60079698,X50146554,Ms.,Laurie,Jocelyn,Parsons,,,,white,nonhispanic,female,Allenbury TX US,48839 Michael Point,Austin,TX,Travis,42083,78702,9.452283,-109.834342,65905.54,51215.76,49610,001-686-303-1894x8882,mooreedward@example.org,030356683,030301
829a0b0b-4e8d-49fa-ac4a-ac7763cfc308,1953-12-28,,837-43-2505,S91667465,,Ms.,Tracy,,Horton,,,S,asian,hispanic,female,Port Antonio MA US,771 Hamilton Fields,Boston,MA,Suffolk,19725,02118,31.372331,-70.570517,5733.11,5015.04,33426,(533)631-2438x64189,youngbrian@example.org,030593838,030301
285cb0ac-6055-49ed-9b5c-c91543d31aab,1987-10-25,,020-45-9735,S70167763,,Ms.,Jeanette,Kathryn,Williams,,,W,white,nonhispanic,female,West Vanessa IL US,2361 Patrick Turnpike,Chicago,IL,Cook,06407,60612,-80.382517,-49.24931,126889.53,21601.79,112175,(377)524-3678x3835,tiffany38@example.com,140404280,140401
26c83ab2-efa3-47ed-9e08-00746446730a,1954-03-21,,652-80-6179,S25440919,,Ms.,Kathleen,Kelsey,Butler,,Lopez,S,white,hispanic,female,Matthewview CA US,6093 Neal Crossroad Suite 862,Oakland,CA,Alameda,12959,94609,-89.873042,179.300445,63790.7,77157.34,46798,694-328-5106,collinsjohn@example.com,140661953,140401
c1cb72cd-b3b9-48e8-98cd-3c31dace0621,1974-08-22,,149-08-9133,S47572901,,Ms.,Brandi,Darren,Taylor,,,,white,hispanic,female,Mcdanielberg AZ US,5278 Megan Path,Phoenix,AZ,Maricopa,39499,85006,-60.385871,150.202665,82819.63,49743.11,138378,640-731-3565,vaughnchristopher@example.com,140937906,140401
b56d8072-dbf0-4150-b0fd-d878ca4508a0,1977-03-08,,180-16-3078,S25476106,,Ms.,Stephanie,Gloria,Jenkins,,,D,asian,hispanic,female,South Jessicaville MA US,290 Mccormick Parks,Boston,MA,Suffolk,04322,02215,38.788212,-66.709963,72710.9,8695.94,65567,7644198974,kimberly04@example.com,140365349,140401
ee4658ae-d572-4ee3-a9c6-5f0e44eec0d4,1946-07-02,,883-33-4161,S70270388,X56707277,Ms.,Jennifer,,Kane,,Frederick,D,white,nonhispanic,female,New Jessicaton AZ US,14749 Xavier Hollow Suite 296,Phoenix,AZ,Maricopa,04058,85006,-89.098986,-107.516728,34867.05,34500.37,47479,(545)588-6266x1121,christopher44@example.org,140992321,140401
ead4b641-9679-4635-9d89-70fb835b549c,1967-03-08,,526-54-9688,S29493472,X43955886,Ms.,Kimberly,Joseph,Hull,,,W,native,hispanic,female,West Cole CA US,766 Misty Rue,Oakland,CA,Alameda,42574,94609,-21.13165,-124.67078,12952.99,19477.09,47210,(680)427-7298x785,gpayne@example.net,110370815,110501
4ebde66f-260b-4aa6-bf6a-4ff1c64e1fb8,1951-08-27,,076-13-6968,S90593279,X20570888,Ms.,Monica,Kevin,Myers,,Bryant,,black,hispanic,female,South Sergio MA US,954 Sanchez Skyway Apt. 882,Boston,MA,Suffolk,07260,02215,-81.391471,69.933012,160261.37,15434.46,189614,514-537-6438x54291,jared35@example.net,110589694,110501
0b2bc8a3-f628-4cd4-8e40-7ad83ca3dc11,1942-05-16,,413-25-3044,S70087920,,Mr.,Barry,,Holder,,,W,white,nonhispanic,male,Simpsonbury TX US,32766 Joanne Islands,Austin,TX,Travis,03984,78702,61.742053,-33.113252,88833.95,5633.09,133739,+1-616-526-9046x6847,haustin@example.net,330713928,330101
bd355166-3aac-4db7-9ab7-aff777966c28,1960-11-10,,274-58-0926,S99225046,,Ms.,Tara,Heather,Andrews,,Lawson,,asian,nonhispanic,female,East Jennifer TX US,103 Rivers Camp Apt. 697,Austin,TX,Travis,41306,78702,-37.766817,104.552197,29409.97,7439.9,76152,(250)200-4387x979,april20@example.org,330853303,330101
b1aa1c19-552a-4a07-b170-1df4f5241e35,1956-01-20,,634-32-8069,S44938105,X48773753,Mr.,Justin,,Anderson,,,S,asian,nonhispanic,male,Davidside IL US,933 Daisy Crest,Chicago,IL,Cook,03911,60612,85.959998,-20.546169,29469.39,51874.65,63515,+1-556-444-6530x289,dwaynecarpenter@example.net,330516667,330101
1f1a2af2-0571-4e9e-b5a1-85e1bfa72f67,1926-05-21,,704-56-1864,S27787275,X76056724,Ms.,Michelle,Teresa,Hansen,,,M,black,nonhispanic,female,New Ronaldbury GA US,9286 Sean Oval Suite 465,Savannah,GA,Chatham,22513,31404,60.322487,-66.460201,41513.17,8059.05,45788,752.491.4377,mcgeesydney@example.com,330846675,330102
199a1aa9-4f5a-4673-b6ff-5b5f8ef20479,2008-03-13,,827-15-8643,S56874137,,Ms.,Rachel,Randy,Taylor,,,D,white,nonhispanic,female,Marialand MA US,4257 Cabrera Coves Suite 046,Boston,MA,Suffolk,09637,02215,63.466249,3.077861,158675.09,33063.15,22988,001-243-824-4802x623,bmendez@example.com,330840838,330102
92b030f6-7554-44f7-9821-d645002ac247,1938-08-25,,188-60-1888,S56257153,X46093607,Ms.,Linda,Laura,Kent,,,S,white,nonhispanic,female,Lindaton MA US,296 Lopez Course,Boston,MA,Suffolk,05656,02215,-29.336379,115.135984,21951.24,2354.75,25081,263-228-3446x5549,joel44@example.org,330840112,330102
025e0f16-adde-42f0-937c-72b48652a265,1951-01-12,,050-65-8421,S15002647,,Mr.,Wesley,,Taylor,,,W,white,nonhispanic,male,North Latoya MA US,278 Haynes Loop Suite 681,Boston,MA,Suffolk,51812,02118,-71.03666,104.072397,14585.61,13354.78,55712,001-314-722-6641,melissawashington@example.org,330963845,330102
e4fbcc3d-c2d6-4f37-8526-81ef47c5f5aa,1961-05-10,,614-14-6604,S14703910,X36546360,Ms.,Vanessa,Adrian,Baker,,Johnson,,black,nonhispanic,female,North Dustin TX US,5280 Lin Extension,Austin,TX,Travis,07308,78702,-3.1895,-140.220224,128947.2,11227.44,46188,364-476-1972x7990,mperez@example.net,330530203,330102
5976df85-6d94-4b70-b726-f131bc2a16fb,1962-02-07,,647-81-8066,S12447414,X70256195,Ms.,Brittney,Claudia,Mcfarland,,Collins,D,black,nonhispanic,female,Lake Amandahaven TX US,933 Blake Shoals Apt. 435,Austin,TX,Travis,07472,78702,79.731405,118.499111,598519.4,20281.45,62486,001-967-303-4400x2623,bakerkristin@example.com,330733851,330102
1cd95609-0c1d-468c-9cec-d3bec917b1dc,1958-03-29,,100-86-9658,S66113372,,Ms.,Sydney,Deborah,Richardson,,Rivera,M,other,nonhispanic,female,Reyesfort TX US,3451 Valdez Crescent,Austin,TX,Travis,13994,78702,73.523479,-59.30894,11919.12,26582.35,60166,968.223.9909x446,bennettjesus@example.net,050443822,050201
bf6b1969-9264-4c1b-8e0e-48878c221b4a,1964-06-12,,568-25-5234,S17603426,,Mr.,Martin,William,Meadows,,,M,black,nonhispanic,male,New Jennifer TX US,5951 Eric Shores Apt. 489,Austin,TX,Travis,42372,78702,-74.162849,113.250506,33481.94,20348.41,25917,806-680-7157x55359,briana50@example.net,050388345,050201
eadae896-73ce-4c37-94aa-61d8f6fd6c6e,1996-07-10,,231-60-1400,S65057524,,Mr.,Matthew,,Brown,,,,white,nonhispanic,male,Lake David AZ US,46696 Dixon Rapid Suite 060,Phoenix,AZ,Maricopa,31253,85006,-38.314659,8.094614,59148.74,24694.01,58983,001-544-431-3484,ipalmer@example.org,050667253,050201
58c5a0db-a522-472e-8320-3f7d30506df3,1972-05-10,,817-41-2172,S13819084,X17847312,Mr.,Jeffrey,Elizabeth,Scott,,,M,white,nonhispanic,male,New Joseph TX US,869 Hogan Street,Austin,TX,Travis,19256,78702,-51.47154,74.965198,48523.67,4594.47,21753,001-524-435-1846x9220,drodriguez@example.org,050392853,050201
b325355e-e3a3-46de-b8dd-19f6f9acdd23,1971-10-25,,749-22-2259,S26384070,,Ms.,Lynn,,Williams,,Williams,S,black,nonhispanic,female,New Gerald GA US,146 Daniel Cove Apt. 423,Savannah,GA,Chatham,03270,31404,48.987028,-8.901246,17889.46,14109.69,43570,(661)603-6132,fergusonrobert@example.net,050205512,050201
b8e4003a-5230-476b-88d7-10cb0781b042,1998-08-10,,740-37-3346,S10385358,X54034737,Ms.,Mindy,,Allen,,,W,other,nonhispanic,female,North Christinamouth IL US,68426 Carlos Cliff,Chicago,IL,Cook,52773,60612,46.543567,113.543206,176467.84,4145.99,-16441,364-613-3339,wharris@example.com,050957847,050201
286018d1-aae5-48e0-8c24-4f49dcd9ba7b,1988-04-11,,114-59-2272,S29349098,,Mr.,Justin,Ashley,Gallagher,,,S,white,nonhispanic,male,Paulastad MA US,232 Shaun Crossing,Boston,MA,Suffolk,13269,02215,-29.789484,-67.462787,27356.95,8861.27,21851,564.547.2196,williamsaustin@example.com,050242244,050201
a5f60d19-594b-406e-be4f-39d9cefed60c,1963-07-18,,595-82-9370,S12774506,X57678078,Mr.,Zachary,Lawrence,Hill,,,W,black,nonhispanic,male,Tammyville TX US,365 Thomas Fall,Austin,TX,Travis,11405,78702,-89.22415,21.151703,24903.6,18049.5,41198,591.383.3021,ethomas@example.net,050566085,050201
d276550c-d68a-48a4-99f5-f65b10528fa8,1926-04-13,,318-43-3345,S88124075,X60200539,Mr.,Joseph,Thomas,Klein,,,M,black,hispanic,male,North Taylor MA US,051 Scott Radial Apt. 516,Boston,MA,Suffolk,28602,02118,-53.309263,57.070414,16276.6,9067.07,99008,(838)510-1160x0668,yhansen@example.net,030690377,030301
13679bd0-2ebb-4d56-a449-4ca1a85d7626,1990-01-08,,194-10-4230,S22845149,,Mr.,Wayne,Rebecca,Reese,,,W,black,nonhispanic,male,Port Lauren MA US,2653 Lisa Hill Apt. 171,Boston,MA,Suffolk,22784,02215,-12.526005,-160.140297,75007.83,44041.19,48532,5983502008,nicholashanson@example.org,030981122,030301
76af041f-8b43-4440-a5b8-489e51e70158,1950-07-23,,265-25-2728,S84114126,X36511020,Ms.,Lisa,Monica,Bennett,,,S,black,nonhispanic,female,West Jasonview AZ US,56198 Mcdonald Green,Phoenix,AZ,Maricopa,32695,85006,14.687283,-110.720391,63939.22,4554.06,98759,+1-942-436-8407x99778,bperry@example.com,030220083,030301
275a03c0-8e09-4de2-90e6-fc90c8dbaded,1959-05-30,,815-38-8099,S71507800,X34105948,Ms.,Alicia,,Chang,,,,white,nonhispanic,female,Jenniferborough MA US,7588 Lozano Views,Boston,MA,Suffolk,04157,02118,-79.12363,-106.933345,14514.09,9763.43,37746,436.350.7210x6132,terrencefox@example.org,140540052,140401
81a59b32-1d42-4f3d-8dd8-1370a5bfe406,1961-02-23,,354-16-4639,S90862000,,Mr.,Mitchell,,Cook,,,S,white,hispanic,male,Stephaniefurt MA US,94794 Mary Dam Apt. 745,Boston,MA,Suffolk,27830,02215,41.371676,131.779186,43689.44,26563.54,110081,458.581.9355x368,nbennett@example.net,140883496,140401
87c9ee1b-e9a2-4070-a9f0-f02e50b5360f,1931-11-24,,056-70-0128,S87640361,,Ms.,Hailey,Yolanda,Clark,,,M,white,nonhispanic,female,Lake Patrick TX US,468 Stevens Mountains Apt. 583,Austin,TX,Travis,42925,78702,19.235316,-35.676536,14800.87,19942.39,82449,001-846-413-9296x14546,debbiescott@example.com,140712683,140401
2b8fe8f3-a87a-40e7-ba71-5798743e4476,1944-12-25,,640-84-5914,S40329882,,Ms.,Jennifer,Sandra,Ford,,,,white,nonhispanic,female,North Jonathanhaven TX US,9473 Cooper Turnpike Suite 070,Austin,TX,Travis,02371,78702,25.488336,102.040591,8471.61,57335.76,43839,618-466-1104x459,wrightashley@example.net,140657621,140401
a0f86a20-1545-4402-b676-5e26b64582d4,1946-09-06,,655-55-5939,S82617432,,Mr.,Willie,,Poole,,,M,other,nonhispanic,male,Ortizburgh IL US,218 Moore Greens,Chicago,IL,Cook,05560,60612,-11.524698,147.406367,30023.2,8632.85,51780,+1-993-570-8746x27757,rachel87@example.net,140717779,140401
cbca622c-8018-4250-a75a-4fab652042f7,1992-02-17,,458-58-3327,S20116539,,Mr.,Raymond,,Nash,,,W,white,hispanic,male,West Jennifermouth IL US,2270 Gonzalez Throughway,Chicago,IL,Cook,42916,60612,-18.359262,109.434656,68018.08,12362.08,26834,001-747-959-8730x756,hevans@example.com,140229300,140401
735f5b63-0a58-4330-ad80-6ef5f8f6e45f,1953-01-10,,092-80-7566,S47679247,X68347872,Mr.,William,Ashley,Fleming,,,S,black,nonhispanic,male,North Kimberly MA US,72146 Denise Glens,Boston,MA,Suffolk,38398,02215,42.974725,-41.486083,477933.27,16795.44,29507,957-366-4429,alexandermichael@example.com,140324459,140401
9c0c955c-5be7-439e-9726-973a403ad623,1969-12-08,,527-63-1241,S74859859,X91104583,Mr.,Albert,,Nelson,,,D,white,hispanic,male,Ruizberg MA US,0750 Katherine Via Apt. 436,Boston,MA,Suffolk,43410,02215,49.994258,88.748263,29900.72,780.38,78419,889.758.8419,kim04@example.org,140118471,140401
e095f6f5-0ec4-4815-ad3a-596fd8789730,1988-04-21,,004-81-1866,S67749618,,Mr.,Justin,,Daniels,,,S,white,hispanic,male,North Kyle IL US,3434 Marshall Mountain Apt. 206,Chicago,IL,Cook,43316,60612,-62.136171,-114.296847,236845.92,9900.5,29737,755-433-0621x5498,joshua93@example.org,330158201,330101
790afa8f-1a7a-4e6b-a93e-17b19b48f199,1997-06-29,,567-79-4804,S44312398,X61653809,Ms.,Mary,John,Perez,,,W,white,hispanic,female,Lake Danaland MA US,6394 Michelle Grove Suite 232,Boston,MA,Suffolk,41143,02118,-65.640581,-26.630199,69057.5,81698.0,39238,001-439-253-5048,erikacarlson@example.com,330992662,330101
ae00f18f-f3b5-4a54-9f3e-a6788603c98a,1968-10-04,,348-26-8239,S54417802,,Mr.,Brandon,Tony,Murray,,,D,white,hispanic,male,Port Georgeport MA US,0323 Coleman Spurs Apt. 783,Boston,MA,Suffolk,42120,02215,67.168751,-109.839698,32562.01,4236.05,18179,(844)594-9148,theresabaldwin@example.org,330660587,330101
f1cb4356-9904-4511-b3a9-8149cc611ea7,1979-08-15,,066-70-4040,S85921344,X38646308,Ms.,Melissa,Katherine,Jefferson,,,M,asian,nonhispanic,female,Jeremychester AZ US,5543 Noble Crescent,Phoenix,AZ,Maricopa,31181,85006,-29.152197,18.923851,41858.82,1100.97,21188,(580)918-9092x1553,westchristopher@example.net,330118143,330101
94d30ead-acd1-40ae-a113-bb736cb81197,1984-04-23,,377-78-0861,S88449411,,Mr.,William,Jay,Gomez,,,,black,nonhispanic,male,East Ryan TX US,12563 Matthew Centers,Austin,TX,Travis,05046,78702,-77.786196,-59.378453,13211.54,13479.62,50967,870.515.2381x3274,nancy45@example.com,330696116,330101
1da05617-0acc-4af1-a56d-a6c688ac3c50,1941-01-23,,652-67-6081,S90696994,,Mr.,James,Adam,Carter,,,M,asian,nonhispanic,male,Townsendview TX US,01964 Rebecca Canyon Suite 583,Austin,TX,Travis,20121,78702,59.197109,48.339975,31574.39,55913.0,32746,818.553.7170x66022,ihiggins@example.com,330635601,330101
b00fc8fd-3937-4d2e-825c-545e69806c67,1964-03-08,,134-19-0350,S49340007,,Ms.,April,Evelyn,Phillips,,,S,other,nonhispanic,female,Lake Brittanyborough TX US,012 Avila Parkways Suite 139,Austin,TX,Travis,38158,78702,7.911261,-116.02672,66616.13,19994.56,54235,001-547-455-9483x5652,jessica94@example.org,330535535,330101
2818953a-f46a-478c-b36f-10cc8d82d926,1944-10-16,,303-50-0830,S99110580,,Ms.,Barbara,,Torres,,,S,other,hispanic,female,Amybury CA US,0609 Kayla Port,Oakland,CA,Alameda,34281,94609,73.902381,46.169048,19198.78,16466.41,78422,+1-444-317-4679x7571,briannabates@example.org,330483402,330101
05465210-8b0f-4855-b4e7-711aaa19ae8a,1958-05-20,,358-44-5199,S78193682,X75147987,Ms.,Julie,,Cox,,,W,white,nonhispanic,female,New Scottbury MA US,143 Jacob Cove Suite 750,Boston,MA,Suffolk,15062,02215,42.710732,-77.520755,28586.11,29779.56,43995,(385)767-2555,fdodson@example.net,330389196,330101
500e8374-77c8-4298-a602-b8ea4ce27c04,1945-07-08,,281-13-8038,S50801098,,Mr.,Zachary,Christian,Perry,,,,black,nonhispanic,male,Reeseton MA US,039 Allen Harbors,Boston,MA,Suffolk,53569,02215,-72.779486,73.900477,9928.12,2353.11,169935,450.262.0639x800,beckerthomas@example.com,330619850,330101
5e749b4d-e198-40c1-ba8b-39844841105d,1960-08-10,,863-98-7217,S24990576,X41227244,Ms.,Margaret,Angie,Stevens,,,W,white,hispanic,female,East Megan AZ US,037 Stephanie Extensions Suite 312,Phoenix,AZ,Maricopa,34319,85006,53.146373,134.296654,51610.55,19428.77,35011,(486)367-5661,robinsonjonathan@example.net,330441325,330102
1ec0f795-c961-4fad-afdb-6ade8a0a31d6,1963-11-01,,530-03-4240,S58222094,,Ms.,Courtney,Sean,Boyd,,Johnson,S,white,nonhispanic,UNKNOWN_CODE,South Jonathan AZ US,17355 Roberts Port,Phoenix,AZ,Maricopa,28139,85006,3.531643,-103.758945,61754.25,13511.06,45198,001-446-531-7733,danielle88@example.com,330824760,330102
1ad54746-28b7-4125-bac3-d9f9f55c8e44,1986-08-28,,854-65-7728,S63904967,X78450071,Ms.,Amanda,Amanda,Pitts,,,W,white,nonhispanic,female,Jonathanbury GA US,93565 William Light Suite 601,Savannah,GA,Chatham,22489,31404,60.116248,147.923202,127324.01,8160.17,26466,2274398627,debra25@example.net,330484606,330102
fa1bff25-08eb-43ce-b34c-59556bcbfee0,1978-07-21,,180-41-6857,S87857135,X38850442,Ms.,Sheila,Theresa,Smith,,Harper,S,white,nonhispanic,female,Lake Sandratown MA US,48001 Phillips Islands Suite 982,Boston,MA,Suffolk,27668,02118,-75.116319,-153.964315,52433.45,15926.42,46316,941.392.0967,kaitlinhunt@example.net,330427715,330102
7656936d-3336-4c21-bad5-6985bd1606e3,2009-10-13,,258-42-5590,S50275676,X58270509,,David,Diane,Rivas,,,W,white,nonhispanic,male,Barnesville GA US,1388 Berry Ports Apt. 981,Savannah,GA,Chatham,16587,31404,32.052186,-122.258487,59174.66,34856.12,49360,+1-325-783-0586x91580,lauren11@example.net,330372153,330102
4eeb6af6-b5ee-4882-9642-36dbf9a1f5bf,1958-09-30,,896-15-6070,S30446383,X63081193,Ms.,Carrie,David,Rodriguez,,Johnson,D,white,hispanic,female,East Joycechester AZ US,0759 Rodriguez Lodge Suite 237,Phoenix,AZ,Maricopa,19037,85006,-84.067015,112.440632,21487.04,6411.06,67444,+1-834-428-2113x9110,yevans@example.org,330745756,330102
bd48f016-c413-4dd7-9d80-47e737c12dcf,1952-08-15,,396-85-5068,S42057873,,Ms.,Erica,Audrey,Phillips,,,S,other,nonhispanic,female,Courtneyfurt AZ US,4731 Robert Spring,Phoenix,AZ,Maricopa,05691,85006,-42.389045,116.996016,46121.97,23490.5,68536,546-987-4584x5759,kevin72@example.org,330664940,330102
014b793a-099d-47be-bca8-5e57a81678b1,1925-04-18,,384-76-9702,S93450887,,Mr.,Stephen,Paula,Hobbs,,,M,white,nonhispanic,male,Lake Christine MA US,062 James Mill Apt. 794,Boston,MA,Suffolk,02119,02215,27.59478,167.224318,70728.16,4920.02,42583 mg,3508399732,tanya79@example.com,050726569,050201
3e8a2cef-8dc4-48be-8742-119a782f912f,1994-12-30,,290-99-9988,S54410645,,Ms.,Elizabeth,Michael,Giles,,Gomez,M,black,nonhispanic,female,Whiteview AZ US,839 Paul Views Suite 187,Phoenix,AZ,Maricopa,10038,85006,65.010166,81.391634,8586.9,3588.28,37963,900-594-9836x909,michael01@example.com,050270744,050201
2857fb6c-9d19-4fd1-82bd-f46659ecb3fa,1963-09-01,,011-11-8433,S32172044,X55136754,Mr.,Christopher,,Ibarra,,,S,white,nonhispanic,male,West Anna MA US,11504 Kenneth Trace Apt. 824,Boston,MA,Suffolk,47353,02215,26.055056,-20.443478,32161.79,17849.06,39703,001-628-646-3662,anthony22@example.org,050529962,050201
b2fa4d73-6c49-4f74-b3a0-ca30a6fc27d8,1971-09-21,,315-10-4992,S78053562,,Ms.,Brittany,David,Meyer,,Johns,M,white,hispanic,female,Watsonside MA US,368 Anderson Manors Apt. 369,Boston,MA,Suffolk,29684,02215,-55.200964,27.117462,16715.07,15802.71,141047,001-700-576-0021x252,oconnellkimberly@example.org,050898682,050201
d7049edb-fb78-4d74-aa51-c670076dc067,1959-11-11,,029-71-5087,S36960985,X79028723,Mr.,David,Roger,Jones,,,,other,hispanic,male,Lake Sharonport MA US,654 Hall Brooks Suite 124,Boston,MA,Suffolk,17119,02215,11.395352,43.999881,13293.95,28082.77,43276,+1-553-408-1811,petersonmark@example.com,050613235,050201
a8b9222c-9c73-4fbe-bc78-ef1e14bb1561,1985-08-15,,358-09-0844,S51115546,,Mr.,Brandon,,Schroeder,,,M,asian,nonhispanic,male,Danielleborough MA US,977 Peter Forks,Boston,MA,Suffolk,02040,02215,62.57904,-9.020589,5204.14,16949.99,81284,(301)655-0225x246,hilldawn@example.net,050746199,050201
a97b6f27-f693-413b-b067-38b31082d34e,2000-07-30,,879-11-4869,S91048009,,Ms.,Angela,Matthew,Lee,,,M,black,nonhispanic,female,Hubershire TX US,092 William Loaf Apt. 340,Austin,TX,Travis,28774,78702,-42.354121,154.177856,43501.67,10804.48,97857,(340)633-9975x2888,justinpeterson@example.org,030484607,030301
638f44de-f35d-4b14-8409-886b89c80d1b,1958-12-13,,117-07-7842,S15115825,X43036506,Ms.,Colleen,,Hicks,,,,black,nonhispanic,female,West Emmafort MA US,89429 Kristin Orchard Suite 768,Boston,MA,Suffolk,17676,02118,44.45581,105.488487,18033.35,10498.39,35481,+1-798-782-5683x9590,petersontara@example.org,030149833,030301
93fddac0-40d7-443a-a48e-ba07d97b4954,1985-10-05,,560-83-6067,S85649048,,Mr.,Garrett,Alexandra,Moore,,,M,white,nonhispanic,male,Port Carl MA US,7101 Martin Drives Apt. 096,Boston,MA,Suffolk,33488,02118,30.032688,-148.94797,16469.53,14804.23,45746,4194321665,dglass@example.net,030494759,030301
edb99fe6-faf1-4e5d-bf0e-f47d4bc8f1fc,1972-03-13,,275-80-5260,S21063668,X16337940,Mr.,Christopher,Nicole,White,,,S,asian,nonhispanic,male,New Marcia GA US,2667 Pena Underpass,Savannah,GA,Chatham,22107,31404,-24.084608,-99.895658,63687.51,9001.0,21002,001-880-363-2260x2525,emily86@example.net,030549793,030301
63d00ef2-7572-4249-9c4a-8d0579429c1b,1969-06-01,,709-10-7122,S69114708,X52094701,Ms.,Lindsey,Sherri,Carr,,,D,other,nonhispanic,female,Sueton MA US,7886 Cantrell Lock,Boston,MA,Suffolk,35843,02118,-78.792676,-85.526584,41888.68,5388.84,48149,(855)701-4789x3258,bryanttracy@example.com,030722745,030301
7daf838f-383c-4531-a8fa-b7c29ec525f5,1987-05-13,,002-39-5930,S39125990,X72871979,Mr.,Danny,Charles,Marsh,,,D,white,hispanic,male,Port Debra IL US,1695 Nguyen Flat Apt. 919,Chicago,IL,Cook,05502,60612,8.46299,-54.846312,27589.94,20478.77,40066,+1-371-855-7908x06295,dianesolis@example.net,030599840,030301
5065d390-47b5-4110-a4d5-6ef200a7e1f7,1975-04-16,,883-31-0209,S60776835,,Mr.,Reginald,Michael,Chavez,,,,black,nonhispanic,male,East Jasonbury CA US,05235 Castaneda Shores Suite 273,Oakland,CA,Alameda,23080,94609,-62.270757,112.760922,109720.1,11840.4,84487,937.596.6811,roger68@example.org,030698486,030301
51ea2d6c-4e1e-44c0-9d30-8afbaf3b8e93,1979-01-31,,628-18-3671,S66168308,,Ms.,Donna,Corey,Webb,,,W,other,nonhispanic,female,East Makaylafort CA US,00127 Maxwell Crescent,Oakland,CA,Alameda,06357,94609,57.872208,-37.75543,32544.02,11515.89,94840,716.673.7160x480,ianthony@example.org,030714402,030301
e03fd7b2-b90e-4d4f-9c68-a1051c84792b,1967-09-29,,542-30-6172,S64656969,,Mr.,Thomas,Cody,King,,,D,white,nonhispanic,male,Petersonstad CA US,915 Potts Field Suite 803,Oakland,CA,Alameda,24319,94609,11.845819,-58.54141,10034.86,7287.24,35342,292-490-8995x98596,acostaamanda@example.org,140374922,140401
714153f8-353c-47d0-bf77-e012a762ad7e,1967-10-14,,727-52-7053,S44818494,X37570086,Ms.,Susan,David,Poole,,,W,white,hispanic,female,West Curtisshire GA US,135 Kenneth Run,Savannah,GA,Chatham,03561,31404,5.161554,-22.253488,24780.58,11441.2,60631,+1-914-831-9101x9743,thomas55@example.org,140410737,140401
85436b65-370a-434a-b254-63d35ba22b93,1994-08-04,,775-30-8308,S11036453,,Ms.,Christina,,Long,,,M,white,hispanic,female,Lake Susanchester MA US,3386 Rodriguez Garden Apt. 769,Boston,MA,Suffolk,54866,02215,60.020161,136.576176,20052.72,9754.65,80380,876.626.7074,nwilliams@example.com,140761752,140401
b449ce6e-fd4e-4bff-9224-c43fc0779225,1996-01-20,,770-80-8491,S25948688,X89352720,Ms.,Lisa,,Johnson,,,D,black,nonhispanic,female,Lake Tylerport IL US,08601 Ashley Squares Suite 546,Chicago,IL,Cook,34186,60612,-68.422325,136.771988,12748.43,19126.31,58926,(581)627-2029x79674,zhoward@example.org,140279314,140401
55531527-3aa6-4a20-97ee-660e1b6108d8,1942-07-06,,002-27-7105,S50311212,X78061047,Mr.,Brendan,Catherine,King,,,D,white,nonhispanic,male,North Dalefort TX US,82755 Elizabeth Ford,Austin,TX,Travis,03249,78702,-40.530803,-8.91144,49361.95,2993.2,50042,343-819-9191x8494,gortiz@example.org,140387061,140401
1c5509a1-6923-4ae6-bbe0-595e32a5516f,1937-11-05,,689-15-4753,S55846492,X27607183,Mr.,Matthew,Adam,Morgan,,,S,white,nonhispanic,male,Port Jennifer GA US,427 Nicholas Shore Suite 936,Savannah,GA,Chatham,35921,31404,8.128804,173.477977,154594.69,12267.55,87757,319.356.8092,ramirezangela@example.net,140973446,140401
1d57a5a0-e708-44e1-85f5-304474713850,1960-03-15,,304-30-1019,S54920252,,Ms.,Karen,Jerry,Zimmerman,,,S,white,nonhispanic,female,Priceton MA US,287 Matthew Plains Suite 904,Boston,MA,Suffolk,54891,02118,-65.149319,-30.619604,120222.08,19424.5,44072,001-519-210-7954x5204,vkrueger@example.com,140468487,140401
4cf3b5d3-5582-4250-97aa-310d28f70247,1955-03-27,,081-91-2691,S93237213,,Mr.,Robert,,Garcia,,,D,white,nonhispanic,male,Port Linda AZ US,7177 Bennett Alley Apt. 051,Phoenix,AZ,Maricopa,42424,85006,-5.81881,-101.125019,31368.72,31660.82,37352,001-994-731-7209x367,lrussell@example.org,140987992,140401
35b13215-85a6-426e-ac9b-32995ace40a5,1961-01-13,,556-56-4269,S94600257,,Mr.,Ricardo,,Alvarez,,,S,black,nonhispanic,male,Gonzalezshire GA US,982 Smith Route Suite 684,Savannah,GA,Chatham,22765,31404,-72.12414,-87.034795,18525.12,28652.06,45770,(750)920-6312,lopezrussell@example.com,140193646,140401
267f5e41-1c10-442c-b2a8-55db46f58a87,1971-07-31,,220-31-4746,S30177002,,Ms.,Tracy,,Sexton,,Murphy,,white,nonhispanic,female,Reynoldshaven CA US,833 James Run Suite 334,Oakland,CA,Alameda,27546,94609,-75.147515,71.628326,150151.72,4837.64,55924,+1-714-364-7114x8720,ucantrell@example.net,140541153,140401
f125457e-3912-4c26-bede-7e685b1e51e8,1950-12-20,,741-07-4245,S88079648,,Mr.,Thomas,Nicholas,Ward,,,W,other,nonhispanic,male,South Brittany AZ US,837 Chavez Village,Phoenix,AZ,Maricopa,36411,85006,15.992772,68.87775,23663.59,19490.69,54377,(255)953-7780,bryan37@example.com,110365759,110501
d587edce-e592-4a67-919a-2aa8278ddd92,1961-02-18,,098-75-4689,S43241449,X46721966,Mr.,Grant,Angela,Glass,,,,black,hispanic,male,Lake Joseph MA US,877 Juarez Hollow Suite 295,Boston,MA,Suffolk,04720,02215,6.526012,101.532354,15093.43,14114.55,29044,001-868-947-0337x9835,salazarwilliam@example.com,330421507,330101
9d935203-f50e-435b-960c-a2eff5c0fc70,1951-09-28,,316-15-1146,S87931743,,Mr.,Hayden,,Brown,,,D,white,nonhispanic,male,Port Rhondachester GA US,6118 Willis Glen,Savannah,GA,Chatham,03162,31404,6.759544,-87.069663,18558.17,32111.0,52609,383.769.2574x79617,brittney24@example.com,330390927,330101
bd1c4bb1-b06d-487d-bbce-a5b488c43dd4,2006-12-20,,239-27-0455,S50855462,,Mr.,Kenneth,Mindy,Valdez,,,D,white,nonhispanic,male,Garciaberg IL US,529 Brandi Wells Apt. 222,Chicago,IL,Cook,20652,60612,66.855229,-80.94212,31874.59,14650.8,108742,849-834-4305x574,rodneyrodriguez@example.org,330807508,330101
22b6273b-cceb-4526-8682-2b3fec12aa91,1966-05-31,,639-14-3275,S33636913,,Ms.,Brooke,Corey,Lee,,Hicks,S,asian,hispanic,female,Robertsport MA US,2354 Underwood Parks,Boston,MA,Suffolk,20281,02118,-63.266674,14.488887,27563.42,2890.24,33663,(538)667-0546x02273,donaldkelly@example.org,330435580,330101
f046fd76-705c-4d52-a4dd-a3eef3bb88f7,1944-03-07,,126-44-6998,S25771634,,Mr.,Robert,Terri,Collins,,,M,white,nonhispanic,male,Daniellefurt MA US,023 Anne Crossing,Boston,MA,Suffolk,54427,02118,24.586152,8.145663,56135.79,25047.31,33921,(689)840-4122x818,lori01@example.net,330317258,330101
1491f56e-d21c-42c2-aa23-a64f16c798ef,1991-02-25,,811-13-1324,S42230920,,Mr.,Brian,Damon,Roberts,,,,white,nonhispanic,male,New Dennisview MA US,25769 Cabrera Springs Apt. 205,Boston,MA,Suffolk,08290,02118,5.662382,78.681992,12776.46,7609.56,47004,512-528-7666x04008,thomasmegan@example.org,330171387,330101
19c2602c-2c76-4524-b9b9-70fffa09343d,1964-02-17,,273-84-2212,S13064410,,Ms.,Dana,Andrew,Velazquez,,Newton,W,white,nonhispanic,female,Andersonshire AZ US,741 Livingston Wall Apt. 427,Phoenix,AZ,Maricopa,03007,85006,34.697556,138.311289,13334.85,6570.23,81746,912-256-2842x876,emilykelly@example.com,330736708,330102
ad36ab05-9c41-4ce7-9f72-5226d37d21de,1997-09-06,,036-34-3018,S96524248,,Mr.,Joshua,Lisa,Vazquez,,,W,black,nonhispanic,male,Rebekahborough IL US,0952 Jennifer Lakes,Chicago,IL,Cook,23470,60612,87.997224,68.777745,50558.21,9487.25,131947,001-627-650-9816,matthew97@example.net,330429813,330102
056127ba-d104-4bf6-b9fa-456f6bfda128,1975-01-04,,287-58-2799,S50092535,,Mr.,Jeremy,Thomas,Walls,,,M,other,hispanic,male,South Amanda MA US,77073 Kayla Spur Suite 513,Boston,MA,Suffolk,22401,02118,36.365848,-110.609658,45409.98,3139.3,89835,+1-756-477-1329x68649,stevensonerin@example.net,330982827,330102
e965516e-b414-40cd-b33f-59c1f282577f,1961-08-28,,677-15-8101,S45069718,X78202015,Mr.,Charles,Jennifer,Lee,,,D,white,nonhispanic,male,Sancheztown GA US,919 Lee Mission,Savannah,GA,Chatham,49693,31404,14.33345,112.198919,8448.65,12096.05,41699,389-537-6907x746,cdecker@example.org,330442430,330102
5acf5e73-ff05-49ad-8634-99a9294beda7,1983-11-04,,202-06-6742,S64084561,,Mr.,Brian,Paul,Henry,,,W,white,nonhispanic,male,South Tiffany GA US,199 Dennis Rest,Savannah,GA,Chatham,33217,31404,-39.911082,-25.772117,41681.23,39939.06,76419,589.211.3997x81655,carrollivan@example.net,330801160,330102
b681ce74-e4ae-4fbe-935b-fb7823e6d0cd,1981-01-11,,212-82-4018,S52971611,X33971880,Mr.,John,Lauren,Barton,,,D,black,hispanic,male,Sandrabury TX US,207 Kenneth Mountain,Austin,TX,Travis,25517,78702,53.47238,-21.050317,42465.79,13524.14,37996,452.616.7747x67808,barbarabrennan@example.net,330131622,330102
5029f8a7-138f-4cdf-b8d5-f7e9cd7aeb63,1981-10-14,,253-36-9907,S74361909,,Mr.,Jeremy,Todd,Figueroa,,,S,white,hispanic,male,Hernandezfort CA US,99311 Johnson Glen Apt. 283,Oakland,CA,Alameda,06141,94609,-67.021664,63.773914,41919.11,32095.52,68733,(608)710-5136x7274,sarahperez@example.net,050206891,050201
69b3dc75-a2bb-4233-bd49-1e92dc90d2cf,1946-01-22,,402-48-5539,S32305536,X48386833,Mr.,Jesse,,Thomas,,,M,other,hispanic,male,Burnsland MA US,64669 Tonya Park Suite 510,Boston,MA,Suffolk,47861,02118,-19.799278,137.311835,76708.64,30523.29,18542,+1-787-643-7495x8163,fmunoz@example.net,050706364,050201
c96c7c47-0c54-4ac2-b16a-a3ed918b6700,1986-07-28,,806-89-6070,S75928977,X67889467,Mr.,Jerry,Michael,Johnson,,,,black,nonhispanic,male,Kerrton GA US,322 Klein Point,Savannah,GA,Chatham,37950,31404,-20.245652,106.656961,126537.51,61634.67,42555,723-554-0695,todd64@example.net,050777556,050201
8cab7c51-2cc3-4989-9bf4-b554fc6ecedb,1963-06-30,,239-40-6173,S71265166,,Mr.,Eric,Robin,Clements,,,D,white,nonhispanic,male,Port Dwayne MA US,63263 Luke Meadow,Boston,MA,Suffolk,10991,02215,15.229173,121.280154,4203.49,10103.85,27384,694.715.2876,sheltonjessica@example.net,050919293,050201
e603703b-c09f-49c0-a14d-48befc3d264e,1985-11-09,,749-57-4714,S48076961,,Ms.,Ashley,,Hill,,,W,black,nonhispanic,female,Lake Michellechester CA US,5491 Grant Underpass Apt. 866,Oakland,CA,Alameda,01204,94609,-51.243663,103.901761,7364.92,24467.78,51897,+1-424-471-3357x552,gerald27@example.com,050334594,050201
27995840-b52c-497e-ad6c-79ae72c2f2c2,1989-03-04,,272-76-4254,S16651754,X67135576,Mr.,Charles,,Mata,,,W,white,nonhispanic,male,East Roberttown GA US,19372 Griffith Haven Suite 274,Savannah,GA,Chatham,53367,31404,-17.95617,-124.268213,31532.43,71992.9,126025,(371)988-1343x503,hberry@example.net,050386777,050201
293dd7de-f775-44f3-9929-f1cde1ded8ca,1988-12-02,,722-65-3383,S81662736,,Mr.,Calvin,Curtis,Wolfe,,,M,white,nonhispanic,male,Brandonton GA US,4651 Solis Junction,Savannah,GA,Chatham,39715,31404,-36.006983,94.04565,22909.25,4725.18,67521,909-909-5028,barbara21@example.net,050826194,050201
bf1e5a8a-358a-4575-907c-9c8fee9d0d92,1943-03-26,,024-26-4933,S69035199,,Mr.,Scott,John,Nelson,,,D,other,hispanic,male,Ashleyport AZ US,0426 Ryan Lakes,Phoenix,AZ,Maricopa,55885,85006,56.24693,-80.930907,21403.74,9174.54,70716,(996)884-2784x70240,michael84@example.org,050452906,050201
9acd3ff3-984d-4b21-9d5d-eedf4688b0d0,1984-06-07,,394-30-3851,S89967441,,Mr.,Jason,,Eaton,,,M,white,nonhispanic,male,South Vanessaville TX US,731 Timothy Green,Austin,TX,Travis,16385,78702,-52.848876,149.458941,17353.02,8584.3,42127,(307)742-8551x607,nfuller@example.net,050564033,050201
dae40419-1ee6-474d-b72c-b79206a1b59d,1951-07-16,,086-63-0281,S84647821,,Ms.,Susan,,Lee,,Young,W,black,nonhispanic,female,North Dana MA US,52524 Carter Street Apt. 421,Boston,MA,Suffolk,25524,02215,-31.620811,90.409313,34842.77,11124.71,47343,5962676203,vmartinez@example.net,030109024,030301
759a701a-00a8-4a26-ae40-1667a9902632,1984-11-06,,647-95-9437,S19341098,X78361555,Ms.,Anna,,Hernandez,,,D,white,nonhispanic,female,Lake Andrew IL US,3323 Baker Forest,Chicago,IL,Cook,27366,60612,-1.233103,158.846867,33521.38,6509.66,34401,(582)639-8666x985,wandahernandez@example.com,030827901,030301
4bf5ab59-2d13-4e46-9312-893b4014a27d,1950-09-02,,283-18-9878,S17569398,,Ms.,Wanda,,Whitaker,,,,black,nonhispanic,female,Lake Rachelport MA US,108 Roberto Flat Suite 608,Boston,MA,Suffolk,31391,02118,-89.599437,-54.005306,7898.16,19836.41,24113,+1-623-763-8904x233,novakaaron@example.org,030693032,030301
9a4000bc-27dd-4d8f-99fc-61ad6ef4d406,1992-09-11,,535-86-0029,S27310335,,Mr.,Stephen,,Anderson,,,M,other,nonhispanic,male,Port Andreafurt AZ US,153 Caitlyn Shoals Apt. 155,Phoenix,AZ,Maricopa,31161,85006,88.34855,75.335553,54795.97,122548.99,24359,(823)493-8097,myerselizabeth@example.com,030651208,030301
141642f5-afa7-4efe-b4f8-3919f056cca2,1941-08-29,,370-24-1206,S65761075,,Ms.,Mary,,Beck,,,W,white,nonhispanic,female,South Dustin TX US,301 Christine Mountains Apt. 364,Austin,TX,Travis,03146,78702,-8.118726,126.871769,46293.36,2043.26,32883,386-513-3327x050,williamstony@example.org,030728524,030301
77c5f69c-5635-4be9-9116-c1bc2814fc76,1950-03-02,,191-66-3345,S87799894,X38151755,Mr.,Scott,Brandon,Smith,,,S,white,nonhispanic,male,Port Tiffany AZ US,202 Aguilar Hill,Phoenix,AZ,Maricopa,12749,85006,-56.515381,77.015276,9020.69,27021.12,29776,(915)750-1539x40693,jbrown@example.net,030199439,030301
5d01ae6a-4fb5-4868-b6fe-32d808977586,1994-03-27,,062-08-9699,S15412098,,Mr.,Cristian,Melanie,Blake,,,D,white,hispanic,male,Longshire MA US,754 Sutton Knolls,Boston,MA,Suffolk,23969,02118,46.599913,128.477121,13306.59,11432.94,95925,(606)608-9899x282,eric85@example.org,140496019,140401
e7fb94d0-2a53-4c4f-8093-1e71d289d6af,1980-02-27,,728-15-9690,S30357466,,Mr.,James,,Bishop,,,,white,nonhispanic,male,Port Karen CA US,408 Delgado Extension Apt. 505,Oakland,CA,Alameda,24555,94609,-15.731738,24.93996,44125.12,30276.26,12355,640.992.1247,william56@example.net,140656735,140401
a033a92c-d3b0-4221-aedc-62d57cdb64c6,1976-05-16,,258-13-2706,S39681698,X68515625,Ms.,Kathleen,Kimberly,Hill,,Scott,W,asian,hispanic,female,Wallaceside GA US,83908 Jason Locks,Savannah,GA,Chatham,31395,31404,-84.101804,-112.097532,215095.84,10769.99,36400,469.494.2494x779,krista65@example.org,140967904,140401
dfdac97d-8576-403d-895c-d3e4968bcc6e,1962-04-20,,576-41-0085,S13295873,,Mr.,Ronald,Natalie,Giles,,,D,white,hispanic,male,New Crystal TX US,19108 Preston Bypass Suite 149,Austin,TX,Travis,39303,78702,-36.097195,95.877455,10521.91,29369.71,38008,+1-439-949-8153x0111,vickie52@example.org,140479407,140401
8581196d-6838-43bb-9dd4-adf665d3541e,1987-05-14,,036-89-1499,S16625721,,Ms.,Amanda,Michael,Baxter,,,,white,nonhispanic,female,New Joy AZ US,1367 Crystal Heights,Phoenix,AZ,Maricopa,26100,85006,27.895855,-38.502625,43938.99,3353.26,97255,971-481-0447,campbellbetty@example.com,140408662,140401
d921143a-a371-4062-8582-a7d763c00e8d,1976-02-10,,410-53-4436,S65962778,,Ms.,Kelly,Kelly,Morales,,,,white,hispanic,female,Port Victoriaborough TX US,174 Bridget Spur,Austin,TX,Travis,37527,78702,-50.257506,128.223305,23010.93,35340.0,32647,446.524.3703x44499,marquezheidi@example.net,110804134,110501
a9b18868-7670-4592-ade7-345505581577,1950-12-15,,767-57-6623,S97931168,X33786659,Ms.,Sarah,Lynn,Gates,,,D,black,hispanic,female,Houstonport CA US,4504 Andrew Terrace,Oakland,CA,Alameda,03238,94609,22.931413,128.044013,17942.41,4335.88,50856,942-954-8801x5477,david00@example.net,110326334,110501
e7ab2188-2f52-4aa9-b751-963cf3cccfbd,1970-07-31,,886-92-7075,S97233811,X37370692,Mr.,Richard,Katherine,Wells,,,W,white,nonhispanic,male,South Larry GA US,8116 Debra Knoll Suite 537,Savannah,GA,Chatham,52412,31404,-68.285517,160.181057,46085.26,56944.45,24301,+1-902-754-5410x4379,brenda96@example.com,110477271,110501
8dc1f5ff-a5bc-47b2-b19a-793fe8336d1c,1996-09-27,,111-63-7908,S45185329,,Ms.,Toni,,Thompson,,,D,other,nonhispanic,female,Port Robert CA US,19452 Thomas Glen Suite 246,Oakland,CA,Alameda,30875,94609,24.273034,-31.196689,16301.05,2619.93,45973,001-998-800-6690x47497,amanda61@example.com,330595860,330101
dc82ce77-2a9b-476a-9c10-0245268ef1a8,1980-09-30,,616-72-1164,S44883039,,Ms.,Carla,Victoria,Lyons,,,,white,hispanic,female,Cisnerosview GA US,76650 Christopher Fort Apt. 203,Savannah,GA,Chatham,11137,31404,0.252673,39.874546,15512.08,14370.84,60756,+1-457-628-6750x323,jacksontyrone@example.org,330385459,330101
c2ed4967-c151-4148-b21f-46d0f53fc407,1964-07-18,,361-26-1192,S97145895,X75658245,Mr.,Anthony,Christopher,Gutierrez,,,S,white,nonhispanic,male,Kimberlyside CA US,7683 Erik Plains,Oakland,CA,Alameda,10628,94609,-57.902184,114.92672,9674.22,5042.89,25794,(680)365-4440x751,pedro20@example.org,330672629,330101
7fe47873-3b91-4baf-90e8-417b42cecb26,1964-06-03,,696-31-3589,S29008613,,Mr.,Michael,Christine,Garcia,,,D,black,nonhispanic,male,New Michaelport IL US,6989 Brett Corners Suite 588,Chicago,IL,Cook,40454,60612,-55.277085,-91.142347,30487.68,8635.29,25588,001-727-517-6934x2676,sean99@example.net,330936589,330101
c0d82ec8-1e41-4457-b143-2adcc86f51aa,1976-06-07,,734-28-2600,S89141111,X77868110,Mr.,Justin,,Costa,,,W,white,hispanic,male,Lake Christopher TX US,5652 Gina Valleys,Austin,TX,Travis,52212,78702,-60.570572,68.399691,3156.91,93907.83,26462,001-347-644-1616x813,adam96@example.net,330643773,330101
cd8813d9-6e9e-4744-b710-f07e1563183c,1999-06-11,,835-80-1467,S71833006,,Mr.,Jason,Jose,Luna,,,,white,nonhispanic,male,North Daniel TX US,36434 Gonzalez Extensions Suite 243,Austin,TX,Travis,11691,78702,37.630466,89.13578,10537.43,14200.41,36089,+1-432-962-0017x00723,reyessharon@example.org,330985889,330101
7c4d746e-f835-42fa-8fdf-c0616ea971eb,2003-11-23,,252-74-8079,S69999110,,Mr.,Michael,Deanna,Sanchez,,,W,white,nonhispanic,male,West Jenniferberg IL US,323 Traci Skyway Apt. 013,Chicago,IL,Cook,12352,60612,-88.882417,-39.641215,50276.27,13221.99,60138,272.961.0846,zferguson@example.com,330154525,330101
89a6fc5f-729e-4435-a1fc-291a763f9d82,1961-07-25,,424-45-3520,S52220992,X59789112,Ms.,Victoria,David,Fischer,,,M,white,nonhispanic,female,East Richard AZ US,0407 Smith Plaza,Phoenix,AZ,Maricopa,21984,85006,-51.797792,-173.658147,124438.6,14132.93,78325,519.601.5285,suzanne97@example.org,330794248,330102
940923d5-1f87-4502-818c-0222320585c4,1981-10-23,,735-59-5135,S72006275,,Mr.,James,,Brown,,,,white,hispanic,male,South Michelle AZ US,15555 Ryan Shores Suite 088,Phoenix,AZ,Maricopa,07665,85006,74.819761,-147.078737,30650.8,15427.15,45841,931-827-6279,robertcollins@example.org,330759707,330102
3369d202-464a-464e-a7e0-a23520cb1ef5,1950-04-20,,661-33-9844,S53558845,,Ms.,Kimberly,Andrew,Hughes,,Williams,D,black,nonhispanic,female,East Carol AZ US,5640 Timothy Locks Apt. 318,Phoenix,AZ,Maricopa,11813,85006,53.125886,-81.772273,171987.71,5081.79,75769,798.758.6426x877,earlwallace@example.net,330228338,330102
49352c50-5499-4db3-8153-fd10cbd9fb6d,1994-04-21,,326-05-3207,S23290325,X13516513,Ms.,Mary,Katie,Johns,,,,black,nonhispanic,female,Blakeberg MA US,51599 Timothy Village,Boston,MA,Suffolk,14807,02118,-58.853239,-15.460172,41792.1,85351.09,14606,(569)803-7512x04960,michelle27@example.com,330474218,330102
dfb155fd-be4c-4678-b63f-949be322b5b7,1970-11-19,,143-14-6385,S21673449,X48295033,Ms.,Brittany,Holly,Davis,,,W,other,nonhispanic,female,North Deborah CA US,59520 Robertson Station,Oakland,CA,Alameda,14442,94609,58.965571,114.312978,22788.26,11223.59,29857,001-413-926-1161,kristi68@example.org,330648324,330102
c696f512-3162-4f97-a896-3025315981dd,1965-02-05,,087-95-8190,S26338704,X57523096,Mr.,Thomas,,Moyer,,,,asian,nonhispanic,male,Port Vanessastad GA US,001 Aaron Trail,Savannah,GA,Chatham,10031,31404,-46.413089,-139.319602,33554.14,29680.43,74790,(608)619-1887,rvega@example.com,330763208,330102
220cfe3c-2369-4541-bf17-15a98a07981f,1933-01-15,,277-90-8601,S80744896,,Ms.,Alyssa,,Crawford,,Martinez,S,white,nonhispanic,female,Curtismouth MA US,08359 Michael Points Suite 145,Boston,MA,Suffolk,02531,02215,87.654827,-46.923934,80507.82,741.85,50227,2296451136,alberthurst@example.org,330820510,330102
bf6d304c-cd73-401e-9c94-ddefe3cfd197,1997-05-26,,730-96-8541,S48674090,,Mr.,Aaron,Wendy,Morales,,,D,other,nonhispanic,male,Lake Christyton AZ US,5278 Vanessa Brooks Apt. 514,Phoenix,AZ,Maricopa,05233,85006,-45.658111,-167.105932,14356.52,5895.75,37826,001-584-235-7074x13326,cbullock@example.net,330642050,330102
fafa9fde-2c16-42d2-8b65-42c6754469e3,1982-06-25,,042-36-2375,S95910378,,Mr.,Jeffrey,Ryan,Glenn,,,S,black,hispanic,male,Joyceland CA US,266 Hood Forks Apt. 371,Oakland,CA,Alameda,40205,94609,4.616467,-48.487487,157109.97,46734.49,42332,001-411-652-9891x020,jessica55@example.org,330742838,330102
43b1efe0-c4ab-4aef-891d-16f56865582a,2006-01-11,,773-90-8591,S21880399,X30551746,Ms.,Darlene,,Lee,,,S,other,nonhispanic,female,East Brianburgh IL US,4508 Goodman Lock Suite 365,Chicago,IL,Cook,18922,60612,3.098751,178.29648,35364.69,7327.93,73356,+1-817-606-4261x12756,ekirk@example.com,050793722,050201
6e6c99e9-0cdd-497d-84b3-a442fed59b5e,1955-05-03,,896-74-5229,S93883766,,Mr.,Matthew,,Carr,,,M,white,nonhispanic,male,Connortown AZ US,85552 Patricia Port Apt. 742,Phoenix,AZ,Maricopa,03466,85006,36.264244,24.23241,66659.45,2262.95,49490,482.459.8951,rickyli@example.com,050100347,050201
faacb2e8-13a9-4208-96e6-a3034162048c,2001-10-20,,592-85-2762,S37110056,,Ms.,Natalie,Donald,Smith,,,,white,hispanic,female,North Daisyshire MA US,761 Jasmine Circles,Boston,MA,Suffolk,40985,02118,-55.969836,-23.427992,76827.62,7508.17,38765,001-621-448-6070x704,ericanderson@example.org,050500665,050201
12c4ce73-6fce-4d51-8c80-aed8c6277247,1994-10-06,,049-54-3892,S88388159,,Mr.,Justin,Eric,Powell,,,M,white,nonhispanic,male,Jeffburgh CA US,43563 Daniel Rest,Oakland,CA,Alameda,29315,94609,-1.60363,-72.539936,64828.92,15780.41,51410,919-883-4292,johnsonveronica@example.net,050270983,050201
ef00745c-811b-4a0d-8cf3-280ace902bc4,1955-05-02,,014-23-3549,S56652808,,Mr.,Sean,,Nguyen,,,S,white,nonhispanic,male,East Katherinehaven IL US,51436 Allen Unions Apt. 602,Chicago,IL,Cook,01801,60612,-57.659057,-44.047689,39937.25,7473.52,78508,001-412-469-1059x8218,melendezalicia@example.net,050671980,050201
5528fd8d-0735-4014-a35b-e461cd56d976,1927-06-14,,307-18-5070,S46691808,X76176051,Mr.,Steven,,Schmidt,,,M,white,nonhispanic,male,Shirleymouth MA US,7165 Jones Harbor Apt. 973,Boston,MA,Suffolk,54838,02118,75.904903,-48.588892,448895.62,45561.64,22871,001-209-610-8216x7645,justin14@example.com,050953764,050201
5ef6e0ac-8727-47c3-b5bc-0470063ce9c4,1989-04-17,,522-47-2600,S41332549,,Mr.,George,Timothy,Nguyen,,,M,black,nonhispanic,male,Bishopstad CA US,039 Sarah Loop,Oakland,CA,Alameda,37082,94609,-28.881511,-62.974206,31009.9,8470.82,38029,001-404-412-6385,marshalllisa@example.com,030746569,030301
2cfb4fe8-98ec-4b6d-a79b-b3ddb5a2a887,1969-03-16,,539-62-7261,S27805379,,Mr.,Matthew,Gina,Barnes,,,W,white,nonhispanic,male,Jacobview TX US,639 Winters Crossing,Austin,TX,Travis,18781,78702,28.278298,-83.039657,43693.91,60467.38,32297,+1-909-727-9223,ylara@example.org,030963174,030301
556d2cc7-f351-49ed-b9a4-ebb6351a29e1,1998-05-04,,688-48-8062,S31637521,,Ms.,Teresa,,Davis,,,M,other,nonhispanic,female,Lake Jeffreyfort MA US,26128 Sara Port Apt. 725,Boston,MA,Suffolk,17966,02118,-66.343204,144.039269,14212.44,18837.76,49435,360-462-5887x6249,edwardsjames@example.net,030125414,030301
6a134776-acec-4ea5-98db-8a140cb82c85,1943-03-16,,884-53-7680,S82127522,,Ms.,Sarah,William,Mcgrath,,,M,other,nonhispanic,female,Cherylton AZ US,83018 Michael Village Apt. 748,Phoenix,AZ,Maricopa,34345,85006,-63.04314,47.925692,36973.79,13351.53,34531,7917475678,dannystewart@example.net,030896443,030301
707157e9-c55d-4613-be47-8f2752855a05,1993-02-10,,746-82-2058,S74684299,,Ms.,Brenda,Samantha,Weber,,,,white,hispanic,female,Port Toddshire AZ US,22549 Jones Turnpike,Phoenix,AZ,Maricopa,54038,85006,-61.316367,32.866281,120493.8,25524.27,21897,(451)639-6748,carlhernandez@example.com,030761925,030301
861bf128-69a9-45ad-bfe5-a6af4d0c9582,1992-03-11,,703-90-2596,S67119792,,Mr.,Jeffrey,Ruth,May,,,W,white,nonhispanic,male,New Kevinburgh GA US,805 Chelsea Route,Savannah,GA,Chatham,10524,31404,47.426372,-54.258853,34038.79,64875.16,88253,428.573.4067x0190,masondonna@example.com,030197110,030301
bb85ac8f-7eac-4bf4-a5de-2443ff134ca2,1971-04-18,,621-01-3127,S20331955,X51984116,Ms.,Allison,Kristen,Smith,,Wallace,M,white,hispanic,female,Whiteborough TX US,641 Sharon Harbors,Austin,TX,Travis,24053,78702,84.878747,-54.997738,12596.44,42052.7,72224,622-901-2346x509,cdavis@example.org,030495263,030301
cdfd957f-5bcb-4aff-bb80-9ef210147095,1968-08-19,,606-64-1714,S56470928,X79024015,Ms.,Jennifer,Jason,Salazar,,,D,white,nonhispanic,female,Amychester GA US,834 Rachael Village Suite 421,Savannah,GA,Chatham,09789,31404,-35.547939,-178.026046,59821.98,51624.53,20157,(351)857-4648x199,stephaniejohnson@example.org,140441199,140401
d9003676-5f14-4d7c-aac6-e1ba69891acd,1953-03-30,,451-99-8625,S14502696,X91159446,Ms.,Melissa,Clifford,Hoffman,,,S,white,nonhispanic,female,Robertborough MA US,58814 Moreno Cape Apt. 777,Boston,MA,Suffolk,40016,02118,42.346023,118.239415,24384.75,16584.61,123403,9247180771,anthonyharmon@example.org,140425183,140401
e15f09fc-44d5-40bb-8099-085e13b662eb,1982-04-10,,788-24-1323,S10200281,X33993134,Ms.,Diana,,Barnes,,Alexander,S,white,nonhispanic,female,Nicoleburgh IL US,72107 Riggs Vista,Chicago,IL,Cook,47029,60612,7.717463,160.391459,19222.39,14830.6,41554,775-738-9714x18386,davislindsay@example.com,140879336,140401
f706c842-f3c5-43e5-bccc-b05bd060174c,1938-05-31,,312-84-4147,S33632609,X12818749,Mr.,Jermaine,Nathaniel,Powell,,,W,black,hispanic,male,Johnside AZ US,1453 Clements Orchard,Phoenix,AZ,Maricopa,21747,85006,3.664369,-5.308637,36412.51,5787.82,68089,(307)863-4764x51844,john51@example.com,140484396,140401
2eb3a4fb-a723-4696-af6b-5f684837c4d4,1976-08-28,,169-23-1405,S85708135,,Ms.,Brooke,Robert,Wyatt,,Vargas,M,white,nonhispanic,female,North Debramouth CA US,988 David Dale Apt. 070,Oakland,CA,Alameda,50789,94609,-39.222042,119.162086,9028.76,61384.12,28435,001-212-790-5376x689,byrddominic@example.net,140615720,140401
f255d617-204e-40cd-91b5-f9627529a960,1965-04-03,,331-57-1868,S39901857,,Ms.,Christina,Kelly,Mann,,,,white,hispanic,female,Ericview CA US,138 Mendoza Rest Apt. 426,Oakland,CA,Alameda,03738,94609,79.962276,153.443504,36833.98,81282.33,157281,+1-905-317-5205x019,westbrian@example.org,140977564,140401
7ce8e37d-7141-4b72-ad7a-d1ed9a2242c8,1937-12-20,,882-80-3440,S44682633,,Mr.,Lawrence,Jaclyn,Wood,,,S,white,nonhispanic,male,Zamoraland CA US,6211 Jaclyn Shoals,Oakland,CA,Alameda,38748,94609,-36.56181,-172.564625,24159.86,6504.63,79602,817.764.0262x9172,daniel57@example.org,140705552,140401
50eeb72a-6e54-4a64-9c7e-b7f7f122de4a,1980-01-01,,863-18-9527,S90988282,,Ms.,Alexandra,Kara,Lyons,,Frazier,M,white,nonhispanic,female,North Daniellemouth MA US,95460 Anderson Hills,Boston,MA,Suffolk,13521,02215,-45.683678,33.064235,57463.51,10037.9,62498,+1-391-529-0186x1682,jenniferlivingston@example.com,140608595,140401
ccf65b0d-2c7c-4c9f-b67c-efd2ee60d4bf,2009-06-22,,142-27-7328,S84310463,X21668035,,Jacqueline,Peter,Gonzalez,,,D,white,nonhispanic,female,Sherriport IL US,020 Brian Locks,Chicago,IL,Cook,38674,60612,-41.290089,120.966246,60678.74,3193.77,121519,406-483-9519x157,gaineslauren@example.com,140292742,140401
b891ba26-e206-41d6-80ab-899326ec2459,1985-06-14,,035-13-0632,S27841877,,Ms.,Savannah,Julie,Butler,,,W,white,nonhispanic,female,Scottfurt GA US,508 Steven Rue Apt. 227,Savannah,GA,Chatham,20708,31404,49.863487,88.925719,7165.08,13022.93,36858,+1-567-907-0859x64979,pmoore@example.net,110216327,110501
9aaeb422-00ec-40c7-9077-4a213a784b43,1957-05-02,,183-55-2104,S83410166,X11929279,Mr.,Jacob,,Bryant,,,W,white,hispanic,male,Martintown MA US,5775 Nelson Skyway,Boston,MA,Suffolk,55401,02118,42.878777,21.477108,34589.99,13658.43,64323,001-615-768-8052,petersnicholas@example.org,110759782,110501
ceb0166e-04fe-4ac3-9c77-30dd91c511e0,1931-09-02,,803-74-8041,S41638257,,Mr.,Jesse,James,Thompson,,,D,white,nonhispanic,male,Port Brian TX US,8491 Catherine Oval,Austin,TX,Travis,44117,78702,-82.598516,12.683732,111500.86,2970.69,52982,601-436-3332x03130,nthompson@example.org,330223228,330101
ae2562de-4232-4f79-93ef-43b12fa0eb00,1936-11-17,,520-16-4304,S95445196,X49085546,Mr.,Carlos,Michael,Deleon,,,S,asian,nonhispanic,male,Samanthaville AZ US,39478 Moore Forges,Phoenix,AZ,Maricopa,15470,85006,73.217042,112.038686,37924.97,13680.01,67969,(761)599-4791x9640,juan11@example.org,330142583,330101
0b8db53f-e0c2-4a83-b06b-018d8c6e7681,1925-03-09,,765-91-7274,S38766345,,Ms.,Brooke,Tina,Phillips,,Delgado,M,black,nonhispanic,female,New Natalietown GA US,036 Phillip Estates Suite 191,Savannah,GA,Chatham,26203,31404,-2.197791,89.756598,50263.89,29575.76,39394,001-537-204-2635x61722,cuevasnicholas@example.org,330783113,330101
f286be80-9edf-4922-8b4a-68d3cc280eef,1954-02-14,,330-20-0712,S76318538,,Mr.,Christopher,Zachary,Phillips,,,D,white,nonhispanic,male,North Dawn GA US,202 Jeffrey Center Suite 722,Savannah,GA,Chatham,25025,31404,84.875794,156.679962,34149.32,7215.11,32104,001-541-855-8686x6511,stacyarcher@example.com,330313813,330102
c53a8b2d-4fc1-483c-9ac5-46cdf0b54d5d,1969-05-05,,370-04-0829,S76652042,,Mr.,James,Lauren,Kim,,,M,white,hispanic,male,Lake Jasminetown IL US,911 Medina Ville Suite 614,Chicago,IL,Cook,55923,60612,62.940832,39.420836,7328.88,23722.69,54206,+1-612-501-5516x1284,jeffreyoneal@example.net,330654292,330102
3d8d608a-a7f2-43f4-9e21-3b4125cad817,1966-12-21,,498-37-6328,S37364001,,Mr.,Henry,Daniel,Jones,,,D,white,nonhispanic,male,New Jennifer IL US,719 Cooper Village Apt. 694,Chicago,IL,Cook,22129,60612,22.8142,25.347472,16581.1,64913.65,98912,001-482-936-5723x395,twillis@example.org,330785700,330102
642603e5-cdf8-463d-bffa-29f317afeea9,2002-12-16,,821-72-9373,S81764281,,Mr.,Jacob,,Smith,,,S,black,nonhispanic,male,New Ashley MA US,498 Barr Locks,Boston,MA,Suffolk,25651,02215,27.673071,125.357582,12944.29,14817.71,90971,001-256-551-8457x76201,darrell63@example.net,330254166,330102
20500d99-882f-4ee3-a0ca-c692d6c41019,1925-01-02,,413-05-6698,S40467523,,Mr.,Sean,Jessica,Anderson,,,,white,hispanic,male,Perryville GA US,19513 Ruiz Parkways Suite 782,Savannah,GA,Chatham,47618,31404,82.013345,10.26321,7289.63,35236.56,87424,+1-791-289-1390x994,smithjohn@example.org,330886942,330102
960c0312-e283-469e-aaaf-7f70d5043489,1987-11-25,,818-01-2960,S44361596,,Mr.,Kevin,Anthony,Barry,,,S,white,nonhispanic,male,Quinnberg IL US,3320 Carol Inlet,Chicago,IL,Cook,35635,60612,14.185778,40.408826,29618.31,14799.7,14519,(427)893-4554x3418,millsjennifer@example.net,330889868,330102
2bc79991-9c28-4e90-8bba-9d60b2dc9efa,1968-09-18,,781-36-1089,S22178120,,Ms.,Jodi,Brooke,Adkins,,,M,white,nonhispanic,female,Jordanfort MA US,81048 Alexander Locks,Boston,MA,Suffolk,38234,02118,82.662865,-22.937965,73604.81,27232.74,29421,001-397-281-1915x5127,murphyscott@example.net,330794694,330102
e149c160-1dfb-4bf1-a85f-34c9ba1a235e,1974-05-23,,378-79-7042,S20884885,,Mr.,Mario,Robert,Miller,,,,black,nonhispanic,male,Lindseyborough MA US,3745 Washington View Apt. 225,Boston,MA,Suffolk,20589,02118,75.54143,129.1637,35257.17,15077.23,47390,(497)912-8397,gregory88@example.com,330675896,330102
76a13cc1-d4e9-4548-a450-21f2f39bfeed,1980-06-23,,542-05-4433,S87330906,X16955244,Ms.,Tami,Ronald,Montgomery,,,,white,nonhispanic,female,Eatonland MA US,8282 Dillon Shore,Boston,MA,Suffolk,03765,02215,10.51203,-156.340209,6433.18,11409.01,58384,(992)399-0788x96193,kimberlythompson@example.com,050156129,050201
a7c62cd0-e5f3-49ee-92c7-87346d8db20b,1985-10-13,,208-48-8136,S85980393,,Mr.,William,Sarah,Peters,,,M,other,nonhispanic,male,West Lindsey MA US,86783 Kevin Brook Apt. 157,Boston,MA,Suffolk,22545,02118,45.047565,66.267417,38654.61,9404.92,51129,834.326.8400x3452,underwoodalicia@example.net,050569265,050201
783da1a6-aa9f-44ef-a28a-7a590a0ff3b8,1955-09-19,,384-94-6398,S98796473,X48025738,Mr.,Michael,Kiara,Werner,,,W,white,nonhispanic,male,East Robin AZ US,029 Christina Ports,Phoenix,AZ,Maricopa,19007,85006,-18.811342,-118.098912,279701.93,63401.14,31333,+1-309-840-7153x76760,owensjames@example.net,050398658,050201
6b569777-1435-49be-a106-dd863f3f271f,1964-07-12,,464-08-4807,S23952832,,Mr.,Timothy,Philip,Rios,,,,white,nonhispanic,male,Jenningsshire MA US,5779 Lozano Forge Apt. 167,Boston,MA,Suffolk,31613,02118,-80.686811,-76.389745,98621.35,7000.72,81640,+1-292-321-7469x08534,erik94@example.com,030580120,030301
f6aa9fe1-7505-4b85-af9d-ba4f939836f9,2003-05-31,,363-78-8998,S14989605,,Ms.,Cassie,Antonio,Watson,,,,white,nonhispanic,female,West Charlesburgh CA US,7738 Ashley Mountain,Oakland,CA,Alameda,33826,94609,-50.034853,43.747626,45172.61,11290.0,18548,+1-717-276-8993x526,webergeorge@example.com,030956171,030301
3063d7c1-46df-49ca-a3a0-51ee194c24f5,2005-04-19,,484-47-6768,S23879885,,Mr.,Roy,,Moss,,,D,white,nonhispanic,male,Lauramouth TX US,49461 Jones Fort Apt. 036,Austin,TX,Travis,01002,78702,-49.860376,-126.239493,302777.64,8645.84,91026,344-572-4850,edward63@example.net,030783545,030301
33c7b567-6f72-4983-a48b-ec567010d1c2,2002-09-30,,153-01-0283,S37945422,,Ms.,Joanna,Noah,Smith,,,S,other,hispanic,female,New Luishaven GA US,009 Kimberly Route,Savannah,GA,Chatham,39644,31404,-13.389483,46.936534,46471.44,25850.64,53987,394-260-7147x0853,melanie89@example.net,140324557,140401
ec91debe-37d6-4303-9938-83751de9e751,1977-04-08,,143-51-7227,S88469060,,Mr.,Bruce,Miguel,Church,,,M,other,nonhispanic,male,Brownshire AZ US,174 Vanessa Avenue Suite 204,Phoenix,AZ,Maricopa,27955,85006,-51.822376,27.17052,36661.19,8603.86,29517,001-611-849-2717x787,kimberly74@example.org,140342912,140401
49cbde55-f5d1-45e5-a65f-ca78795070f0,1981-05-11,,298-02-7633,S67469688,,Ms.,Peggy,Donna,Weber,,,S,white,hispanic,female,West Kimberlyville MA US,63341 Schneider Forest Apt. 106,Boston,MA,Suffolk,14631,02215,6.721126,41.664342,157049.01,13273.11,127641,3836329006,daughertyjohn@example.com,140315407,140401
62515ab1-e918-4201-a6b7-907d1a2c58f1,1966-09-02,,037-74-6533,S24000622,X12391989,Ms.,Emily,,Young,,,M,asian,hispanic,female,Lake Brittanymouth IL US,7061 Kenneth Fords Suite 198,Chicago,IL,Cook,44014,60612,-42.676687,110.934108,14695.3,3357.83,72851,467-871-5341x50127,fgarcia@example.org,110342952,110501
cecdb852-6396-42bd-9888-b64361d493c0,1956-02-21,,637-72-7112,S91104462,,Ms.,Lori,Michael,Lane,,Stevens,S,other,nonhispanic,female,Port Kimburgh MA US,554 Vernon Coves,Boston,MA,Suffolk,42940,02118,-15.528984,-19.70187,3005.89,22068.81,20017,(215)602-0286,bill77@example.com,110835107,110501
8ab3c91a-b8db-40f7-887f-9f10a6a318d1,1984-11-29,,442-93-7548,S58973454,X98689762,Ms.,Elizabeth,Joshua,Schultz,,,S,white,nonhispanic,female,North Melissa MA US,7985 Dawson Locks Suite 926,Boston,MA,Suffolk,53249,02118,82.466201,58.953151,59370.53,8225.64,30702,001-484-296-1541x949,cjohnson@example.net,330612732,330101
b03b11d6-1c42-4724-a0e3-dfa2d6f1012a,2023-06-05,,703-93-0230,,,,Timothy,Randall,Hill,,,,other,nonhispanic,male,New Helenstad MA US,6487 Brianna Mews,Boston,MA,Suffolk,07257,02215,33.260568,17.523288,8359.85,11971.79,69095,974-452-3048x59925,kluna@example.com,330846791,330101
600d2dd6-04ce-4365-81cd-c0b7dc9152ff,1939-02-15,,733-60-0936,S85423725,X91101872,Ms.,Erin,Laura,Hubbard,,,M,white,hispanic,female,Whiteborough AZ US,1980 Olivia Burg Suite 467,Phoenix,AZ,Maricopa,51878,85006,37.670242,-130.479252,29509.6,49073.65,60215,929.579.6740x96562,kevin23@example.org,330308909,330101
627118ef-47a3-40d8-8d68-6094ac49ded7,1978-11-12,,283-02-1484,S24384181,,Ms.,Michelle,Elizabeth,Bryant,,,D,white,nonhispanic,female,Romerobury IL US,41680 Natalie Lodge,Chicago,IL,Cook,25295,60612,-63.955617,112.637835,27644.74,29090.12,77631,8703368192,daniellee@example.com,330597190,330102
f6b6f403-8e88-4b36-8fe4-1f8205b031a0,1977-12-10,,511-76-0485,S43447038,X90477802,Mr.,Peter,,Lee,,,W,black,nonhispanic,male,Phelpsmouth CA US,8448 Morris Causeway,Oakland,CA,Alameda,05515,94609,60.795746,-48.68422,21147.38,3696.37,54747,+1-682-209-2097x634,ohoover@example.net,330205950,330102
e154f9eb-0464-4dea-8984-1897fef797c6,1974-02-19,,507-59-8904,S96572986,,Mr.,Jonathan,,Peterson,,,,black,nonhispanic,male,Whitneyport MA US,06164 Dunn Expressway,Boston,MA,Suffolk,38914,02118,-40.616967,17.604757,30519.11,4583.32,47702,339-791-8639x39067,brianhamilton@example.com,050260665,050201
f5e30cd2-d5f3-48fb-b812-404641465d0d,1940-09-16,,694-56-9525,S11580785,X15451015,Mr.,Robert,Sylvia,Anderson,,,S,white,nonhispanic,male,East Jessicastad MA US,5061 Holland Crest Apt. 822,Boston,MA,Suffolk,22091,02215,-84.156479,86.031371,75964.41,18673.75,19032,(686)862-2051,brent83@example.com,050717982,050201
79858b06-a27e-44be-8226-922eb65fcd2b,1942-10-15,,353-87-5546,S82661244,X91446873,Ms.,Debra,Shannon,James,,Simpson,D,white,hispanic,female,Sharonhaven TX US,0812 Mariah Centers,Austin,TX,Travis,01249,78702,76.354354,-48.495705,10345.55,51595.36,29658,799-732-1410x1632,robertrogers@example.com,050762806,050201
d45e42ef-9575-49ee-8ffc-d8200231bed0,1993-03-02,,375-15-0652,S82934784,,Ms.,Jessica,,Brown,,,W,white,nonhispanic,female,New Nichole CA US,2768 Cruz Branch,Oakland,CA,Alameda,16424,94609,-43.081818,72.134645,32343.54,4369.22,26422,(204)704-9690,stephen48@example.com,030839371,030301
99b66c80-0b06-4493-b5ca-3f31e785611c,1968-02-06,,066-83-9780,S56692008,X53110371,Mr.,Corey,Willie,Douglas,,,D,white,nonhispanic,male,Jessemouth IL US,2169 Cooper Forest,Chicago,IL,Cook,18051,60612,62.895586,3.436438,32813.9,36088.53,64192,+1-961-751-4323x32002,vasquezyvonne@example.com,030273812,030301
c8a6cfd7-70eb-4cc6-95f1-92b1c24bc374,1962-07-16,,216-28-8552,S23597660,X67274601,Ms.,Amber,,Miller,,,,white,nonhispanic,female,Manuelport GA US,8420 Linda Walk Apt. 700,Savannah,GA,Chatham,10227,31404,-80.24063,17.282795,172898.1,240743.91,45268,282.328.1444,evanstammy@example.net,030525140,030301
f3e58a5a-5b85-4f61-80ea-a26f9f853449,1947-03-09,,255-11-4543,S95008693,,Mr.,Joseph,Jennifer,Hall,,,,black,nonhispanic,male,Catherinefurt AZ US,814 Ashley Meadow,Phoenix,AZ,Maricopa,13557,85006,7.141498,136.896348,8979.11,9022.15,69234,919.322.1678,mwatson@example.org,030462168,030301
91639af0-0362-4972-823a-fff65159808a,1949-05-16,,535-97-1805,S82062166,,Ms.,Emily,Jacob,Kim,,,,black,nonhispanic,female,Smithton AZ US,5413 Sanchez Summit,Phoenix,AZ,Maricopa,53354,85006,-55.897492,53.116233,12713.24,10839.95,70404,9285754078,nkelly@example.com,030990987,030301
ae25e185-70ed-4f9b-ab73-770859704f59,1948-05-17,,389-83-1020,S48233105,,Ms.,Whitney,Scott,Turner,,,S,white,nonhispanic,female,Kennethland IL US,0170 Sarah Light,Chicago,IL,Cook,42255,60612,-59.600355,-17.36146,8247.62,4604.88,62301,951-245-9680,pallen@example.net,110392855,110501
0ef197f5-6ed8-4990-a39d-317359532519,1990-11-17,,301-96-3967,S21116698,,Mr.,Justin,,Bell,,,S,white,hispanic,male,West Davidberg CA US,865 Booth Ports Suite 144,Oakland,CA,Alameda,47785,94609,61.145001,-176.514826,32730.61,4673.15,41227,+1-973-830-2057x574,heather16@example.com,330568227,330101
6c9ddcc1-a4af-4e28-9ceb-904abe47f4e8,1965-07-31,,785-16-4779,S80299289,,Mr.,William,,Christensen,,,,white,nonhispanic,male,Mckenzieport AZ US,137 Jack Parks,Phoenix,AZ,Maricopa,29291,85006,11.467977,156.991063,10592.65,10942.95,41806,276-542-0720,henryruth@example.org,330590609,330101
d0359ce8-4bf3-4f36-87b7-b556276cfb3c,1956-08-12,,388-26-1542,S88583803,,Ms.,Nicole,,Patel,,,,white,nonhispanic,female,Masseyhaven TX US,0139 Molina Rapid Apt. 485,Austin,TX,Travis,21363,78702,58.903866,-15.847401,87501.77,24375.53,70317,962.397.2017x058,davidmorris@example.com,330852054,330101
39f66e42-cdc2-4748-8a36-67ca5db9bb56,1964-10-08,,631-71-6050,S32205293,,Mr.,James,Wendy,Roth,,,W,white,nonhispanic,male,Bridgesburgh MA US,711 Soto Mountain,Boston,MA,Suffolk,20651,02118,-25.151815,167.863399,32347.15,14652.37,21444,6762947070,dickersonapril@example.com,330602996,330102
7f692e25-7238-46b9-9089-8e30598ad1c8,1939-11-07,,594-48-5906,S91429150,,Mr.,Brian,David,Gordon,,,D,white,nonhispanic,male,West Kendra MA US,694 Case Trafficway Apt. 021,Boston,MA,Suffolk,52084,02215,-45.076955,-87.880664,11725.92,13670.76,27477,905.719.8252,bryandylan@example.net,330669586,330102
aecf7367-d6c0-48a9-b7d4-890496a04ec5,1990-04-05,,204-78-5723,S72197351,,Ms.,Jill,Christopher,Harrell,,,S,white,nonhispanic,female,North Aaron GA US,875 Michael Cliff Suite 290,Savannah,GA,Chatham,33477,31404,-75.76774,65.712211,31606.41,5629.33,62429,414-324-3565x05044,christina65@example.com,330294270,330102
7707218d-bc7b-43ca-91d9-32f067c36b94,1952-12-25,,241-41-6715,S35444432,X63807539,Ms.,Elizabeth,Francis,Moore,,,D,white,nonhispanic,unknown,North Tamara AZ US,924 Villegas Falls Suite 584,Phoenix,AZ,Maricopa,12912,85006,88.878794,105.158148,28242.25,4272.38,55029,251-792-6448x815,aaron51@example.com,330898911,330102
c0396a47-2e42-4865-839f-8da0c57f43d4,2004-03-27,,476-69-8190,S51761999,X18579693,Mr.,Earl,Michael,Johnson,,,M,white,hispanic,male,Stephanieview CA US,2610 Theresa Pine,Oakland,CA,Alameda,50703,94609,61.051592,92.102177,166231.88,43248.29,62088,993.797.8540x768,fjones@example.com,050649081,050201
30846b27-888b-44d6-983e-cf52016f94e1,1998-06-06,,868-03-8296,S85404698,,Ms.,Kimberly,,Chaney,,,M,other,nonhispanic,female,Roseside MA US,51394 Howell Flat Suite 802,Boston,MA,Suffolk,43718,02118,-14.423471,57.598435,45969.23,4914.98,96805,867-270-3921x8776,butlerkenneth@example.org,050704149,050201
63d2e51f-2899-47cb-8605-193fd052892e,1991-07-11,,086-88-3576,S31784341,X97250830,Mr.,Donald,Courtney,Rivera,,,W,black,nonhispanic,male,Hudsonstad TX US,3717 Desiree Port Suite 678,Austin,TX,Travis,46015,78702,75.717583,58.027153,92748.43,5983.14,83510,001-465-577-5883x886,joshuastevenson@example.net,030691147,030301
f3c1d422-2298-42d1-bac2-c2b794e85f0e,1950-11-29,,850-64-9631,S14024900,,Ms.,Leslie,Sabrina,Ali,,,W,black,hispanic,female,West Claire AZ US,95297 Collins Island Suite 993,Phoenix,AZ,Maricopa,15847,85006,6.368462,47.282862,15062.0,18819.1,36538,001-783-962-1279,james64@example.org,330352247,330102
952422ba-0b89-4bf7-a841-832c28db764d,1994-03-18,,333-55-6058,S81087470,,Mr.,Jonathan,Scott,Hawkins,,,M,white,hispanic,male,Daltonfort CA US,111 Julia Flats,Oakland,CA,Alameda,51571,94609,26.810972,66.785701,64510.26,5955.3,46544,+1-603-247-4836x009,leahguerrero@example.org,330821370,330102
a1cc7147-f463-4326-bde6-471daf5b3421,1962-05-11,,226-65-1625,S46472994,,Ms.,Katelyn,Rita,Davis,,Lopez,W,black,nonhispanic,female,Beckermouth GA US,1972 Nunez Well,Savannah,GA,Chatham,35304,31404,56.220332,-166.779328,76807.72,13962.05,72040,001-568-464-1514,pgarcia@example.net,050728376,050201
89286c79-2541-47ec-b4cb-430f757b6b88,1932-03-23,,606-59-6931,S49288674,X16040867,Mr.,Leonard,Steven,Trujillo,,,D,white,nonhispanic,male,Lovefurt AZ US,70318 Nicholas Freeway,Phoenix,AZ,Maricopa,46698,85006,-55.341701,-101.754268,28968.16,4107.49,155678,001-801-464-0495,nunezsandra@example.org,050589592,050201
